Year,Month,Estimated_Deliveries,Production_Units,Avg_Price_USD,Battery_Capacity_kWh,Range_km,CO2_Saved_tons,Source_Type,Charging_Stations,Data_Reliability,Region_Europe,Region_Middle East,Region_North America,Model_Model 3,Model_Model S,Model_Model X,Model_Model Y
2023,-0.43452409462674085,17646.0,1.7057521813329732,0.39598155394848666,1.5812225074354402,1.6859722803474069,3.1695577548548104,Interpolated (Month),0.9440624028026452,-0.0055734456706894205,True,False,False,False,True,False,False
2015,-1.3035722838802226,3797.0,-1.5239815768596119,-1.1283456721462237,-0.5788827543808531,-0.5151825760353606,-1.4005689910061196,Official (Quarter),-0.3724899735670075,1.2205846018810202,False,False,False,False,False,True,False
2019,-1.5932550136313832,8411.0,-0.3443470271490624,1.639209098020189,-0.2428663803205408,-0.16763180923808152,-0.3921429841636619,Interpolated (Month),1.4814071870270886,-0.0055734456706894205,False,False,True,False,False,True,False
2021,-1.3035722838802226,6555.0,-0.7852134319961095,0.21807606292885934,1.5812225074354402,1.7521724264040315,-0.12461121451079518,Official (Quarter),0.11555976875701746,1.2205846018810202,False,False,True,True,False,False,False
2016,1.5932550136313832,12374.0,0.6763596439238668,1.4880846619017716,1.5812225074354402,1.3301464952930497,1.3671162576613756,Estimated (Region),-0.060576316629857484,-1.231731493222399,False,True,False,False,False,False,True
2020,-0.7242068243779014,4656.0,-1.3176335630893485,0.10056090138116786,-0.2428663803205408,-0.19245686400931572,-1.1636187530239872,Official (Quarter),-0.903492705617128,1.2205846018810202,False,False,False,False,False,True,False
2015,1.3035722838802226,7717.0,-0.6291025910891413,0.13324768536326176,-0.2428663803205408,-0.20900690052347187,-0.5500059832973125,Interpolated (Month),0.2965965308240509,-0.0055734456706894205,False,False,False,True,False,False,False
2020,-0.14484136487558028,8410.0,-0.34364276771639934,-0.5512940108106129,0.6211757244059766,0.7591702355546627,0.007738858664214976,Official (Quarter),-0.20644351663928256,1.2205846018810202,True,False,False,False,False,False,False
2022,-0.7242068243779014,15145.0,1.1982158835271606,-0.7412470499864042,0.6211757244059766,0.5191947060993986,1.514700464205696,Interpolated (Month),1.248769182268974,-0.0055734456706894205,True,False,False,False,True,False,False
2021,-1.013889554129062,7790.0,-0.5746398616298681,-1.7056006193927993,-0.2428663803205408,-0.12625671795269114,-0.5022081819452763,Interpolated (Month),-1.599677069298475,-0.0055734456706894205,False,True,False,False,False,False,True
2020,1.3035722838802226,8319.0,-0.3525633871967976,1.6421634536553318,1.5812225074354402,1.4046216596067522,0.26046123844319835,Estimated (Region),0.35540465098595353,-1.231731493222399,False,False,False,True,False,False,False
2025,-0.43452409462674085,5937.0,-0.9795890354111015,-0.3017061301449552,-0.2428663803205408,-0.19245686400931572,-0.9041004773181739,Interpolated (Month),1.7319182479128403,-0.0055734456706894205,False,False,False,False,False,False,False
2020,1.013889554129062,8724.0,-0.3053780052083756,0.7104226105275253,-0.2428663803205408,-0.3910573021791895,-0.4283594462070593,Estimated (Region),-1.039846827365069,-1.231731493222399,False,True,False,False,True,False,False
2020,1.3035722838802226,10737.0,0.23525848593259865,-0.32759203119372693,-0.5788827543808531,-0.6144827951202975,-0.16419730828457885,Interpolated (Month),-0.9602829000872006,-0.0055734456706894205,False,False,False,False,True,False,False
2020,-0.7242068243779014,4408.0,-1.3260846762813048,0.3085845172438542,1.5812225074354402,1.363246568321362,-0.8618809738727439,Estimated (Region),-0.15426572375053565,-1.231731493222399,False,False,True,False,False,False,False
2025,-1.013889554129062,17079.0,1.936279768958,1.3336246469362067,1.5812225074354402,1.5039218786916893,2.84040986213202,Official (Quarter),-1.449485742806557,1.2205846018810202,False,False,True,False,False,False,False
2023,1.3035722838802226,12540.0,0.6566403798093025,-1.4358834572891077,0.6211757244059766,0.7591702355546627,1.046208388749866,Interpolated (Month),0.7736918193924274,-0.0055734456706894205,True,False,False,False,True,False,False
2020,0.14484136487558028,16546.0,1.6977705744294591,0.6214738412702493,0.6211757244059766,0.7012451077551162,2.004316449500755,Official (Quarter),1.596717226560231,1.2205846018810202,True,False,False,False,True,False,False
2017,-1.5932550136313832,6472.0,-0.902824757250833,-1.348817940639765,0.6211757244059766,0.7426201990405065,-0.48507686096305963,Estimated (Region),1.568177991775778,-1.231731493222399,True,False,False,False,True,False,False
2021,-1.5932550136313832,7808.0,-0.5805086902353933,0.8549941824646292,-1.298917841652951,-1.1689090183445283,-0.9163614062194961,Interpolated (Month),-0.19491251268596832,-0.0055734456706894205,False,False,False,True,False,False,False
2019,-0.43452409462674085,13977.0,0.8599366027046926,-1.3720765328245788,-0.5788827543808531,-0.6889579594340001,0.3686292486119062,Official (Quarter),1.3240089830643493,1.2205846018810202,False,True,False,True,False,False,False
2016,0.7242068243779014,13993.0,1.0155779373232188,1.6715176409796813,-1.298917841652951,-1.2516592009153091,-0.032696722100422286,Interpolated (Month),-1.273349657419682,-0.0055734456706894205,False,False,False,False,True,False,False
2020,-1.5932550136313832,11592.0,0.4054545154928272,0.29040558767532,0.6211757244059766,0.5522947791277109,0.684751674141606,Official (Quarter),-1.1418962123518999,1.2205846018810202,False,False,False,False,False,False,True
2025,0.7242068243779014,17854.0,1.838857214106283,-0.21250586291470036,-1.298917841652951,-1.2020090913728405,0.585163482580521,Interpolated (Month),-1.1309417585962513,-0.0055734456706894205,False,False,True,False,True,False,False
2022,-0.7242068243779014,10056.0,0.11905567954320123,-0.3048811677959129,1.5812225074354402,1.4956468604346111,0.8017543490151926,Estimated (Region),-0.3018625743529578,-1.231731493222399,False,False,True,False,True,False,False
2025,-1.013889554129062,5209.0,-1.1819462457296077,-0.9837522308201658,0.6211757244059766,0.7757202720688188,-0.7927327328172505,Estimated (Region),-1.4148927309466144,-1.231731493222399,False,True,False,False,False,False,False
2016,1.5932550136313832,5224.0,-1.1734951325376517,0.14970589164632,0.6211757244059766,0.7260701625263504,-0.8022469871148122,Estimated (Region),1.1735293814735985,-1.231731493222399,False,False,True,False,False,False,False
2022,-0.43452409462674085,12541.0,0.7611055289876496,-1.4283931915721477,1.5812225074354402,1.7356223898898753,1.6750269756128222,Official (Quarter),0.8229868612928457,1.2205846018810202,True,False,False,True,False,False,False
2017,-0.14484136487558028,6312.0,-0.8739501205116493,1.6347502278312804,-0.5788827543808531,-0.5400076308065948,-0.9407133666239695,Interpolated (Month),-1.4440085159287328,-0.0055734456706894205,False,False,True,False,False,True,False
2023,1.3035722838802226,12717.0,0.492782685143041,0.5987172509682576,-1.298917841652951,-1.2930342922006994,-0.24883452880663834,Estimated (Region),-0.5105737459079455,-1.231731493222399,False,False,True,False,True,False,False
2016,1.013889554129062,16449.0,1.7024656373138791,0.7096129461046373,-0.2428663803205408,-0.333132174379643,1.1068900761298508,Official (Quarter),0.062228875472939114,1.2205846018810202,False,False,False,False,True,False,False
2024,-1.5932550136313832,15387.0,1.2709893582356722,0.1611997466366783,0.6211757244059766,0.5026446695852423,1.5594967448567156,Official (Quarter),-0.17444498066883554,1.2205846018810202,False,True,False,False,False,True,False
2020,0.7242068243779014,9326.0,-0.12649610931196986,0.7516021728975225,0.6211757244059766,0.792270308582975,0.2538918723805964,Official (Quarter),1.4456610747718144,1.2205846018810202,False,True,False,False,True,False,False
2023,-0.43452409462674085,11531.0,0.3634337026772673,0.0439057641363687,-1.298917841652951,-1.1854590548586845,-0.3584466668597975,Estimated (Region),1.3142076297040322,-1.231731493222399,False,True,False,False,False,False,False
2024,-1.5932550136313832,3819.0,-1.5040275596008266,0.31696844571855143,-0.2428663803205408,-0.15108177272392537,-1.3251062299852803,Official (Quarter),-0.22662277355758245,1.2205846018810202,False,False,True,True,False,False,False
2015,-1.013889554129062,1899.0,-2.002643237926241,-0.7927196390805236,-1.298917841652951,-1.3013093104577775,-1.8302961434459908,Estimated (Region),-1.4388195641497414,-1.231731493222399,False,True,False,True,False,False,False
2023,-1.013889554129062,17330.0,1.9041185881997222,-0.8539082012493032,-0.2428663803205408,-0.08488162666730079,1.4998344418657557,Estimated (Region),-1.6112080732517893,-1.231731493222399,True,False,False,False,True,False,False
2019,0.43452409462674085,15165.0,1.3810885828753234,0.45696931536413704,-1.298917841652951,-1.3095843287148556,0.09594392454786041,Interpolated (Month),-1.2110822360717852,-0.0055734456706894205,False,False,False,False,False,False,True
2017,1.5932550136313832,13031.0,0.5878577085525479,-1.668359038129337,-1.298917841652951,-1.2102841096299186,-0.1476039957299027,Official (Quarter),0.10489359010020179,1.2205846018810202,True,False,False,False,True,False,False
2023,-0.14484136487558028,13583.0,0.7895106594383912,-1.4769889619555991,0.6211757244059766,0.7757202720688188,1.3200263621350505,Estimated (Region),1.222247873176351,-1.231731493222399,True,False,False,False,True,False,False
2022,0.14484136487558028,11182.0,0.23361521392305162,-1.3663611668339135,-1.298917841652951,-1.3840594930285581,-0.5253708605625547,Estimated (Region),-0.7028532368294603,-1.231731493222399,True,False,False,False,True,False,False
2019,-0.7242068243779014,11163.0,0.3892565485415779,-0.7835265432145052,-0.2428663803205408,-0.15935679098100344,0.1736719842109761,Estimated (Region),-1.531644145973921,-1.231731493222399,False,False,False,False,False,True,False
2023,-1.5932550136313832,9835.0,-0.181663098203906,0.39536125855268217,-0.2428663803205408,-0.16763180923808152,-0.101816646922887,Interpolated (Month),-0.26871093798717943,-0.0055734456706894205,False,False,True,False,True,False,False
2017,0.43452409462674085,7581.0,-0.5290977516509933,0.5499017926321258,0.6211757244059766,0.7012451077551162,-0.22326497038194126,Official (Quarter),-1.681258922268173,1.2205846018810202,False,False,False,False,False,True,False
2025,-1.5932550136313832,6076.0,-0.9178489584809773,-1.7077110154269208,1.5812225074354402,1.5866720612624698,-0.32106923926223346,Official (Quarter),1.0357338842314934,1.2205846018810202,False,False,True,False,False,True,False
2018,1.5932550136313832,8427.0,-0.28777151939180023,1.5389150862111323,-0.2428663803205408,-0.2007318822663938,-0.40318631504476027,Estimated (Region),0.8552736723621256,-1.231731493222399,False,False,True,False,False,False,False
2024,-0.43452409462674085,14312.0,0.971679099353891,-0.07612885042520942,-1.298917841652951,-1.3840594930285581,-0.08267487339564975,Estimated (Region),-0.34366246368372194,-1.231731493222399,False,False,True,False,False,False,False
2021,-1.3035722838802226,14163.0,0.9021921686644735,0.6591085745033278,0.6211757244059766,0.46126957829985205,1.237739388954353,Interpolated (Month),-0.23873032770856242,-0.0055734456706894205,False,True,False,True,False,False,False
2025,0.7242068243779014,11340.0,0.2664806541139923,-0.1852426873933539,-1.298917841652951,-1.235109164401153,-0.4163250471699648,Estimated (Region),-0.4099657364152788,-1.231731493222399,False,False,True,True,False,False,False
2025,1.3035722838802226,9171.0,-0.028134541883368818,0.6253914440825302,0.6211757244059766,0.7095201260121942,0.17571075298902514,Interpolated (Month),-0.973543554633512,-0.0055734456706894205,True,False,False,False,False,False,False
2024,0.7242068243779014,8409.0,-0.44106532256811637,0.9269872168401286,0.6211757244059766,0.7260701625263504,-0.006815685112412151,Official (Quarter),-0.6985291103469675,1.2205846018810202,False,False,False,False,False,True,False
2016,0.7242068243779014,14559.0,1.169575999932198,1.1466572763842888,-1.298917841652951,-1.3261343652290116,-0.004437121538021629,Official (Quarter),-1.1090328510849543,1.2205846018810202,True,False,False,False,False,True,False
2024,-1.3035722838802226,17392.0,2.176197482351867,-1.4438603169103084,-0.5788827543808531,-0.448982429978736,1.1877046051930684,Interpolated (Month),-1.2739262076173479,-0.0055734456706894205,False,False,False,False,False,False,False
2015,-1.013889554129062,5716.0,-0.9704336627864824,1.58392328274289,-1.298917841652951,-1.1854590548586845,-1.240214163365965,Interpolated (Month),-0.42985671823474586,-0.0055734456706894205,False,False,True,False,False,False,False
2015,-0.7242068243779014,7633.0,-0.5079699686711028,0.8902163244707582,-0.2428663803205408,-0.37450726566503334,-0.6318115805165263,Estimated (Region),1.4119328882083704,-1.231731493222399,False,False,False,False,False,False,True
2018,0.14484136487558028,7131.0,-0.5791001713700673,0.6458756060595093,-0.2428663803205408,-0.09315664492437885,-0.6258368553475221,Official (Quarter),-1.2171360131472753,1.2205846018810202,False,False,True,False,True,False,False
2025,-1.013889554129062,11956.0,0.7244840384891729,-1.329520690045142,1.5812225074354402,1.7356223898898753,1.4985885276125035,Estimated (Region),0.018699335549177878,-1.231731493222399,False,False,False,False,False,True,False
2017,-0.7242068243779014,5651.0,-1.1291267882798817,-1.7298771322271373,-0.5788827543808531,-0.5069075577782824,-1.0532420766790598,Interpolated (Month),1.634481264507335,-0.0055734456706894205,False,False,False,False,False,False,False
2018,0.43452409462674085,1240.0,-2.1878634687166136,1.384376540257957,-0.2428663803205408,-0.34140719263672104,-1.865210058770079,Official (Quarter),-1.6322521554665876,1.2205846018810202,False,False,True,False,False,True,False
2025,-0.43452409462674085,11008.0,0.23901453624013472,1.265407064344783,-0.5788827543808531,-0.672407922919844,-0.14788715806018735,Estimated (Region),0.17234996322709006,-1.231731493222399,False,False,True,False,False,True,False
2022,1.5932550136313832,8171.0,-0.37157839187869895,-1.205648991785161,-0.2428663803205408,-0.10143166318145692,-0.41329521023591975,Official (Quarter),1.3782047016449261,1.2205846018810202,True,False,False,False,False,False,False
2018,-1.3035722838802226,15273.0,1.2486878095346767,-1.5949385290929805,0.6211757244059766,0.6515949982126477,1.6490893061587555,Estimated (Region),-0.33443766052107055,-1.231731493222399,False,True,False,False,False,False,False
2021,-0.43452409462674085,9541.0,-0.17062970042551878,1.2401096486715175,0.6211757244059766,0.5522947791277109,0.1908033051931931,Official (Quarter),1.6558136218209663,1.2205846018810202,False,False,False,False,True,False,False
2018,-0.43452409462674085,5894.0,-0.9777110102573335,-0.35745169962186785,1.5812225074354402,1.6942472986044848,-0.3420232517032923,Estimated (Region),-0.13898714351239427,-1.231731493222399,False,False,False,False,True,False,False
2015,0.14484136487558028,4405.0,-1.4516776084395424,-1.203174271612318,-1.298917841652951,-1.350959420000246,-1.4764281792893574,Official (Quarter),-1.1542920416017126,1.2205846018810202,False,False,True,False,False,False,False
2021,0.43452409462674085,7933.0,-0.5225246636128051,0.03431404895349608,-0.2428663803205408,-0.2503819918088622,-0.5232754593184489,Official (Quarter),-0.7737689111423429,1.2205846018810202,False,False,True,False,True,False,False
2024,0.43452409462674085,11880.0,0.5676689381495416,-1.1255329705077184,-0.5788827543808531,-0.5813827220919852,0.06281393190456498,Estimated (Region),0.5329821118669927,-1.231731493222399,True,False,False,True,False,False,False
2020,-1.013889554129062,11918.0,0.7078165652494814,-1.1933161475094523,-1.298917841652951,-1.359234438257324,-0.4060745708136632,Interpolated (Month),-0.977579406017172,-0.0055734456706894205,False,False,True,False,False,True,False
2019,-1.5932550136313832,13075.0,0.7071123058168185,0.11757876520883818,1.5812225074354402,1.594947079519548,1.7416550719287833,Estimated (Region),0.3672239300381006,-1.231731493222399,False,False,True,True,False,False,False
2015,-0.7242068243779014,13598.0,1.0425745489086344,1.0604829373348474,0.6211757244059766,0.5274697243564767,1.150525391226704,Official (Quarter),-1.0963487467363087,1.2205846018810202,False,False,False,False,True,False,False
2019,-0.7242068243779014,13892.0,1.0512604152448115,0.8381612143799382,0.6211757244059766,0.4943696513281643,1.1973604406557727,Interpolated (Month),1.2012037909615527,-0.0055734456706894205,False,True,False,False,False,True,False
2017,0.43452409462674085,11311.0,0.3657812341194774,-1.3335217941607045,-1.298917841652951,-1.259934219172387,-0.43507039343480375,Estimated (Region),-1.3047716431924634,-1.231731493222399,False,False,True,False,True,False,False
2018,0.43452409462674085,6880.0,-0.7870914571498776,-1.0054461676315893,1.5812225074354402,1.8018225359464999,-0.008769505191375553,Interpolated (Month),0.5231807585066757,-0.0055734456706894205,False,False,False,False,False,False,False
2024,1.5932550136313832,10239.0,0.21976477841401232,0.4871704444789109,1.5812225074354402,1.5121968969487674,0.8633987883181445,Estimated (Region),-0.23728895221439814,-1.231731493222399,False,False,False,False,True,False,False
2022,1.013889554129062,8455.0,-0.34082572998574734,0.017734069936485332,-1.298917841652951,-1.2516592009153091,-0.8536126338284342,Estimated (Region),1.6552370716233007,-1.231731493222399,False,True,False,True,False,False,False
2020,0.7242068243779014,6496.0,-0.8662032667523563,1.3504779933151505,-0.5788827543808531,-0.6144827951202975,-0.9315672233557778,Interpolated (Month),0.8832363569489127,-0.0055734456706894205,True,False,False,True,False,False,False
2017,-1.5932550136313832,6113.0,-0.8934346314819928,-0.7651378663246334,-1.298917841652951,-1.359234438257324,-1.2345226005272447,Estimated (Region),1.6019061783392223,-1.231731493222399,False,False,True,False,True,False,False
2021,1.013889554129062,11128.0,0.28760843709388273,-0.31541276967226756,-1.298917841652951,-1.243384182658231,-0.4526547741454756,Official (Quarter),-0.8458376858505569,1.2205846018810202,False,True,False,False,False,True,False
2016,-1.5932550136313832,8067.0,-0.5096132406806498,-0.44407933146055056,-0.5788827543808531,-0.42415737520750174,-0.5684964834648956,Interpolated (Month),-1.571426109612855,-0.0055734456706894205,False,False,False,False,False,False,False
2016,1.013889554129062,6258.0,-0.8497705466568859,-0.7555307431631793,-1.298917841652951,-1.1937340731157626,-1.1606738647890276,Official (Quarter),-1.3209150487271033,1.2205846018810202,False,False,True,False,True,False,False
2023,1.5932550136313832,5649.0,-1.0434418906392149,-0.9902693087286449,1.5812225074354402,1.5287469334629233,-0.46338662646326123,Estimated (Region),-1.0262978977199246,-1.231731493222399,False,False,False,False,True,False,False
2015,1.5932550136313832,5719.0,-0.9788847759784386,-0.9349422398312723,-0.2428663803205408,-0.34140719263672104,-0.9919940646385061,Official (Quarter),-1.6025598202868034,1.2205846018810202,False,False,False,False,False,False,True
2016,1.013889554129062,9922.0,-0.06710356382405563,0.3468127061681107,1.5812225074354402,1.4625467874062987,0.746141267347302,Official (Quarter),-0.6725843514520105,1.2205846018810202,False,False,True,False,False,True,False
2021,-1.3035722838802226,7648.0,-0.5436524465926955,-1.164650348905607,-1.298917841652951,-1.2268341461440748,-0.9635079342118779,Interpolated (Month),-0.6682602249695176,-0.0055734456706894205,False,False,False,False,False,False,False
2022,0.7242068243779014,6952.0,-0.7492962009302958,0.9386644764787656,-0.2428663803205408,-0.333132174379643,-0.7486443579919422,Estimated (Region),-0.7780930376248357,-1.231731493222399,False,True,False,False,False,False,True
2024,0.14484136487558028,1492.0,-2.111568696844787,0.157321409318202,-0.5788827543808531,-0.45725744823581405,-1.8249443754036125,Interpolated (Month),0.17004376243642721,-0.0055734456706894205,True,False,False,True,False,False,False
2020,1.013889554129062,18392.0,2.1480271050453466,-0.8033590968069498,1.5812225074354402,1.5452969699770795,3.259829905749533,Interpolated (Month),-0.08162039884465597,-0.0055734456706894205,False,True,False,False,False,False,False
2017,-0.43452409462674085,8451.0,-0.2680522552772358,-1.695279261869349,-0.2428663803205408,-0.17590682749515957,-0.3875840706460802,Interpolated (Month),1.6463005435594822,-0.0055734456706894205,True,False,False,False,False,True,False
2020,0.7242068243779014,11467.0,0.5671994318610996,0.7698934316002325,1.5812225074354402,1.6942472986044848,1.3267939418288521,Official (Quarter),-0.9524994724187136,1.2205846018810202,False,False,True,True,False,False,False
2019,0.43452409462674085,11480.0,0.2955900439973969,-1.5009071150300217,-0.2428663803205408,-0.3248571561225649,0.14091010259705095,Interpolated (Month),1.4453727996729815,-0.0055734456706894205,False,False,True,False,True,False,False
2019,0.7242068243779014,9082.0,-0.16757790955064572,0.15400471767060606,0.6211757244059766,0.46126957829985205,0.03783901437346563,Estimated (Region),-0.41025401151411167,-1.231731493222399,True,False,False,False,True,False,False
2023,-1.5932550136313832,14836.0,1.2949341789462148,0.63724266476967,-0.5788827543808531,-0.42415737520750174,0.7224122640694546,Interpolated (Month),-0.9063754566054566,-0.0055734456706894205,True,False,False,False,False,False,True
2024,-1.013889554129062,8283.0,-0.5316800362374243,-0.7376540087874727,-0.5788827543808531,-0.49035752126412635,-0.5554427000387766,Interpolated (Month),-1.185714027374494,-0.0055734456706894205,False,False,True,False,False,True,False
2015,1.5932550136313832,10586.0,0.29371201884362885,0.03058730626300087,1.5812225074354402,1.3218714770359716,0.8606237974813556,Interpolated (Month),-0.7172669917711032,-0.0055734456706894205,False,False,True,True,False,False,False
2020,0.43452409462674085,10062.0,-0.020622441268296664,0.9269698207352788,-0.2428663803205408,-0.2669320283230184,-0.10682862016892393,Estimated (Region),-0.035208107932566166,-1.231731493222399,True,False,False,False,False,False,False
2021,1.3035722838802226,11748.0,0.6402076597138321,1.147105598857859,1.5812225074354402,1.479096823920455,1.2811764904200067,Official (Quarter),-0.8893672257743181,1.2205846018810202,False,True,False,False,True,False,False
2023,-1.5932550136313832,6197.0,-0.9349859380091107,-0.8915762355973801,-0.2428663803205408,-0.3496822108937991,-0.9014387514134989,Official (Quarter),-1.4858084052594969,1.2205846018810202,False,True,False,False,False,True,False
2023,1.3035722838802226,5365.0,-1.0849931971663327,-0.65700417560691,-1.298917841652951,-1.1771840366016064,-1.2911550665841598,Interpolated (Month),-1.0888535941666544,-0.0055734456706894205,False,False,True,False,False,True,False
2025,0.43452409462674085,11848.0,0.4195397041460875,0.9737280654149741,1.5812225074354402,1.7438974081469534,1.4710651491088427,Estimated (Region),-0.20327249055212113,-1.231731493222399,False,False,False,False,True,False,False
2022,-0.14484136487558028,10312.0,0.11201308521657109,1.0677888043403947,-0.2428663803205408,-0.1428067544668473,0.008560029422040464,Estimated (Region),0.30092065730654377,-1.231731493222399,False,False,True,False,False,False,True
2016,-1.013889554129062,5249.0,-1.1331175917316387,1.2668569054261614,1.5812225074354402,1.4294467143779865,-0.6064968681890854,Estimated (Region),-1.3791466186913401,-1.231731493222399,False,True,False,False,False,False,True
2025,1.5932550136313832,16501.0,1.9315847060735798,1.1580890024287533,0.6211757244059766,0.6019448886701793,1.9090323253599955,Interpolated (Month),0.8408599174204828,-0.0055734456706894205,True,False,False,True,False,False,False
2019,-1.013889554129062,13191.0,1.017455962476987,-1.7134900014581809,1.5812225074354402,1.719072353375719,1.8598187123565366,Official (Quarter),1.570484192566441,1.2205846018810202,False,True,False,False,False,False,True
2021,-1.013889554129062,6907.0,-0.8708983296367763,-1.3068794110667292,0.6211757244059766,0.8170953633542092,-0.3496686346209756,Official (Quarter),-0.6198300083655979,1.2205846018810202,True,False,False,True,False,False,False
2021,-0.7242068243779014,11164.0,0.2744622610175065,-0.022476280877567385,1.5812225074354402,1.7521724264040315,1.269255356315026,Official (Quarter),-0.2819715925334908,1.2205846018810202,True,False,False,True,False,False,False
2020,-1.3035722838802226,13825.0,1.215587616199515,-0.05032048630091305,1.5812225074354402,1.3466965318072057,1.7862531389486038,Official (Quarter),0.19829472212204707,1.2205846018810202,True,False,False,False,False,False,True
2020,-0.43452409462674085,5784.0,-1.05635331357137,-0.7355719435526787,0.6211757244059766,0.7095201260121942,-0.6673201367342121,Estimated (Region),-0.14186989450072285,-1.231731493222399,False,False,False,False,True,False,False
2019,-0.14484136487558028,12341.0,0.5150842338440365,0.48859245179252886,1.5812225074354402,1.487371842177533,1.4574450410221547,Official (Quarter),1.7411430510754917,1.2205846018810202,False,False,True,True,False,False,False
2021,1.013889554129062,12459.0,0.4979472543159031,1.3873139968198176,-0.5788827543808531,-0.5234575942924387,0.20561269506707644,Official (Quarter),1.340440663697822,1.2205846018810202,True,False,False,False,False,False,True
2016,1.013889554129062,12205.0,0.4728286678842556,-0.476037964196769,-0.5788827543808531,-0.5813827220919852,0.12216475633221205,Official (Quarter),-1.5523999530898867,1.2205846018810202,False,False,False,False,False,False,True
2020,-1.013889554129062,10062.0,0.18642983193462964,-0.7932370489419268,-0.2428663803205408,-0.28348206483717453,-0.11538012254351805,Official (Quarter),0.25796766758044826,1.2205846018810202,False,False,False,False,False,False,True
2020,-1.3035722838802226,11404.0,0.30756245435266816,-0.6404853314726586,0.6211757244059766,0.6184949251843354,0.6782106243120324,Interpolated (Month),1.5439628834738182,-0.0055734456706894205,False,False,True,True,False,False,False
2025,-0.14484136487558028,9808.0,-0.05700917862255242,0.7564367989511961,1.5812225074354402,1.37152158657844,0.667535404460304,Estimated (Region),-0.7746337364388415,-1.231731493222399,False,False,False,True,False,False,False
2019,0.7242068243779014,8123.0,-0.4802690976530242,1.5603495725445031,0.6211757244059766,0.5771198338989451,-0.14032672384158928,Interpolated (Month),0.9599175332384523,-0.0055734456706894205,False,True,False,False,False,True,False
2016,1.5932550136313832,9646.0,-0.18283686392501103,-1.6537577417811529,1.5812225074354402,1.6942472986044848,0.7814799261668167,Interpolated (Month),-0.12399683837308577,-0.0055734456706894205,False,False,True,False,True,False,False
2025,1.013889554129062,5013.0,-1.289228432638607,-1.489600640940479,-0.5788827543808531,-0.49035752126412635,-1.1679511366773412,Official (Quarter),-0.8464142360482225,1.2205846018810202,False,False,False,False,False,True,False
2021,0.43452409462674085,10980.0,0.24887416829741693,1.0131083735118855,-0.5788827543808531,-0.5400076308065948,-0.0782575410432102,Official (Quarter),-1.3188971230352733,1.2205846018810202,False,False,False,True,False,False,False
2022,1.3035722838802226,20337.625,3.0342202244796397,-1.3535844733687397,-1.298917841652951,-1.2268341461440748,1.0770164502848283,Estimated (Region),-1.2401980210539036,-1.231731493222399,False,True,False,False,False,False,True
2018,-0.43452409462674085,7086.0,-0.6206514778971851,0.2724413757437952,1.5812225074354402,1.487371842177533,-0.0603333655361968,Official (Quarter),1.0677324202019405,1.2205846018810202,False,True,False,False,False,False,False
2016,-0.7242068243779014,12146.0,0.4977125011716821,1.6593582607209083,1.5812225074354402,1.6363221708049382,1.4940012978618937,Official (Quarter),1.1349005182299958,1.2205846018810202,False,True,False,False,False,False,True
2019,-1.3035722838802226,17194.0,1.9536515016303544,0.5659524330301213,-0.5788827543808531,-0.7220580324623124,0.909214453358189,Interpolated (Month),-0.4361987704090687,-0.0055734456706894205,False,True,False,False,False,False,False
2023,-1.5932550136313832,18636.0,2.370103579478417,-0.9452173734189778,-0.2428663803205408,-0.333132174379643,1.534182032529275,Official (Quarter),-1.151697565712217,1.2205846018810202,False,False,True,True,False,False,False
2023,-0.43452409462674085,14130.0,1.259251701024622,-1.6279036507526787,-0.5788827543808531,-0.4986325395212044,0.5337695196338706,Official (Quarter),0.9146583427216939,1.2205846018810202,False,False,True,False,False,False,True
2020,-1.3035722838802226,19298.0,2.6001616608150018,1.7332539319354605,0.6211757244059766,0.5853948521560232,2.573359468440637,Interpolated (Month),-0.6022452273367936,-0.0055734456706894205,True,False,False,False,False,False,False
2019,-0.14484136487558028,6954.0,-0.8234781945041333,-1.0801037882385838,0.6211757244059766,0.48609463307108625,-0.4558545084776913,Estimated (Region),-1.5129062645497853,-1.231731493222399,False,True,False,False,True,False,False
2021,0.14484136487558028,1889.0,-2.0446640507418006,-0.16285290638791947,1.5812225074354402,1.710797335118641,-1.5396866438749313,Estimated (Region),0.33234264307932504,-1.231731493222399,True,False,False,False,True,False,False
2019,0.14484136487558028,13064.0,0.9158078510292917,1.5221601520824843,0.6211757244059766,0.800545326840053,1.2057137293991678,Interpolated (Month),-1.10557354989896,-0.0055734456706894205,False,True,False,False,False,False,False
2023,1.5932550136313832,8570.0,-0.2041994000491225,-1.2308703616286523,-0.5788827543808531,-0.672407922919844,-0.581776796755242,Estimated (Region),1.2741373909662652,-1.231731493222399,False,True,False,False,False,False,False
2015,-1.013889554129062,11364.0,0.397003402300871,-0.02142704723931238,-0.5788827543808531,-0.672407922919844,-0.08451542854249942,Official (Quarter),0.7889703996305687,1.2205846018810202,False,False,True,False,False,False,True
2020,-1.5932550136313832,16393.0,1.351040180415035,0.06794718103944444,-0.5788827543808531,-0.7220580324623124,0.7687093050709825,Interpolated (Month),0.2588324928769468,-0.0055734456706894205,False,False,False,False,True,False,False
2015,0.7242068243779014,14196.0,1.1430488946352244,-0.3105711851766531,1.5812225074354402,1.594947079519548,2.07159581917637,Estimated (Region),-0.201542839959124,-1.231731493222399,False,False,False,False,False,False,True
2023,-0.14484136487558028,7800.0,-0.6666630941645021,0.950276624982106,-0.2428663803205408,-0.11798169969561308,-0.4968280976698694,Interpolated (Month),0.41421277114785615,-0.0055734456706894205,False,False,False,False,True,False,False
2018,-0.43452409462674085,10524.0,0.11764716067787521,-0.5587345733708576,1.5812225074354402,1.3797966048355181,0.8745553841313569,Official (Quarter),-0.3551934676370362,1.2205846018810202,False,True,False,False,False,True,False
2020,-0.7242068243779014,7971.0,-0.5985846823404106,-0.32116640709360367,-0.2428663803205408,-0.2503819918088622,-0.515686708866822,Estimated (Region),0.16053068417494296,-1.231731493222399,False,False,True,True,False,False,False
2015,1.013889554129062,5675.0,-0.9847536045839637,1.6435213438967877,1.5812225074354402,1.7852724994323437,-0.3810996532825635,Estimated (Region),-0.06980111979250887,-1.231731493222399,False,False,False,False,False,False,False
2015,0.7242068243779014,9613.0,0.057785108901518965,1.0478682761605642,-0.5788827543808531,-0.5979327586061413,-0.35940941878276517,Official (Quarter),-1.6325404305654205,1.2205846018810202,False,True,False,False,True,False,False
2017,0.7242068243779014,15315.0,1.3975213029707938,0.4381651200841272,1.5812225074354402,1.7438974081469534,2.5180578653360595,Official (Quarter),0.3202350889283451,1.2205846018810202,False,True,False,False,True,False,False
2021,1.5932550136313832,10989.0,0.3437144385627029,1.1922609167334937,1.5812225074354402,1.5204719152058452,1.085624585125479,Interpolated (Month),0.9460803284944752,-0.0055734456706894205,False,False,False,False,False,False,False
2024,1.3035722838802226,6741.0,-0.7516437323725058,0.6316078178928834,-0.5788827543808531,-0.6393078498915317,-0.8958038210408358,Interpolated (Month),-0.567652215476851,-0.0055734456706894205,True,False,False,False,False,True,False
2019,-1.013889554129062,7660.0,-0.5772221462162992,0.373044044156052,-0.5788827543808531,-0.5979327586061413,-0.7144383484935656,Official (Quarter),-1.6163970250307806,1.2205846018810202,False,False,False,True,False,False,False
2018,0.14484136487558028,6750.0,-0.854935115829748,0.6828905409283509,-0.5788827543808531,-0.556557667320751,-0.8655337679334147,Interpolated (Month),1.044093862097646,-0.0055734456706894205,False,True,False,False,False,True,False
2024,0.43452409462674085,4293.0,-1.3514380158571733,0.3135414130630473,0.6211757244059766,0.5357447426135546,-1.076716233859651,Official (Quarter),-0.1545539988493685,1.2205846018810202,False,True,False,True,False,False,False
2022,-1.013889554129062,10627.0,0.17328365585825337,0.4129069699046669,-0.5788827543808531,-0.6062077768632194,-0.17957302281903145,Official (Quarter),-1.0239916969292617,1.2205846018810202,False,True,False,False,False,False,False
2018,1.5932550136313832,10972.0,0.36155567752349926,1.4631227425363327,0.6211757244059766,0.5853948521560232,0.5540722587152745,Estimated (Region),-0.5267171514425855,-1.231731493222399,False,False,True,True,False,False,False
2021,0.14484136487558028,8642.0,-0.4502206951927356,0.04076402760040999,-1.298917841652951,-1.1689090183445283,-0.7891932036886933,Official (Quarter),0.6877858399402363,1.2205846018810202,False,True,False,True,False,False,False
2023,1.3035722838802226,11323.0,0.4124971098194573,-1.6278917219950673,1.5812225074354402,1.6776972620903288,1.2740407996968355,Interpolated (Month),1.4220225166675202,-0.0055734456706894205,True,False,False,False,False,True,False
2022,1.3035722838802226,8918.0,-0.3697003667249309,-0.9973132400983037,-1.298917841652951,-1.4088845477997924,-0.8569539493257922,Interpolated (Month),-0.20903799252877825,-0.0055734456706894205,True,False,False,False,False,False,False
2025,1.013889554129062,13514.0,0.9181553824715019,0.6371169157831809,-1.298917841652951,-1.3013093104577775,-0.1381180576653697,Estimated (Region),-0.8740886455361767,-1.231731493222399,False,False,False,False,True,False,False
2016,0.14484136487558028,14833.0,1.2407062026311626,-1.4669022033318442,-0.2428663803205408,-0.3910573021791895,0.7470473868042125,Interpolated (Month),-0.5541032858317068,-0.0055734456706894205,True,False,False,False,False,True,False
2018,-1.3035722838802226,2728.0,-1.8573310416534388,-0.7886618733663059,-1.298917841652951,-1.4088845477997924,-1.7245633293177307,Interpolated (Month),1.674263228146269,-0.0055734456706894205,True,False,False,False,False,False,True
2017,1.5932550136313832,12980.0,0.9719138524981119,-0.8112842651451664,-0.2428663803205408,-0.2007318822663938,0.5173177882443366,Official (Quarter),0.6367611474468209,1.2205846018810202,True,False,False,False,False,True,False
2019,-0.7242068243779014,14637.0,1.2475140438135717,-1.4268215777568174,1.5812225074354402,1.6528722073190945,2.2449194815435587,Estimated (Region),-1.4884028811489927,-1.231731493222399,False,True,False,True,False,False,False
2017,-1.5932550136313832,2923.0,-1.7383111975333894,-0.6300501537203314,1.5812225074354402,1.3218714770359716,-1.2875305887565172,Estimated (Region),0.05790474899044628,-1.231731493222399,False,True,False,False,True,False,False
2020,1.5932550136313832,2506.0,-1.8944220384403576,0.5917354485444926,-0.2428663803205408,-0.22555693703762802,-1.6034831168880461,Estimated (Region),1.1709349055841027,-1.231731493222399,True,False,False,False,False,False,False
2016,0.43452409462674085,6803.0,-0.85540462211819,1.319160034268989,-0.5788827543808531,-0.45725744823581405,-0.8211055983117649,Estimated (Region),1.3012352502565536,-1.231731493222399,False,False,False,False,False,False,True
2020,0.14484136487558028,9358.0,-0.2915275696993363,1.6896687367804546,1.5812225074354402,1.5121968969487674,0.607816469003287,Interpolated (Month),-1.183696101682664,-0.0055734456706894205,False,True,False,False,False,False,True
2015,0.7242068243779014,12372.0,0.40850630636770024,-1.4375017920717503,0.6211757244059766,0.4943696513281643,0.8358187773484269,Interpolated (Month),-1.6184149507226107,-0.0055734456706894205,False,False,False,False,True,False,False
2016,0.7242068243779014,10096.0,0.21225267779894016,-0.28152217523453477,0.6211757244059766,0.8170953633542092,0.4617047065764461,Official (Quarter),0.600438484993881,1.2205846018810202,False,False,True,False,False,True,False
2018,0.43452409462674085,13056.0,0.9813039782669521,-0.4468855716886833,-0.2428663803205408,-0.15935679098100344,0.560415094913649,Interpolated (Month),1.392618456586569,-0.0055734456706894205,False,True,False,False,False,False,False
2021,1.013889554129062,7975.0,-0.5537468317941987,0.9385014501247403,-0.2428663803205408,-0.109706681438535,-0.45732695259517103,Estimated (Region),-0.9438512194537279,-1.231731493222399,False,False,False,False,False,True,False
2021,1.013889554129062,14764.0,1.1993896492482656,-0.2584618986450146,0.6211757244059766,0.4695445965569301,1.3859465526252994,Interpolated (Month),-0.23527102652256815,-0.0055734456706894205,False,False,True,False,True,False,False
2015,1.013889554129062,12831.0,0.8716742599157429,0.6819973752021812,-1.298917841652951,-1.3426844017431678,-0.26488983293377394,Official (Quarter),0.3314778177828265,1.2205846018810202,True,False,False,False,False,False,True
2025,-1.3035722838802226,8905.0,-0.3168809092752048,0.5495280248936283,0.6211757244059766,0.7839952903258969,0.14354351226869735,Official (Quarter),-0.3243480320619206,1.2205846018810202,False,True,False,False,False,True,False
2015,1.013889554129062,10384.0,0.020224605826158187,-1.3155262692404488,1.5812225074354402,1.3549715500642838,0.8216606608341981,Official (Quarter),0.698452018597052,1.2205846018810202,False,True,False,True,False,False,False
2020,0.43452409462674085,5817.0,-0.9716074285075874,-0.8757577089412444,-1.298917841652951,-1.1937340731157626,-1.227358593571045,Interpolated (Month),1.440472122992823,-0.0055734456706894205,False,False,True,False,False,False,False
2018,1.3035722838802226,7160.0,-0.7293421836715104,1.131865119914319,-1.298917841652951,-1.359234438257324,-1.085126155069103,Official (Quarter),-0.08767417592014594,1.2205846018810202,False,False,False,True,False,False,False
2021,0.7242068243779014,9140.0,-0.14551111399387126,1.5918996453325231,0.6211757244059766,0.4116194687573836,0.028239811376818247,Interpolated (Month),-0.8524680131237126,-0.0055734456706894205,False,False,False,False,False,False,True
2025,-1.5932550136313832,13291.0,0.9179206293272808,-1.1333696672269822,0.6211757244059766,0.6929700894980381,1.1898849551362596,Official (Quarter),-0.23238827553423957,1.2205846018810202,True,False,False,False,False,False,True
2025,-1.013889554129062,15264.0,1.3686466662316101,-0.5573563048351491,1.5812225074354402,1.6445971890620164,2.424869142439406,Interpolated (Month),0.7725387189970959,-0.0055734456706894205,False,True,False,True,False,False,False
2016,-0.43452409462674085,12231.0,0.5279956567761918,-1.4978185608717478,0.6211757244059766,0.41989448701446164,0.7555139404797213,Estimated (Region),-1.2427924969433994,-1.231731493222399,False,False,True,True,False,False,False
2015,1.5932550136313832,17203.0,1.6998833527274482,1.0398794877817523,0.6211757244059766,0.5357447426135546,2.0214194542499433,Interpolated (Month),-0.1355278423264,-0.0055734456706894205,False,True,False,False,False,False,False
2021,-1.013889554129062,6517.0,-0.9453150763548349,-1.362758682035206,-0.5788827543808531,-0.5069075577782824,-0.891782915950795,Official (Quarter),1.2458864312806452,1.2205846018810202,True,False,False,False,False,True,False
2016,1.5932550136313832,8519.0,-0.4150077235595849,1.3965831385156098,-1.298917841652951,-1.3840594930285581,-0.9020333923070966,Interpolated (Month),1.596717226560231,-0.0055734456706894205,False,False,True,True,False,False,False
2022,-0.43452409462674085,17889.0,2.171737172611668,1.2707054208506083,-0.5788827543808531,-0.5317326125495168,1.2058836267973383,Estimated (Region),1.2519402083561353,-1.231731493222399,False,True,False,False,False,False,False
2017,-0.43452409462674085,14239.0,0.9665145301810288,0.43907021456790885,-1.298917841652951,-1.2682092374294651,-0.008316445462920322,Official (Quarter),1.1706466304852698,1.2205846018810202,False,False,False,False,False,True,False
2019,0.43452409462674085,8619.0,-0.4140687109827008,0.8258248908832597,-0.5788827543808531,-0.6310328316344536,-0.5547347942130652,Official (Quarter),0.04031996796164207,1.2205846018810202,False,False,False,False,False,False,False
2022,1.5932550136313832,13132.0,0.8139249864373757,-1.6860185697101986,0.6211757244059766,0.4116194687573836,0.9608066299360386,Estimated (Region),-0.879565872414001,-1.231731493222399,True,False,False,False,False,True,False
2024,0.43452409462674085,15865.0,1.5285135574461146,-0.930693116963702,-1.298917841652951,-1.3261343652290116,0.18414899043150554,Estimated (Region),0.41392449604902326,-1.231731493222399,False,False,False,False,True,False,False
2023,1.3035722838802226,8624.0,-0.22297965158680286,-0.869572151088055,-1.298917841652951,-1.3095843287148556,-0.8542072747220317,Official (Quarter),0.600438484993881,1.2205846018810202,False,False,False,False,False,False,False
2022,-1.013889554129062,18486.0,2.4485111296482325,1.2646157900898793,0.6211757244059766,0.7757202720688188,2.557021001983217,Estimated (Region),-0.09171002730380592,-1.231731493222399,False,True,False,False,True,False,False
2023,0.43452409462674085,11623.0,0.2427705865476708,0.8866014138828718,-1.298917841652951,-1.2847592739436213,-0.40375263970532954,Interpolated (Month),-0.43504567001373723,-0.0055734456706894205,True,False,False,False,False,True,False
2018,-1.013889554129062,8500.0,-0.3349569013802222,1.0672718915105577,-0.5788827543808531,-0.49035752126412635,-0.51480890564294,Interpolated (Month),-1.1779305997060068,-0.0055734456706894205,True,False,False,False,True,False,False
2020,-0.43452409462674085,10841.0,0.42235674187673955,-0.31585065448292715,-1.298917841652951,-1.3426844017431678,-0.5505723079578818,Estimated (Region),0.2196270794356784,-1.231731493222399,True,False,False,False,True,False,False
2021,-1.013889554129062,7552.0,-0.5795696776585093,-1.404282190249671,-0.5788827543808531,-0.6641329046627659,-0.7597160051060692,Official (Quarter),-0.2799536668416608,1.2205846018810202,False,False,False,True,False,False,False
2017,1.3035722838802226,9677.0,-0.12555709673508583,1.1262407107004424,-0.5788827543808531,-0.7137830142052343,-0.40531003252189457,Interpolated (Month),-0.2620806107140237,-0.0055734456706894205,False,False,True,False,True,False,False
2019,0.14484136487558028,6164.0,-0.9319341471342376,-0.8571185281415289,-1.298917841652951,-1.1854590548586845,-1.1722835203306952,Estimated (Region),-0.7910654170723143,-1.231731493222399,True,False,False,False,False,False,True
2015,0.7242068243779014,5111.0,-1.2838291103215238,-0.8889553881437949,-0.5788827543808531,-0.5069075577782824,-1.1539346013282548,Interpolated (Month),1.2499222826643053,-0.0055734456706894205,True,False,False,False,False,False,True
2019,1.013889554129062,5655.0,-1.003533856121644,-1.3897350703423064,-1.298917841652951,-1.3923345112856362,-1.3095039855866002,Interpolated (Month),-0.8014433206302971,-0.0055734456706894205,True,False,False,False,False,False,False
2023,1.5932550136313832,11905.0,0.5458368957369881,0.27971642679217873,0.6211757244059766,0.5026446695852423,0.7298028008898818,Official (Quarter),-1.5486523768050595,1.2205846018810202,False,False,False,False,False,False,False
2022,-1.3035722838802226,8449.0,-0.3502158557545875,-1.336519888573757,1.5812225074354402,1.810097554203578,0.4732860458850853,Estimated (Region),-0.2381537775108967,-1.231731493222399,False,True,False,False,False,True,False
2020,-0.7242068243779014,4068.0,-1.4645890313716976,-0.19769829846614892,-0.5788827543808531,-0.6227578133773755,-1.372620869007032,Interpolated (Month),0.8719936280944313,-0.0055734456706894205,True,False,False,False,False,False,False
2018,-0.14484136487558028,15384.0,1.2292032985643333,0.44177257519850655,-1.298917841652951,-1.2682092374294651,0.16044830338668656,Official (Quarter),-1.0706922629401845,1.2205846018810202,False,False,False,True,False,False,False
2019,-0.43452409462674085,13602.0,0.7993702914956734,0.5693451705074913,-0.5788827543808531,-0.5400076308065948,0.40620488984066927,Interpolated (Month),1.4554624281321316,-0.0055734456706894205,True,False,False,False,False,True,False
2018,-0.43452409462674085,17044.0,1.8710183948645607,-1.0856432050544773,1.5812225074354402,1.3301464952930497,2.6782427955780443,Estimated (Region),-0.7259152447360888,-1.231731493222399,False,False,True,False,False,True,False
2024,1.013889554129062,11346.0,0.18196952219443055,-0.355115154224693,-1.298917841652951,-1.3178593469719335,-0.4636131563274887,Official (Quarter),-0.7250504194395903,1.2205846018810202,True,False,False,False,False,False,False
2025,-1.3035722838802226,1589.0,-2.11227295627745,-1.1283794702927898,0.6211757244059766,0.7343451807834285,-1.709414144647506,Official (Quarter),1.594699300868401,1.2205846018810202,True,False,False,False,False,False,True
2019,-1.3035722838802226,9546.0,-0.14903241115718632,0.7032623737711535,-1.298917841652951,-1.2268341461440748,-0.6797226468006766,Estimated (Region),1.50475747003255,-1.231731493222399,False,False,False,False,True,False,False
2023,1.3035722838802226,11986.0,0.4509966254717021,0.12274789350720472,-1.298917841652951,-1.4006095295427143,-0.4218467126105139,Estimated (Region),-0.9882455846739877,-1.231731493222399,False,False,True,False,False,False,False
2016,1.5932550136313832,8664.0,-0.17438575073305485,-0.37991156207827065,1.5812225074354402,1.5121968969487674,0.4064880521709539,Interpolated (Month),-0.5327709285180754,-0.0055734456706894205,False,False,True,False,False,False,True
2023,-1.3035722838802226,14614.0,1.2733368896778823,1.5435846977845125,-1.298917841652951,-1.2102841096299186,0.09039394287428264,Estimated (Region),-1.5650840574385323,-1.231731493222399,False,False,False,False,False,False,False
2021,-0.7242068243779014,8454.0,-0.40890414180983875,0.495196510225259,-0.2428663803205408,-0.109706681438535,-0.3582484532285985,Interpolated (Month),-1.1430493127472312,-0.0055734456706894205,False,False,False,False,False,True,False
2018,1.5932550136313832,9743.0,-0.046680040276828205,-0.5115374498173682,0.6211757244059766,0.7839952903258969,0.355320619088531,Estimated (Region),0.25796766758044826,-1.231731493222399,False,False,True,False,False,True,False
2016,1.013889554129062,6815.0,-0.663611303289629,-1.2775252237423806,-1.298917841652951,-1.3426844017431678,-1.1285632565347568,Estimated (Region),-0.34539211427671906,-1.231731493222399,False,True,False,False,False,False,False
2019,-0.14484136487558028,8068.0,-0.5856732594082554,0.5987346470731081,-0.5788827543808531,-0.4738074847499702,-0.5888558550123564,Estimated (Region),-0.8639990170770268,-1.231731493222399,False,False,False,True,False,False,False
2019,-1.5932550136313832,8718.0,-0.3060822646410386,-1.4378690983998745,-0.5788827543808531,-0.43243239346457985,-0.44803922816183706,Estimated (Region),0.08183158219357331,-1.231731493222399,True,False,False,False,False,False,False
2024,-0.14484136487558028,3651.0,-1.5559080044736686,0.23271811586554952,1.5812225074354402,1.3549715500642838,-1.0772542422871918,Official (Quarter),-1.147661714328557,1.2205846018810202,True,False,False,False,False,False,True
2022,1.013889554129062,20337.625,3.0703722086896743,0.5102948381405938,-1.298917841652951,-1.3095843287148556,0.9204559978704867,Official (Quarter),1.5082167712185441,1.2205846018810202,True,False,False,True,False,False,False
2015,-0.43452409462674085,7896.0,-0.4539767455002717,0.13019292935155366,0.6211757244059766,0.5357447426135546,-0.212051742102672,Interpolated (Month),1.1049199079513787,-0.0055734456706894205,False,False,False,False,False,False,True
2024,1.013889554129062,5697.0,-0.997665027516119,-0.49831790122586284,0.6211757244059766,0.5274697243564767,-0.7421882568614537,Official (Quarter),1.198609315072057,1.2205846018810202,True,False,False,False,False,False,True
2018,0.43452409462674085,9870.0,-0.1239138247255388,-0.0940324245055418,0.6211757244059766,0.4447195417856959,0.215551692860065,Interpolated (Month),0.4542830098856231,-0.0055734456706894205,False,False,True,True,False,False,False
2021,-0.43452409462674085,2210.0,-1.9240009346122042,-0.8395738108526787,0.6211757244059766,0.6929700894980381,-1.5587434687030832,Interpolated (Month),-1.5728674851070195,-0.0055734456706894205,False,False,True,False,False,False,False
2021,1.013889554129062,14193.0,1.123094877376439,0.6106584343690513,-0.5788827543808531,-0.48208250300704825,0.5576117878438317,Estimated (Region),0.5698813245175983,-1.231731493222399,False,False,True,False,False,False,False
2020,1.5932550136313832,15569.0,1.4864927446305547,-0.3269439020301621,0.6211757244059766,0.5026446695852423,1.6028488976232844,Estimated (Region),-0.8207577522520983,-1.231731493222399,False,False,True,True,False,False,False
2015,0.14484136487558028,113.0,-2.4737927983777976,1.499032279199831,1.5812225074354402,1.7273473716327972,-2.0729096280338153,Interpolated (Month),1.6281392123330123,-0.0055734456706894205,False,False,False,False,False,False,False
2018,0.43452409462674085,18499.0,2.118917715161942,0.4061796476432829,-0.2428663803205408,-0.3827822839221114,1.4602766643250005,Estimated (Region),-1.4065327530804614,-1.231731493222399,True,False,False,True,False,False,False
2021,-1.5932550136313832,6006.0,-1.0913315320602999,-1.3169443003015295,-0.5788827543808531,-0.564832685577829,-1.0049062668994828,Interpolated (Month),0.6252301434935066,-0.0055734456706894205,False,False,True,False,False,False,False
2019,0.14484136487558028,9124.0,-0.1570140180607005,-0.23844345524645547,1.5812225074354402,1.5370219517200014,0.5515521139757419,Interpolated (Month),-0.6365499640979035,-0.0055734456706894205,False,True,False,False,False,False,True
2022,-1.013889554129062,14670.0,1.112296232742273,-1.2540648367413036,-0.2428663803205408,-0.2752070465800964,0.8029153145693595,Interpolated (Month),1.6794521799252604,-0.0055734456706894205,True,False,False,False,False,False,True
2025,0.43452409462674085,1129.0,-2.2291800220995106,1.1887985948367221,-1.298917841652951,-1.3840594930285581,-1.947270502086549,Estimated (Region),-0.9666249522615235,-1.231731493222399,True,False,False,False,True,False,False
2022,0.43452409462674085,11585.0,0.5127367024018264,-1.0723630186117799,1.5812225074354402,1.5370219517200014,1.2686323991883999,Estimated (Region),-1.4627463973528685,-1.231731493222399,False,False,False,False,False,True,False
2020,-0.7242068243779014,10318.0,0.16084173921454012,1.4076833445047843,-0.2428663803205408,-0.37450726566503334,-0.11291661027004224,Official (Quarter),-0.907528557000788,1.2205846018810202,False,True,False,False,False,False,True
2025,-0.7242068243779014,10058.0,0.18807310394417667,-0.31779703009988913,-0.5788827543808531,-0.42415737520750174,-0.18877579855328017,Estimated (Region),0.2934255047368895,-1.231731493222399,False,True,False,False,False,False,True
2021,-0.7242068243779014,16328.0,1.647533401566164,1.3539085051916235,1.5812225074354402,1.37152158657844,2.511913242768885,Official (Quarter),1.1354770684276616,1.2205846018810202,False,False,True,True,False,False,False
2023,-1.013889554129062,11869.0,0.3892565485415779,-0.2840003746283478,1.5812225074354402,1.4956468604346111,1.326170984702226,Official (Quarter),1.260588461321121,1.2205846018810202,True,False,False,False,False,False,True
2022,-1.3035722838802226,13461.0,0.8012483166494414,0.2767844375775569,-1.298917841652951,-1.2930342922006994,-0.14012851021038994,Official (Quarter),0.29457860513222095,1.2205846018810202,False,False,False,False,False,False,True
2021,0.7242068243779014,10064.0,-0.07884122103510587,-0.6352063591979522,-0.5788827543808531,-0.5979327586061413,-0.2774056079323521,Official (Quarter),-0.6402975403827307,1.2205846018810202,False,True,False,True,False,False,False
2024,-0.14484136487558028,5897.0,-1.091566285204521,0.0018623609026642326,0.6211757244059766,0.5440197608706328,-0.6892652173312667,Estimated (Region),-0.6869981063936533,-1.231731493222399,False,False,True,True,False,False,False
2021,1.3035722838802226,6204.0,-0.9281780968267015,-0.17231936961587066,0.6211757244059766,0.5936698704131012,-0.5996726560292273,Official (Quarter),-1.3950017491271474,1.2205846018810202,False,False,True,False,False,False,False
2015,0.7242068243779014,10783.0,0.13384512762912454,0.19310271183737615,-0.2428663803205408,-0.19245686400931572,0.07770827047753362,Estimated (Region),1.1599804518284542,-1.231731493222399,False,True,False,False,False,False,True
2022,0.14484136487558028,8386.0,-0.5229941699012471,0.3287157868081561,-0.5788827543808531,-0.672407922919844,-0.6145103621361391,Official (Quarter),-0.513456496896274,1.2205846018810202,False,True,False,False,False,True,False
2016,1.3035722838802226,15582.0,1.5278092980134514,0.3726349871762873,1.5812225074354402,1.4956468604346111,2.4001490710055626,Estimated (Region),-0.9565353238023735,-1.231731493222399,False,True,False,False,False,True,False
2016,-0.14484136487558028,7885.0,-0.5100827469690918,1.1899865002822125,-0.2428663803205408,-0.15935679098100344,-0.4960352431450727,Estimated (Region),0.16543136085510152,-1.231731493222399,False,False,False,False,False,False,False
2017,-0.43452409462674085,7766.0,-0.5868470251293604,1.6695011839117508,-1.298917841652951,-1.2020090913728405,-0.9359562394751886,Estimated (Region),0.7154602494281905,-1.231731493222399,False,False,True,False,False,False,False
2021,0.43452409462674085,9136.0,-0.22931798648077,0.8519498641158315,-0.2428663803205408,-0.21728191878054995,-0.26760819130450564,Estimated (Region),-0.367589296886849,-1.231731493222399,False,False,False,False,False,True,False
2022,1.5932550136313832,10666.0,0.12422024871606334,-0.7142373605643049,1.5812225074354402,1.3384215135501278,0.8921114486090007,Official (Quarter),1.1118385103233672,1.2205846018810202,False,False,True,False,False,True,False
2021,-0.14484136487558028,3639.0,-1.5535604730314585,-0.8923953436200448,-0.5788827543808531,-0.6806829411769221,-1.460854251123706,Estimated (Region),0.12276664622783885,-1.231731493222399,False,False,True,False,False,False,False
2019,-1.013889554129062,9776.0,-0.03376861734467294,1.4308430274077353,-0.2428663803205408,-0.16763180923808152,-0.11385104595998145,Interpolated (Month),0.3032268580972066,-0.0055734456706894205,False,False,True,False,True,False,False
2022,0.14484136487558028,16921.0,1.7757086183108326,-0.4819909112765323,-0.5788827543808531,-0.5896577403490633,0.9763239256356328,Estimated (Region),0.6762548359869222,-1.231731493222399,False,False,True,False,False,False,True
2021,0.14484136487558028,5159.0,-1.1230232065301355,1.6694335876186184,0.6211757244059766,0.4116194687573836,-0.901750229976812,Interpolated (Month),0.4439051063276403,-0.0055734456706894205,True,False,False,False,False,False,False
2019,-0.14484136487558028,14754.0,1.3472841301074987,0.6142723508938039,-0.2428663803205408,-0.34140719263672104,0.7694455271297223,Estimated (Region),-0.4909710391873113,-1.231731493222399,False,True,False,False,False,False,True
2016,1.013889554129062,8763.0,-0.19692205257827133,0.25527887573008384,-0.5788827543808531,-0.5731077038349071,-0.5027461903728171,Estimated (Region),-0.6950698091609733,-1.231731493222399,False,True,False,True,False,False,False
2021,0.14484136487558028,5168.0,-1.2652836119280646,-1.5313433400760577,-0.2428663803205408,-0.30830711960840873,-1.0906195042766236,Estimated (Region),-1.1649582202585282,-1.231731493222399,False,False,True,False,True,False,False
2015,1.3035722838802226,15682.0,1.5641960353677073,-1.199567313529506,-0.2428663803205408,-0.13453173620976921,1.1168857063888962,Interpolated (Month),-0.9337615909945779,-0.0055734456706894205,False,False,False,False,True,False,False
2024,-0.43452409462674085,13749.0,0.9341185962785301,0.497159784915504,0.6211757244059766,0.7426201990405065,1.3385451785356617,Official (Quarter),-1.6907720005296574,1.2205846018810202,False,False,True,False,False,False,True
2024,1.3035722838802226,12742.0,0.8505464769358524,-1.0145110293532824,1.5812225074354402,1.487371842177533,1.5732584341085463,Estimated (Region),-1.2459635230305608,-1.231731493222399,False,False,False,True,False,False,False
2022,-1.5932550136313832,7476.0,-0.6748794542122373,1.1589598017344014,-1.298917841652951,-1.1689090183445283,-0.9669908308743782,Estimated (Region),-0.0017681964679548883,-1.231731493222399,False,False,False,False,True,False,False
2016,-1.013889554129062,9749.0,-0.0462105339883862,-0.8416225749724736,-0.2428663803205408,-0.31658213786548683,-0.19387272049840237,Interpolated (Month),-0.6472161427547192,-0.0055734456706894205,True,False,False,False,False,False,False
2023,1.3035722838802226,10577.0,0.33150727506321065,0.19426675976764285,0.6211757244059766,0.6598700164697258,0.4987140231446402,Official (Quarter),1.6693625514661106,1.2205846018810202,True,False,False,True,False,False,False
2018,0.43452409462674085,8415.0,-0.2497415100279974,-1.664940952042042,-0.5788827543808531,-0.6806829411769221,-0.6129246530865452,Official (Quarter),1.3554309688371304,1.2205846018810202,True,False,False,False,False,False,False
2025,1.5932550136313832,9701.0,-0.019683428691412645,-0.894624033167148,-0.2428663803205408,-0.24210697355178415,-0.16620776082959943,Official (Quarter),-1.45380986928905,1.2205846018810202,False,False,True,False,False,False,False
2017,-1.3035722838802226,12488.0,0.637625375127401,1.3272546903716043,-0.5788827543808531,-0.6641329046627659,0.12080557714684603,Official (Quarter),0.634454946656158,1.2205846018810202,True,False,False,True,False,False,False
2022,1.013889554129062,11173.0,0.1657715552431812,1.1467417717507045,-0.2428663803205408,-0.3248571561225649,0.08079473987763558,Estimated (Region),0.9786554146625879,-1.231731493222399,True,False,False,False,False,False,False
2019,1.5932550136313832,5122.0,-1.2267840962758196,-0.5148079175292194,-0.5788827543808531,-0.49035752126412635,-1.1475351326638232,Interpolated (Month),1.068308970399606,-0.0055734456706894205,True,False,False,False,True,False,False
2022,-0.7242068243779014,12876.0,0.9498470569413375,-0.193928811060878,-1.298917841652951,-1.2682092374294651,-0.2091918025667978,Official (Quarter),-0.06230596722285462,1.2205846018810202,False,False,False,False,True,False,False
2016,-1.013889554129062,6034.0,-1.0345212711588168,-0.4363793184222531,-1.298917841652951,-1.359234438257324,-1.2458207775055994,Estimated (Region),-1.4569808953762113,-1.231731493222399,False,False,True,False,False,True,False
2016,-1.5932550136313832,10238.0,0.15732044205122503,1.2952890991934456,-0.5788827543808531,-0.5069075577782824,-0.19795025805450042,Estimated (Region),1.0631200186206147,-1.231731493222399,True,False,False,True,False,False,False
2023,1.013889554129062,12266.0,0.4500576128948181,0.7618425142755268,-0.2428663803205408,-0.15935679098100344,0.3990125666514412,Official (Quarter),-1.4024969016968016,1.2205846018810202,False,False,True,False,False,False,True
2019,-0.14484136487558028,8909.0,-0.3781514799168871,1.4349847914568015,-0.2428663803205408,-0.13453173620976921,-0.2754801040864171,Official (Quarter),0.9189824692041868,1.2205846018810202,False,False,False,False,False,False,True
2022,0.14484136487558028,8707.0,-0.19410501484761927,-0.8434377342557079,-0.2428663803205408,-0.28348206483717453,-0.38356316555603936,Estimated (Region),1.3038297261460494,-1.231731493222399,False,False,True,False,True,False,False
2022,1.013889554129062,10216.0,0.11107407263968708,-0.13321988435439916,1.5812225074354402,1.4956468604346111,0.8480230737836919,Official (Quarter),-0.4889531134954813,1.2205846018810202,False,False,False,False,True,False,False
2023,1.5932550136313832,12121.0,0.6315217933776549,-1.023620126884452,-1.298917841652951,-1.1854590548586845,-0.2689956867229001,Interpolated (Month),-0.7953895435548071,-0.0055734456706894205,False,False,True,False,False,False,False
2022,-0.7242068243779014,14226.0,1.2029109464115808,-1.7348211052255849,-0.5788827543808531,-0.43243239346457985,0.6000578211534896,Estimated (Region),1.106361283445543,-1.231731493222399,True,False,False,False,False,False,True
2022,1.013889554129062,10455.0,0.07492208842965233,-1.1959285454263962,0.6211757244059766,0.7591702355546627,0.5219333342279752,Estimated (Region),0.09422741144338612,-1.231731493222399,False,True,False,False,False,False,True
2023,1.013889554129062,9742.0,-0.019213922402970634,1.3148984856122392,-0.5788827543808531,-0.4407074117216579,-0.2573293987151756,Interpolated (Month),0.11901906994301172,-0.0055734456706894205,False,False,False,False,False,False,False
2025,-0.7242068243779014,12743.0,0.9139298258755237,-1.713681855643101,-0.2428663803205408,-0.2503819918088622,0.43692800267654575,Interpolated (Month),-1.6250452779957663,-0.0055734456706894205,True,False,False,True,False,False,False
2017,1.5932550136313832,5773.0,-1.0382773214663528,-0.7331797306199825,-0.5788827543808531,-0.5813827220919852,-1.0525624870863768,Interpolated (Month),-0.6725843514520105,-0.0055734456706894205,False,True,False,False,False,False,False
2024,-0.14484136487558028,8995.0,-0.26593947697924675,0.3152014984973308,-0.2428663803205408,-0.31658213786548683,-0.34185335430512137,Estimated (Region),-1.1041321744047958,-1.231731493222399,False,True,False,False,False,False,False
2019,0.14484136487558028,12631.0,0.7646268261509647,-0.6857176892412017,-1.298917841652951,-1.3675094565144021,-0.3096861135847936,Official (Quarter),-0.6596119720045319,1.2205846018810202,False,False,False,False,True,False,False
2019,0.14484136487558028,9721.0,-0.18776667995365212,-1.234456444385644,-0.2428663803205408,-0.37450726566503334,-0.2282769436279782,Estimated (Region),-0.24709030557471523,-1.231731493222399,False,False,False,True,False,False,False
2015,-0.14484136487558028,12581.0,0.7636878135740807,-0.9940556952071985,0.6211757244059766,0.46126957829985205,0.8641633266099128,Estimated (Region),-1.6599265649545418,-1.231731493222399,False,False,True,False,False,False,False
2022,-1.013889554129062,12989.0,0.7273010762198249,1.611179002790729,-0.5788827543808531,-0.5979327586061413,0.25431661587602317,Interpolated (Month),0.36895358063109773,-0.0055734456706894205,False,True,False,True,False,False,False
2019,-1.5932550136313832,15450.0,1.3918872275094896,0.10430802236591642,1.5812225074354402,1.487371842177533,2.3554094228206,Interpolated (Month),0.08615570867606615,-0.0055734456706894205,False,False,True,False,False,False,False
2021,0.14484136487558028,6373.0,-0.8462492494935708,0.6216169863615882,-0.2428663803205408,-0.39933232043626754,-0.8834296272074,Estimated (Region),-0.28600744391715077,-1.231731493222399,True,False,False,False,False,True,False
2016,0.7242068243779014,13362.0,0.682463225673613,-0.9004298589030344,-0.5788827543808531,-0.6889579594340001,0.25969670015143004,Interpolated (Month),-0.5065378945242855,-0.0055734456706894205,True,False,False,False,False,False,True
2017,-0.14484136487558028,9731.0,0.03384028819097647,0.37594869663448044,-0.2428663803205408,-0.18418184575223764,-0.13129384550551118,Official (Quarter),-1.42959476098709,1.2205846018810202,False,True,False,True,False,False,False
2022,0.14484136487558028,8274.0,-0.46195835240378585,-1.361471867307853,-1.298917841652951,-1.37578447477148,-0.9331529324053714,Estimated (Region),-1.5944881175194836,-1.231731493222399,False,True,False,False,False,False,True
2015,1.5932550136313832,10531.0,0.09886690914019482,0.42529746984216465,-1.298917841652951,-1.4006095295427143,-0.626403180008091,Official (Quarter),1.3046945514425479,1.2205846018810202,True,False,False,True,False,False,False
2015,1.5932550136313832,12833.0,0.9406916843167183,-1.2094413426425201,-0.2428663803205408,-0.2669320283230184,0.44400706093366016,Official (Quarter),1.5540525119329682,1.2205846018810202,False,False,False,True,False,False,False
2021,-1.3035722838802226,4938.0,-1.2993228178401102,0.8687579806221642,-1.298917841652951,-1.350959420000246,-1.4001159312776643,Estimated (Region),1.3398641135001563,-1.231731493222399,False,True,False,False,False,True,False
2016,1.5932550136313832,1761.0,-2.045603063318685,0.7794523426996738,-0.2428663803205408,-0.17590682749515957,-1.748660443624948,Interpolated (Month),-1.2450986977340623,-0.0055734456706894205,False,True,False,False,False,False,False
2015,-0.14484136487558028,6240.0,-0.8901480874628988,-1.1354661463772238,1.5812225074354402,1.4128966778638303,-0.3285164085487181,Estimated (Region),-1.5688316337233594,-1.231731493222399,False,False,False,True,False,False,False
2015,-1.013889554129062,20337.625,4.259866390457506,-0.5590452181003268,-1.298917841652951,-1.3178593469719335,1.57337169904066,Official (Quarter),-1.3852003957668302,1.2205846018810202,False,False,False,True,False,False,False
2020,0.43452409462674085,9384.0,-0.1379990133787991,0.8345353690975745,0.6211757244059766,0.7674452538117407,0.25663854698435684,Interpolated (Month),0.4563009355774531,-0.0055734456706894205,False,True,False,False,False,False,False
2023,-1.013889554129062,13516.0,1.1033756132618746,-0.914997357104652,-0.5788827543808531,-0.448982429978736,0.45346468276516505,Interpolated (Month),-0.6397209901850649,-0.0055734456706894205,False,False,True,False,False,True,False
2018,-1.5932550136313832,10309.0,0.21577397496225525,1.6870424219796307,1.5812225074354402,1.4459967508921427,0.8486743471433464,Official (Quarter),1.6442826178676522,1.2205846018810202,True,False,False,False,False,True,False
2019,0.7242068243779014,6790.0,-0.8105667715719781,1.4887904467271253,1.5812225074354402,1.6694222438332507,-0.08236339483233668,Official (Quarter),-0.2609275103186923,1.2205846018810202,True,False,False,False,False,True,False
2025,-0.7242068243779014,13977.0,0.8625188872911237,0.7973663544429166,-0.2428663803205408,-0.3496822108937991,0.6120355877245272,Estimated (Region),0.0590578493857777,-1.231731493222399,True,False,False,False,True,False,False
2025,0.43452409462674085,8051.0,-0.5361403459776234,-0.535113148142024,0.6211757244059766,0.6764200529838819,-0.11673930172888407,Interpolated (Month),1.3436116897849835,-0.0055734456706894205,False,False,True,False,False,False,False
2018,1.013889554129062,8207.0,-0.32603628189982403,1.278124611053466,1.5812225074354402,1.3218714770359716,0.19371987719512415,Estimated (Region),0.9812498905520837,-1.231731493222399,True,False,False,False,False,True,False
2020,-1.013889554129062,14135.0,1.0925769686277085,1.401969469608821,-0.5788827543808531,-0.4407074117216579,0.5767252451380406,Interpolated (Month),-1.6786644463786775,-0.0055734456706894205,False,False,True,False,False,False,False
2018,1.013889554129062,15214.0,1.2505658346884447,1.1441328530547312,1.5812225074354402,1.3218714770359716,2.1580169623792225,Interpolated (Month),-0.645486492161722,-0.0055734456706894205,False,False,False,True,False,False,False
2024,-0.7242068243779014,11345.0,0.26436787581600324,-1.5534418605831417,0.6211757244059766,0.4116194687573836,0.5433404063974893,Interpolated (Month),-1.6336935309607519,-0.0055734456706894205,False,True,False,False,False,False,False
2016,0.14484136487558028,12785.0,0.8547720335318305,0.06468814505363815,-0.2428663803205408,-0.25865701006594033,0.4398728909115052,Estimated (Region),-1.2001277823161367,-1.231731493222399,True,False,False,False,False,False,True
2024,1.013889554129062,9425.0,-0.07132912042003371,1.2394704660761617,-0.2428663803205408,-0.3248571561225649,-0.2614635687373305,Interpolated (Month),-0.5783183941336666,-0.0055734456706894205,True,False,False,False,True,False,False
2016,-1.013889554129062,5024.0,-1.1840590240275968,-0.7788942090086616,-1.298917841652951,-1.2102841096299186,-1.3515535916338597,Estimated (Region),-0.24449582968521952,-1.231731493222399,False,True,False,True,False,False,False
2022,-0.43452409462674085,6711.0,-0.7586863266991359,-0.4551835137022629,1.5812225074354402,1.594947079519548,-0.13157700783579585,Official (Quarter),-1.3644445886508645,1.2205846018810202,False,False,False,False,False,True,False
2015,1.3035722838802226,7548.0,-0.49341527372940047,1.589917483442727,-0.2428663803205408,-0.11798169969561308,-0.5488450177431459,Interpolated (Month),1.090217877910903,-0.0055734456706894205,False,False,False,False,False,True,False
2022,-1.3035722838802226,12532.0,0.6542928483670923,-0.6718370886653858,-1.298917841652951,-1.2847592739436213,-0.27055307953946545,Estimated (Region),-0.3889216542004803,-1.231731493222399,False,True,False,True,False,False,False
2020,0.43452409462674085,14895.0,1.1341282751548263,-0.1741131565417171,0.6211757244059766,0.6267699434414135,1.537155236997263,Official (Quarter),0.5854481798545725,1.2205846018810202,False,False,True,False,True,False,False
2023,-1.3035722838802226,7884.0,-0.4992841023349256,-0.9904268677354316,-0.2428663803205408,-0.2503819918088622,-0.5330728759462949,Official (Quarter),-0.609452104807615,1.2205846018810202,False,False,False,False,True,False,False
2025,-0.43452409462674085,6127.0,-0.9798237885553226,1.4277495029337894,-1.298917841652951,-1.1689090183445283,-1.1726799475930936,Estimated (Region),-1.10960940128262,-1.231731493222399,True,False,False,False,False,False,False
2018,-0.43452409462674085,12296.0,0.68880156056758,0.201058199101189,1.5812225074354402,1.4956468604346111,1.4496863931723574,Interpolated (Month),1.442490048684653,-0.0055734456706894205,True,False,False,False,False,False,False
2017,-1.3035722838802226,5444.0,-1.1070599927231073,-0.7075860841326949,-0.2428663803205408,-0.36623224740795524,-1.0525341708533482,Official (Quarter),0.5439365656226413,1.2205846018810202,True,False,False,False,False,True,False
2018,-0.43452409462674085,11900.0,0.4209482230114135,0.3999766936852429,1.5812225074354402,1.7604474446611094,1.4968612373977679,Interpolated (Month),1.0916592534050673,-0.0055734456706894205,True,False,False,False,False,True,False
2015,1.3035722838802226,13281.0,0.9423349563262653,0.631354828825204,-0.2428663803205408,-0.2007318822663938,0.5781693730224918,Interpolated (Month),0.8936142605068954,-0.0055734456706894205,False,True,False,False,False,False,True
2020,-1.013889554129062,7976.0,-0.36617906956161583,-0.6621797653156497,1.5812225074354402,1.7521724264040315,0.30514425416210456,Interpolated (Month),0.9331079490469967,-0.0055734456706894205,False,True,False,False,False,False,False
2020,-1.3035722838802226,12077.0,0.5082763926616273,-0.9775790987561551,-0.5788827543808531,-0.43243239346457985,0.19111478375650617,Interpolated (Month),-1.2583593522803735,-0.0055734456706894205,False,True,False,False,False,True,False
2020,0.43452409462674085,16161.0,1.6843896452088618,-1.2927870750433077,0.6211757244059766,0.5522947791277109,1.785092173394437,Official (Quarter),0.3392612454513136,1.2205846018810202,False,False,False,True,False,False,False
2025,1.5932550136313832,11972.0,0.4162531601269934,1.095786095486422,-0.2428663803205408,-0.2007318822663938,0.31352585913852776,Interpolated (Month),1.1890962368105726,-0.0055734456706894205,False,True,False,False,False,False,False
2020,-1.013889554129062,6591.0,-0.8394414083111617,-1.4353879168166588,0.6211757244059766,0.6350449616984916,-0.4916462270256616,Official (Quarter),0.029077239107160688,1.2205846018810202,True,False,False,False,False,True,False
2024,1.5932550136313832,10873.0,0.348879007735565,-0.8696979000745441,1.5812225074354402,1.6528722073190945,1.1258053197928606,Estimated (Region),1.4107797878130388,-1.231731493222399,False,False,True,False,False,False,False
2016,1.3035722838802226,15062.0,1.3801495702984394,1.2070396533511503,-1.298917841652951,-1.243384182658231,0.13216038659125748,Official (Quarter),-0.22287519727275534,1.2205846018810202,False,False,False,False,True,False,False
2024,0.7242068243779014,14493.0,1.2968122040999828,0.1266346803623225,0.6211757244059766,0.7343451807834285,1.518834634227851,Official (Quarter),0.35079224940462783,1.2205846018810202,True,False,False,True,False,False,False
2018,-0.7242068243779014,15674.0,1.6599753182098773,1.7287990379990898,0.6211757244059766,0.6515949982126477,1.7477147457968727,Estimated (Region),1.1003075063700531,-1.231731493222399,False,True,False,False,False,False,True
2018,0.7242068243779014,11480.0,0.3899608079742409,-1.3557227031706218,-0.5788827543808531,-0.6558578864056878,-0.05413211050296445,Official (Quarter),-0.6137762312901079,1.2205846018810202,False,False,True,True,False,False,False
2021,0.14484136487558028,5107.0,-1.192744890363774,0.6866421351972036,1.5812225074354402,1.487371842177533,-0.6319248454486404,Official (Quarter),-1.3367701791629103,1.2205846018810202,False,False,False,False,False,True,False
2020,1.3035722838802226,10833.0,0.25403873747027905,-0.8442508778995663,1.5812225074354402,1.6445971890620164,1.1093252721702977,Estimated (Region),-1.3079426692796248,-1.231731493222399,False,True,False,False,False,False,False
2017,-1.5932550136313832,2425.0,-1.9258789597659722,0.006777506070216766,0.6211757244059766,0.7343451807834285,-1.5002704474993187,Interpolated (Month),0.7359277814453232,-0.0055734456706894205,True,False,False,True,False,False,False
2021,-0.7242068243779014,1178.0,-2.2092260048407253,-1.2448921191695386,1.5812225074354402,1.6280471525478604,-1.7582030141555383,Estimated (Region),0.8111675822406986,-1.231731493222399,False,False,False,False,False,False,True
2024,-1.5932550136313832,7061.0,-0.6690106256067121,-0.8300039650587607,-0.2428663803205408,-0.09315664492437885,-0.6403913991241492,Estimated (Region),0.12363147152433741,-1.231731493222399,False,False,False,False,False,False,True
2016,1.3035722838802226,10587.0,0.026328187575904313,-0.39954480601228737,-0.5788827543808531,-0.5896577403490633,-0.1778457326042955,Estimated (Region),-0.433604294519573,-1.231731493222399,False,False,True,False,False,False,True
2017,-0.14484136487558028,12970.0,0.781294299390656,-1.4968220125796106,0.6211757244059766,0.5605697973847888,1.0221112744426488,Official (Quarter),1.4750651348527657,1.2205846018810202,False,True,False,False,False,False,False
2016,-0.43452409462674085,16123.0,1.3695856788084941,-1.5215562914872944,-0.5788827543808531,-0.49035752126412635,0.9130937772830874,Official (Quarter),-0.11967271189059293,1.2205846018810202,False,False,True,False,False,False,False
2018,-0.14484136487558028,10312.0,-0.028838801316031833,-1.2080923989692733,-0.5788827543808531,-0.5979327586061413,-0.2323261649510478,Estimated (Region),0.350503974305795,-1.231731493222399,False,False,True,True,False,False,False
2017,1.3035722838802226,11833.0,0.6599269238283965,-1.595630397034454,-0.2428663803205408,-0.31658213786548683,0.21507031689858103,Estimated (Region),-0.9922814360576476,-1.231731493222399,False,True,False,False,True,False,False
2020,-0.14484136487558028,5283.0,-1.0885144943296479,-0.40048916598987355,-0.2428663803205408,-0.24210697355178415,-1.0500706585798725,Estimated (Region),1.3900239806970733,-1.231731493222399,False,False,False,False,False,False,True
2019,-1.3035722838802226,8446.0,-0.45843705524047074,0.9407286485771421,0.6211757244059766,0.5853948521560232,-0.05854944285540399,Estimated (Region),0.24557183833063545,-1.231731493222399,True,False,False,True,False,False,False
2024,-0.14484136487558028,11466.0,0.4732981741726976,0.8964406507861853,-1.298917841652951,-1.2185591278869967,-0.38781060051030797,Estimated (Region),-0.05711701544386322,-1.231731493222399,False,False,True,False,False,False,True
2019,1.013889554129062,11179.0,0.3742323473114335,-0.9150132621148012,-0.5788827543808531,-0.5069075577782824,-0.02247456197714908,Interpolated (Month),1.3121897040122021,-0.0055734456706894205,False,False,False,True,False,False,False
2024,-0.14484136487558028,6370.0,-0.7988291143609278,1.1397281593066417,-0.5788827543808531,-0.6227578133773755,-0.9570518330813896,Interpolated (Month),-0.7677151340668529,-0.0055734456706894205,False,False,False,True,False,False,False
2016,-1.5932550136313832,11583.0,0.6136805544168585,-1.1053460334078955,1.5812225074354402,1.7438974081469534,1.3910434745704217,Estimated (Region),-0.00724542334577915,-1.231731493222399,False,True,False,False,False,False,False
2015,-0.43452409462674085,14717.0,1.4648954553622222,-1.2116715232843251,0.6211757244059766,0.6515949982126477,1.5123502168643341,Official (Quarter),-0.39266923048530744,1.2205846018810202,False,True,False,True,False,False,False
2016,-1.5932550136313832,11696.0,0.5153189869882575,-0.0016720305713439142,0.6211757244059766,0.6350449616984916,0.7594782131037053,Interpolated (Month),0.7777276707760874,-0.0055734456706894205,False,False,False,True,False,False,False
2023,1.013889554129062,11110.0,0.11952518583164325,-1.4181021529742939,-0.5788827543808531,-0.7137830142052343,-0.15332387480165138,Official (Quarter),-0.5523736352387096,1.2205846018810202,False,False,True,False,False,False,False
2017,-1.013889554129062,9278.0,-0.14504160770542926,-0.22914250353036625,-1.298917841652951,-1.4006095295427143,-0.8025584656781254,Interpolated (Month),-1.1369955356717414,-0.0055734456706894205,True,False,False,False,False,False,True
2020,1.3035722838802226,4025.0,-1.5206950328405178,1.1358214911888382,-1.298917841652951,-1.2930342922006994,-1.518845896365987,Estimated (Region),0.1694672122387615,-1.231731493222399,False,False,False,False,False,True,False
2017,0.7242068243779014,12488.0,0.7650963324394067,-1.599531100773452,1.5812225074354402,1.7356223898898753,1.659028303951744,Official (Quarter),0.4329506525719918,1.2205846018810202,False,False,False,False,False,False,False
2024,0.7242068243779014,5699.0,-1.1619922284708224,1.6400391407373305,0.6211757244059766,0.5853948521560232,-0.7247737735489524,Official (Quarter),1.6431295174723206,1.2205846018810202,False,True,False,False,False,False,False
2023,-1.013889554129062,7479.0,-0.6368494448484344,-0.9252849164815362,-0.2428663803205408,-0.24210697355178415,-0.610744303143354,Official (Quarter),1.3078655775297092,1.2205846018810202,True,False,False,True,False,False,False
2024,1.5932550136313832,6440.0,-0.7835701599865625,0.5238538592924632,-0.2428663803205408,-0.3827822839221114,-0.865109024437988,Official (Quarter),-1.2419276716469008,1.2205846018810202,False,False,False,False,False,False,False
2023,-0.14484136487558028,14025.0,1.1388233380392465,-1.3898851738755857,1.5812225074354402,1.7687224629181875,2.1463789906045263,Interpolated (Month),-0.9663366771626906,-0.0055734456706894205,True,False,False,False,False,False,False
2022,1.013889554129062,10973.0,0.17210989013714834,0.06514839628481937,-0.5788827543808531,-0.7220580324623124,-0.1820648513255357,Estimated (Region),-0.7951012684559743,-1.231731493222399,True,False,False,False,True,False,False
2019,-0.7242068243779014,1912.0,-2.0397342347131597,-0.6582919843973974,-0.2428663803205408,-0.08488162666730079,-1.7090177173851075,Interpolated (Month),-0.2880253696089808,-0.0055734456706894205,False,False,False,False,False,False,False
2021,-1.013889554129062,9365.0,-0.22743996132700195,0.06008463867868927,0.6211757244059766,0.5109196878423204,0.12853590876361498,Estimated (Region),1.5433863332761526,-1.231731493222399,True,False,False,False,False,False,True
2025,-0.43452409462674085,12152.0,0.7524196626514724,-1.7201079767747915,-0.2428663803205408,-0.109706681438535,0.4066862658021533,Official (Quarter),-1.4803311783816726,1.2205846018810202,False,True,False,False,True,False,False
2024,-1.3035722838802226,16451.0,1.8426132644138191,-1.3122408905815832,-0.2428663803205408,-0.13453173620976921,1.2749752353867743,Interpolated (Month),-0.04529773639171612,-0.0055734456706894205,False,True,False,True,False,False,False
2017,-0.14484136487558028,6303.0,-0.9338121722880056,-0.8155294117602001,-1.298917841652951,-1.359234438257324,-1.2074239655190109,Interpolated (Month),-0.03924395931622615,-0.0055734456706894205,False,False,True,True,False,False,False
2021,-1.5932550136313832,8899.0,-0.31030782123701667,0.4336436239177579,0.6211757244059766,0.42816950527153974,-0.020492425665156928,Official (Quarter),-1.627639753885262,1.2205846018810202,False,True,False,False,True,False,False
2017,0.14484136487558028,4965.0,-1.293219236090364,-1.5341421248306826,-0.2428663803205408,-0.2752070465800964,-1.1221071554042683,Estimated (Region),-0.9000334044311338,-1.231731493222399,False,True,False,False,False,True,False
2018,-0.7242068243779014,6334.0,-0.9579917461427692,-1.6901320029599374,0.6211757244059766,0.6350449616984916,-0.5546215292809511,Interpolated (Month),1.2340671522284983,-0.0055734456706894205,False,False,False,False,False,False,False
2016,1.013889554129062,7230.0,-0.6488218552037057,-0.7584458333045173,0.6211757244059766,0.4943696513281643,-0.3872442758497387,Official (Quarter),0.07664263041458191,1.2205846018810202,False,True,False,False,True,False,False
2022,-0.43452409462674085,12897.0,0.923789457932806,1.0533013282210877,-0.5788827543808531,-0.4407074117216579,0.3416721947688147,Estimated (Region),-1.369633540429856,-1.231731493222399,True,False,False,False,False,False,False
2025,0.14484136487558028,5648.0,-0.9826408262859746,0.7952316038620048,-1.298917841652951,-1.3261343652290116,-1.291296647749302,Interpolated (Month),-1.3889479720516573,-0.0055734456706894205,False,False,True,False,False,False,False
2021,0.43452409462674085,5288.0,-1.2284273682853668,-0.9457884626896335,1.5812225074354402,1.603222097776626,-0.5481937443834913,Official (Quarter),-0.2453606549817181,1.2205846018810202,False,False,False,False,False,False,True
2017,0.7242068243779014,11877.0,0.3146050486792983,-1.404764310869807,-0.5788827543808531,-0.42415737520750174,0.1581263722783529,Estimated (Region),-0.5803363198254966,-1.231731493222399,False,False,False,False,True,False,False
2019,-1.013889554129062,11351.0,0.4819840405088748,1.2723163001597437,-1.298917841652951,-1.3013093104577775,-0.45324941503907334,Interpolated (Month),-0.06663009370534746,-0.0055734456706894205,False,False,True,True,False,False,False
2023,1.5932550136313832,9504.0,-0.08705758108284105,-1.331229484573006,-0.2428663803205408,-0.40760733869334564,-0.28635353756934456,Estimated (Region),-1.533373796566918,-1.231731493222399,False,False,False,True,False,False,False
2016,0.7242068243779014,12055.0,0.6981916863364203,0.9303034114561577,0.6211757244059766,0.7343451807834285,0.9089029747948756,Official (Quarter),0.5900605814358982,1.2205846018810202,False,False,False,False,False,False,False
2017,-0.7242068243779014,10057.0,-0.06240850093963553,-1.5995589345412127,1.5812225074354402,1.3384215135501278,0.7208831874859177,Estimated (Region),-1.1041321744047958,-1.231731493222399,False,False,True,False,False,False,False
2021,-0.7242068243779014,4781.0,-1.244390582092395,-0.19881065511343154,-1.298917841652951,-1.2930342922006994,-1.408384271321974,Estimated (Region),1.2259954494611782,-1.231731493222399,False,False,True,False,False,False,True
2018,-0.14484136487558028,9691.0,0.04628220483468973,0.19487363531113336,-1.298917841652951,-1.2102841096299186,-0.6498207047226253,Official (Quarter),0.47417399170509017,1.2205846018810202,True,False,False,False,False,False,False
2015,-1.3035722838802226,12347.0,0.4362071773857788,1.1711967189176498,-0.2428663803205408,-0.3000321013513307,0.32640974516647614,Interpolated (Month),-1.0649267609635273,-0.0055734456706894205,False,False,False,False,True,False,False
2017,-1.013889554129062,18358.0,2.131594384949876,0.6295441428260738,1.5812225074354402,1.3549715500642838,3.0705642041873227,Official (Quarter),-0.7599317063983658,1.2205846018810202,True,False,False,False,False,True,False
2022,0.7242068243779014,8801.0,-0.3603102409560907,1.7152444901313246,1.5812225074354402,1.4128966778638303,0.40136281399280327,Interpolated (Month),0.28074140038824386,-0.0055734456706894205,False,True,False,False,False,False,False
2025,-1.3035722838802226,12396.0,0.539029054554579,-0.48539408641681275,-0.2428663803205408,-0.16763180923808152,0.4203063738888412,Official (Quarter),0.40441141778753903,1.2205846018810202,False,False,True,False,False,False,False
2025,-0.14484136487558028,8118.0,-0.5107870064017549,-0.09788740134036268,-0.2428663803205408,-0.3827822839221114,-0.5415111133887753,Estimated (Region),-1.551246852694555,-1.231731493222399,False,False,True,False,False,True,False
2021,-1.5932550136313832,6006.0,-0.9690251439211564,1.4103325227576973,1.5812225074354402,1.479096823920455,-0.37481344955024587,Estimated (Region),0.608510187761201,-1.231731493222399,True,False,False,False,False,False,True
2016,0.7242068243779014,8273.0,-0.36242301925407977,-0.6038963526568654,1.5812225074354402,1.6611472255761726,0.3563116872445271,Official (Quarter),-1.469376724626024,1.2205846018810202,False,False,False,True,False,False,False
2022,-0.7242068243779014,6584.0,-0.902355250962391,1.0412155086342536,0.6211757244059766,0.6433199799555697,-0.4905702101705802,Interpolated (Month),-1.6901954503319916,-0.0055734456706894205,True,False,False,True,False,False,False
2015,-0.7242068243779014,8458.0,-0.37955999878221314,0.16331660408117263,1.5812225074354402,1.7852724994323437,0.46527255193803174,Interpolated (Month),-0.37450789925883754,-0.0055734456706894205,True,False,False,False,False,True,False
2025,-0.7242068243779014,8085.0,-0.5863775188409184,-0.909914215267403,0.6211757244059766,0.5853948521560232,-0.14610323537939454,Official (Quarter),0.8169330842173558,1.2205846018810202,False,False,True,False,False,True,False
2017,1.3035722838802226,12725.0,0.48597484396063184,1.2942448358708625,-1.298917841652951,-1.2185591278869967,-0.1990262749095818,Official (Quarter),0.45976023676344735,1.2205846018810202,False,False,False,False,False,False,True
2019,-0.43452409462674085,11892.0,0.5279956567761918,-0.7793817969760362,-0.2428663803205408,-0.2503819918088622,0.2670589207388291,Interpolated (Month),-0.555544661325871,-0.0055734456706894205,True,False,False,False,False,False,True
2023,0.7242068243779014,7649.0,-0.45702853637514473,0.9624896846501313,1.5812225074354402,1.603222097776626,0.14776263098993755,Interpolated (Month),0.6961458178063892,-0.0055734456706894205,False,True,False,False,False,False,False
2016,0.43452409462674085,14658.0,1.3785062982888925,0.21761332653984222,1.5812225074354402,1.5783970430053917,2.19513954387953,Estimated (Region),-1.3131316210586161,-1.231731493222399,True,False,False,False,False,True,False
2015,1.5932550136313832,15316.0,1.5233489882732525,-0.059682572899762316,-0.5788827543808531,-0.6972329776910782,0.5992932828617212,Interpolated (Month),-1.2770972337045092,-0.0055734456706894205,False,True,False,False,False,True,False
2025,-0.14484136487558028,14633.0,0.9446824877684754,0.8349310062250267,0.6211757244059766,0.800545326840053,1.6035851196820243,Official (Quarter),1.272696015472101,1.2205846018810202,False,True,False,False,False,False,False
2025,0.7242068243779014,7957.0,-0.5023358932097987,1.3052068670843697,-1.298917841652951,-1.4006095295427143,-0.9882563218787497,Official (Quarter),1.3655205972962805,1.2205846018810202,False,False,False,False,True,False,False
2015,-0.14484136487558028,9777.0,0.011538739489981005,-0.8994854989254482,-0.2428663803205408,-0.3827822839221114,-0.22162262886629094,Estimated (Region),-1.2644131293558636,-1.231731493222399,True,False,False,False,False,False,False
2017,0.14484136487558028,14085.0,1.0111176275830198,-0.24261305306328204,1.5812225074354402,1.5866720612624698,2.0329441610925256,Estimated (Region),0.6990285687947178,-1.231731493222399,False,True,False,False,False,False,True
2022,1.5932550136313832,4224.0,-1.488064345793798,0.539814039945237,1.5812225074354402,1.6528722073190945,-0.8510641728558731,Estimated (Region),0.8915963348150654,-1.231731493222399,False,True,False,True,False,False,False
2022,-1.3035722838802226,6869.0,-0.6999980406438848,1.503480711725829,-0.5788827543808531,-0.6558578864056878,-0.8786441838255907,Estimated (Region),0.2856420770684024,-1.231731493222399,False,False,True,True,False,False,False
2015,0.7242068243779014,7812.0,-0.4544462517887137,-0.1579129096420094,0.6211757244059766,0.6267699434414135,-0.19571327564525207,Estimated (Region),-0.1853994344244841,-1.231731493222399,False,False,True,False,False,False,True
2021,1.013889554129062,9106.0,-0.2337782962209691,0.6293060647054091,-1.298917841652951,-1.3923345112856362,-0.8228612047595293,Official (Quarter),0.34358537193380645,1.2205846018810202,True,False,False,False,False,True,False
2018,1.3035722838802226,7086.0,-0.6530474117996838,0.1670060694041323,-0.5788827543808531,-0.45725744823581405,-0.7676162341210087,Estimated (Region),0.20607814979053418,-1.231731493222399,False,True,False,False,False,True,False
2016,-1.5932550136313832,10152.0,-0.04714954656527021,0.6316595091758668,-1.298917841652951,-1.3923345112856362,-0.6753619469142941,Official (Quarter),-1.6042894708798006,1.2205846018810202,False,False,False,False,False,True,False
2024,1.5932550136313832,8547.0,-0.47158323131684704,-0.25232952316950996,1.5812225074354402,1.7852724994323437,0.4923428707132373,Interpolated (Month),-0.9571118740000393,-0.0055734456706894205,False,False,True,False,True,False,False
2020,-0.43452409462674085,9728.0,-0.05278362202657433,0.07531567402245251,1.5812225074354402,1.8018225359464999,0.859774310490502,Interpolated (Month),1.6307336882225079,-0.0055734456706894205,False,True,False,False,False,False,False
2021,-0.43452409462674085,8739.0,-0.2485677443068924,-0.9402609746313517,-0.2428663803205408,-0.31658213786548683,-0.39208635169760503,Interpolated (Month),-0.6209831087609293,-0.0055734456706894205,False,False,True,True,False,False,False
2023,0.43452409462674085,7527.0,-0.615486908724323,0.15686463730799044,0.6211757244059766,0.45299456004277394,-0.3325939461048158,Interpolated (Month),1.5142705482940342,-0.0055734456706894205,True,False,False,False,False,False,False
2024,-0.43452409462674085,15342.0,1.1916427954889726,-1.734456284055296,-0.5788827543808531,-0.5069075577782824,0.7537583340319569,Interpolated (Month),-1.3258157254072618,-0.0055734456706894205,False,True,False,False,False,False,False
2020,1.013889554129062,7703.0,-0.48754644512387535,0.37345111300954853,1.5812225074354402,1.603222097776626,0.1636763539519307,Official (Quarter),-1.5250138187007654,1.2205846018810202,True,False,False,True,False,False,False
2024,-1.3035722838802226,7689.0,-0.5136040441324069,-0.548881419583664,-0.5788827543808531,-0.564832685577829,-0.696089429491125,Estimated (Region),1.1974562146767256,-1.231731493222399,True,False,False,False,False,False,False
2025,1.3035722838802226,15743.0,1.368411913087389,-1.4404198644024917,1.5812225074354402,1.5452969699770795,2.4868533765386993,Interpolated (Month),0.8777591300710884,-0.0055734456706894205,False,False,True,False,False,False,False
2016,1.013889554129062,10492.0,0.23619749850948268,0.026406276720129292,-0.5788827543808531,-0.5317326125495168,-0.16394246218732297,Interpolated (Month),-1.4647643230446985,-0.0055734456706894205,False,False,False,False,False,True,False
2018,-1.013889554129062,13571.0,1.0982110440890125,-0.7279807804275866,1.5812225074354402,1.5535719882341577,1.85882764420054,Official (Quarter),0.43237410237432605,1.2205846018810202,False,False,False,False,False,True,False
2020,-1.5932550136313832,12259.0,0.6559361203766394,-1.633065820609105,0.6211757244059766,0.6598700164697258,0.9130654610500589,Official (Quarter),0.05242752211262201,1.2205846018810202,False,False,True,False,False,False,False
2018,-0.7242068243779014,13029.0,0.6169670984359525,0.3733924632846244,0.6211757244059766,0.7591702355546627,1.1691857887924573,Interpolated (Month),-1.5547061538805493,-0.0055734456706894205,False,False,True,True,False,False,False
2019,-0.14484136487558028,11949.0,0.5758852981972767,-1.2884474924305156,-1.298917841652951,-1.2516592009153091,-0.3356804155049178,Official (Quarter),1.6883887079890791,1.2205846018810202,False,False,True,False,False,False,False
2025,-0.14484136487558028,9651.0,0.045108439113584704,-1.649194494963143,-0.5788827543808531,-0.5234575942924387,-0.3156042062877413,Official (Quarter),1.5154236486893655,1.2205846018810202,False,False,False,False,False,True,False
2023,1.013889554129062,4490.0,-1.3767913554330418,1.2267936759559848,0.6211757244059766,0.7260701625263504,-0.9855662797410463,Official (Quarter),-0.7135194154862761,1.2205846018810202,False,True,False,False,False,True,False
2023,1.013889554129062,9602.0,-0.08846609994816708,-0.6407288769405628,-1.298917841652951,-1.235109164401153,-0.675418579380351,Official (Quarter),1.1481611727763072,1.2205846018810202,False,False,False,False,True,False,False
2025,1.3035722838802226,8454.0,-0.41923328015556294,1.1191565197738444,-1.298917841652951,-1.3675094565144021,-0.9040438448521171,Estimated (Region),-0.10295275615828729,-1.231731493222399,False,False,False,True,False,False,False
2021,0.43452409462674085,9993.0,-0.15443173347426944,-0.8947512732483385,0.6211757244059766,0.6184949251843354,0.3336303845887327,Interpolated (Month),-0.39584025657246885,-0.0055734456706894205,False,True,False,False,False,False,False
2016,1.5932550136313832,3988.0,-1.4904118772360082,1.2918098782233913,1.5812225074354402,1.3797966048355181,-0.9771280422985659,Interpolated (Month),1.024491155377012,-0.0055734456706894205,False,False,False,True,False,False,False
2020,1.5932550136313832,14723.0,1.1024366006849906,-0.9027365824061806,-1.298917841652951,-1.2185591278869967,0.10053115429847054,Interpolated (Month),-1.5152124653404482,-0.0055734456706894205,False,False,False,False,False,True,False
2023,-0.43452409462674085,10226.0,0.20521008347231004,-0.2247755841813808,-0.5788827543808531,-0.4407074117216579,-0.16544322253783114,Official (Quarter),0.33176609288165937,1.2205846018810202,False,False,False,False,True,False,False
2023,-0.7242068243779014,8362.0,-0.4138339578384798,-0.48063152994037506,1.5812225074354402,1.710797335118641,0.4041094885965634,Official (Quarter),0.10258738930953894,1.2205846018810202,False,False,False,False,False,True,False
2024,1.5932550136313832,11479.0,0.4409022402701989,0.11247226288793237,0.6211757244059766,0.6929700894980381,0.7404213882755534,Interpolated (Month),0.4946415237222229,-0.0055734456706894205,False,False,True,False,False,False,True
2018,-0.7242068243779014,10049.0,-0.11804499612001369,-1.4223035608114185,0.6211757244059766,0.6598700164697258,0.3686292486119062,Estimated (Region),-0.5307530028262454,-1.231731493222399,True,False,False,True,False,False,False
2022,1.3035722838802226,7778.0,-0.5755788742067521,1.5220547813902487,-0.2428663803205408,-0.3910573021791895,-0.6103761921139842,Official (Quarter),0.6191763664180167,1.2205846018810202,False,False,True,False,False,False,True
2025,-1.013889554129062,6581.0,-0.8793494428287325,-1.0117157238196273,-1.298917841652951,-1.2102841096299186,-1.117434976954573,Interpolated (Month),0.4502471585019631,-0.0055734456706894205,False,False,True,True,False,False,False
2021,-0.43452409462674085,15090.0,1.3766282731351243,-0.8404326814007149,0.6211757244059766,0.800545326840053,1.7194551452344722,Interpolated (Month),-1.1228700558289313,-0.0055734456706894205,False,True,False,False,True,False,False
2015,-0.14484136487558028,8199.0,-0.4466993980294205,-1.2856308145394728,1.5812225074354402,1.7935475176894218,0.38997968831536306,Estimated (Region),0.3868266367587348,-1.231731493222399,False,False,True,False,True,False,False
2016,-0.7242068243779014,12031.0,0.7122768749896805,-0.005959424869584973,0.6211757244059766,0.8170953633542092,0.9540107340092085,Estimated (Region),1.2352202526238296,-1.231731493222399,False,True,False,False,True,False,False
2017,-1.5932550136313832,8095.0,-0.3765082079073401,1.368015255130493,0.6211757244059766,0.5853948521560232,-0.14366803933894715,Estimated (Region),1.4375893720044945,-1.231731493222399,False,True,False,False,False,False,True
2018,-0.14484136487558028,16782.0,1.9569380456494485,0.20596091847956277,-0.5788827543808531,-0.43243239346457985,1.086417439650276,Interpolated (Month),-1.541733774433071,-0.0055734456706894205,False,True,False,True,False,False,False
2021,-1.5932550136313832,11739.0,0.5538185026405023,1.3780697067023828,-0.5788827543808531,-0.6972329776910782,-0.03275335456647915,Estimated (Region),1.7151982921805347,-1.231731493222399,True,False,False,True,False,False,False
2019,0.14484136487558028,13026.0,0.8221413464851108,-1.1557022896021942,0.6211757244059766,0.7012451077551162,1.129684643717759,Official (Quarter),-1.101825973614133,1.2205846018810202,False,False,True,False,False,False,True
2016,-1.3035722838802226,8517.0,-0.45327248606760867,-0.3743458025893174,-0.5788827543808531,-0.43243239346457985,-0.48629445898328316,Estimated (Region),-0.8172984510661041,-1.231731493222399,False,False,True,True,False,False,False
2021,-1.013889554129062,5611.0,-0.998604040093003,1.368718554798011,0.6211757244059766,0.6267699434414135,-0.7342030791474288,Official (Quarter),0.17033203753526005,1.2205846018810202,False,True,False,False,False,False,False
2024,-1.013889554129062,8489.0,-0.40373957263697663,-1.1536266857777733,-0.2428663803205408,-0.39933232043626754,-0.4772049481811485,Official (Quarter),-0.3759492747530018,1.2205846018810202,True,False,False,False,False,False,False
2018,-0.43452409462674085,14549.0,1.2691113330819042,0.7025769672400531,-0.2428663803205408,-0.15935679098100344,0.8654375570961935,Official (Quarter),1.3093069530238737,1.2205846018810202,False,False,True,True,False,False,False
2017,0.14484136487558028,7576.0,-0.6051577703785987,0.5241307058753657,-0.2428663803205408,-0.09315664492437885,-0.5334126707426364,Interpolated (Month),-1.4886911562478256,-0.0055734456706894205,False,False,True,False,False,True,False
2023,1.013889554129062,14734.0,1.2493920689673397,-1.170572480028207,0.6211757244059766,0.5357447426135546,1.4289305943624981,Interpolated (Month),1.4029963601445516,-0.0055734456706894205,False,True,False,False,False,False,True
2015,0.7242068243779014,6086.0,-1.0286524425532917,-1.6967479901502793,1.5812225074354402,1.3880716230925962,-0.3801652175926243,Official (Quarter),1.4032846352433845,1.2205846018810202,False,True,False,False,False,False,False
2016,-0.43452409462674085,10226.0,0.2467613899994279,-0.23024939283041018,1.5812225074354402,1.4708218056633768,0.8378858623595044,Estimated (Region),0.040608243060474926,-1.231731493222399,False,False,True,False,False,True,False
2020,-1.5932550136313832,8304.0,-0.41759000814601593,-0.7389741246298246,-0.5788827543808531,-0.6558578864056878,-0.6220424801217087,Interpolated (Month),0.5217393830125113,-0.0055734456706894205,True,False,False,False,False,False,True
2022,1.5932550136313832,11779.0,0.4723591615958136,1.3756084063818534,-1.298917841652951,-1.1771840366016064,-0.3158590523849975,Interpolated (Month),1.0827227253412488,-0.0055734456706894205,False,True,False,False,False,True,False
2025,1.3035722838802226,8686.0,-0.4361355065394753,0.32624355179314857,1.5812225074354402,1.6942472986044848,0.49401352846191604,Estimated (Region),-1.0505130060218846,-1.231731493222399,False,False,False,False,False,False,True
2022,0.14484136487558028,8531.0,-0.2997439297470715,-0.5461139478177689,1.5812225074354402,1.6611472255761726,0.43310531121770396,Interpolated (Month),-1.6420535088269048,-0.0055734456706894205,False,False,True,True,False,False,False
2017,1.013889554129062,7030.0,-0.6938944588941387,0.35009957592167734,-0.2428663803205408,-0.3496822108937991,-0.7393849497916366,Official (Quarter),0.7290091790733347,1.2205846018810202,False,False,True,False,False,True,False
2018,-0.43452409462674085,11713.0,0.4038112434832801,-1.5191655696493,-1.298917841652951,-1.3261343652290116,-0.41544724394608246,Estimated (Region),0.040031692862809214,-1.231731493222399,False,False,False,False,False,True,False
2018,-1.013889554129062,7221.0,-0.7976553486398228,-0.37146152840514235,-0.2428663803205408,-0.17590682749515957,-0.6378146219185593,Estimated (Region),-1.0409999277604003,-1.231731493222399,True,False,False,False,False,True,False
2023,-0.14484136487558028,13321.0,0.831766225398172,-0.6987284845745039,-0.2428663803205408,-0.25865701006594033,0.5466534056618186,Estimated (Region),-1.4638994977481998,-1.231731493222399,False,False,False,False,False,True,False
2022,0.7242068243779014,9064.0,-0.3295575790631391,0.8680154154608412,0.6211757244059766,0.6019448886701793,0.09903039394796205,Official (Quarter),0.9982581213832221,1.2205846018810202,False,False,False,False,False,False,False
2016,-1.013889554129062,15568.0,1.3796800640099973,-1.310936182717813,-1.298917841652951,-1.3675094565144021,0.1082048534491823,Estimated (Region),0.6459859506094723,-1.231731493222399,False,False,False,True,False,False,False
2015,0.43452409462674085,16705.0,1.9531819953419123,0.43685693299938716,-0.2428663803205408,-0.37450726566503334,1.1214446199064776,Estimated (Region),1.5407918573866568,-1.231731493222399,False,False,True,True,False,False,False
2023,0.7242068243779014,8845.0,-0.23143076477875904,0.5671085284553135,-0.2428663803205408,-0.30830711960840873,-0.367507861428904,Estimated (Region),-0.6031100526332922,-1.231731493222399,False,False,True,True,False,False,False
2019,0.7242068243779014,10972.0,0.13079333675425148,-1.1794907174375906,-0.5788827543808531,-0.48208250300704825,-0.047109684711906935,Interpolated (Month),0.42170792371751037,-0.0055734456706894205,False,True,False,False,True,False,False
2020,-1.5932550136313832,12267.0,0.6106287635419855,0.034895575887062165,-0.2428663803205408,-0.333132174379643,0.2897968558606804,Estimated (Region),0.8662281261177741,-1.231731493222399,True,False,False,False,False,True,False
2017,0.7242068243779014,10095.0,-0.05043609058436428,0.3415744904819103,-0.2428663803205408,-0.09315664492437885,-0.01021363307582686,Estimated (Region),1.5038926447360512,-1.231731493222399,False,True,False,False,False,True,False
2019,0.43452409462674085,8798.0,-0.2342478025094111,-0.32523461047073116,-0.5788827543808531,-0.5482826490636729,-0.4851334934291165,Official (Quarter),-1.3384998297559076,1.2205846018810202,False,False,True,False,False,False,True
2025,0.14484136487558028,9589.0,0.03736158535429154,-0.8751329402613365,-1.298917841652951,-1.4088845477997924,-0.7628874232052563,Official (Quarter),0.4317975521766603,1.2205846018810202,False,True,False,False,False,False,True
2021,1.5932550136313832,10220.0,0.04088288251760661,-1.1430066122824658,-0.5788827543808531,-0.6475828681486098,-0.27508367682401874,Estimated (Region),-0.7997136700372999,-1.231731493222399,True,False,False,False,False,True,False
2017,-0.43452409462674085,3928.0,-1.481960764044052,1.107964362944747,-0.5788827543808531,-0.564832685577829,-1.3862126608606917,Estimated (Region),1.6350578147050008,-1.231731493222399,True,False,False,False,False,False,True
2017,-1.3035722838802226,14501.0,1.357143762164781,-0.7350435989967974,-1.298917841652951,-1.3178593469719335,-0.006645787714241238,Interpolated (Month),-1.5091586882649581,-0.0055734456706894205,True,False,False,False,False,False,False
2023,-0.43452409462674085,11264.0,0.4836273125184218,0.7011047597381524,-0.2428663803205408,-0.22555693703762802,0.156030971034247,Estimated (Region),0.39835764071204904,-1.231731493222399,False,True,False,False,True,False,False
2023,1.3035722838802226,15370.0,1.259955960457285,0.4920110349113908,0.6211757244059766,0.6598700164697258,1.6794726241982905,Interpolated (Month),-1.179371975200171,-0.0055734456706894205,True,False,False,False,False,False,False
2022,-1.3035722838802226,10212.0,0.156381429474341,-0.21789666729201565,1.5812225074354402,1.6280471525478604,0.9162651953822749,Official (Quarter),-0.5321943783204097,1.2205846018810202,False,False,False,False,False,True,False
2017,0.14484136487558028,2321.0,-1.8941872852961366,-0.309669072882275,1.5812225074354402,1.6445971890620164,-1.4178418931534786,Interpolated (Month),-0.8100915735952827,-0.0055734456706894205,True,False,False,False,True,False,False
2016,-1.5932550136313832,7412.0,-0.6730014290584692,1.0999517170507114,-1.298917841652951,-1.3923345112856362,-1.061736946587597,Interpolated (Month),1.3851233040169146,-0.0055734456706894205,True,False,False,False,False,True,False
2019,0.14484136487558028,4589.0,-1.279603553725546,-1.3749926170290514,1.5812225074354402,1.6445971890620164,-0.7444818717367588,Official (Quarter),1.4272114684465116,1.2205846018810202,True,False,False,False,False,False,False
2025,1.013889554129062,7677.0,-0.45796754895202874,1.7383122221943526,-0.5788827543808531,-0.672407922919844,-0.7406874965109456,Official (Quarter),-1.293817189436815,1.2205846018810202,True,False,False,True,False,False,False
2024,1.5932550136313832,6156.0,-1.0227836139477664,0.45837144141506925,-1.298917841652951,-1.2268341461440748,-1.1865549017770376,Interpolated (Month),1.2634712123094496,-0.0055734456706894205,False,True,False,False,True,False,False
2021,1.3035722838802226,4017.0,-1.5500391758681433,-0.6025071494266795,-0.2428663803205408,-0.36623224740795524,-1.3289289214441222,Interpolated (Month),0.7457291348056404,-0.0055734456706894205,False,False,False,False,True,False,False
2019,1.3035722838802226,9770.0,0.05332479916131987,-1.018326740694298,-0.5788827543808531,-0.5069075577782824,-0.2852208882482063,Official (Quarter),-1.6371528321467461,1.2205846018810202,False,False,True,True,False,False,False
2016,-0.14484136487558028,13711.0,1.1090096887231788,0.5490290052002094,-0.2428663803205408,-0.36623224740795524,0.5486355419738108,Estimated (Region),-0.5399778059888968,-1.231731493222399,True,False,False,False,False,True,False
2024,1.5932550136313832,9134.0,-0.27486009645964493,-1.3839903794891792,-0.2428663803205408,-0.20900690052347187,-0.2641252946420057,Estimated (Region),0.6416618241269794,-1.231731493222399,False,False,True,True,False,False,False
2022,1.013889554129062,8838.0,-0.1997390903089234,1.0866968792179388,1.5812225074354402,1.7438974081469534,0.5620574364292997,Official (Quarter),1.7200989688606931,1.2205846018810202,False,False,False,False,False,False,False
2015,-1.3035722838802226,5325.0,-1.2070648321612554,0.7986203650868374,-0.2428663803205408,-0.28348206483717453,-1.052958914348775,Interpolated (Month),0.4770567426934187,-0.0055734456706894205,True,False,False,False,False,False,False
2025,-1.5932550136313832,2960.0,-1.7655425622630259,-1.1092864996722658,-0.2428663803205408,-0.31658213786548683,-1.5260948520212718,Interpolated (Month),-0.13610439252406573,-0.0055734456706894205,False,False,True,True,False,False,False
2018,-0.7242068243779014,6612.0,-0.8380328894458356,1.4967026922445963,0.6211757244059766,0.5440197608706328,-0.5173856828485296,Interpolated (Month),-0.1003582802687916,-0.0055734456706894205,False,False,True,False,False,True,False
2015,0.14484136487558028,6812.0,-0.8725416016463233,0.8078442769100189,1.5812225074354402,1.7852724994323437,-0.035301815539040264,Estimated (Region),-1.0833763672888301,-1.231731493222399,False,True,False,False,True,False,False
2022,0.43452409462674085,13179.0,0.8916282771745283,1.1413633931625677,-0.2428663803205408,-0.37450726566503334,0.44001447207664773,Official (Quarter),0.03599584147914923,1.2205846018810202,False,False,True,False,True,False,False
2021,-0.14484136487558028,6935.0,-0.8147923281679561,1.5219827118130114,1.5812225074354402,1.5783970430053917,-0.07154659381546608,Interpolated (Month),-0.4483063245600486,-0.0055734456706894205,False,True,False,True,False,False,False
2023,-0.7242068243779014,6051.0,-0.9258305653844915,1.5789226481457876,0.6211757244059766,0.7508952172975846,-0.5880063680215027,Estimated (Region),1.4130859886037017,-1.231731493222399,True,False,False,False,False,False,False
2020,1.013889554129062,11829.0,0.6686127901645736,-0.3562687644920492,-1.298917841652951,-1.243384182658231,-0.34845103660075205,Interpolated (Month),-0.01762332690376196,-0.0055734456706894205,False,True,False,False,False,False,True
2024,0.43452409462674085,4363.0,-1.345099680963206,0.8855909487068545,-0.2428663803205408,-0.22555693703762802,-1.2304167467381184,Interpolated (Month),-0.4569545775250343,-0.0055734456706894205,False,False,False,True,False,False,False
2020,0.14484136487558028,2130.0,-1.9406684078518954,1.282008912750748,0.6211757244059766,0.68469507124096,-1.579499267512943,Interpolated (Month),-1.5477875515085608,-0.0055734456706894205,False,False,True,False,False,True,False
2018,-1.3035722838802226,14802.0,1.1979811303829397,-0.41623959932130977,-0.2428663803205408,-0.10143166318145692,0.9611464247323799,Estimated (Region),-0.8412252842692312,-1.231731493222399,True,False,False,True,False,False,False
2015,0.43452409462674085,10293.0,-0.0039549680286053174,-0.16086776230871974,0.6211757244059766,0.4695445965569301,0.32819366784726894,Official (Quarter),-1.1000963230211358,1.2205846018810202,False,True,False,False,False,True,False
2016,1.3035722838802226,6051.0,-0.8805232085498376,0.5911072006436142,-1.298917841652951,-1.243384182658231,-1.2073956492859825,Official (Quarter),-0.4581076779203657,1.2205846018810202,True,False,False,False,True,False,False
2022,1.3035722838802226,9357.0,-0.06757307011249764,0.1952901477644058,-0.2428663803205408,-0.2669320283230184,-0.24696565742676024,Official (Quarter),0.24701321382479974,1.2205846018810202,False,False,True,False,False,True,False
2020,-0.7242068243779014,11163.0,0.19746322971301686,-0.44327165516393074,-1.298917841652951,-1.2847592739436213,-0.4711452743130583,Official (Quarter),0.7993483031885515,1.2205846018810202,False,False,True,False,True,False,False
2022,1.5932550136313832,4639.0,-1.3516727690013943,-0.5767300982911131,-1.298917841652951,-1.3675094565144021,-1.4468660320076476,Estimated (Region),0.39057421304356194,-1.231731493222399,False,False,True,False,False,False,False
2019,-0.7242068243779014,12017.0,0.5242396064686556,1.0275466435060436,0.6211757244059766,0.6433199799555697,0.8432376304018825,Interpolated (Month),-0.5270054265414182,-0.0055734456706894205,True,False,False,False,True,False,False
2023,0.7242068243779014,5499.0,-1.1629312410477064,0.5903696057979628,-1.298917841652951,-1.2268341461440748,-1.2847839141527568,Official (Quarter),-0.16003122572719275,1.2205846018810202,True,False,False,False,False,True,False
2024,-0.43452409462674085,8707.0,-0.2628876861043737,1.2442494245943148,-0.5788827543808531,-0.5813827220919852,-0.5167060932558466,Interpolated (Month),-0.9605711751860335,-0.0055734456706894205,False,True,False,False,False,False,True
2016,-0.43452409462674085,9938.0,-0.13025215961950595,0.17146692771930916,-1.298917841652951,-1.3013093104577775,-0.6591084291559595,Estimated (Region),1.2107168692230368,-1.231731493222399,False,False,False,False,False,True,False
2024,-0.43452409462674085,9655.0,-0.17485525702149687,-0.4698638380696239,-0.2428663803205408,-0.28348206483717453,-0.19593980550947984,Official (Quarter),1.7255761957385174,1.2205846018810202,True,False,False,False,True,False,False
2017,-1.3035722838802226,10693.0,0.30239788517980604,-0.14153671356753073,-0.5788827543808531,-0.6062077768632194,-0.16759525624799387,Official (Quarter),-0.6624947229928605,1.2205846018810202,False,True,False,False,False,False,True
2023,-0.43452409462674085,10595.0,0.13854019051354463,1.7122116035085715,-0.2428663803205408,-0.2503819918088622,0.008135285926613665,Estimated (Region),0.20578987469170135,-1.231731493222399,False,False,False,False,False,True,False
2021,1.3035722838802226,5293.0,-1.2173939705069796,-1.0807076815926717,0.6211757244059766,0.5853948521560232,-0.8232293157888992,Interpolated (Month),0.5669985735292697,-0.0055734456706894205,False,False,False,False,False,False,True
2015,0.43452409462674085,5021.0,-1.241338791217522,1.5608028653337445,-0.5788827543808531,-0.6806829411769221,-1.2154940919321213,Official (Quarter),0.3176406130388494,1.2205846018810202,True,False,False,False,False,False,False
2017,-1.013889554129062,18097.0,1.793315104127408,0.43026480332426814,-0.2428663803205408,-0.07660660841022271,1.667155062830911,Estimated (Region),-1.0525309317137146,-1.231731493222399,False,False,False,False,False,True,False
2018,1.3035722838802226,2125.0,-1.961796190831786,-1.4307590618317847,-0.2428663803205408,-0.28348206483717453,-1.6863364147293132,Interpolated (Month),-0.27966539174282795,-0.0055734456706894205,False,False,True,False,False,False,True
2022,-1.013889554129062,7888.0,-0.5098479938248708,-0.11949236950126585,-0.2428663803205408,-0.3248571561225649,-0.562408493363777,Interpolated (Month),0.036860666775647796,-0.0055734456706894205,False,False,True,False,False,False,False
2020,1.3035722838802226,5000.0,-1.1540106215673083,0.217360337472162,-0.2428663803205408,-0.17590682749515957,-1.0896850685866846,Interpolated (Month),-0.5843721712091566,-0.0055734456706894205,True,False,False,True,False,False,False
2016,-0.14484136487558028,14693.0,0.9700358273443439,-1.1615776997574818,-0.5788827543808531,-0.6889579594340001,0.49545765634636735,Interpolated (Month),0.8010779537815487,-0.0055734456706894205,False,False,False,False,False,False,True
2018,1.5932550136313832,13800.0,0.7620445415645336,-0.840627020743471,1.5812225074354402,1.5452969699770795,1.9198774426098943,Estimated (Region),-0.9251133380295923,-1.231731493222399,False,False,True,False,True,False,False
2015,1.3035722838802226,7449.0,-0.6950682246152436,-1.086345013627294,0.6211757244059766,0.7260701625263504,-0.24656923016436186,Interpolated (Month),-0.4990427419546313,-0.0055734456706894205,True,False,False,False,False,False,True
2017,-1.013889554129062,16645.0,1.986986448109737,0.15936917937486245,-0.2428663803205408,-0.08488162666730079,1.3572905248005007,Interpolated (Month),-1.4486209175100584,-0.0055734456706894205,False,False,True,True,False,False,False
2016,-1.5932550136313832,9845.0,0.12586352072561038,-1.0020648618802637,0.6211757244059766,0.6681450347268039,0.3225587374746059,Estimated (Region),0.474462266803923,-1.231731493222399,False,True,False,False,False,True,False
2017,-0.43452409462674085,5599.0,-1.043911396927657,0.22057066436438846,-0.2428663803205408,-0.09315664492437885,-0.944026365888299,Estimated (Region),0.006591781398197932,-1.231731493222399,True,False,False,False,True,False,False
2021,-0.7242068243779014,6976.0,-0.8359201111478466,-0.3051823689256061,-0.2428663803205408,-0.19245686400931572,-0.6935976009846208,Interpolated (Month),0.7529360122764618,-0.0055734456706894205,True,False,False,False,False,False,True
2020,-0.7242068243779014,11669.0,0.37963166962851663,1.0751702201441484,1.5812225074354402,1.4377217326350646,1.2336335351652266,Official (Quarter),-1.4912856321373211,1.2205846018810202,False,False,False,True,False,False,False
2020,1.5932550136313832,14367.0,1.312071158474348,-0.1806993218380298,0.6211757244059766,0.5522947791277109,1.3530430898462322,Estimated (Region),-1.2321263182865838,-1.231731493222399,True,False,False,False,True,False,False
2025,-0.14484136487558028,5082.0,-1.2080038447381394,0.6754286060107183,-0.2428663803205408,-0.2338319552947061,-1.088099359537091,Official (Quarter),-0.2081731672322797,1.2205846018810202,False,False,True,False,True,False,False
2023,0.7242068243779014,9521.0,-0.11217616751448857,0.23585736724367307,-0.2428663803205408,-0.3579572291508772,-0.25885847529871253,Official (Quarter),-0.08738590082131308,1.2205846018810202,False,True,False,False,False,True,False
2015,-1.013889554129062,10745.0,0.030318991027661394,1.6142615925701973,0.6211757244059766,0.7508952172975846,0.5902887207586716,Estimated (Region),0.6972989182017206,-1.231731493222399,False,True,False,False,False,True,False
2017,0.7242068243779014,8946.0,-0.11781024297579268,1.730847802118884,0.6211757244059766,0.7508952172975846,0.13870143642083102,Estimated (Region),1.2124465198160341,-1.231731493222399,True,False,False,False,False,False,False
2017,0.14484136487558028,9498.0,-0.15349272089738542,0.024207906098622264,0.6211757244059766,0.800545326840053,0.30149146010143335,Estimated (Region),1.3211262320760206,-1.231731493222399,False,False,False,False,True,False,False
2022,-1.3035722838802226,12927.0,0.8233151122062159,0.19049230204670087,1.5812225074354402,1.3218714770359716,1.5168808141488872,Interpolated (Month),0.6993168438935505,-0.0055734456706894205,True,False,False,False,False,False,True
2024,-1.5932550136313832,10132.0,0.05379430544976188,1.5021436968101942,-0.2428663803205408,-0.109706681438535,-0.011148068765766074,Interpolated (Month),1.0080594747435392,-0.0055734456706894205,False,True,False,True,False,False,False
2021,0.43452409462674085,4842.0,-1.2519026827074673,1.2311655656206422,-1.298917841652951,-1.350959420000246,-1.4138776205294947,Official (Quarter),-0.009839899235274853,1.2205846018810202,False,False,False,False,False,False,False
2015,1.013889554129062,10786.0,0.11882092639898023,-1.650109530078267,-0.5788827543808531,-0.45725744823581405,-0.06826191078416478,Official (Quarter),-1.6365762819490806,1.2205846018810202,False,True,False,False,False,False,False
2015,1.5932550136313832,9736.0,-0.06992060155470768,-0.16452989089548595,-1.298917841652951,-1.37578447477148,-0.7257648417049486,Official (Quarter),1.0391931854174876,1.2205846018810202,True,False,False,False,False,False,False
2024,-0.7242068243779014,15319.0,1.556449181608414,-1.3263282562893335,-1.298917841652951,-1.243384182658231,0.17038730117967513,Official (Quarter),-0.2958087972774679,1.2205846018810202,True,False,False,False,False,False,True
2023,-1.5932550136313832,6048.0,-1.0263049111110816,0.046015663138922976,-1.298917841652951,-1.3344093834860897,-1.2361083095768384,Official (Quarter),-1.1303652083985856,1.2205846018810202,False,False,True,False,False,False,False
2020,0.43452409462674085,12638.0,0.8690919753293118,-1.3088650521774963,1.5812225074354402,1.5866720612624698,1.6076343410050933,Estimated (Region),1.3320806858316692,-1.231731493222399,False,True,False,True,False,False,False
2024,-1.013889554129062,13546.0,1.0878819057432885,1.7393848163162637,0.6211757244059766,0.6681450347268039,1.2358705175744746,Estimated (Region),1.040346285812819,-1.231731493222399,False,True,False,False,False,False,False
2017,1.5932550136313832,12033.0,0.3444186979953659,-1.6135399354935929,-0.2428663803205408,-0.22555693703762802,0.3105243384375114,Estimated (Region),-0.1943359624883026,-1.231731493222399,False,False,True,False,True,False,False
2019,1.013889554129062,6836.0,-0.7460096569112017,-0.8540702335401941,-0.2428663803205408,-0.1428067544668473,-0.7045276669336054,Estimated (Region),1.118757112695356,-1.231731493222399,True,False,False,True,False,False,False
2015,-0.7242068243779014,7509.0,-0.5234636761896891,-0.7543701744538822,-0.5788827543808531,-0.6972329776910782,-0.7801603253526154,Official (Quarter),0.6998933940912163,1.2205846018810202,True,False,False,False,False,False,False
2023,0.14484136487558028,8712.0,-0.325566775611382,0.3740763787210241,-0.5788827543808531,-0.556557667320751,-0.5047000104517806,Interpolated (Month),0.5430717403261427,-0.0055734456706894205,False,False,True,False,False,False,False
2018,1.013889554129062,8168.0,-0.5253417013434571,-0.27827208581693685,1.5812225074354402,1.4294467143779865,0.2278975704604722,Official (Quarter),-1.709509881953793,1.2205846018810202,False,False,True,False,False,True,False
2018,-0.14484136487558028,8352.0,-0.2626529329601527,1.1950746124351332,1.5812225074354402,1.4625467874062987,0.2946955641746036,Interpolated (Month),-1.4431436906322341,-0.0055734456706894205,False,True,False,False,False,False,True
2022,0.7242068243779014,12998.0,0.6357473499736329,1.255961476442652,-1.298917841652951,-1.350959420000246,-0.2464276489992197,Estimated (Region),-0.9268429886225894,-1.231731493222399,False,False,False,False,True,False,False
2024,0.14484136487558028,4031.0,-1.435479641488293,-0.15787513524290622,-1.298917841652951,-1.235109164401153,-1.505990326571067,Interpolated (Month),-1.379723168889006,-0.0055734456706894205,True,False,False,False,False,False,True
2019,1.3035722838802226,10931.0,0.10919604748591903,1.6402459058692647,-0.2428663803205408,-0.40760733869334564,-0.01301694014564418,Estimated (Region),1.066579319806609,-1.231731493222399,False,True,False,False,False,False,False
2022,1.013889554129062,10502.0,0.1991065017225639,0.8788402659618143,-1.298917841652951,-1.243384182658231,-0.5457302321100155,Interpolated (Month),-1.0239916969292617,-0.0055734456706894205,False,False,False,True,False,False,False
2017,1.013889554129062,2856.0,-1.816718747703205,0.43602341106127535,0.6211757244059766,0.5191947060993986,-1.4239865157206542,Estimated (Region),-0.02252400358392051,-1.231731493222399,False,True,False,False,False,False,False
2023,-0.14484136487558028,6376.0,-0.8255909728021223,-0.8885040834808221,-0.2428663803205408,-0.16763180923808152,-0.8070324304966215,Official (Quarter),-1.473700851108517,1.2205846018810202,False,False,False,False,False,False,True
2016,-1.3035722838802226,11687.0,0.37657987875364357,0.5877000492507966,-1.298917841652951,-1.2102841096299186,-0.34969695085400404,Estimated (Region),0.9267658968726739,-1.231731493222399,False,True,False,False,False,False,False
2025,-1.013889554129062,9324.0,-0.14152031054211417,0.9752683662415735,0.6211757244059766,0.5522947791277109,0.13855985525568884,Estimated (Region),-1.0920246202538157,-1.231731493222399,False,False,True,False,False,False,True
2024,1.013889554129062,13290.0,0.7183804567394266,1.6469444002997538,-0.5788827543808531,-0.6889579594340001,0.24695439528862417,Official (Quarter),-1.3604087372672047,1.2205846018810202,False,True,False,True,False,False,False
2022,-0.14484136487558028,11175.0,0.3293944967652216,0.06535615547988871,-1.298917841652951,-1.1854590548586845,-0.4124457232450661,Interpolated (Month),0.1890699189593957,-0.0055734456706894205,False,False,False,False,False,False,True
2024,1.5932550136313832,10907.0,0.28713893080544073,-0.5350594687327717,-1.298917841652951,-1.4006095295427143,-0.5735367729439609,Interpolated (Month),0.16341343516327153,-0.0055734456706894205,True,False,False,False,False,True,False
2019,1.5932550136313832,5928.0,-1.0702037490804095,-0.4590986313567086,-0.5788827543808531,-0.6972329776910782,-1.0594999641783487,Official (Quarter),0.46293126285060876,1.2205846018810202,True,False,False,False,False,True,False
2024,1.5932550136313832,5717.0,-1.0873407286085428,1.4473171387009427,0.6211757244059766,0.6433199799555697,-0.7034233338454954,Official (Quarter),0.8434543933099785,1.2205846018810202,False,True,False,True,False,False,False
2016,1.3035722838802226,2787.0,-1.7582652147921747,0.749272585942287,1.5812225074354402,1.6197721342907823,-1.283056623938021,Official (Quarter),-0.6400092652838978,1.2205846018810202,False,False,True,False,True,False,False
2017,-1.3035722838802226,6521.0,-0.8227739350714703,-0.36025744281843297,0.6211757244059766,0.7012451077551162,-0.48663425377962466,Official (Quarter),-1.0211089459409333,1.2205846018810202,True,False,False,False,False,False,True
2015,-0.7242068243779014,10387.0,0.16788433354117024,-0.17476377086311712,1.5812225074354402,1.4625467874062987,0.8798505197076781,Estimated (Region),-0.5734177174535081,-1.231731493222399,False,True,False,True,False,False,False
2017,-1.013889554129062,4959.0,-1.3033136212918672,-1.245120256658861,-0.2428663803205408,-0.2007318822663938,-1.1043528772954256,Interpolated (Month),0.992492619406565,-0.0055734456706894205,False,False,True,False,False,True,False
2025,-0.7242068243779014,9260.0,-0.010528056066793454,1.3724219370048507,0.6211757244059766,0.5522947791277109,0.12312750825517937,Estimated (Region),1.7428727016684888,-1.231731493222399,False,False,True,True,False,False,False
2024,0.14484136487558028,15734.0,1.6656093936711813,1.6546001775285748,1.5812225074354402,1.5370219517200014,2.477537335872337,Interpolated (Month),-1.5010869854976383,-0.0055734456706894205,False,False,True,False,False,False,False
2019,1.013889554129062,11057.0,0.21976477841401232,0.15806894479519695,1.5812225074354402,1.594947079519548,1.1476654516908298,Estimated (Region),-0.47684555934450135,-1.231731493222399,False,True,False,False,False,False,False
2020,-1.3035722838802226,9445.0,0.0005053417115937756,-0.35704413373680444,-0.2428663803205408,-0.34140719263672104,-0.265569422526457,Official (Quarter),-0.2407482534003924,1.2205846018810202,False,False,True,False,False,True,False
2024,-1.3035722838802226,3265.0,-1.6873697652374313,1.0029917929941012,1.5812225074354402,1.5866720612624698,-1.147280286566567,Interpolated (Month),0.18215131658740716,-0.0055734456706894205,True,False,False,False,False,True,False
2020,-1.5932550136313832,7377.0,-0.5816824559564984,-0.6511849300187104,-1.298917841652951,-1.2185591278869967,-1.0008853618094418,Official (Quarter),-0.17905738225016124,1.2205846018810202,False,False,True,False,True,False,False
2017,-1.5932550136313832,12900.0,0.8629883935795657,-1.2379972972700255,-1.298917841652951,-1.2268341461440748,-0.17827047609972232,Interpolated (Month),0.9498279047793023,-0.0055734456706894205,False,False,True,False,False,True,False
2022,-1.013889554129062,12358.0,0.5603915906786904,0.8423318062598993,0.6211757244059766,0.7343451807834285,0.9847055306120563,Estimated (Region),0.9302251980586681,-1.231731493222399,True,False,False,True,False,False,False
2016,1.013889554129062,8723.0,-0.2981006577375244,1.3066084961037343,-0.5788827543808531,-0.5731077038349071,-0.5100800947271874,Interpolated (Month),0.7192078257130177,-0.0055734456706894205,False,True,False,False,False,False,True
2019,1.5932550136313832,14919.0,1.1846002011623424,1.49500831163218,-0.5788827543808531,-0.7137830142052343,0.516468301253483,Official (Quarter),0.19022301935472713,1.2205846018810202,False,True,False,False,True,False,False
2025,-1.5932550136313832,13061.0,0.6338693248198649,1.173446780822141,-0.5788827543808531,-0.4407074117216579,0.37282005110011796,Interpolated (Month),-1.2364504447690765,-0.0055734456706894205,False,False,False,False,True,False,False
2015,0.7242068243779014,13742.0,0.7373954614213281,-0.9627148727089482,-0.5788827543808531,-0.6558578864056878,0.35036527830855096,Interpolated (Month),0.6139874146390253,-0.0055734456706894205,True,False,False,True,False,False,False
2019,-1.013889554129062,2030.0,-2.005225522512672,1.6011220660610033,-0.2428663803205408,-0.36623224740795524,-1.7137748445338883,Estimated (Region),0.2954434304287195,-1.231731493222399,False,False,False,False,False,False,False
2017,-1.013889554129062,8283.0,-0.276972874757634,-1.049856932219632,1.5812225074354402,1.7935475176894218,0.4155775629730889,Official (Quarter),1.7310534226163417,1.2205846018810202,False,False,False,False,True,False,False
2015,-1.013889554129062,5428.0,-1.1587056844517283,-0.7135340608967871,1.5812225074354402,1.719072353375719,-0.47465648720858705,Interpolated (Month),1.092235803602733,-0.0055734456706894205,True,False,False,False,False,False,False
2017,0.14484136487558028,11311.0,0.1946461919823648,-0.36860807017813113,0.6211757244059766,0.6350449616984916,0.665128524652885,Official (Quarter),0.030230339502492112,1.2205846018810202,False,False,False,True,False,False,False
2021,1.5932550136313832,13787.0,0.8146292458700387,1.0626688821671757,-0.5788827543808531,-0.48208250300704825,0.4813844885312242,Official (Quarter),-1.2701786313325207,1.2205846018810202,True,False,False,True,False,False,False
2015,-1.013889554129062,10232.0,0.21647823439491826,0.8422925407660947,0.6211757244059766,0.6929700894980381,0.43109485867268366,Official (Quarter),0.7197843759106833,1.2205846018810202,True,False,False,False,False,False,True
2019,0.43452409462674085,9682.0,-0.014988365806992546,-1.2267027519380942,-1.298917841652951,-1.2102841096299186,-0.6511798839079913,Interpolated (Month),-0.8971506534428052,-0.0055734456706894205,False,False,True,False,False,True,False
2025,0.7242068243779014,9269.0,-0.12954790018684292,0.19984395098263963,1.5812225074354402,1.5204719152058452,0.5859280208722892,Official (Quarter),-0.22604622335991675,1.2205846018810202,False,False,False,False,False,False,False
2018,-1.013889554129062,11772.0,0.41719217270387743,0.17810925758271012,-0.5788827543808531,-0.7137830142052343,-0.03691584082166248,Official (Quarter),-0.2361358518190667,1.2205846018810202,False,False,True,True,False,False,False
2022,0.43452409462674085,9876.0,-0.1236790715813178,-1.5822513013098936,0.6211757244059766,0.6764200529838819,0.334394922880501,Interpolated (Month),0.9671244107092737,-0.0055734456706894205,True,False,False,False,False,False,False
2015,-1.3035722838802226,6790.0,-0.8206611567734813,1.6460398028475398,-1.298917841652951,-1.1771840366016064,-1.074479251450403,Interpolated (Month),-0.8392073585774011,-0.0055734456706894205,True,False,False,False,True,False,False
2020,-0.43452409462674085,6593.0,-0.761738117574009,-0.24704955683166901,-0.5788827543808531,-0.5482826490636729,-0.8916130185526242,Official (Quarter),-1.4001907009061387,1.2205846018810202,False,False,True,True,False,False,False
2022,-0.14484136487558028,6353.0,-0.900946732097065,-1.656479983674437,-0.5788827543808531,-0.5151825760353606,-0.9250544897592325,Interpolated (Month),-0.6930518834691433,-0.0055734456706894205,True,False,False,False,False,False,False
2025,-0.7242068243779014,7767.0,-0.40960840124250175,0.7304420479892183,-1.298917841652951,-1.4006095295427143,-1.0149868458576137,Official (Quarter),-1.5887226155428265,1.2205846018810202,False,False,True,False,False,False,False
2024,-1.3035722838802226,5737.0,-1.0011863246794341,-0.056147187362619665,-0.5788827543808531,-0.4407074117216579,-1.0177052042283454,Estimated (Region),-0.6942049838644747,-1.231731493222399,True,False,False,True,False,False,False
2025,-1.3035722838802226,11891.0,0.3512265391777751,0.18215459750774907,1.5812225074354402,1.3880716230925962,1.2668767927406357,Official (Quarter),0.4041231426887062,1.2205846018810202,False,False,False,False,False,False,False
2016,0.14484136487558028,10058.0,0.1988717485783429,-0.4548579580257791,1.5812225074354402,1.479096823920455,0.7937974875341961,Official (Quarter),-1.1952271056359782,1.2205846018810202,False,False,True,True,False,False,False
2023,1.5932550136313832,9386.0,0.014121024076412058,-0.6434506218022794,0.6211757244059766,0.5936698704131012,0.17341713811372023,Interpolated (Month),-1.313708171256282,-0.0055734456706894205,False,True,False,False,True,False,False
2025,1.5932550136313832,17322.0,1.9287676683429278,-1.3079654250409534,0.6211757244059766,0.8088203450971311,2.2927739153616518,Estimated (Region),-1.2851689364718293,-1.231731493222399,False,True,False,False,False,False,True
2023,0.14484136487558028,20021.0,2.5313789895582475,0.6945812204193005,-0.2428663803205408,-0.2669320283230184,1.8728158633165983,Official (Quarter),-1.0104427672841176,1.2205846018810202,True,False,False,False,False,False,True
2020,1.5932550136313832,10327.0,0.22704212588486347,1.7285023101535009,-0.2428663803205408,-0.40760733869334564,-0.12871706829992166,Official (Quarter),-1.319761948331772,1.2205846018810202,False,False,False,True,False,False,False
2018,1.5932550136313832,6620.0,-0.7244123676428693,-0.24901233449034638,1.5812225074354402,1.5535719882341577,-0.1724373320958602,Estimated (Region),1.3960777577725632,-1.231731493222399,True,False,False,False,False,False,False
2024,0.43452409462674085,12279.0,0.6186103704454996,-0.29663740222315255,-0.5788827543808531,-0.7055079959481563,0.05746216386218655,Interpolated (Month),0.7601428897472832,-0.0055734456706894205,False,False,False,False,False,False,False
2019,-0.7242068243779014,14714.0,1.219578419651272,1.7104158284564566,-0.5788827543808531,-0.5400076308065948,0.6116674766951572,Official (Quarter),-0.4269739672464173,1.2205846018810202,False,False,True,False,False,False,True
2018,0.14484136487558028,4861.0,-1.295097261244132,0.19502970322321864,0.6211757244059766,0.4364445235286178,-0.9651785919605568,Estimated (Region),-1.6956726772098158,-1.231731493222399,False,False,True,True,False,False,False
2016,-1.5932550136313832,8190.0,-0.4058523509349657,-0.7202464722111557,1.5812225074354402,1.6611472255761726,0.33159161581068364,Estimated (Region),1.2652008629024467,-1.231731493222399,False,False,True,False,True,False,False
2023,-1.5932550136313832,6636.0,-0.7356805185654776,0.7649241099918608,-1.298917841652951,-1.3923345112856362,-1.1711791872425852,Estimated (Region),1.13028811664867,-1.231731493222399,True,False,False,False,False,True,False
2022,1.5932550136313832,15440.0,1.3662991347894002,0.9620547820288745,0.6211757244059766,0.6267699434414135,1.6704963783282691,Official (Quarter),-0.6146410565866065,1.2205846018810202,False,True,False,False,True,False,False
2020,1.5932550136313832,11971.0,0.6411466722907161,-0.5138834388143197,-1.298917841652951,-1.3095843287148556,-0.36801755362341615,Interpolated (Month),-0.34827486526504764,-0.0055734456706894205,False,True,False,True,False,False,False
2020,-0.43452409462674085,6380.0,-0.9819365668533117,0.09790824390728446,-1.298917841652951,-1.4006095295427143,-1.209972426491572,Estimated (Region),-1.3278336510990918,-1.231731493222399,False,True,False,False,True,False,False
2016,-0.14484136487558028,13441.0,1.061354800446315,1.2102052474023326,-0.2428663803205408,-0.10143166318145692,0.6790317950698576,Interpolated (Month),-0.8377659830832369,-0.0055734456706894205,False,False,False,False,True,False,False
2025,-1.3035722838802226,13671.0,0.8104036892740606,-0.6028998043647282,-0.5788827543808531,-0.6806829411769221,0.3202368063662722,Official (Quarter),0.436409953757986,1.2205846018810202,False,False,True,False,False,True,False
2019,1.3035722838802226,13482.0,0.7280053356524879,1.1738980854851138,-0.5788827543808531,-0.6806829411769221,0.2866820702275503,Official (Quarter),-0.6682602249695176,1.2205846018810202,False,False,False,False,False,False,False
2022,-0.14484136487558028,8749.0,-0.17767229475214893,-1.0334022051575436,1.5812225074354402,1.3549715500642838,0.3605308059657673,Official (Quarter),1.0161311775108592,1.2205846018810202,False,False,True,False,True,False,False
2017,1.013889554129062,11012.0,0.46085625752898435,-0.11713395471513625,-0.5788827543808531,-0.46553246649289215,-0.03023320982694647,Estimated (Region),-1.4944566582244825,-1.231731493222399,False,False,False,False,True,False,False
2018,1.013889554129062,11265.0,0.19206390739593376,-1.489596167656375,-1.298917841652951,-1.1854590548586845,-0.3987972989253495,Interpolated (Month),-1.0525309317137146,-0.0055734456706894205,False,True,False,True,False,False,False
2018,-0.7242068243779014,2568.0,-1.8373770243946534,1.5560760951301416,1.5812225074354402,1.4625467874062987,-1.3685150152179058,Interpolated (Month),-1.7063388558666317,-0.0055734456706894205,True,False,False,False,False,False,False
2024,0.7242068243779014,10748.0,0.1462870442728378,-0.3754984187935398,-0.5788827543808531,-0.4986325395212044,-0.09827711779432982,Official (Quarter),0.370394956125262,1.2205846018810202,False,False,False,False,True,False,False
2018,1.013889554129062,6871.0,-0.8720720953578813,-1.083958268041837,0.6211757244059766,0.6350449616984916,-0.42300767816468055,Estimated (Region),-0.7022766866317947,-1.231731493222399,False,False,False,False,False,True,False
2024,-1.5932550136313832,3197.0,-1.6469922244314184,-0.42784131016173965,-0.2428663803205408,-0.15108177272392537,-1.452444329914254,Interpolated (Month),0.12391974662317026,-0.0055734456706894205,False,False,False,False,False,True,False
2024,0.7242068243779014,9792.0,0.06036739348795002,-1.3879074852698932,-0.5788827543808531,-0.49035752126412635,-0.2727900619487135,Interpolated (Month),-0.42524431665342016,-0.0055734456706894205,True,False,False,False,False,False,True
2025,-0.43452409462674085,5490.0,-1.1810072331527237,-1.5453089330498557,-0.5788827543808531,-0.6310328316344536,-1.118256147712398,Estimated (Region),-0.11333065971627011,-1.231731493222399,True,False,False,False,False,True,False
2025,-1.5932550136313832,11734.0,0.5127367024018264,-1.1342946429734497,-1.298917841652951,-1.350959420000246,-0.4273683780510632,Interpolated (Month),-0.09113347710614021,-0.0055734456706894205,False,True,False,False,False,True,False
2024,0.7242068243779014,4042.0,-1.52820713345559,0.7688645762562308,0.6211757244059766,0.6598700164697258,-1.1112054056883123,Estimated (Region),0.6410852739293137,-1.231731493222399,False,True,False,False,False,True,False
2019,1.3035722838802226,9854.0,-0.16945593470441375,1.175153587223736,-0.5788827543808531,-0.5731077038349071,-0.3030317988231063,Official (Quarter),0.11296529286752174,1.2205846018810202,False,True,False,False,False,True,False
2023,0.7242068243779014,10987.0,0.33197678135165265,-1.0578815068712792,-0.2428663803205408,-0.2752070465800964,0.07238481866818361,Interpolated (Month),1.564142140392118,-0.0055734456706894205,True,False,False,True,False,False,False
2024,-0.14484136487558028,9860.0,-0.15537074605115347,-1.286403698626392,-0.2428663803205408,-0.333132174379643,-0.18047914227594192,Estimated (Region),1.2631829372106167,-1.231731493222399,False,False,False,False,True,False,False
2024,1.3035722838802226,12222.0,0.6970179206153152,1.187809004986525,-0.2428663803205408,-0.13453173620976921,0.40561024894707187,Estimated (Region),-1.6530079625825533,-1.231731493222399,False,False,False,False,False,True,False
2021,0.43452409462674085,9567.0,-0.004893980605489337,0.42018152392148356,1.5812225074354402,1.719072353375719,0.77004016802332,Interpolated (Month),-0.2165331450984325,-0.0055734456706894205,False,False,True,False,False,False,False
2017,0.7242068243779014,3857.0,-1.4946374338319863,1.0715607769035007,1.5812225074354402,1.7438974081469534,-0.9421574945084208,Official (Quarter),1.7408547759766588,1.2205846018810202,False,False,False,True,False,False,False
2021,0.14484136487558028,12772.0,0.6582836518188494,-1.2973110563675125,-0.2428663803205408,-0.20900690052347187,0.46983146545561344,Official (Quarter),0.10633496559436606,1.2205846018810202,False,False,True,False,False,False,False
2019,1.5932550136313832,15301.0,1.2944646726577727,1.1984822608595178,-0.2428663803205408,-0.19245686400931572,0.9930871355884798,Interpolated (Month),0.5407655395354799,-0.0055734456706894205,True,False,False,False,False,False,False
2015,0.14484136487558028,12155.0,0.6282352493585608,0.25085877400341294,-0.5788827543808531,-0.6227578133773755,0.08722252477509537,Interpolated (Month),1.702514187831889,-0.0055734456706894205,False,False,True,False,False,False,True
2020,0.14484136487558028,7553.0,-0.6337976539735614,0.8662410127661135,-0.2428663803205408,-0.22555693703762802,-0.5895071283720109,Official (Quarter),1.1152978115093617,1.2205846018810202,False,True,False,False,False,True,False
2018,0.14484136487558028,12715.0,0.494660710296809,-0.5004665686906555,-1.298917841652951,-1.2185591278869967,-0.20052703526008997,Estimated (Region),0.24038288655164403,-1.231731493222399,False,True,False,True,False,False,False
2016,0.7242068243779014,5973.0,-1.00024731210255,1.123651176235588,-1.298917841652951,-1.3013093104577775,-1.2367595829364928,Official (Quarter),-0.47252143286200854,1.2205846018810202,True,False,False,True,False,False,False
2018,1.3035722838802226,7319.0,-0.6215904904740691,-1.066938416087898,-0.2428663803205408,-0.36623224740795524,-0.6893784822633806,Interpolated (Month),1.534738080311167,-0.0055734456706894205,True,False,False,True,False,False,False
2017,1.013889554129062,12292.0,0.731996139104245,-1.2578353182097084,1.5812225074354402,1.603222097776626,1.516399438187403,Official (Quarter),0.03859031736864493,1.2205846018810202,False,True,False,False,False,False,True
2023,1.3035722838802226,2737.0,-1.7951214584348725,0.6033968031729812,-1.298917841652951,-1.350959420000246,-1.7151623399522826,Official (Quarter),-0.5866783719998194,1.2205846018810202,False,False,True,False,False,False,True
2017,-1.5932550136313832,10620.0,0.10966555377436105,-1.380498732729946,-0.5788827543808531,-0.6144827951202975,-0.18534953435683668,Official (Quarter),-0.7749220115376744,1.2205846018810202,False,True,False,False,False,True,False
2022,-0.7242068243779014,5516.0,-1.0786548622723657,-0.337075890526528,-0.5788827543808531,-0.448982429978736,-1.0620201089178816,Official (Quarter),0.4966594494140529,1.2205846018810202,False,False,True,False,False,False,True
2016,-0.14484136487558028,5812.0,-1.1016606704060241,-1.3926645743990922,0.6211757244059766,0.68469507124096,-0.6677448802296391,Official (Quarter),0.9339727743434952,1.2205846018810202,False,False,True,False,False,True,False
2023,-1.5932550136313832,7068.0,-0.618069193310754,1.166375015684722,-0.2428663803205408,-0.22555693703762802,-0.6869716024559616,Interpolated (Month),0.42113137351984464,-0.0055734456706894205,False,False,False,False,False,False,False
2016,-1.013889554129062,11239.0,0.14605229112861678,0.49855594658763,-0.2428663803205408,-0.20900690052347187,0.1605615683188003,Official (Quarter),0.18099821619207573,1.2205846018810202,False,True,False,False,False,False,False
2018,-1.5932550136313832,6558.0,-0.9098673515774631,0.4011332861420026,1.5812225074354402,1.4459967508921427,-0.2267478670444416,Estimated (Region),0.28794827785906524,-1.231731493222399,True,False,False,False,False,False,False
2021,1.3035722838802226,3096.0,-1.6869002589489892,-0.7277779915481891,1.5812225074354402,1.6445971890620164,-1.1877441835642328,Official (Quarter),-0.23440620122606956,1.2205846018810202,False,True,False,False,False,True,False
2023,1.3035722838802226,11523.0,0.47588045875912866,1.7100912668431065,-1.298917841652951,-1.3923345112856362,-0.4820187077959861,Interpolated (Month),0.5978440091043853,-0.0055734456706894205,True,False,False,False,False,False,True
2024,-1.5932550136313832,14286.0,0.9491427975086745,0.4477732373087159,0.6211757244059766,0.8088203450971311,1.5216379412976682,Estimated (Region),-0.10381758145478587,-1.231731493222399,False,True,False,False,True,False,False
2022,-0.7242068243779014,13867.0,1.1951640926522875,-1.6805785592077351,-0.2428663803205408,-0.09315664492437885,0.7732115861225073,Estimated (Region),1.0910827032074017,-1.231731493222399,True,False,False,False,False,False,False
2015,1.5932550136313832,9331.0,-0.2009128560300284,0.8518246121609094,-0.2428663803205408,-0.3579572291508772,-0.29572621070176414,Estimated (Region),1.1193336628930215,-1.231731493222399,False,False,True,False,True,False,False
2025,1.3035722838802226,11488.0,0.5129714555460474,-1.310353164689545,-1.298917841652951,-1.3675094565144021,-0.4723345561002537,Estimated (Region),-0.9784442313136705,-1.231731493222399,False,False,True,False,False,False,True
2016,1.3035722838802226,10434.0,0.1599027266376561,-1.5828268638646539,1.5812225074354402,1.3797966048355181,0.8490424581727167,Estimated (Region),0.22222155532517412,-1.231731493222399,True,False,False,False,False,False,False
2019,0.7242068243779014,9669.0,-0.11663647725468766,-1.7103308688173717,-0.2428663803205408,-0.18418184575223764,-0.1438662529701465,Official (Quarter),1.1452784217879786,1.2205846018810202,False,False,False,False,False,False,False
2015,-0.43452409462674085,13430.0,0.7038257617977244,-0.02105327950081563,0.6211757244059766,0.4116194687573836,1.030407930719987,Interpolated (Month),-0.08911555141431021,-0.0055734456706894205,False,False,True,False,False,False,False
2025,-1.5932550136313832,6915.0,-0.7009370532207688,0.8666749213242358,1.5812225074354402,1.5121968969487674,-0.10091052746597622,Estimated (Region),-0.9821918075984977,-1.231731493222399,True,False,False,False,False,True,False
2017,0.43452409462674085,13697.0,0.876369322800163,-1.23802612510092,-0.2428663803205408,-0.17590682749515957,0.679739700895569,Estimated (Region),-0.9966055625401404,-1.231731493222399,False,False,True,True,False,False,False
2016,-1.3035722838802226,8713.0,-0.19715680572249233,1.0680994490698639,-0.5788827543808531,-0.5482826490636729,-0.5007923702938534,Official (Quarter),1.2934518225880665,1.2205846018810202,True,False,False,True,False,False,False
2025,-0.43452409462674085,7869.0,-0.5593809072555028,1.6358705369836377,-0.2428663803205408,-0.17590682749515957,-0.5059742409380612,Interpolated (Month),-0.32204183127125774,-0.0055734456706894205,True,False,False,False,True,False,False
2016,-1.013889554129062,10719.0,0.1322018556195775,0.38848085056861636,1.5812225074354402,1.6694222438332507,1.089135798021008,Estimated (Region),-0.7671385838691872,-1.231731493222399,False,False,False,False,True,False,False
2024,-0.14484136487558028,11536.0,0.5446631300158831,1.2096291878160053,-0.5788827543808531,-0.5234575942924387,0.03427116901187969,Official (Quarter),1.5900868992870751,1.2205846018810202,False,False,False,False,False,False,True
2018,-1.3035722838802226,10817.0,0.05379430544976188,-0.2765752200466846,-0.2428663803205408,-0.3579572291508772,-0.007268744840867381,Estimated (Region),1.3315041356340034,-1.231731493222399,False,False,True,True,False,False,False
2016,0.7242068243779014,9469.0,-0.12532234359086483,1.2730027007539786,-1.298917841652951,-1.2764842556865432,-0.7153727841835046,Estimated (Region),-0.39439888107830456,-1.231731493222399,False,True,False,True,False,False,False
2016,1.5932550136313832,11076.0,0.20614909604919404,1.31658690184585,-1.298917841652951,-1.1771840366016064,-0.42275283206742464,Official (Quarter),-1.1955153807348111,1.2205846018810202,False,False,False,False,False,True,False
2018,-1.3035722838802226,8065.0,-0.6016364732152837,1.1699606014101465,-0.2428663803205408,-0.08488162666730079,-0.42841607867311615,Official (Quarter),-1.2416393965480679,1.2205846018810202,False,True,False,True,False,False,False
2019,0.7242068243779014,7202.0,-0.706571128682073,-0.9197365530974335,0.6211757244059766,0.4116194687573836,-0.424508438515189,Estimated (Region),1.3317924107328363,-1.231731493222399,False,False,False,False,False,False,True
2024,-1.5932550136313832,15113.0,1.5231142351290314,-0.2924504083014761,1.5812225074354402,1.3301464952930497,2.1361001980151966,Official (Quarter),1.2709663648791039,1.2205846018810202,False,True,False,False,False,False,True
2025,1.013889554129062,16403.0,1.7217153951400015,0.2045722122809438,0.6211757244059766,0.6764200529838819,1.947882197075039,Estimated (Region),0.4098886446653633,-1.231731493222399,True,False,False,False,False,False,False
2021,1.5932550136313832,11729.0,0.43245112707824274,-0.33097035475564984,1.5812225074354402,1.3880716230925962,1.2209195465354492,Interpolated (Month),0.04291444385113777,-0.0055734456706894205,False,False,False,False,False,True,False
2022,1.3035722838802226,10605.0,0.2911297342571978,0.766231303013467,-0.2428663803205408,-0.16763180923808152,0.055168548986881324,Estimated (Region),-1.363579763354366,-1.231731493222399,True,False,False,False,True,False,False
2019,0.7242068243779014,6575.0,-0.7300464431041734,0.5835731961487449,-0.2428663803205408,-0.31658213786548683,-0.8167165821923541,Interpolated (Month),0.31619923754468515,-0.0055734456706894205,True,False,False,False,False,False,True
2025,1.5932550136313832,8406.0,-0.4366050128279173,-0.7012688129142107,-0.2428663803205408,-0.30830711960840873,-0.453844055932671,Official (Quarter),1.350530292156972,1.2205846018810202,False,False,False,True,False,False,False
2019,0.14484136487558028,9864.0,0.1317323493311355,-0.998403727356632,-0.5788827543808531,-0.6889579594340001,-0.3598624785112204,Interpolated (Month),0.9152348929193597,-0.0055734456706894205,False,False,True,False,False,False,False
2016,-1.3035722838802226,11285.0,0.3728238284461075,0.8342227362418371,-0.2428663803205408,-0.109706681438535,0.22735956203293167,Estimated (Region),-0.3122404779109407,-1.231731493222399,False,True,False,False,False,False,True
2019,-0.14484136487558028,8596.0,-0.376038701618898,0.639604061745203,-1.298917841652951,-1.2516592009153091,-0.8327152538534326,Official (Quarter),0.7641787411309432,1.2205846018810202,True,False,False,False,False,False,True
2023,-0.7242068243779014,14542.0,1.2773276931296393,-0.7834281309642096,-0.2428663803205408,-0.37450726566503334,0.7034120717073595,Interpolated (Month),0.2132850272613556,-0.0055734456706894205,False,True,False,False,False,False,False
2020,0.43452409462674085,11637.0,0.23384996706727262,-1.0342928857258773,-0.5788827543808531,-0.43243239346457985,0.10741199892438558,Interpolated (Month),0.4116182952583604,-0.0055734456706894205,False,False,False,False,False,True,False
2023,0.7242068243779014,16368.0,1.8012967110309221,1.5535188677171519,-0.2428663803205408,-0.20900690052347187,1.195349988110752,Interpolated (Month),-0.8294060052170841,-0.0055734456706894205,False,True,False,False,False,False,True
2015,-1.5932550136313832,10348.0,0.042056648238711636,0.034424886992970465,-0.2428663803205408,-0.10143166318145692,0.03792396307255093,Estimated (Region),-0.8478556115423869,-1.231731493222399,False,True,False,False,False,False,True
2017,0.14484136487558028,8745.0,-0.31335961211188973,0.3892219246352381,-1.298917841652951,-1.37578447477148,-0.86635493869124,Official (Quarter),0.6200411917145152,1.2205846018810202,False,False,False,False,False,False,True
2017,0.7242068243779014,14122.0,1.2806142371487335,0.4790817527551013,0.6211757244059766,0.5440197608706328,1.2880573350459221,Estimated (Region),-0.7778047625260028,-1.231731493222399,False,False,True,False,False,False,True
2020,0.7242068243779014,4927.0,-1.2986185584074472,0.036313109916575964,0.6211757244059766,0.4695445965569301,-0.9413080075175672,Estimated (Region),0.4055645181828704,-1.231731493222399,False,False,False,False,False,False,False
2018,1.5932550136313832,13841.0,1.0160474436116609,-1.202181202541151,-0.2428663803205408,-0.16763180923808152,0.7149084623169131,Interpolated (Month),0.36635910474160205,-0.0055734456706894205,False,False,False,False,False,True,False
2018,-0.7242068243779014,14998.0,1.0263765819573851,-1.4511050490330957,1.5812225074354402,1.4459967508921427,2.193015826402396,Interpolated (Month),-1.6138025491412848,-0.0055734456706894205,False,False,True,False,False,False,True
2024,-0.7242068243779014,12693.0,0.7566452192474504,0.5069915663453105,-0.5788827543808531,-0.5069075577782824,0.2598099650835441,Interpolated (Month),-0.6979525601493018,-0.0055734456706894205,False,False,False,False,False,False,True
2019,1.5932550136313832,16992.0,1.6402560540953128,-0.4665978436418775,-0.2428663803205408,-0.12625671795269114,1.3934220381448126,Interpolated (Month),-1.035810975981409,-0.0055734456706894205,False,True,False,True,False,False,False
2020,-0.7242068243779014,12896.0,0.9183901356157228,-0.6586433857153726,-0.2428663803205408,-0.17590682749515957,0.5167797798167961,Official (Quarter),-1.6544493380767176,1.2205846018810202,False,False,False,False,False,False,True
2018,-0.14484136487558028,8089.0,-0.5880207908504654,-0.35099376846988006,-0.5788827543808531,-0.5731077038349071,-0.6261483339108348,Interpolated (Month),-0.03837913401972758,-0.0055734456706894205,False,False,False,False,False,False,False
2021,-1.3035722838802226,12392.0,0.8165072710238067,0.1085491927284121,-1.298917841652951,-1.259934219172387,-0.2752818904552177,Interpolated (Month),-0.041261885008056144,-0.0055734456706894205,False,False,True,False,False,False,True
2024,1.013889554129062,11341.0,0.20544483661653104,0.2590334521883394,0.6211757244059766,0.7343451807834285,0.7302841768513657,Official (Quarter),-0.44167599728689294,1.2205846018810202,False,True,False,False,False,True,False
2021,1.5932550136313832,14275.0,1.1341282751548263,-0.09366064489331334,-0.2428663803205408,-0.24210697355178415,0.7488313094850053,Interpolated (Month),0.8226985861940129,-0.0055734456706894205,False,False,False,False,True,False,False
2023,0.7242068243779014,10505.0,0.2894864622476508,-0.49331030818682026,-0.2428663803205408,-0.30830711960840873,-0.04107832707684549,Interpolated (Month),-0.9703725285463506,-0.0055734456706894205,True,False,False,False,False,False,False
2019,1.5932550136313832,16654.0,1.8517686370384383,0.3758945201936612,-0.5788827543808531,-0.6806829411769221,0.8498636289305419,Estimated (Region),1.048417988580139,-1.231731493222399,False,False,False,False,True,False,False
2025,1.3035722838802226,7803.0,-0.5762831336394152,-0.628151493133816,-1.298917841652951,-1.1771840366016064,-0.920438943775594,Interpolated (Month),1.0193022035980206,-0.0055734456706894205,True,False,False,True,False,False,False
2015,1.3035722838802226,12029.0,0.3894913016857989,1.3297388541442228,0.6211757244059766,0.7674452538117407,0.9228345614448769,Interpolated (Month),-1.6091901475599593,-0.0055734456706894205,False,True,False,False,False,False,False
2017,0.14484136487558028,19455.0,2.604856723699422,-0.15423686417136376,0.6211757244059766,0.6681450347268039,2.694071569840952,Estimated (Region),-0.8510266376295482,-1.231731493222399,False,False,True,True,False,False,False
2018,-1.3035722838802226,5162.0,-1.2716219468220316,-1.6772762814755862,0.6211757244059766,0.68469507124096,-0.8286943487633915,Estimated (Region),0.3738542573112563,-1.231731493222399,False,True,False,False,True,False,False
2020,-0.14484136487558028,14735.0,1.1090096887231788,-1.1339442357186083,1.5812225074354402,1.5039218786916893,2.1614149103426374,Interpolated (Month),1.440760398091656,-0.0055734456706894205,False,True,False,False,False,True,False
2016,-0.7242068243779014,16513.0,1.4864927446305547,-0.6099238544717013,-0.5788827543808531,-0.6641329046627659,0.8388486142824716,Interpolated (Month),-0.4823227862223256,-0.0055734456706894205,False,False,True,False,False,False,True
2023,-1.5932550136313832,16007.0,1.4747550874195043,-0.4269575880353459,-0.2428663803205408,-0.19245686400931572,1.1361124286152187,Official (Quarter),0.0014028296192065263,1.2205846018810202,False,True,False,False,False,False,False
2022,-1.013889554129062,9544.0,0.05355955230554088,-0.41917655885160265,-1.298917841652951,-1.2682092374294651,-0.7002802319793368,Interpolated (Month),1.0296801071560033,-0.0055734456706894205,False,False,False,True,False,False,False
2023,-1.013889554129062,10215.0,0.1892468696652817,0.9678635899541637,-0.2428663803205408,-0.1428067544668473,-0.011317966163936665,Estimated (Region),0.7390988075324847,-1.231731493222399,False,True,False,True,False,False,False
2018,1.3035722838802226,7886.0,-0.4847294073932233,1.0984163865397831,0.6211757244059766,0.568844815641867,-0.20106504368763048,Estimated (Region),-1.2525938503037164,-1.231731493222399,True,False,False,False,False,False,False
2019,1.5932550136313832,8432.0,-0.41125167325204876,-1.2082146687347923,-0.5788827543808531,-0.48208250300704825,-0.5239550489111319,Interpolated (Month),0.7362160565441561,-0.0055734456706894205,True,False,False,True,False,False,False
2016,-0.14484136487558028,13984.0,1.0888209183201725,-0.4061528406975548,0.6211757244059766,0.4943696513281643,1.2192488887867703,Official (Quarter),-1.2903578882508207,1.2205846018810202,False,False,True,False,False,False,False
2019,-1.5932550136313832,7244.0,-0.713378969864482,1.2294597532821807,-0.2428663803205408,-0.22555693703762802,-0.6516046274034182,Estimated (Region),0.07030057824025908,-1.231731493222399,False,True,False,False,False,False,False
2018,-1.013889554129062,1627.0,-2.1005352990664,-0.3622008362459922,-0.2428663803205408,-0.2338319552947061,-1.780771051879219,Estimated (Region),-1.1519858408110497,-1.231731493222399,False,False,True,False,False,False,False
2017,0.7242068243779014,7844.0,-0.6509346335016948,1.3238763668096813,-0.5788827543808531,-0.6558578864056878,-0.7043011370693776,Official (Quarter),0.2178974288426813,1.2205846018810202,True,False,False,False,False,True,False
2024,0.7242068243779014,10739.0,0.39442111771443994,1.6858207183875744,-0.5788827543808531,-0.5317326125495168,-0.1182117458463638,Estimated (Region),-0.17819255695366268,-1.231731493222399,False,False,True,False,True,False,False
2024,-1.013889554129062,9135.0,-0.2908233102666733,1.6392155594305615,0.6211757244059766,0.41989448701446164,0.030958169747550272,Estimated (Region),1.0080594747435392,-1.231731493222399,False,False,False,False,True,False,False
2021,-1.3035722838802226,16194.0,1.606451601327488,1.190272293433324,-1.298917841652951,-1.4006095295427143,0.169764344053049,Official (Quarter),-0.4413877221880601,1.2205846018810202,True,False,False,False,False,False,True
2019,0.14484136487558028,10429.0,0.014121024076412058,-1.367424317356049,-0.2428663803205408,-0.13453173620976921,0.037017843615640145,Official (Quarter),0.29198412924272527,1.2205846018810202,False,False,True,False,True,False,False
2025,1.013889554129062,834.0,-2.2895115801643087,-0.8879747448618069,-0.5788827543808531,-0.7137830142052343,-1.9602959692796396,Estimated (Region),1.5387739316948268,-1.231731493222399,False,False,True,False,True,False,False
2019,1.3035722838802226,12742.0,0.7756602239293519,1.0547243295978401,1.5812225074354402,1.5452969699770795,1.611145553900622,Interpolated (Month),-0.45926077831569717,-0.0055734456706894205,False,False,False,False,True,False,False
2019,-1.5932550136313832,16394.0,1.5116113310622021,0.4595846954704834,1.5812225074354402,1.5452969699770795,2.6767986676935926,Estimated (Region),-0.04270326050222042,-1.231731493222399,False,True,False,True,False,False,False
2020,0.7242068243779014,7019.0,-0.6197124653203011,-0.2620489754651406,-0.5788827543808531,-0.7303330507193905,-0.8786725000586192,Estimated (Region),-0.1799222075466598,-1.231731493222399,False,True,False,False,False,True,False
2015,1.013889554129062,9719.0,-0.14433734827276623,1.7013102101462565,-0.2428663803205408,-0.09315664492437885,-0.08830980376831282,Interpolated (Month),-1.573732310403518,-0.0055734456706894205,False,False,False,False,False,True,False
2015,0.7242068243779014,10844.0,0.3357328316591887,-1.2475204220966314,-1.298917841652951,-1.1937340731157626,-0.4672376341551312,Interpolated (Month),-0.02396537907808479,-0.0055734456706894205,False,False,False,False,False,False,False
2020,0.7242068243779014,13042.0,0.8951495743378434,-0.3052787930496334,-0.5788827543808531,-0.5317326125495168,0.3082873560282634,Estimated (Region),0.7088299221550348,-1.231731493222399,False,False,True,False,False,False,False
2019,-0.43452409462674085,10628.0,0.2277463853175265,-1.4730937255638394,1.5812225074354402,1.37152158657844,0.8995019854294278,Estimated (Region),-1.539715848741241,-1.231731493222399,False,True,False,False,False,False,True
2021,1.013889554129062,14290.0,1.310662639609022,-1.6722676943734096,1.5812225074354402,1.594947079519548,2.0992890950782015,Official (Quarter),1.0135367016213634,1.2205846018810202,False,False,True,False,False,True,False
2025,0.43452409462674085,5547.0,-1.1868760617582488,-0.5856175197433341,1.5812225074354402,1.4294467143779865,-0.5213216392394852,Estimated (Region),1.3649440470986147,-1.231731493222399,False,False,True,False,False,True,False
2019,-0.7242068243779014,2017.0,-2.0247100334830153,-0.39102469088819136,0.6211757244059766,0.5522947791277109,-1.621180762530832,Estimated (Region),-0.6183886328714335,-1.231731493222399,False,False,False,False,False,False,True
2017,1.013889554129062,5477.0,-1.049545472388961,1.3479098312076825,1.5812225074354402,1.4128966778638303,-0.5459850782072717,Estimated (Region),0.8408599174204828,-1.231731493222399,True,False,False,False,False,False,True
2015,0.14484136487558028,12003.0,0.7089903309705865,0.20209600101339903,1.5812225074354402,1.603222097776626,1.4311958930047748,Estimated (Region),-0.7417703751718959,-1.231731493222399,True,False,False,False,False,False,True
2016,-0.14484136487558028,8538.0,-0.4758087879128251,-1.6928771083053105,-1.298917841652951,-1.1771840366016064,-0.8086747720122721,Estimated (Region),0.8411481925193157,-1.231731493222399,False,False,True,False,True,False,False
2022,1.013889554129062,15871.0,1.4900140417938696,0.13202598177120542,1.5812225074354402,1.7025223168615629,2.6522768098909486,Interpolated (Month),0.5773764770872526,-0.0055734456706894205,False,False,False,False,False,True,False
2019,-1.5932550136313832,16562.0,1.501516945860699,1.0663747495318512,-1.298917841652951,-1.3675094565144021,0.24964443742632775,Official (Quarter),-1.4163341064407786,1.2205846018810202,True,False,False,False,True,False,False
2019,0.43452409462674085,7950.0,-0.5077352155268818,0.0672846379604333,-0.5788827543808531,-0.7303330507193905,-0.7157408952128745,Interpolated (Month),-0.2479551308712138,-0.0055734456706894205,False,True,False,False,False,True,False
2016,-0.7242068243779014,5161.0,-1.2054215601517082,-1.5257567052612844,0.6211757244059766,0.6433199799555697,-0.8399075770426608,Official (Quarter),1.6024827285368881,1.2205846018810202,True,False,False,False,False,True,False
2017,0.43452409462674085,6555.0,-0.7572778078338099,0.8743336807424597,-0.5788827543808531,-0.448982429978736,-0.8651939731370734,Estimated (Region),0.9143700676228611,-1.231731493222399,False,True,False,False,False,True,False
2016,0.43452409462674085,13536.0,1.1353020408759313,0.21394374247956904,0.6211757244059766,0.792270308582975,1.3196582511056802,Interpolated (Month),-1.529337945183258,-0.0055734456706894205,False,False,True,False,False,False,True
2020,1.5932550136313832,385.0,-2.407592411707474,0.36646185511227664,0.6211757244059766,0.7674452538117407,-2.009962642011554,Interpolated (Month),1.7451789024591517,-0.0055734456706894205,False,False,True,False,True,False,False
2025,0.7242068243779014,7166.0,-0.8169051064659452,-0.909971870929192,-0.5788827543808531,-0.6558578864056878,-0.8255512468972329,Official (Quarter),-0.25026133166187664,1.2205846018810202,False,True,False,False,False,False,False
2022,-1.3035722838802226,10944.0,0.17351840900247437,-1.4579019557138806,-1.298917841652951,-1.3095843287148556,-0.5171874692173305,Estimated (Region),0.2072312501858656,-1.231731493222399,True,False,False,True,False,False,False
2015,0.7242068243779014,3159.0,-1.6505135215947335,0.09398716187403318,-0.2428663803205408,-0.3496822108937991,-1.492426850950436,Interpolated (Month),-0.7682916842645187,-0.0055734456706894205,False,True,False,False,False,True,False
2016,1.013889554129062,10280.0,-0.06522553867028759,1.157527356757873,0.6211757244059766,0.6515949982126477,0.42118417711272355,Estimated (Region),-1.3125550708609506,-1.231731493222399,True,False,False,True,False,False,False
2025,0.14484136487558028,8354.0,-0.39528845944502045,-0.7051814454108206,0.6211757244059766,0.5440197608706328,-0.09861691259067132,Interpolated (Month),1.6140137324902022,-0.0055734456706894205,False,False,False,False,True,False,False
2023,-1.3035722838802226,6820.0,-0.708683906980062,0.28509927866442014,0.6211757244059766,0.7260701625263504,-0.4036676910062442,Estimated (Region),-0.5592922376106981,-1.231731493222399,True,False,False,False,False,False,False
2018,1.013889554129062,5201.0,-1.233591937458229,0.8817667878291975,1.5812225074354402,1.5701220247483139,-0.5826829162121527,Interpolated (Month),-0.6002273016449636,-0.0055734456706894205,False,False,True,False,True,False,False
2020,-0.7242068243779014,11089.0,0.23126768248084156,0.8550737075153728,-0.5788827543808531,-0.6806829411769221,-0.13817469013142655,Interpolated (Month),-1.259512452675705,-0.0055734456706894205,False,False,False,False,True,False,False
2015,1.013889554129062,6202.0,-0.9007119789528439,1.5244325804074972,-1.298917841652951,-1.235109164401153,-1.182307466822769,Estimated (Region),-0.9666249522615235,-1.231731493222399,False,False,True,False,False,False,False
2025,-0.14484136487558028,11262.0,0.45310940376969117,1.3865664613428226,0.6211757244059766,0.5853948521560232,0.6244097815579631,Estimated (Region),-0.9006099546287994,-1.231731493222399,False,False,False,False,True,False,False
2023,1.5932550136313832,8896.0,-0.3546761654947866,0.9554904861215158,-0.5788827543808531,-0.5813827220919852,-0.482188605194157,Estimated (Region),-0.495583440768637,-1.231731493222399,False,False,True,False,True,False,False
2022,0.43452409462674085,1388.0,-2.1639186480060713,-0.3485284918968127,-1.298917841652951,-1.4088845477997924,-1.9123849029954894,Interpolated (Month),0.9619354589302823,-0.0055734456706894205,True,False,False,False,False,False,True
2025,1.5932550136313832,9394.0,-0.13565148193658905,-0.11302598881263588,1.5812225074354402,1.6445971890620164,0.6820899482369311,Interpolated (Month),-1.3523370344998846,-0.0055734456706894205,False,True,False,False,True,False,False
2022,-1.3035722838802226,13191.0,0.5974825874656092,0.23012559921129166,-0.2428663803205408,-0.3000321013513307,0.49273929797563565,Interpolated (Month),-0.5938852494706408,-0.0055734456706894205,False,False,True,False,False,True,False
2018,1.3035722838802226,7542.0,-0.6514041397901368,0.5014208365406861,-1.298917841652951,-1.259934219172387,-0.9921639620366769,Interpolated (Month),0.6975871933005534,-0.0055734456706894205,False,False,False,False,True,False,False
2019,-1.3035722838802226,6476.0,-0.8213654162061443,-0.30597911052774845,-0.5788827543808531,-0.5731077038349071,-0.9214300119315899,Estimated (Region),-1.6847182234541673,-1.231731493222399,False,True,False,False,False,False,True
2023,-0.14484136487558028,9414.0,-0.09644770685168123,-1.2507396955570658,-1.298917841652951,-1.4088845477997924,-0.787437597240929,Estimated (Region),-0.861692816286364,-1.231731493222399,True,False,False,False,False,False,True
2017,-1.5932550136313832,6240.0,-0.9662081061905043,-0.07737540559562328,1.5812225074354402,1.4294467143779865,-0.3232212729723965,Interpolated (Month),0.5053077023790385,-0.0055734456706894205,True,False,False,False,False,False,False
2018,1.013889554129062,11109.0,0.2953552908531759,1.6986242515573748,-0.2428663803205408,-0.15935679098100344,0.16262865332987775,Interpolated (Month),-0.8501618123330497,-0.0055734456706894205,True,False,False,False,False,False,True
2021,-1.5932550136313832,10798.0,0.0929980805346697,0.6678240230333137,1.5812225074354402,1.5701220247483139,1.057648146893363,Official (Quarter),0.540477264436647,1.2205846018810202,False,False,False,False,False,True,False
2019,-0.43452409462674085,12863.0,0.5695469633033096,0.5052932094803568,-0.2428663803205408,-0.12625671795269114,0.5428307142029768,Interpolated (Month),0.2870834525625667,-0.0055734456706894205,False,False,False,False,False,False,True
2024,1.5932550136313832,5881.0,-0.9206659962116294,1.088061230869767,1.5812225074354402,1.37152158657844,-0.4433387334791132,Estimated (Region),-1.2889165127566564,-1.231731493222399,True,False,False,True,False,False,False
2025,0.14484136487558028,17474.0,2.1550696993719765,-0.827501908149724,1.5812225074354402,1.7521724264040315,3.1774863001027787,Interpolated (Month),0.5182800818265171,-0.0055734456706894205,False,True,False,False,True,False,False
2024,0.43452409462674085,7408.0,-0.5281587390741092,0.2876028266681577,0.6211757244059766,0.5522947791277109,-0.322881478176055,Estimated (Region),-0.905510631308958,-1.231731493222399,False,True,False,False,False,False,False
2025,-1.5932550136313832,5949.0,-1.0704385022246306,-1.0249899458835192,1.5812225074354402,1.6611472255761726,-0.3356520992718893,Estimated (Region),1.4620927554052872,-1.231731493222399,False,False,True,False,True,False,False
2024,-0.7242068243779014,6656.0,-0.9108063641543471,1.2733352148724024,-0.5788827543808531,-0.5731077038349071,-0.8884699166864654,Estimated (Region),0.2689221213360968,-1.231731493222399,False,False,False,False,True,False,False
2015,-0.14484136487558028,20337.625,2.8210643695269675,-0.1783583031567508,-0.2428663803205408,-0.2338319552947061,2.366735916031983,Interpolated (Month),-0.871494169646681,-0.0055734456706894205,False,True,False,False,False,False,True
2022,-0.14484136487558028,13128.0,0.7550019472379035,-1.7067949862486622,1.5812225074354402,1.3218714770359716,1.573230117875518,Estimated (Region),-0.11707823600109724,-1.231731493222399,True,False,False,False,False,False,True
2016,-1.013889554129062,15502.0,1.314653443060779,-0.4600042228720571,0.6211757244059766,0.568844815641867,1.6395750518611933,Estimated (Region),0.6955692676087234,-1.231731493222399,False,False,True,True,False,False,False
2024,0.43452409462674085,13506.0,0.6876277948464751,1.7024051706886894,-0.2428663803205408,-0.18418184575223764,0.6351416338757484,Estimated (Region),0.6459859506094723,-1.231731493222399,False,False,False,False,False,True,False
2018,-0.7242068243779014,20337.625,3.23282138449061,-0.32038656456474424,-1.298917841652951,-1.37578447477148,0.939314609067439,Interpolated (Month),0.7621608154391132,-0.0055734456706894205,True,False,False,False,False,True,False
2025,-1.5932550136313832,9133.0,-0.06686881067983462,1.4210569728821065,-1.298917841652951,-1.243384182658231,-0.7492389988855397,Official (Quarter),1.4938030162769014,1.2205846018810202,False,True,False,False,True,False,False
2025,-0.7242068243779014,12364.0,0.7026519960766193,1.2836327148806297,-0.2428663803205408,-0.28348206483717453,0.3402563831173918,Official (Quarter),-1.5607599309560394,1.2205846018810202,True,False,False,False,False,False,True
2018,-0.7242068243779014,6475.0,-0.8307555419749845,0.46981758137498075,1.5812225074354402,1.6114971160337042,-0.19554337824708146,Official (Quarter),-1.6541610629778847,1.2205846018810202,False,False,False,False,True,False,False
2024,0.14484136487558028,11767.0,0.4293993362033697,-0.8235341051491611,-0.2428663803205408,-0.07660660841022271,0.3470522790442216,Estimated (Region),1.0475531632836406,-1.231731493222399,False,True,False,False,False,False,False
2021,-1.3035722838802226,11811.0,0.685515016548486,0.8771602992648458,-0.2428663803205408,-0.19245686400931572,0.28600248063486733,Interpolated (Month),-0.4811696858269942,-0.0055734456706894205,True,False,False,False,False,True,False
2022,1.013889554129062,15676.0,1.5862628309244817,0.4402442031295184,-0.5788827543808531,-0.42415737520750174,0.882625510544467,Estimated (Region),0.13573902567531737,-1.231731493222399,True,False,False,False,False,False,True
2016,0.14484136487558028,18246.0,2.2163402700136587,1.0657296025576892,-0.5788827543808531,-0.6475828681486098,1.1634942259537373,Estimated (Region),1.1438370462938143,-1.231731493222399,True,False,False,True,False,False,False
2021,-0.7242068243779014,11441.0,0.2561515157682681,-1.4581002713091737,-1.298917841652951,-1.1771840366016064,-0.36725301533164784,Interpolated (Month),-0.8086501981011185,-0.0055734456706894205,True,False,False,False,False,False,False
2017,-0.7242068243779014,5656.0,-1.1291267882798817,0.5718825166577954,1.5812225074354402,1.6859722803474069,-0.4157020900433387,Estimated (Region),1.2248423490658469,-1.231731493222399,False,True,False,False,True,False,False
2020,1.013889554129062,11466.0,0.2329109544903886,-0.020510023997919617,-1.298917841652951,-1.37578447477148,-0.48031973381427856,Official (Quarter),1.6739749530474362,1.2205846018810202,True,False,False,False,False,False,False
2022,0.7242068243779014,1726.0,-2.06555708057747,-1.6515891930536748,-0.2428663803205408,-0.30830711960840873,-1.7675190548219006,Interpolated (Month),1.1259639901661773,-0.0055734456706894205,False,False,True,False,False,False,False
2020,1.5932550136313832,1598.0,-2.092788445307107,1.0743893835521552,-1.298917841652951,-1.3840594930285581,-1.880925568100873,Official (Quarter),-0.33587903601523483,1.2205846018810202,True,False,False,False,False,True,False
2021,-0.14484136487558028,3973.0,-1.474213910284759,-0.7274827547973022,0.6211757244059766,0.6433199799555697,-1.1315647772357733,Estimated (Region),-1.4823491040735026,-1.231731493222399,False,True,False,False,False,False,True
2015,1.3035722838802226,15813.0,1.408085194460739,-0.7356370546879754,0.6211757244059766,0.5274697243564767,1.6811432819469692,Interpolated (Month),-0.9020513301229638,-0.0055734456706894205,False,False,True,False,False,False,True
2019,-0.43452409462674085,12584.0,0.6866887822695911,-0.10930073721684207,-1.298917841652951,-1.3840594930285581,-0.32707228066426647,Interpolated (Month),0.5367296881518199,-0.0055734456706894205,False,True,False,False,False,True,False
2022,1.3035722838802226,4638.0,-1.2641098462069595,-1.1275886930694534,-1.298917841652951,-1.3426844017431678,-1.4410895204698424,Interpolated (Month),0.07779573080991332,-0.0055734456706894205,False,False,True,False,True,False,False
2015,0.14484136487558028,7413.0,-0.7300464431041734,1.363336199957337,-0.2428663803205408,-0.20900690052347187,-0.6113389440369518,Official (Quarter),0.6390673482374837,1.2205846018810202,False,False,True,False,True,False,False
2016,-1.013889554129062,1386.0,-2.1467816684779377,0.5898551781259617,0.6211757244059766,0.6598700164697258,-1.76550860227688,Estimated (Region),-0.10698860754194728,-1.231731493222399,False,False,True,False,False,False,True
2017,-0.43452409462674085,11634.0,0.5296389287857388,-0.3275646944575335,-1.298917841652951,-1.3923345112856362,-0.46638814716427757,Official (Quarter),1.0011408723715507,1.2205846018810202,False,True,False,False,True,False,False
2021,-1.5932550136313832,6231.0,-0.8410846803207087,-0.35310416450400123,-1.298917841652951,-1.350959420000246,-1.215041032203666,Interpolated (Month),-0.1591664004306942,-0.0055734456706894205,False,False,False,False,True,False,False
2022,-1.5932550136313832,12858.0,0.8702657410504169,0.8933282391126882,1.5812225074354402,1.6197721342907823,1.69416874914006,Official (Quarter),0.4580305861704502,1.2205846018810202,False,False,False,False,False,True,False
2021,0.14484136487558028,16161.0,1.3083151081668118,1.1476349374768742,-0.5788827543808531,-0.48208250300704825,0.9270536801661171,Official (Quarter),-0.8141274249789427,1.2205846018810202,False,True,False,False,False,False,True
2016,-1.3035722838802226,11459.0,0.20074977373211095,1.5039712818826072,1.5812225074354402,1.6611472255761726,1.3049054936978544,Official (Quarter),0.6301308201736652,1.2205846018810202,False,True,False,False,True,False,False
2023,-1.013889554129062,13511.0,0.9453867472011384,0.6629774682220282,-1.298917841652951,-1.3840594930285581,-0.19596812174250827,Interpolated (Month),1.13028811664867,-0.0055734456706894205,False,False,False,True,False,False,False
2016,-1.5932550136313832,14314.0,1.31254066476279,-0.2677449572246864,0.6211757244059766,0.5191947060993986,1.315977140811981,Interpolated (Month),0.33897297035248075,-0.0055734456706894205,False,True,False,True,False,False,False
2016,0.14484136487558028,9463.0,-0.026491269873821784,-1.612149241168705,-0.5788827543808531,-0.4986325395212044,-0.3384270901086782,Official (Quarter),-1.0098662170864519,1.2205846018810202,False,False,True,False,True,False,False
2019,-1.013889554129062,6614.0,-0.9396810008935308,-1.6589954604357864,1.5812225074354402,1.7025223168615629,-0.12362014635479943,Interpolated (Month),-1.2450986977340623,-0.0055734456706894205,False,False,False,False,True,False,False
2025,-1.5932550136313832,15910.0,1.5069162681777821,-0.8342739632521513,-0.2428663803205408,-0.15935679098100344,1.1435029654356466,Official (Quarter),0.7860876486422402,1.2205846018810202,False,False,False,True,False,False,False
2022,-1.5932550136313832,17648.0,1.9555295267841224,1.1078739031995253,-0.5788827543808531,-0.46553246649289215,1.221231025098762,Interpolated (Month),0.4194017229268475,-0.0055734456706894205,False,False,True,False,False,False,False
2017,0.43452409462674085,10232.0,0.24910892144163793,-1.5034116570968936,-1.298917841652951,-1.2516592009153091,-0.5901867179646939,Interpolated (Month),-1.45380986928905,-0.0055734456706894205,True,False,False,False,False,False,False
2020,1.3035722838802226,8939.0,-0.37322166388824596,1.6602653433309582,0.6211757244059766,0.5274697243564767,0.0344410664100506,Estimated (Region),-0.24420755458638668,-1.231731493222399,True,False,False,False,False,True,False
2022,-1.013889554129062,6634.0,-0.851413818666433,0.252743517706048,-1.298917841652951,-1.1771840366016064,-1.0981799384952218,Estimated (Region),0.07721918061224763,-1.231731493222399,False,False,True,True,False,False,False
2019,-1.5932550136313832,4532.0,-1.3605933884817925,-0.24189931573285373,1.5812225074354402,1.3549715500642838,-0.828779297462477,Estimated (Region),-1.3431122313372332,-1.231731493222399,False,False,False,False,True,False,False
2016,-1.013889554129062,15537.0,1.5904883875204598,0.7635040908045111,0.6211757244059766,0.800545326840053,1.8328050260473876,Interpolated (Month),-1.6472424606058962,-0.0055734456706894205,True,False,False,True,False,False,False
2019,-0.7242068243779014,10842.0,0.31765683955417134,-0.4405832114172132,1.5812225074354402,1.363246568321362,0.9554265456606315,Estimated (Region),-0.12630303916374863,-1.231731493222399,True,False,False,False,False,False,False
2018,0.43452409462674085,15325.0,1.1885910046140995,0.06750084669214339,-0.2428663803205408,-0.34140719263672104,0.8807849553976177,Interpolated (Month),-0.7302393712185816,-0.0055734456706894205,True,False,False,False,False,True,False
2023,-1.013889554129062,9545.0,0.03501405391208149,1.3536858350495402,-0.2428663803205408,-0.08488162666730079,-0.1203920957895553,Estimated (Region),1.2914338968962364,-1.231731493222399,False,False,False,False,False,False,True
2025,-0.14484136487558028,8313.0,-0.5288629985067722,0.24404099199680787,-0.5788827543808531,-0.556557667320751,-0.5780673702285142,Interpolated (Month),1.2300313008448382,-0.0055734456706894205,False,False,True,False,False,False,False
2016,1.013889554129062,8787.0,-0.20889446293354258,-1.5675053687756686,1.5812225074354402,1.7687224629181875,0.5578666339410879,Official (Quarter),1.238103003612158,1.2205846018810202,False,False,True,False,False,False,True
2023,-0.43452409462674085,6438.0,-0.8988339537990759,-1.012199335534465,0.6211757244059766,0.6764200529838819,-0.5154601790025946,Interpolated (Month),1.3035414510472165,-0.0055734456706894205,False,True,False,False,False,True,False
2022,-0.7242068243779014,7427.0,-0.6457700643288327,-0.31588345856635924,-0.5788827543808531,-0.6972329776910782,-0.7946582366631857,Estimated (Region),0.6286894446795009,-1.231731493222399,True,False,False,False,False,True,False
2023,-1.5932550136313832,7039.0,-0.7316897151137204,-0.37231045832183574,-1.298917841652951,-1.1854590548586845,-1.0395936523593432,Interpolated (Month),-1.275655858210345,-0.0055734456706894205,False,True,False,False,True,False,False
2015,0.7242068243779014,7705.0,-0.6828610611157514,-0.09257960123476072,-0.2428663803205408,-0.21728191878054995,-0.5556975461360325,Official (Quarter),-1.4829256542711684,1.2205846018810202,False,False,True,False,False,True,False
2015,-0.7242068243779014,10522.0,0.21248743094316117,-1.1681201262758854,-0.2428663803205408,-0.3910573021791895,-0.08242002729839354,Estimated (Region),0.5122263047510272,-1.231731493222399,True,False,False,False,True,False,False
2022,0.43452409462674085,11018.0,0.12586352072561038,0.5780079336913593,0.6211757244059766,0.5274697243564767,0.5324669729145615,Official (Quarter),-1.0219737712374317,1.2205846018810202,False,True,False,False,True,False,False
2021,1.3035722838802226,10128.0,0.1413572282441967,0.01580558745594075,1.5812225074354402,1.3549715500642838,0.7494542666116314,Official (Quarter),0.7927179759153958,1.2205846018810202,False,True,False,True,False,False,False
2018,-1.3035722838802226,3942.0,-1.5063750910430365,0.8099979146904827,1.5812225074354402,1.7935475176894218,-0.906450724659536,Official (Quarter),-0.947598795738555,1.2205846018810202,False,False,True,False,False,True,False
2020,0.14484136487558028,20003.0,2.663779762898894,-0.7459032417074717,-1.298917841652951,-1.2682092374294651,0.8412271778568625,Interpolated (Month),0.3196585387306794,-0.0055734456706894205,False,True,False,False,False,False,False
2023,0.7242068243779014,13194.0,1.0000842298046326,-0.4844164253242275,-0.2428663803205408,-0.10143166318145692,0.6278360457544062,Official (Quarter),0.706523721364372,1.2205846018810202,False,False,False,True,False,False,False
2015,1.5932550136313832,5915.0,-1.095791841800499,0.6326023780587516,-0.2428663803205408,-0.19245686400931572,-0.9085461259036417,Official (Quarter),-0.7648323830785244,1.2205846018810202,False,False,False,False,True,False,False
2022,-0.7242068243779014,5781.0,-0.955644214700559,-0.15510269316134007,1.5812225074354402,1.6859722803474069,-0.3783246624457746,Estimated (Region),-0.4399463466938958,-1.231731493222399,False,True,False,True,False,False,False
2023,-1.5932550136313832,9902.0,0.040413376229164605,-0.13344503965431834,-1.298917841652951,-1.4006095295427143,-0.7148347757559639,Estimated (Region),-1.6602148400533747,-1.231731493222399,True,False,False,False,False,False,False
2020,0.14484136487558028,15597.0,1.6803988417571047,-0.08178059637527882,-0.5788827543808531,-0.6310328316344536,0.7019396275898798,Estimated (Region),0.940603101616651,-1.231731493222399,False,False,True,True,False,False,False
2021,0.14484136487558028,477.0,-2.3749617246607544,-1.0649711651451157,-0.2428663803205408,-0.37450726566503334,-2.014748085393363,Official (Quarter),1.3955012075748976,1.2205846018810202,False,False,True,False,False,False,True
2025,-0.14484136487558028,15994.0,1.315827208781884,-1.0838861984646,-1.298917841652951,-1.2847592739436213,0.2367605513983797,Estimated (Region),1.2271485498565096,-1.231731493222399,False,False,True,False,False,False,True
2018,0.7242068243779014,13280.0,0.8383393134363601,1.219194560325819,-1.298917841652951,-1.3178593469719335,-0.18350897920998702,Official (Quarter),-1.1280590076079227,1.2205846018810202,True,False,False,False,False,False,False
2020,-1.013889554129062,10855.0,0.11975993897586425,1.0153663879214505,-0.5788827543808531,-0.5896577403490633,-0.1290002306302063,Estimated (Region),-0.6668188494753534,-1.231731493222399,False,True,False,False,True,False,False
2020,1.013889554129062,13412.0,0.7902149188710542,-0.473498132888629,-0.5788827543808531,-0.7137830142052343,0.2514849925731774,Official (Quarter),1.7123155411922062,1.2205846018810202,False,False,False,False,False,False,True
2016,0.14484136487558028,10563.0,0.08924203022713362,1.5378260900475051,1.5812225074354402,1.4459967508921427,0.9214753822595109,Estimated (Region),-0.22402829766808677,-1.231731493222399,False,False,False,False,False,False,False
2023,0.43452409462674085,14551.0,1.3458756112421728,-0.9347826926982175,0.6211757244059766,0.4116194687573836,1.2923047700001906,Interpolated (Month),0.5427834652273098,-0.0055734456706894205,False,True,False,False,True,False,False
2025,0.43452409462674085,11152.0,0.252395465460732,0.9592987419890237,-0.5788827543808531,-0.6475828681486098,-0.1080462181891478,Estimated (Region),-0.5734177174535081,-1.231731493222399,True,False,False,False,False,False,True
2020,1.013889554129062,11801.0,0.4019332183295121,0.18670094525247594,-1.298917841652951,-1.4006095295427143,-0.447841014530638,Interpolated (Month),-1.5584537301653765,-0.0055734456706894205,False,False,True,False,False,True,False
2016,-1.013889554129062,7228.0,-0.6349714196946664,-1.402616637468149,1.5812225074354402,1.6280471525478604,0.03288367359348556,Interpolated (Month),-0.1473471213785471,-0.0055734456706894205,False,True,False,False,False,True,False
2017,-0.14484136487558028,10303.0,-0.010293302922572448,0.4109213287939003,0.6211757244059766,0.7177951442692723,0.46184628774158826,Official (Quarter),0.84258956801348,1.2205846018810202,False,True,False,False,False,False,True
2021,1.3035722838802226,9950.0,0.021163618403042206,-1.2345732468039243,-0.5788827543808531,-0.7303330507193905,-0.36575225498113967,Estimated (Region),1.0853172012307446,-1.231731493222399,False,False,False,True,False,False,False
2018,-1.3035722838802226,12334.0,0.8240193716388788,-1.6453469736018298,-0.2428663803205408,-0.20900690052347187,0.3814848184068258,Interpolated (Month),0.5713227000117626,-0.0055734456706894205,False,False,False,True,False,False,False
2015,-0.43452409462674085,7602.0,-0.4502206951927356,0.1974646608706898,1.5812225074354402,1.7025223168615629,0.1726525998219516,Official (Quarter),1.5580883633166283,1.2205846018810202,False,True,False,False,False,False,False
2021,-0.14484136487558028,5451.0,-1.1195019093668206,1.1311831926041884,-1.298917841652951,-1.3840594930285581,-1.3359513472351796,Interpolated (Month),1.5520345862411382,-0.0055734456706894205,False,False,False,False,True,False,False
2020,0.14484136487558028,12018.0,0.4681336049998355,-0.42399776505296377,0.6211757244059766,0.6267699434414135,0.8332986326088939,Estimated (Region),-1.709509881953793,-1.231731493222399,False,False,False,False,False,False,False
2018,-1.5932550136313832,8629.0,-0.34904209003348247,-1.3301683221771394,1.5812225074354402,1.6197721342907823,0.4439787447006317,Official (Quarter),1.5361794558053312,1.2205846018810202,False,True,False,True,False,False,False
2019,-0.43452409462674085,7384.0,-0.7077448944031779,-0.023222325259860944,0.6211757244059766,0.5357447426135546,-0.3349441934461779,Official (Quarter),-1.0813584415970001,1.2205846018810202,False,False,False,False,True,False,False
2020,1.013889554129062,10348.0,0.03125800360454541,-1.5712688918021331,0.6211757244059766,0.68469507124096,0.4554751353101853,Interpolated (Month),1.274425666065098,-0.0055734456706894205,False,False,True,False,True,False,False
2017,-1.013889554129062,15491.0,1.3780367920004504,-1.0072026771898994,0.6211757244059766,0.42816950527153974,1.5250358892610831,Interpolated (Month),1.2081223933335412,-0.0055734456706894205,True,False,False,False,False,False,False
2020,0.7242068243779014,7584.0,-0.5445914591695795,-0.22485312110585617,0.6211757244059766,0.7426201990405065,-0.20641681173000925,Estimated (Region),1.422310791766353,-1.231731493222399,False,True,False,False,False,False,False
2018,0.14484136487558028,12659.0,0.5498276991887452,1.0397224258065327,-1.298917841652951,-1.243384182658231,-0.2250488930627341,Estimated (Region),0.1818630414885743,-1.231731493222399,True,False,False,False,True,False,False
2024,0.7242068243779014,19606.0,2.4400600164562762,0.639490241516325,0.6211757244059766,0.45299456004277394,2.514829814770816,Interpolated (Month),-0.5742825427500067,-0.0055734456706894205,False,False,True,True,False,False,False
2017,0.43452409462674085,11639.0,0.48503583138374784,0.847457692811924,-0.5788827543808531,-0.6806829411769221,-0.04051200241627654,Estimated (Region),-1.035810975981409,-1.231731493222399,False,True,False,True,False,False,False
2024,0.7242068243779014,4373.0,-1.3904070377978601,-0.7912017046744452,1.5812225074354402,1.6197721342907823,-0.8141964374528212,Interpolated (Month),1.6702273767626092,-0.0055734456706894205,False,False,True,False,False,False,True
2015,1.013889554129062,20337.625,2.340289930162349,-0.8225305984150839,1.5812225074354402,1.6114971160337042,3.9531528714513153,Estimated (Region),-1.5322206961715867,-1.231731493222399,True,False,False,False,True,False,False
2023,0.43452409462674085,10325.0,0.005435157740234878,-1.3118522118960716,-0.2428663803205408,-0.2917570830942526,-0.06769558612359582,Official (Quarter),-0.8265232542287555,1.2205846018810202,False,False,True,False,True,False,False
2021,0.7242068243779014,7322.0,-0.6370841979926555,1.2525046218931193,-0.2428663803205408,-0.37450726566503334,-0.6918986270029133,Estimated (Region),1.0074829245458734,-1.231731493222399,True,False,False,False,False,True,False
2024,-0.43452409462674085,10131.0,0.06694048152613816,-1.3868577546000713,0.6211757244059766,0.6515949982126477,0.38454297157389933,Interpolated (Month),0.982402990947415,-0.0055734456706894205,False,False,False,False,True,False,False
2018,1.013889554129062,9362.0,-0.002311696019058283,1.2010379971778062,-1.298917841652951,-1.2268341461440748,-0.7072460253043372,Interpolated (Month),-1.1297886582009198,-0.0055734456706894205,False,False,True,False,False,False,True
2022,0.7242068243779014,13861.0,0.974496137084543,0.6937496866074576,1.5812225074354402,1.5121968969487674,1.9141292473051175,Interpolated (Month),-1.1571747925900413,-0.0055734456706894205,False,False,True,False,False,True,False
2023,-1.5932550136313832,12892.0,0.6441984631655892,-1.6106283245732242,-0.2428663803205408,-0.17590682749515957,0.5159586090589706,Interpolated (Month),-0.007821973543444861,-0.0055734456706894205,True,False,False,False,True,False,False
2024,0.43452409462674085,8278.0,-0.37955999878221314,-0.7868089396839684,0.6211757244059766,0.5191947060993986,-0.1274145215806125,Estimated (Region),-1.317455747541109,-1.231731493222399,False,False,True,False,False,False,False
2020,-1.3035722838802226,9463.0,-0.1387032728114621,0.7515808005401347,-0.2428663803205408,-0.20900690052347187,-0.19775204442330108,Interpolated (Month),-0.6760436526380048,-0.0055734456706894205,False,True,False,True,False,False,False
2017,-1.3035722838802226,5991.0,-1.0239573796688715,-1.6677601150909205,-0.5788827543808531,-0.6889579594340001,-1.0458232236256038,Estimated (Region),-0.27937711664399506,-1.231731493222399,False,False,False,True,False,False,False
2023,0.14484136487558028,12374.0,0.7179109504509846,-1.4391196298228255,-0.5788827543808531,-0.6641329046627659,0.10047452183241336,Estimated (Region),-1.6798175467740089,-1.231731493222399,False,False,False,True,False,False,False
2020,-0.7242068243779014,14810.0,1.3695856788084941,1.0279646470540176,-0.5788827543808531,-0.5731077038349071,0.6042486236417013,Official (Quarter),1.3848350289180817,1.2205846018810202,True,False,False,False,True,False,False
2021,-0.14484136487558028,4618.0,-1.284768122898408,1.057281059979263,1.5812225074354402,1.5618470064912358,-0.7554968863848289,Official (Quarter),-0.6777733032310019,1.2205846018810202,False,False,False,False,False,False,False
2024,-1.013889554129062,13755.0,0.8902197583092023,-0.7109947266202139,-0.5788827543808531,-0.45725744823581405,0.49290919537380623,Official (Quarter),1.046688337987142,1.2205846018810202,True,False,False,True,False,False,False
2017,0.14484136487558028,8880.0,-0.1624133403777836,0.6487285672549536,-0.2428663803205408,-0.37450726566503334,-0.39081212121132464,Official (Quarter),-0.7097718392014489,1.2205846018810202,True,False,False,False,False,True,False
2025,0.43452409462674085,9563.0,-0.12931314704262192,0.8665680595372988,-0.2428663803205408,-0.10143166318145692,-0.1247811119089661,Estimated (Region),0.9013976881753826,-1.231731493222399,False,False,False,True,False,False,False
2019,-1.013889554129062,12106.0,0.5779980764952658,-1.5450037556676253,-0.5788827543808531,-0.43243239346457985,0.1966364491970552,Official (Quarter),0.06309370076943768,1.2205846018810202,False,False,True,False,False,False,False
2015,0.43452409462674085,10516.0,0.22492934758687444,1.4745743498434836,0.6211757244059766,0.7012451077551162,0.506019611265982,Interpolated (Month),-1.1825430012873326,-0.0055734456706894205,False,False,False,True,False,False,False
2022,-1.013889554129062,11191.0,0.4052197623486062,1.5723146134605201,1.5812225074354402,1.4377217326350646,1.0967811809386916,Estimated (Region),0.8708405276990998,-1.231731493222399,False,True,False,False,False,True,False
2016,0.43452409462674085,11469.0,0.21718249382758129,-0.038637262283470496,1.5812225074354402,1.3384215135501278,1.1179050907779204,Official (Quarter),-1.493591832927984,1.2205846018810202,False,False,True,True,False,False,False
2023,-0.43452409462674085,8494.0,-0.27532960274808693,0.44245400547707037,1.5812225074354402,1.5204719152058452,0.3607573358299951,Interpolated (Month),-0.8314239309089141,-0.0055734456706894205,False,False,False,False,False,False,False
2018,-1.5932550136313832,8115.0,-0.36641382270583683,-0.5931962570792467,-0.5788827543808531,-0.6641329046627659,-0.6593066427871587,Estimated (Region),-1.4171989317372773,-1.231731493222399,False,False,False,True,False,False,False
2019,-0.43452409462674085,6829.0,-0.810332018427757,-0.37491689185997373,1.5812225074354402,1.8018225359464999,-0.02434343335702719,Official (Quarter),1.5921048249789052,1.2205846018810202,False,False,True,True,False,False,False
2020,-1.013889554129062,10391.0,0.2469961431436489,1.0451783413191453,1.5812225074354402,1.5701220247483139,0.9383801733775001,Official (Quarter),-0.9046458060124595,1.2205846018810202,False,False,True,True,False,False,False
2025,-1.5932550136313832,14788.0,1.123094877376439,0.9207126903364196,-1.298917841652951,-1.2268341461440748,0.10401405096097055,Official (Quarter),-0.8599631656933668,1.2205846018810202,True,False,False,True,False,False,False
2015,-1.3035722838802226,8689.0,-0.4596108209615758,0.04199765995007747,1.5812225074354402,1.5287469334629233,0.4210992284136379,Estimated (Region),-0.9418332937618978,-1.231731493222399,False,False,True,False,False,False,True
2015,0.43452409462674085,787.0,-2.2916243584622977,-0.4741566997151036,-0.5788827543808531,-0.5482826490636729,-1.961881678329233,Estimated (Region),0.4770567426934187,-1.231731493222399,False,True,False,False,False,False,True
2022,-1.5932550136313832,10388.0,0.025389174999020294,1.3138094894486128,-1.298917841652951,-1.4088845477997924,-0.6508967215777067,Interpolated (Month),0.8235634114905115,-0.0055734456706894205,False,False,True,True,False,False,False
2023,1.5932550136313832,11355.0,0.17398791529091637,-0.4239107845287124,-0.5788827543808531,-0.448982429978736,0.04409690187275452,Estimated (Region),-0.7602199814971987,-1.231731493222399,False,False,True,False,False,True,False
2016,-0.43452409462674085,364.0,-2.4092356837170215,-0.986270192739351,1.5812225074354402,1.3218714770359716,-2.00489403629946,Interpolated (Month),-0.8758182961291738,-0.0055734456706894205,False,False,False,True,False,False,False
2024,0.43452409462674085,10413.0,-0.046680040276828205,-1.6831288281787848,-1.298917841652951,-1.3840594930285581,-0.63413351162486,Official (Quarter),-0.8397839087750669,1.2205846018810202,True,False,False,False,False,True,False
2025,0.14484136487558028,12448.0,0.5484191803234192,-0.9194557302619937,-1.298917841652951,-1.2847592739436213,-0.28287064090684455,Estimated (Region),-1.3151495467504462,-1.231731493222399,False,False,True,False,False,False,True
2023,-0.43452409462674085,9251.0,-0.1955135337129453,0.9239742114800618,-0.2428663803205408,-0.21728191878054995,-0.24444551268722756,Interpolated (Month),-1.4644760479458656,-0.0055734456706894205,False,False,True,False,False,True,False
2016,1.3035722838802226,9155.0,-0.11029814236072052,-1.487953478326942,-0.2428663803205408,-0.3827822839221114,-0.3415418757418083,Interpolated (Month),-0.48289933641999133,-0.0055734456706894205,False,False,True,False,False,False,False
2025,1.013889554129062,9986.0,-0.10677684519740545,0.5648539932667181,-1.298917841652951,-1.2516592009153091,-0.6266580261053473,Estimated (Region),1.2231126984728498,-1.231731493222399,True,False,False,False,False,True,False
2021,0.7242068243779014,3727.0,-1.5967550515681235,-1.6949035060045834,1.5812225074354402,1.3797966048355181,-1.0510617267358686,Official (Quarter),-0.6402975403827307,1.2205846018810202,False,False,True,False,False,True,False
2018,1.3035722838802226,7901.0,-0.616191168156986,1.3395268967961205,-0.2428663803205408,-0.2917570830942526,-0.5464664541687554,Interpolated (Month),0.6554990288709565,-0.0055734456706894205,False,False,False,False,False,True,False
2017,0.7242068243779014,12043.0,0.6632134678474906,-0.7888447809830169,1.5812225074354402,1.6611472255761726,1.4787954807256116,Estimated (Region),-0.7968309190489714,-1.231731493222399,False,False,True,False,False,True,False
2024,1.013889554129062,10792.0,0.056141836891971934,0.7515504816145384,-0.2428663803205408,-0.2338319552947061,0.05661267687133295,Interpolated (Month),1.4061673862317132,-0.0055734456706894205,False,False,False,False,True,False,False
2016,-0.7242068243779014,8734.0,-0.2910580634108943,0.4345874868637772,-1.298917841652951,-1.3923345112856362,-0.8753311845612611,Official (Quarter),0.9025507885707139,1.2205846018810202,False,False,False,True,False,False,False
2016,-0.14484136487558028,7667.0,-0.4978755834695996,-0.13268656948284674,-1.298917841652951,-1.2020090913728405,-0.9508788942811859,Estimated (Region),0.8097262067465344,-1.231731493222399,False,False,False,True,False,False,False
2017,-0.7242068243779014,9489.0,-0.10771585777428948,-1.022877561723129,-1.298917841652951,-1.2682092374294651,-0.7084069908585041,Estimated (Region),-1.0663681364576916,-1.231731493222399,True,False,False,False,False,False,True
2021,-0.7242068243779014,11991.0,0.42423476703050755,-1.3109257450549028,1.5812225074354402,1.5701220247483139,1.4072969923287564,Official (Quarter),0.314469586951688,1.2205846018810202,False,False,False,True,False,False,False
2023,-1.5932550136313832,10406.0,0.25568200947982606,-0.37331396505591297,-1.298917841652951,-1.1937340731157626,-0.5334693032086936,Estimated (Region),-0.8792775973151682,-1.231731493222399,False,False,False,False,False,True,False
2023,0.7242068243779014,12121.0,0.6437289568771472,-1.5888578449004596,1.5812225074354402,1.7687224629181875,1.5689543666882209,Estimated (Region),-0.034343282636067604,-1.231731493222399,False,True,False,True,False,False,False
2023,1.3035722838802226,10530.0,0.0692880129683482,-0.2036462752302404,-0.5788827543808531,-0.48208250300704825,-0.13007624748528765,Interpolated (Month),0.39893419090971477,-0.0055734456706894205,False,True,False,False,False,True,False
2016,-0.7242068243779014,14910.0,1.5205319505426003,0.5676796177259698,0.6211757244059766,0.6350449616984916,1.5471508672563083,Estimated (Region),0.8172213593161887,-1.231731493222399,True,False,False,True,False,False,False
2016,-1.013889554129062,12255.0,0.4596824918078793,-1.708692155740476,-0.5788827543808531,-0.5317326125495168,0.16254370463079246,Estimated (Region),1.396366032871396,-1.231731493222399,True,False,False,False,False,True,False
2017,1.3035722838802226,7450.0,-0.6323891351082354,-0.5130350059291933,1.5812225074354402,1.363246568321362,-0.002653198857228818,Interpolated (Month),-0.028577780659410485,-0.0055734456706894205,False,False,False,False,False,False,False
2023,-1.5932550136313832,8340.0,-0.3598407346676487,0.7964528104224935,0.6211757244059766,0.68469507124096,-0.0417579166695285,Estimated (Region),-0.08248522414115453,-1.231731493222399,False,True,False,False,False,False,True
2017,0.43452409462674085,14800.0,1.1986853898156027,1.7344125125184884,-0.2428663803205408,-0.22555693703762802,0.8664286252521893,Estimated (Region),-0.5993624763484651,-1.231731493222399,False,False,False,False,True,False,False
2025,-0.7242068243779014,8531.0,-0.3290880727746971,0.48231941638352044,1.5812225074354402,1.6859722803474069,0.4439787447006317,Interpolated (Month),-1.083952917486496,-0.0055734456706894205,False,False,False,False,True,False,False
2023,-0.14484136487558028,9176.0,-0.036585655075325,0.5390242567850346,-0.2428663803205408,-0.12625671795269114,-0.21669560431933932,Official (Quarter),0.10662324069319892,1.2205846018810202,False,False,True,True,False,False,False
2019,0.14484136487558028,11985.0,0.5977173406098302,0.6401587489741426,-1.298917841652951,-1.259934219172387,-0.33542556940766155,Estimated (Region),-0.7896240415781499,-1.231731493222399,False,False,False,False,False,False,False
2022,0.7242068243779014,8462.0,-0.3880111119741693,0.18558809157362569,-1.298917841652951,-1.359234438257324,-0.8993150339363646,Official (Quarter),0.8619039996352813,1.2205846018810202,True,False,False,False,False,True,False
2022,-1.3035722838802226,6490.0,-0.9589307587196532,-1.5531237603801653,-1.298917841652951,-1.350959420000246,-1.1779750831694151,Interpolated (Month),-1.453521594190217,-0.0055734456706894205,False,False,False,False,False,False,False
2020,1.3035722838802226,7457.0,-0.7157265013066921,0.5082460740207989,-0.5788827543808531,-0.6227578133773755,-0.7608486544272074,Official (Quarter),0.7388105324336518,1.2205846018810202,False,True,False,False,False,False,True
2023,1.5932550136313832,8534.0,-0.4657144027113219,0.03548803751510563,-0.5788827543808531,-0.5896577403490633,-0.5519314871432479,Official (Quarter),1.5814386463220895,1.2205846018810202,False,False,False,False,False,True,False
2024,-0.43452409462674085,8375.0,-0.3124205995350057,-0.6580012209306141,-0.2428663803205408,-0.10143166318145692,-0.3710190743244328,Estimated (Region),0.5615213466514455,-1.231731493222399,True,False,False,False,False,True,False
2019,-1.5932550136313832,9910.0,0.14323525339796475,0.38858274203988236,-1.298917841652951,-1.2764842556865432,-0.6505569267813652,Official (Quarter),-0.8464142360482225,1.2205846018810202,False,True,False,False,False,False,True
2023,-1.013889554129062,4694.0,-1.3577763507511404,1.2643762208745124,-0.2428663803205408,-0.109706681438535,-1.1359821095882126,Official (Quarter),-1.0386937269697374,1.2205846018810202,False,True,False,False,False,True,False
2025,1.013889554129062,5998.0,-1.0246616391015344,-1.2703262185237707,-1.298917841652951,-1.2930342922006994,-1.2305583279032608,Interpolated (Month),0.8728584533909298,-0.0055734456706894205,False,False,True,False,False,False,True
2021,-1.5932550136313832,7651.0,-0.5668930078705751,-1.0386245158335952,-0.5788827543808531,-0.6310328316344536,-0.729077840969278,Interpolated (Month),0.33695504466065074,-0.0055734456706894205,False,True,False,False,False,True,False
2021,0.7242068243779014,7479.0,-0.6683063661740491,-1.681895195829117,-0.2428663803205408,-0.333132174379643,-0.6456865347004708,Interpolated (Month),-0.7348517727999073,-0.0055734456706894205,False,False,False,True,False,False,False
2015,-1.5932550136313832,12446.0,0.7580537381127765,-1.477387084240887,-1.298917841652951,-1.3261343652290116,-0.30957284865267987,Official (Quarter),-1.309384044773789,1.2205846018810202,False,False,False,False,False,False,True
2018,0.43452409462674085,9090.0,-0.20772069721243755,0.6130973682690598,-0.2428663803205408,-0.333132174379643,-0.3309232883561367,Interpolated (Month),0.9120638668321982,-0.0055734456706894205,False,False,False,False,False,False,True
2019,0.14484136487558028,8165.0,-0.45608952379826073,-0.3242793157986676,-1.298917841652951,-1.1689090183445283,-0.8619092901057722,Official (Quarter),-0.6993939356434661,1.2205846018810202,True,False,False,False,False,True,False
2018,-0.43452409462674085,16359.0,1.548937080993342,0.4950558502917553,-0.2428663803205408,-0.2503819918088622,1.1587937312710133,Official (Quarter),-1.0531074819113801,1.2205846018810202,True,False,False,False,False,False,True
2024,0.14484136487558028,14181.0,1.0514951683890326,1.6720161636415334,-0.2428663803205408,-0.08488162666730079,0.8444552284221063,Estimated (Region),-0.571688066860511,-1.231731493222399,False,False,True,False,False,True,False
2017,-1.3035722838802226,12861.0,0.7535934283725774,1.6607628719296759,-0.5788827543808531,-0.6889579594340001,0.17098194207327283,Interpolated (Month),-1.651566587088389,-0.0055734456706894205,False,False,False,False,False,False,False
2016,0.7242068243779014,12186.0,0.5524099837751762,0.8703271092796584,-0.5788827543808531,-0.5317326125495168,0.1497447673019297,Interpolated (Month),0.4378513292521503,-0.0055734456706894205,True,False,False,False,False,False,False
2020,-1.5932550136313832,12862.0,0.5303431882184018,-0.8768327882209914,0.6211757244059766,0.5936698704131012,1.017920471954437,Estimated (Region),0.4640843632459402,-1.231731493222399,False,True,False,True,False,False,False
2016,-0.7242068243779014,9390.0,-0.2103029817988686,-0.4820107925392181,-0.5788827543808531,-0.7055079959481563,-0.4517769709215936,Interpolated (Month),1.5309905040263398,-0.0055734456706894205,False,False,False,False,False,False,True
2023,0.43452409462674085,9162.0,-0.33284412308223316,-0.7450254839598835,1.5812225074354402,1.7273473716327972,0.6521313736928229,Official (Quarter),-1.4339188874695827,1.2205846018810202,False,False,False,True,False,False,False
2019,-1.013889554129062,7494.0,-0.6741751947795742,-0.6339806793533586,1.5812225074354402,1.363246568321362,0.009777627442263995,Estimated (Region),-0.6613416225975292,-1.231731493222399,False,True,False,False,False,True,False
2018,0.7242068243779014,10714.0,0.08501647363115553,0.7713701123862373,-0.2428663803205408,-0.24210697355178415,0.036423202722042754,Official (Quarter),0.38019630948557914,1.2205846018810202,False,False,False,False,True,False,False
2019,-0.43452409462674085,5490.0,-1.2009612504115093,0.705895647013918,-0.5788827543808531,-0.7303330507193905,-1.1462325859445144,Official (Quarter),-0.29465569688213644,1.2205846018810202,False,False,True,False,False,False,False
2019,0.43452409462674085,7717.0,-0.4276843933475191,1.4513152606271025,0.6211757244059766,0.6184949251843354,-0.22224558599291677,Official (Quarter),1.040346285812819,1.2205846018810202,True,False,False,False,True,False,False
2016,0.43452409462674085,303.0,-2.4268421695335967,1.3957138303046632,-1.298917841652951,-1.4088845477997924,-2.0644713905913346,Official (Quarter),0.5860247300522382,1.2205846018810202,False,False,True,False,False,True,False
2024,0.14484136487558028,5162.0,-1.142507717500479,-0.21431356672442695,-0.5788827543808531,-0.6889579594340001,-1.1926712081111845,Official (Quarter),0.24240081224347404,1.2205846018810202,False,False,False,True,False,False,False
2022,0.14484136487558028,8140.0,-0.43895254427012736,-0.35901088764801914,1.5812225074354402,1.479096823920455,0.24063987532327807,Estimated (Region),0.4012403917003776,-1.231731493222399,False,False,False,False,False,False,True
2018,0.7242068243779014,14916.0,1.2421147214964885,1.14825672396738,-0.5788827543808531,-0.4738074847499702,0.699674328947603,Official (Quarter),0.7437112091138104,1.2205846018810202,False,False,False,True,False,False,False
2019,-0.7242068243779014,12794.0,0.7939709691785902,0.04320345853198535,-1.298917841652951,-1.3013093104577775,-0.24302970103580468,Interpolated (Month),1.6347695396061679,-0.0055734456706894205,True,False,False,False,False,True,False
2019,0.7242068243779014,3533.0,-1.5584902890600996,-0.5680504360339622,-1.298917841652951,-1.1771840366016064,-1.5697301671181247,Interpolated (Month),0.13372109998348736,-0.0055734456706894205,False,False,True,False,False,False,False
2018,0.14484136487558028,15866.0,1.5578577004737402,0.052298142147707345,0.6211757244059766,0.5274697243564767,1.6938289543437182,Official (Quarter),-1.687889249541329,1.2205846018810202,False,True,False,False,False,False,False
2024,1.3035722838802226,5203.0,-1.245094841525058,0.5378711435492446,-0.2428663803205408,-0.3910573021791895,-1.1058536376459338,Official (Quarter),-0.6261720605399207,1.2205846018810202,False,True,False,False,False,False,True
2018,-0.14484136487558028,10527.0,0.032666522469871444,-1.2933372889881434,-0.5788827543808531,-0.6889579594340001,-0.24243506014220698,Official (Quarter),0.08356123278657045,1.2205846018810202,False,True,False,False,False,False,False
2016,-1.3035722838802226,14643.0,1.0575987501387787,-1.4792936973324766,0.6211757244059766,0.47781961481400814,1.3635484122997894,Estimated (Region),0.08788535926906328,-1.231731493222399,False,False,True,False,False,False,True
2019,-0.43452409462674085,18391.0,2.09755517903783,-0.7167930968825933,-1.298917841652951,-1.2764842556865432,0.595810386199221,Interpolated (Month),-1.2488462740188893,-0.0055734456706894205,False,True,False,False,True,False,False
2024,0.14484136487558028,2561.0,-1.8329167146544543,0.23135774046625848,-1.298917841652951,-1.3013093104577775,-1.7338510537510647,Estimated (Region),-0.6402975403827307,-1.231731493222399,True,False,False,False,True,False,False
2018,1.5932550136313832,14006.0,1.1834264354412374,1.2050748875662038,-0.5788827543808531,-0.6062077768632194,0.4332468923828464,Official (Quarter),-1.5327972463692523,1.2205846018810202,True,False,False,False,True,False,False
2016,0.7242068243779014,10718.0,0.11271734464923411,1.421326861023069,-1.298917841652951,-1.243384182658231,-0.5136196238557446,Official (Quarter),0.22856360749949695,1.2205846018810202,False,True,False,False,True,False,False
2015,1.5932550136313832,10764.0,0.26483738210444524,-0.831090973096119,-1.298917841652951,-1.2516592009153091,-0.5113260089804397,Estimated (Region),0.1576479331866144,-1.231731493222399,False,False,True,False,False,True,False
2016,-0.14484136487558028,9163.0,-0.09245690339992416,-1.0251201681541127,0.6211757244059766,0.6350449616984916,0.13870143642083102,Estimated (Region),0.8255813371823415,-1.231731493222399,False,True,False,False,False,False,True
2020,-0.14484136487558028,13212.0,1.0456263397835075,-1.4646262957858613,0.6211757244059766,0.6267699434414135,1.125408892530462,Interpolated (Month),-0.6607650723998634,-0.0055734456706894205,True,False,False,False,False,True,False
2024,0.14484136487558028,6295.0,-0.8795841959729535,0.8987468772577646,-0.5788827543808531,-0.4986325395212044,-0.9304912065006963,Estimated (Region),0.05358062250795344,-1.231731493222399,False,False,False,False,True,False,False
2015,-1.5932550136313832,10835.0,0.250517440306964,-1.0918556026122934,1.5812225074354402,1.8018225359464999,1.1973604406557727,Official (Quarter),0.9711602620929337,1.2205846018810202,True,False,False,False,False,False,True
2022,-1.013889554129062,15239.0,1.5367299174938496,-0.9405055141623897,-0.5788827543808531,-0.6641329046627659,0.6115825279960716,Official (Quarter),-1.0141903435689448,1.2205846018810202,False,False,True,False,False,False,True
2023,0.7242068243779014,16468.0,1.6874414360837349,1.2326178918598556,-0.2428663803205408,-0.30830711960840873,1.1315818313306658,Interpolated (Month),0.10143428891420751,-0.0055734456706894205,False,False,True,False,False,False,False
2016,-0.7242068243779014,10327.0,0.061071652920613034,1.3196615391202438,1.5812225074354402,1.7521724264040315,1.0161082330406161,Estimated (Region),1.0778220486610903,-1.231731493222399,False,True,False,True,False,False,False
2022,-1.5932550136313832,4983.0,-1.2291316277180298,-0.19400883314318929,-1.298917841652951,-1.4006095295427143,-1.4063738187769534,Interpolated (Month),-0.6045514281274565,-0.0055734456706894205,True,False,False,False,False,False,True
2016,-0.7242068243779014,10136.0,-0.09809097886122828,1.0496123599296963,-0.2428663803205408,-0.333132174379643,-0.1265650345897589,Official (Quarter),0.15793620828544727,1.2205846018810202,False,False,True,False,False,False,False
2016,1.013889554129062,14647.0,0.9852947817187092,1.4297878293906747,-0.5788827543808531,-0.5234575942924387,0.6117241091612141,Interpolated (Month),1.15853907633429,-0.0055734456706894205,True,False,False,False,False,True,False
2021,1.3035722838802226,10035.0,-0.04574102769994418,0.6543698755421132,-0.2428663803205408,-0.18418184575223764,-0.06956445750347393,Estimated (Region),-0.9441394945525607,-1.231731493222399,False,False,True,True,False,False,False
2015,-0.14484136487558028,15474.0,1.3219307905316302,0.31744907524398597,-0.2428663803205408,-0.2752070465800964,0.9623923389856321,Official (Quarter),-0.1969304383777983,1.2205846018810202,True,False,False,False,True,False,False
2021,1.3035722838802226,11027.0,0.17257939642559034,-0.38321930715765823,1.5812225074354402,1.7438974081469534,1.2231282127116687,Official (Quarter),0.7958890020025573,1.2205846018810202,False,True,False,False,False,False,False
2015,0.14484136487558028,5673.0,-1.0122197224578213,-0.0008146511180090803,0.6211757244059766,0.4447195417856959,-0.772033566473448,Estimated (Region),0.14784657982629731,-1.231731493222399,False,False,True,True,False,False,False
2019,-1.013889554129062,8090.0,-0.519707625882153,-0.10183482604667289,-1.298917841652951,-1.2020090913728405,-0.8871107375010994,Estimated (Region),-0.655576120620872,-1.231731493222399,True,False,False,False,True,False,False
2022,-1.013889554129062,14748.0,1.030836891697584,-0.7215298077175389,-1.298917841652951,-1.37578447477148,-0.014744230360380127,Interpolated (Month),1.0959833798875602,-0.0055734456706894205,False,False,False,False,False,True,False
2025,0.14484136487558028,7263.0,-0.6643155627222921,-0.9923727463208264,1.5812225074354402,1.5866720612624698,0.02781506788139145,Official (Quarter),1.1795831585490884,1.2205846018810202,True,False,False,False,True,False,False
2018,1.5932550136313832,18736.0,2.0264249763388658,-0.9982943804118589,1.5812225074354402,1.3384215135501278,3.1612327823444435,Estimated (Region),-0.5961914502613037,-1.231731493222399,False,True,False,False,False,False,True
2021,-1.3035722838802226,10288.0,0.10450098460149894,-1.243995971253966,-1.298917841652951,-1.4088845477997924,-0.6649132569267933,Estimated (Region),1.092235803602733,-1.231731493222399,False,False,False,False,False,True,False
2023,-1.013889554129062,13992.0,1.0320106574186891,0.5185182254191009,-0.5788827543808531,-0.5731077038349071,0.45448406715418954,Interpolated (Month),-0.008975073938776284,-0.0055734456706894205,False,True,False,False,False,False,False
2024,-1.013889554129062,8095.0,-0.5964719040424217,1.0998364057271328,-1.298917841652951,-1.3261343652290116,-0.9379383757871808,Interpolated (Month),0.29774963121938236,-0.0055734456706894205,False,True,False,False,False,True,False
2021,-1.5932550136313832,14376.0,1.3235740625411772,-0.2026358100542231,-0.2428663803205408,-0.109706681438535,0.8667401038155027,Estimated (Region),0.8866956581349069,-1.231731493222399,False,False,False,False,False,False,True
2015,-0.14484136487558028,10855.0,0.35474783634109014,0.8683558820843389,0.6211757244059766,0.48609463307108625,0.47036947388315425,Estimated (Region),-0.9859393838833248,-1.231731493222399,False,True,False,False,True,False,False
2019,0.14484136487558028,11376.0,0.23572799222104066,1.4788607500785902,-0.5788827543808531,-0.4738074847499702,0.033591579419197,Estimated (Region),-0.485493812309487,-1.231731493222399,False,False,False,False,False,False,True
2018,-1.3035722838802226,4922.0,-1.2157506984974324,0.11348421915865109,-1.298917841652951,-1.243384182658231,-1.3752542786786788,Interpolated (Month),-0.22806414905174674,-0.0055734456706894205,False,False,True,False,False,False,False
2023,1.5932550136313832,10739.0,0.13760117793666063,-1.1148925187181578,-0.2428663803205408,-0.11798169969561308,0.10984719496483296,Interpolated (Month),-0.31425840360277063,-0.0055734456706894205,False,True,False,False,False,True,False
2022,-1.013889554129062,3025.0,-1.7087323013615427,0.18629834968308362,0.6211757244059766,0.68469507124096,-1.3578681115992057,Official (Quarter),-0.5933086992729751,1.2205846018810202,False,True,False,False,False,False,True
2025,-0.7242068243779014,9374.0,0.02045935897037919,-1.6752563451866862,-0.2428663803205408,-0.09315664492437885,-0.15997818956333865,Official (Quarter),-0.4347573949149044,1.2205846018810202,True,False,False,False,False,False,False
2021,1.013889554129062,9412.0,-0.1140541926682566,-1.6567076241321916,-0.5788827543808531,-0.5896577403490633,-0.39194477053246285,Official (Quarter),0.9927808945053979,1.2205846018810202,False,False,True,True,False,False,False
2025,1.013889554129062,8179.0,-0.5556248569479668,-0.738043184504551,-0.5788827543808531,-0.43243239346457985,-0.5506006241909103,Official (Quarter),0.22193328022634126,1.2205846018810202,False,True,False,False,True,False,False
2018,1.3035722838802226,14686.0,1.4205271111044522,1.3526957481677764,-1.298917841652951,-1.259934219172387,0.06380500006056106,Estimated (Region),1.0858937514284104,-1.231731493222399,True,False,False,False,False,True,False
2020,1.013889554129062,5067.0,-1.2631708336300755,1.3536788766076002,-1.298917841652951,-1.4006095295427143,-1.3945659496040865,Interpolated (Month),1.4505617514519729,-0.0055734456706894205,False,False,False,True,False,False,False
2017,1.013889554129062,9176.0,-0.324627763034498,-1.0016090839331866,-1.298917841652951,-1.359234438257324,-0.7974049112669459,Official (Quarter),-0.08738590082131308,1.2205846018810202,False,False,False,False,False,True,False
2025,-1.013889554129062,10136.0,-0.041750224248187105,-0.30582055745782805,-1.298917841652951,-1.1937340731157626,-0.5743013112357293,Official (Quarter),0.11469494346051888,1.2205846018810202,False,False,True,False,True,False,False
2019,0.43452409462674085,15767.0,1.2796752245718492,-1.7050176013645313,-0.5788827543808531,-0.7220580324623124,0.6588989533866242,Estimated (Region),0.31908198853301367,-1.231731493222399,False,True,False,True,False,False,False
2022,0.43452409462674085,9887.0,-0.1091243766396155,0.8299731163426992,-1.298917841652951,-1.243384182658231,-0.6371350323258763,Estimated (Region),-0.8582335151003697,-1.231731493222399,False,False,False,False,True,False,False
2016,-0.7242068243779014,6317.0,-0.850474806089549,-0.5257267069963848,0.6211757244059766,0.68469507124096,-0.5427003951759707,Official (Quarter),1.0414993862081505,1.2205846018810202,True,False,False,False,False,False,False
2017,-0.14484136487558028,8663.0,-0.4654796495671009,-0.2264744380779013,-1.298917841652951,-1.3923345112856362,-0.8853268148203066,Official (Quarter),0.878623955367587,1.2205846018810202,False,False,False,True,False,False,False
2016,1.5932550136313832,12787.0,0.7716694204775948,1.1412928146800325,1.5812225074354402,1.810097554203578,1.7980893243544986,Estimated (Region),-0.7126545901897775,-1.231731493222399,False,False,True,False,False,True,False
2019,0.14484136487558028,6486.0,-0.9232482807980604,1.0433472770257626,-0.2428663803205408,-0.37450726566503334,-0.8534710526632918,Estimated (Region),0.990474693714735,-1.231731493222399,False,True,False,False,False,True,False
2015,-1.013889554129062,11929.0,0.3052149229104581,1.494820433699797,1.5812225074354402,1.5287469334629233,1.3637749421640175,Official (Quarter),1.6336164392108365,1.2205846018810202,True,False,False,False,True,False,False
2018,0.7242068243779014,5427.0,-1.0608136233115693,-1.1475092212492835,1.5812225074354402,1.3466965318072057,-0.5786620111221116,Interpolated (Month),0.7716738937005974,-0.0055734456706894205,True,False,False,False,False,False,True
2020,0.43452409462674085,13881.0,1.0097091087176937,1.4244188944023133,1.5812225074354402,1.719072353375719,2.067320067989073,Interpolated (Month),-1.4826373791723355,-0.0055734456706894205,False,True,False,False,True,False,False
2021,1.5932550136313832,4856.0,-1.3467429529727533,0.5897433460233528,-1.298917841652951,-1.1937340731157626,-1.372677501473089,Estimated (Region),-1.5103117886602897,-1.231731493222399,False,False,False,True,False,False,False
2017,-0.7242068243779014,2885.0,-1.7810362697816122,-1.6042866988079492,1.5812225074354402,1.3797966048355181,-1.289625990000623,Estimated (Region),0.9380086257271553,-1.231731493222399,False,False,False,False,False,True,False
2015,-0.43452409462674085,16130.0,1.411841244768275,1.6162591624385758,-0.5788827543808531,-0.7303330507193905,0.7157013168417102,Interpolated (Month),1.6448591680653177,-0.0055734456706894205,True,False,False,False,False,True,False
2017,1.3035722838802226,5580.0,-1.1180933905014945,1.0404818900411388,0.6211757244059766,0.5605697973847888,-0.7607353894950935,Estimated (Region),-1.4091272289699572,-1.231731493222399,False,False,False,False,True,False,False
2024,1.5932550136313832,18088.0,1.9212555677278558,-0.07926959289803436,0.6211757244059766,0.6019448886701793,2.295265743868156,Estimated (Region),-0.36643619649151754,-1.231731493222399,False,False,False,False,False,True,False
2021,-0.14484136487558028,5982.0,-1.0570575730040332,-0.31755199353728425,-0.5788827543808531,-0.4407074117216579,-0.9712099495956183,Interpolated (Month),-0.40506505973512025,-0.0055734456706894205,False,True,False,False,False,False,False
2025,0.43452409462674085,11435.0,0.22633786645220047,1.5183330090154246,-1.298917841652951,-1.3426844017431678,-0.4653121303091962,Interpolated (Month),0.09076811025739184,-0.0055734456706894205,True,False,False,False,False,False,False
2022,0.14484136487558028,9098.0,-0.07156387356425473,1.1011873375266479,-0.5788827543808531,-0.42415737520750174,-0.3718685613152864,Official (Quarter),1.3349634368199979,1.2205846018810202,False,False,True,False,False,False,False
2020,-0.43452409462674085,10136.0,0.18150001590598852,0.18046369611630242,1.5812225074354402,1.7273473716327972,0.9454309154015861,Estimated (Region),-0.6601885222021977,-1.231731493222399,False,False,False,False,False,False,True
2018,-0.43452409462674085,5386.0,-1.2119946481898964,0.4652414117362253,-0.5788827543808531,-0.6889579594340001,-1.1530001656383155,Interpolated (Month),0.2908310288473938,-0.0055734456706894205,False,False,True,False,True,False,False
2024,-1.3035722838802226,15966.0,1.4233441488351044,1.1489113145413172,0.6211757244059766,0.6598700164697258,1.8262922924508425,Estimated (Region),-0.3641299957008547,-1.231731493222399,False,False,True,False,False,False,False
2016,-0.7242068243779014,7770.0,-0.5150125629977329,-0.0066433403059847,-0.2428663803205408,-0.07660660841022271,-0.48652098884751094,Interpolated (Month),-1.2381800953620736,-0.0055734456706894205,False,False,True,False,True,False,False
2021,0.7242068243779014,13332.0,1.0956287595025815,-0.8559345989485758,-0.2428663803205408,-0.2669320283230184,0.5431988252323467,Official (Quarter),0.08932673476322757,1.2205846018810202,False,False,False,False,True,False,False
2017,-0.7242068243779014,14030.0,1.11628703619403,-0.8986042619568904,-0.2428663803205408,-0.3496822108937991,0.6223426965468857,Interpolated (Month),1.4661286067889472,-0.0055734456706894205,False,False,True,False,False,False,True
2023,-1.013889554129062,6214.0,-0.8291122699654374,-0.7564393168679305,1.5812225074354402,1.7935475176894218,-0.2145152543761478,Interpolated (Month),-1.5250138187007654,-0.0055734456706894205,False,False,True,False,False,False,True
2024,1.013889554129062,15430.0,1.2052584778537907,1.0133996340102358,1.5812225074354402,1.3466965318072057,2.238208534315814,Estimated (Region),-1.0389820020685703,-1.231731493222399,False,False,True,False,False,False,False
2017,-1.5932550136313832,9897.0,-0.07907597417932688,-1.269386331830289,-0.5788827543808531,-0.5317326125495168,-0.2741492411340795,Estimated (Region),-1.5224193428112696,-1.231731493222399,False,False,False,False,False,False,False
2016,0.14484136487558028,15050.0,1.3719332102507042,-1.5093651012082239,0.6211757244059766,0.6433199799555697,1.5878412941182014,Estimated (Region),0.23202290868549122,-1.231731493222399,True,False,False,False,True,False,False
2024,1.5932550136313832,9061.0,-0.3053780052083756,-0.8179762981652825,-0.2428663803205408,-0.34140719263672104,-0.34043754265369847,Interpolated (Month),0.9362789751341581,-0.0055734456706894205,True,False,False,False,False,False,False
2022,-1.013889554129062,17591.0,1.945904647871061,1.2992444764048303,1.5812225074354402,1.4625467874062987,2.9513811793705447,Interpolated (Month),-1.4120099799582857,-0.0055734456706894205,False,False,False,False,True,False,False
2016,-1.3035722838802226,5786.0,-0.9664428593347253,-1.118661509091861,-1.298917841652951,-1.243384182658231,-1.2468118456615953,Estimated (Region),1.1890962368105726,-1.231731493222399,False,False,False,False,False,False,True
2018,-0.7242068243779014,10915.0,0.3289249904767796,1.3972128775111896,0.6211757244059766,0.7343451807834285,0.6237018757322517,Interpolated (Month),0.6295542699759995,-0.0055734456706894205,True,False,False,False,False,False,True
2015,-0.7242068243779014,11229.0,0.43127736135713773,1.0721512504052753,-0.2428663803205408,-0.07660660841022271,0.23486336378547285,Official (Quarter),-0.28283641782998936,1.2205846018810202,False,False,False,True,False,False,False
2020,1.013889554129062,5140.0,-1.1788944548547347,-1.6534764219141458,1.5812225074354402,1.5287469334629233,-0.611480525202094,Estimated (Region),1.316802105593528,-1.231731493222399,True,False,False,False,True,False,False
2023,-0.14484136487558028,9262.0,-0.2107724880873106,-0.7234428822195013,0.6211757244059766,0.6598700164697258,0.17474800106605748,Estimated (Region),1.4127977135048688,-1.231731493222399,False,False,True,False,True,False,False
2015,-0.7242068243779014,13098.0,0.6531190826459873,-0.22553902466852419,-1.298917841652951,-1.3178593469719335,-0.2098713921594808,Interpolated (Month),0.4202665482233461,-0.0055734456706894205,False,False,True,False,False,False,True
2016,0.43452409462674085,8832.0,-0.12203579957177077,0.9509968237229068,-0.5788827543808531,-0.7220580324623124,-0.5576513662149962,Interpolated (Month),-1.4846553048641655,-0.0055734456706894205,False,False,False,False,False,False,False
2025,1.013889554129062,13412.0,0.8608756152815766,-0.6382203586211536,0.6211757244059766,0.800545326840053,1.293947111515841,Official (Quarter),1.228589925350674,1.2205846018810202,False,True,False,True,False,False,False
2016,-0.14484136487558028,12146.0,0.4629690358269734,-1.6621327236876409,-0.5788827543808531,-0.7055079959481563,0.0340163229146238,Official (Quarter),1.6379405656933292,1.2205846018810202,False,False,True,False,False,False,True
2021,-0.43452409462674085,6296.0,-0.8666727730407983,-1.6265407901955518,1.5812225074354402,1.7521724264040315,-0.2029339150675089,Estimated (Region),-1.2306849427924194,-1.231731493222399,False,False,False,False,False,True,False
2021,-0.43452409462674085,15561.0,1.354091971289908,-0.04390331173743126,0.6211757244059766,0.5357447426135546,1.6273707554259282,Official (Quarter),-1.2194422139379382,1.2205846018810202,False,True,False,False,False,False,True
2017,-1.3035722838802226,244.0,-2.438814579888868,0.7138695244457153,-0.5788827543808531,-0.7303330507193905,-2.064244860727107,Interpolated (Month),-1.1326714091892485,-0.0055734456706894205,False,False,True,False,True,False,False
2022,1.013889554129062,16170.0,1.3451713518095096,-1.000339665310684,-1.298917841652951,-1.2847592739436213,0.26255663968730425,Official (Quarter),-1.6409004084315733,1.2205846018810202,False,False,True,False,False,False,False
2021,-1.3035722838802226,8908.0,-0.38777635882994826,1.3305544829459173,-0.2428663803205408,-0.3248571561225649,-0.36269410181406614,Interpolated (Month),0.3409908960443107,-0.0055734456706894205,True,False,False,False,True,False,False
2025,1.5932550136313832,12098.0,0.46273428268275235,-1.306171638115107,1.5812225074354402,1.719072353375719,1.5311521955952296,Official (Quarter),-1.6783761712798446,1.2205846018810202,False,False,True,True,False,False,False
2023,-1.3035722838802226,7526.0,-0.5990541886288526,-0.5847715720160436,-0.5788827543808531,-0.46553246649289215,-0.6876511920486447,Estimated (Region),-0.07124249528667315,-1.231731493222399,True,False,False,False,False,False,True
2017,1.013889554129062,10725.0,0.3427754259858189,-1.1959857040566186,-1.298917841652951,-1.3923345112856362,-0.5945757340841047,Estimated (Region),-0.03405500753723475,-1.231731493222399,False,True,False,False,False,True,False
2023,1.013889554129062,8910.0,-0.180489332482801,1.7071041071245319,-1.298917841652951,-1.3426844017431678,-0.8277882293064809,Official (Quarter),1.316513830494695,1.2205846018810202,False,False,False,True,False,False,False
2023,0.43452409462674085,6839.0,-0.6950682246152436,-0.2727222313381327,-0.5788827543808531,-0.5482826490636729,-0.8462504132410351,Interpolated (Month),1.3095952281227063,-0.0055734456706894205,False,True,False,False,False,False,True
2024,-0.7242068243779014,13127.0,0.9965629326413175,-1.4222985904957466,-1.298917841652951,-1.3840594930285581,-0.2502786566910896,Official (Quarter),0.003997305508702229,1.2205846018810202,True,False,False,True,False,False,False
2025,-1.5932550136313832,2006.0,-1.9716558228890682,0.9037962209484477,1.5812225074354402,1.479096823920455,-1.5284167831296052,Official (Quarter),-1.3537784099940489,1.2205846018810202,False,False,True,False,False,False,False
2020,-1.3035722838802226,11156.0,0.4894961411239469,0.9330316177282475,0.6211757244059766,0.5191947060993986,0.560783205943019,Official (Quarter),0.3334957434746565,1.2205846018810202,True,False,False,False,True,False,False
2016,-1.3035722838802226,12451.0,0.8465556734840953,-1.4083036726594864,1.5812225074354402,1.6528722073190945,1.5949769848413728,Interpolated (Month),-0.17502153086650127,-0.0055734456706894205,False,False,False,False,False,True,False
2022,-0.43452409462674085,2213.0,-1.959448659389576,0.1479076314363694,1.5812225074354402,1.3301464952930497,-1.4856309550236062,Estimated (Region),-1.4342071625684156,-1.231731493222399,True,False,False,False,True,False,False
2015,1.3035722838802226,10936.0,0.3683635187059084,-1.4239243807518966,-0.5788827543808531,-0.5979327586061413,-0.11889133543904681,Interpolated (Month),1.3309275854363378,-0.0055734456706894205,True,False,False,False,True,False,False
2018,-1.5932550136313832,1328.0,-2.151241978218137,-0.3968578533602712,-0.2428663803205408,-0.25865701006594033,-1.8424154911821709,Interpolated (Month),-0.6610533474986963,-0.0055734456706894205,False,False,False,False,False,False,True
2015,0.43452409462674085,17528.0,1.8750091983163177,0.8272473952284454,0.6211757244059766,0.792270308582975,2.3302079754252727,Interpolated (Month),1.4914968154862385,-0.0055734456706894205,False,False,False,False,False,True,False
2017,-1.013889554129062,6659.0,-0.9068155607025901,1.5978595508542266,-1.298917841652951,-1.2847592739436213,-1.1311683499733747,Estimated (Region),-0.873512095338511,-1.231731493222399,True,False,False,True,False,False,False
2017,-0.7242068243779014,7289.0,-0.6953029777594647,1.4030440518570004,-0.2428663803205408,-0.13453173620976921,-0.6085073207341061,Interpolated (Month),1.6967486858552319,-0.0055734456706894205,False,True,False,False,False,True,False
2021,-0.7242068243779014,8545.0,-0.33401788880333816,-1.5634804071448827,1.5812225074354402,1.3218714770359716,0.2884659929083431,Interpolated (Month),-0.8634224668793611,-0.0055734456706894205,True,False,False,False,False,True,False
2022,0.7242068243779014,10357.0,0.1317323493311355,-0.1673291726816779,-0.2428663803205408,-0.31658213786548683,-0.07457643074951086,Interpolated (Month),-0.6792146787251662,-0.0055734456706894205,True,False,False,False,True,False,False
2016,0.14484136487558028,1489.0,-2.1291751826613625,0.8031155185801478,0.6211757244059766,0.7260701625263504,-1.7350686517712883,Estimated (Region),-1.1606340937760355,-1.231731493222399,False,True,False,False,False,True,False
2025,0.7242068243779014,12555.0,0.5763548044857187,-1.660588446608504,-1.298917841652951,-1.1771840366016064,-0.1978653093554148,Official (Quarter),-1.1231583309277642,1.2205846018810202,False,True,False,False,False,False,True
2017,-1.013889554129062,10076.0,-0.048558065430596244,0.4938366318575349,-0.5788827543808531,-0.5234575942924387,-0.2367151810704586,Estimated (Region),-1.1473734392297241,-1.231731493222399,False,True,False,False,True,False,False
2020,0.14484136487558028,6574.0,-0.8415541866091507,1.2767652297173087,-0.5788827543808531,-0.6558578864056878,-0.931397325957607,Official (Quarter),-1.4385312890509085,1.2205846018810202,False,True,False,True,False,False,False
2023,0.7242068243779014,3581.0,-1.6542695719022695,1.5655793386940615,0.6211757244059766,0.6764200529838819,-1.2217236631983819,Estimated (Region),1.3234324328666836,-1.231731493222399,False,False,False,False,False,False,True
2024,1.3035722838802226,13906.0,0.8517202426569574,-0.8845019853021258,0.6211757244059766,0.7508952172975846,1.3837945189151368,Official (Quarter),0.4150775964443547,1.2205846018810202,False,False,True,True,False,False,False
2019,0.7242068243779014,1329.0,-2.155937041102557,0.3046375895691109,-0.5788827543808531,-0.5813827220919852,-1.8642189906140831,Estimated (Region),-1.0450357791440603,-1.231731493222399,False,False,True,False,False,False,True
2016,0.43452409462674085,3539.0,-1.6566171033444796,-1.20878376987918,1.5812225074354402,1.4294467143779865,-1.0953199989593476,Official (Quarter),-0.8420901095657297,1.2205846018810202,True,False,False,True,False,False,False
2015,1.013889554129062,15787.0,1.3815580891637655,0.4426095763575881,-0.2428663803205408,-0.109706681438535,1.1585955176398142,Estimated (Region),0.4202665482233461,-1.231731493222399,False,True,False,False,False,False,True
2017,-0.43452409462674085,3987.0,-1.4934636681108813,0.035537740671820695,1.5812225074354402,1.5039218786916893,-0.9520115436023241,Official (Quarter),1.5171532992823626,1.2205846018810202,False,False,True,True,False,False,False
2017,1.3035722838802226,16816.0,1.6869719297952928,-0.5930093732099976,-0.5788827543808531,-0.5896577403490633,0.9571821521083955,Estimated (Region),0.9273424470703395,-1.231731493222399,True,False,False,False,True,False,False
2023,-1.3035722838802226,10361.0,-0.06264325408385654,0.16328727921871092,-0.2428663803205408,-0.17590682749515957,0.0010279114364708528,Estimated (Region),1.0239146051793462,-1.231731493222399,True,False,False,False,False,True,False
2017,-0.14484136487558028,14497.0,0.9977366983624225,0.6046334177120514,-1.298917841652951,-1.1689090183445283,0.10358930746554375,Interpolated (Month),-1.3578142613777089,-0.0055734456706894205,False,False,False,False,True,False,False
2017,-1.3035722838802226,10975.0,0.10027542800552085,-0.9409235177103635,1.5812225074354402,1.4377217326350646,1.03493852800454,Interpolated (Month),-0.03578465813023188,-0.0055734456706894205,False,True,False,False,False,False,False
2016,-0.7242068243779014,12155.0,0.43785044939532586,0.12925801297374345,0.6211757244059766,0.4447195417856959,0.7532203256044164,Estimated (Region),-0.15224779805870564,-1.231731493222399,True,False,False,False,False,False,True
2017,0.14484136487558028,10101.0,-0.11029814236072052,-0.02637449945873014,-0.2428663803205408,-0.09315664492437885,-0.008967718822574897,Interpolated (Month),-1.345706707226729,-0.0055734456706894205,False,False,True,False,False,False,False
2024,0.14484136487558028,8473.0,-0.23260453049986407,-0.632282322488405,-0.2428663803205408,-0.19245686400931572,-0.3903024290168122,Estimated (Region),-1.4333423372719172,-1.231731493222399,False,False,True,False,True,False,False
2023,0.43452409462674085,8254.0,-0.38613308682040126,-1.2030768534251566,-0.5788827543808531,-0.7137830142052343,-0.6555405837943737,Interpolated (Month),-0.9631656510755292,-0.0055734456706894205,False,False,False,False,False,True,False
2016,1.013889554129062,14004.0,1.167463221634209,0.3592196081473245,-0.2428663803205408,-0.109706681438535,0.7897765824441549,Estimated (Region),-0.17646290636066556,-1.231731493222399,True,False,False,False,False,False,False
2015,-1.013889554129062,8661.0,-0.2671132427003518,-0.7610532609057898,0.6211757244059766,0.800545326840053,0.08923297732011597,Estimated (Region),0.8423012929146471,-1.231731493222399,False,True,False,False,False,False,False
2017,-0.14484136487558028,5984.0,-1.0810023937145756,1.5752068401497696,0.6211757244059766,0.5274697243564767,-0.673436443068359,Interpolated (Month),-1.3918307230399858,-0.0055734456706894205,False,False,True,False,False,False,True
2017,-1.013889554129062,13529.0,1.021681519072965,-1.4030898115200767,-0.2428663803205408,-0.2669320283230184,0.5823601755107036,Official (Quarter),-1.6091901475599593,1.2205846018810202,False,True,False,False,False,False,True
2015,1.3035722838802226,12699.0,0.9010184029433684,0.5252594645643651,-0.2428663803205408,-0.20900690052347187,0.4551070242808154,Official (Quarter),0.06338197586827053,1.2205846018810202,True,False,False,False,False,True,False
2017,-1.5932550136313832,11109.0,0.30310214461246904,-0.1716180580746211,-0.5788827543808531,-0.5482826490636729,-0.059115767515972945,Official (Quarter),0.4511119837984617,1.2205846018810202,False,False,False,True,False,False,False
2016,-1.3035722838802226,13665.0,0.925197976798132,0.05886740837073712,1.5812225074354402,1.5618470064912358,1.8920992180089777,Estimated (Region),0.5966909087090538,-1.231731493222399,False,False,False,False,True,False,False
2018,-0.7242068243779014,17645.0,2.240285090724201,-1.5595941173213321,0.6211757244059766,0.7757202720688188,2.344847467900985,Official (Quarter),0.28535380196956955,1.2205846018810202,True,False,False,False,True,False,False
2020,-0.43452409462674085,6793.0,-0.6962419903363487,-0.5929328303486567,-0.5788827543808531,-0.6972329776910782,-0.9066772545237636,Official (Quarter),1.2995055996635565,1.2205846018810202,True,False,False,False,False,False,False
2025,0.7242068243779014,13798.0,0.978017434247858,1.555426474871876,-0.2428663803205408,-0.15935679098100344,0.7120202065480105,Estimated (Region),0.8169330842173558,-1.231731493222399,False,False,True,False,False,False,False
2018,-0.7242068243779014,6486.0,-0.9575222398543272,1.1580308497353968,-0.5788827543808531,-0.448982429978736,-0.8782760727962207,Estimated (Region),0.5375945134483184,-1.231731493222399,False,False,False,False,False,True,False
2024,-0.7242068243779014,3880.0,-1.5221035517058439,-0.791517816751153,-0.5788827543808531,-0.43243239346457985,-1.3686282801500196,Interpolated (Month),-0.105547232047783,-0.0055734456706894205,False,False,True,False,False,False,True
2020,0.7242068243779014,6756.0,-0.6906079148750446,-1.2737502689898712,1.5812225074354402,1.7025223168615629,-0.08103253187999909,Interpolated (Month),-0.7942364431594756,-0.0055734456706894205,False,False,True,False,True,False,False
2024,-1.5932550136313832,16404.0,1.512315590494865,-0.059985265124156875,0.6211757244059766,0.42816950527153974,1.7391066109562219,Official (Quarter),1.1178922873988573,1.2205846018810202,True,False,False,True,False,False,False
2015,-0.43452409462674085,4370.0,-1.4178731556717177,-1.4444875707480522,1.5812225074354402,1.7025223168615629,-0.7965271080430639,Official (Quarter),0.22135673002867556,1.2205846018810202,False,False,True,False,False,False,True
2023,0.7242068243779014,4688.0,-1.2519026827074673,-1.0457569188222067,-0.5788827543808531,-0.7220580324623124,-1.2845857005215575,Estimated (Region),-1.6400355831350748,-1.231731493222399,False,False,True,False,True,False,False
2022,1.013889554129062,12079.0,0.6679085307319106,-1.0391299969373873,-1.298917841652951,-1.3840594930285581,-0.3984858203620364,Official (Quarter),0.6275363442841695,1.2205846018810202,True,False,False,False,False,True,False
2015,-1.3035722838802226,6766.0,-0.6917816805961496,1.0766245345096308,0.6211757244059766,0.6681450347268039,-0.4372507433779949,Interpolated (Month),1.304406276343715,-0.0055734456706894205,False,False,True,False,True,False,False
2021,-1.5932550136313832,4497.0,-1.4279675408732209,0.772178285714424,-1.298917841652951,-1.2847592739436213,-1.4479703650957574,Official (Quarter),1.3828171032262517,1.2205846018810202,False,False,True,True,False,False,False
2024,-1.5932550136313832,8771.0,-0.15912679635868954,-0.16892315291753032,1.5812225074354402,1.6859722803474069,0.5157603954277716,Official (Quarter),-0.09488105339096733,1.2205846018810202,False,False,True,False,False,False,False
2021,-0.7242068243779014,17519.0,1.7771171371761587,1.059272665468836,-1.298917841652951,-1.4006095295427143,0.35605684114727126,Official (Quarter),1.7218286194536903,1.2205846018810202,True,False,False,False,True,False,False
2019,-1.5932550136313832,10794.0,0.049568748853783796,-0.21145464115017634,-0.5788827543808531,-0.46553246649289215,-0.07134838018426674,Estimated (Region),-0.8025964210256284,-1.231731493222399,False,False,False,False,False,False,True
2018,0.7242068243779014,10850.0,0.10144919372662588,0.666780753773865,-0.5788827543808531,-0.4407074117216579,-0.046968103546764776,Interpolated (Month),0.6508866272896308,-0.0055734456706894205,False,False,True,False,False,False,True
2024,-1.3035722838802226,3021.0,-1.6960556315736084,1.289621448233227,1.5812225074354402,1.4377217326350646,-1.2421113509788713,Interpolated (Month),-1.4293064858882571,-0.0055734456706894205,False,False,True,False,True,False,False
2023,-1.3035722838802226,5798.0,-1.1321785791547547,-0.3332631613749152,-0.2428663803205408,-0.09315664492437885,-0.9027129818997797,Official (Quarter),-1.6694396432160261,1.2205846018810202,False,False,False,False,False,True,False
2018,0.7242068243779014,14770.0,1.356674255876339,1.0899355369094925,-0.2428663803205408,-0.09315664492437885,0.9607783137030103,Estimated (Region),-0.6276134360340849,-1.231731493222399,True,False,False,True,False,False,False
2020,-1.3035722838802226,5880.0,-1.0119849693136003,-1.2935863018032858,1.5812225074354402,1.6114971160337042,-0.3711889717226034,Official (Quarter),-0.041261885008056144,1.2205846018810202,False,False,False,False,False,False,False
2025,0.43452409462674085,12625.0,0.6603964301168385,-0.6612905758420173,1.5812225074354402,1.6197721342907823,1.6252753541818223,Estimated (Region),-1.0698274376436858,-1.231731493222399,False,False,True,True,False,False,False
2022,-0.14484136487558028,7479.0,-0.7326287276906045,1.3045602290155063,-0.5788827543808531,-0.7055079959481563,-0.7886268790281242,Official (Quarter),-0.8567921396062054,1.2205846018810202,False,False,True,False,False,False,False
2020,1.3035722838802226,15767.0,1.4925963263803008,-0.3336250003558008,-1.298917841652951,-1.2682092374294651,0.21688255581240226,Official (Quarter),-1.401632076400303,1.2205846018810202,True,False,False,False,True,False,False
2024,1.3035722838802226,9466.0,-0.2389428653938312,-1.7138250007344407,-0.2428663803205408,-0.24210697355178415,-0.2132410238898674,Estimated (Region),1.7431609767673217,-1.231731493222399,False,False,True,False,False,True,False
2016,1.3035722838802226,9894.0,0.06083689977639203,-1.2459900619013746,-0.5788827543808531,-0.5813827220919852,-0.29991701318997593,Interpolated (Month),-1.6149556495366164,-0.0055734456706894205,False,True,False,False,False,False,True
2023,-1.3035722838802226,9190.0,-0.14011179167678814,-0.6869741850429584,-0.5788827543808531,-0.7220580324623124,-0.4948459613578773,Official (Quarter),1.3637909467032834,1.2205846018810202,False,False,True,False,True,False,False
2015,-0.7242068243779014,9951.0,-0.14551111399387126,0.176927316516026,-1.298917841652951,-1.3013093104577775,-0.6572112415430528,Estimated (Region),1.360619920616122,-1.231731493222399,False,True,False,False,False,False,True
2025,0.7242068243779014,6508.0,-0.8795841959729535,-0.8882679934864256,-0.5788827543808531,-0.6889579594340001,-0.9542485260115723,Estimated (Region),1.2556877846409624,-1.231731493222399,True,False,False,True,False,False,False
2018,1.013889554129062,15011.0,1.2026761932673597,-0.1895927076690564,-0.5788827543808531,-0.5234575942924387,0.6792866411671138,Official (Quarter),0.05012132132195917,1.2205846018810202,True,False,False,True,False,False,False
2023,1.013889554129062,15735.0,1.2022066869789176,0.7785974484041741,0.6211757244059766,0.7508952172975846,1.8429139212385472,Estimated (Region),-0.329536983840912,-1.231731493222399,False,True,False,True,False,False,False
2022,0.7242068243779014,1940.0,-2.0134418825604072,0.0006078532271765097,-0.5788827543808531,-0.6641329046627659,-1.760864740060213,Official (Quarter),-0.7697330597586829,1.2205846018810202,False,False,False,True,False,False,False
2024,1.3035722838802226,11286.0,0.2279811384617475,1.2708923047198575,-1.298917841652951,-1.3344093834860897,-0.4819054428638724,Estimated (Region),1.7128920913898718,-1.231731493222399,False,False,False,False,False,False,False
2016,0.43452409462674085,9094.0,-0.27978991248828605,0.9071094333750739,1.5812225074354402,1.5370219517200014,0.5428023979699484,Official (Quarter),0.976637488970758,1.2205846018810202,False,False,True,False,True,False,False
2021,0.7242068243779014,13744.0,0.7690871358911637,0.05288265127067623,-1.298917841652951,-1.359234438257324,-0.14548027825276838,Official (Quarter),-1.0833763672888301,1.2205846018810202,False,False,False,False,False,False,False
2021,1.3035722838802226,9645.0,-0.13917277909990414,1.0796072209441023,1.5812225074354402,1.719072353375719,0.7934860089708827,Estimated (Region),-0.12918579015207718,-1.231731493222399,False,False,True,False,False,True,False
2017,1.5932550136313832,3478.0,-1.574453502867128,1.108937550753228,-0.2428663803205408,-0.15108177272392537,-1.394905744400428,Estimated (Region),-1.517806941229944,-1.231731493222399,False,True,False,False,True,False,False
2021,0.14484136487558028,10517.0,0.17563118730046343,-0.6447294840245578,1.5812225074354402,1.4625467874062987,0.9172279473052423,Official (Quarter),0.8267344375776728,1.2205846018810202,False,False,True,False,False,True,False
2017,1.3035722838802226,9026.0,-0.0802497399004319,-1.124431051523345,-0.5788827543808531,-0.556557667320751,-0.44693489507372725,Official (Quarter),0.2937137798357224,1.2205846018810202,True,False,False,True,False,False,False
2024,-0.43452409462674085,11236.0,0.5265871379108658,-0.35012495729050025,-0.2428663803205408,-0.3000321013513307,0.10746863139044244,Official (Quarter),0.4499588834031302,1.2205846018810202,False,True,False,False,False,True,False
2016,-0.7242068243779014,6920.0,-0.662672290712745,0.5295413915153674,-0.2428663803205408,-0.2338319552947061,-0.7196202191377732,Estimated (Region),-0.5881197474939838,-1.231731493222399,True,False,False,False,True,False,False
2015,1.3035722838802226,7876.0,-0.6366146917042135,1.6367169817424951,0.6211757244059766,0.7757202720688188,-0.11985408736201446,Interpolated (Month),1.4992802431547256,-0.0055734456706894205,True,False,False,False,False,False,False
2022,1.013889554129062,9311.0,-0.13964228538834614,1.727374545527636,0.6211757244059766,0.568844815641867,0.14331698240446988,Interpolated (Month),0.41853689763034896,-0.0055734456706894205,False,False,True,False,False,True,False
2025,1.3035722838802226,6457.0,-0.8171398596101662,0.6775767764439434,0.6211757244059766,0.5109196878423204,-0.5656082276959926,Official (Quarter),-0.835459782292574,1.2205846018810202,False,True,False,False,False,True,False
2019,1.5932550136313832,14386.0,1.1892952640467624,0.5734243085790969,0.6211757244059766,0.7508952172975846,1.5042800904512235,Interpolated (Month),-0.9648953016685263,-0.0055734456706894205,False,False,False,False,False,True,False
2018,0.7242068243779014,1654.0,-2.0664960931543543,1.2620585626768888,-1.298917841652951,-1.37578447477148,-1.8722891170271936,Estimated (Region),1.584321397310418,-1.231731493222399,True,False,False,False,True,False,False
2020,-0.7242068243779014,8132.0,-0.520646638459037,-0.6196795900717337,1.5812225074354402,1.3880716230925962,0.2003458757237833,Official (Quarter),-0.685556730899489,1.2205846018810202,True,False,False,False,False,False,True
2022,-1.5932550136313832,7779.0,-0.45350723921182967,0.6646191634883266,-0.5788827543808531,-0.5069075577782824,-0.6564467032512845,Official (Quarter),0.7047940707713748,1.2205846018810202,True,False,False,False,False,False,False
2024,-0.7242068243779014,7530.0,-0.5816824559564984,1.1633843767451766,1.5812225074354402,1.6611472255761726,0.13507695859318852,Interpolated (Month),-1.6371528321467461,-0.0055734456706894205,False,False,True,False,True,False,False
2020,-0.43452409462674085,7844.0,-0.6598552529820929,-0.17080541146232953,0.6211757244059766,0.7508952172975846,-0.13791984403417035,Estimated (Region),0.2694986715337625,-1.231731493222399,True,False,False,True,False,False,False
2015,1.013889554129062,12482.0,0.783172324544424,0.5570481125046174,-1.298917841652951,-1.243384182658231,-0.25138298977919976,Official (Quarter),1.2274368249553425,1.2205846018810202,False,False,False,True,False,False,False
2020,0.43452409462674085,14744.0,1.1205125927900081,-1.436507728937449,1.5812225074354402,1.363246568321362,2.0575509675942554,Interpolated (Month),1.4834251127189186,-0.0055734456706894205,False,False,False,False,True,False,False
2017,-1.5932550136313832,12064.0,0.6101592572535435,0.9304818457887646,-0.2428663803205408,-0.12625671795269114,0.3782567678415817,Official (Quarter),0.412483120554859,1.2205846018810202,False,False,True,False,False,False,True
2018,1.013889554129062,9655.0,-0.13377345678282102,-0.6202581348158971,-1.298917841652951,-1.37578447477148,-0.7372329160814737,Interpolated (Month),0.9988346715808878,-0.0055734456706894205,False,True,False,False,True,False,False
2016,-1.3035722838802226,5427.0,-1.0366340494568058,-1.5672648054971678,-0.2428663803205408,-0.07660660841022271,-0.9751459059865739,Official (Quarter),-0.3027273996494564,1.2205846018810202,False,True,False,False,False,True,False
2019,-1.3035722838802226,13438.0,0.8366960414268131,1.1512379193071494,-0.5788827543808531,-0.6889579594340001,0.2731752270729758,Estimated (Region),1.5255132771485156,-1.231731493222399,True,False,False,False,False,False,True
2020,-1.3035722838802226,10803.0,0.36977203757123445,0.0574627971619697,-1.298917841652951,-1.2185591278869967,-0.48720057844019393,Interpolated (Month),0.23432910947615407,-0.0055734456706894205,True,False,False,True,False,False,False
2020,-0.7242068243779014,11663.0,0.4054545154928272,-1.253489274186543,-1.298917841652951,-1.2516592009153091,-0.3780698163485188,Interpolated (Month),0.10489359010020179,-0.0055734456706894205,False,False,True,False,False,False,True
2017,-0.43452409462674085,7895.0,-0.6044535109459358,-0.6571845980657859,0.6211757244059766,0.5274697243564767,-0.21564790369728637,Estimated (Region),1.304118001244882,-1.231731493222399,False,False,False,True,False,False,False
2019,-1.3035722838802226,6884.0,-0.6488218552037057,-0.42263689262210585,0.6211757244059766,0.7426201990405065,-0.38183587534130337,Official (Quarter),-0.20702006683694826,1.2205846018810202,False,False,False,False,False,False,True
2017,-0.14484136487558028,15361.0,1.2402366963427205,0.6170398226596983,0.6211757244059766,0.7012451077551162,1.7098842584708538,Interpolated (Month),0.40008729130504617,-0.0055734456706894205,True,False,False,False,True,False,False
2020,-1.3035722838802226,12916.0,0.6230706801856987,1.3036113957538158,-0.5788827543808531,-0.7137830142052343,0.16424267861249997,Interpolated (Month),1.3637909467032834,-0.0055734456706894205,False,False,True,False,True,False,False
2025,1.5932550136313832,14840.0,1.3909482149326056,-0.6590345495587207,1.5812225074354402,1.6363221708049382,2.2926889666625665,Official (Quarter),1.3415937640931535,1.2205846018810202,False,False,False,False,False,False,True
2023,-0.43452409462674085,16651.0,1.4763983594290515,1.598962463901734,-1.298917841652951,-1.3923345112856362,0.24109293505173363,Interpolated (Month),-0.9109878581867823,-0.0055734456706894205,True,False,False,False,False,False,False
2017,1.013889554129062,9752.0,-0.11663647725468766,1.0424332359737725,-1.298917841652951,-1.3344093834860897,-0.7027720604858411,Official (Quarter),-0.6746022771438405,1.2205846018810202,False,False,False,False,False,False,False
2020,1.5932550136313832,3677.0,-1.6275077134610751,-1.3200323574282367,-0.2428663803205408,-0.333132174379643,-1.388534591969025,Estimated (Region),0.02014071104334216,-1.231731493222399,False,True,False,False,True,False,False
2018,0.14484136487558028,18271.0,1.891441918411788,-0.09371780352353609,-0.2428663803205408,-0.22555693703762802,1.5637724960440127,Estimated (Region),0.26258006916177395,-1.231731493222399,False,True,False,False,True,False,False
2016,1.3035722838802226,10075.0,0.12046419840852726,-1.315555594102911,0.6211757244059766,0.7839952903258969,0.43922161755185096,Interpolated (Month),-1.4803311783816726,-0.0055734456706894205,True,False,False,False,False,True,False
2019,0.43452409462674085,7614.0,-0.6413097545886336,1.1038857219047091,1.5812225074354402,1.5039218786916893,0.09863396668556368,Interpolated (Month),-1.4045148273886314,-0.0055734456706894205,True,False,False,True,False,False,False
2020,-0.43452409462674085,2004.0,-1.9796374297925823,1.3084335960183116,1.5812225074354402,1.7852724994323437,-1.4974954566625298,Estimated (Region),1.0749392976727619,-1.231731493222399,False,False,False,False,False,True,False
2023,-1.5932550136313832,14120.0,1.2247429888241341,-0.4030752212337582,1.5812225074354402,1.6114971160337042,2.0612320778879547,Estimated (Region),0.7832048976539117,-1.231731493222399,False,False,True,False,False,True,False
2024,1.013889554129062,8169.0,-0.41125167325204876,-1.1913374648406256,-0.2428663803205408,-0.2338319552947061,-0.4692197704671233,Interpolated (Month),-0.9130057838786123,-0.0055734456706894205,False,False,False,False,False,False,False
2022,1.3035722838802226,5997.0,-1.0239573796688715,-0.7963251060686339,-0.5788827543808531,-0.5731077038349071,-1.0090970693876946,Official (Quarter),-0.1877056352151469,1.2205846018810202,False,False,False,False,False,False,False
2016,-1.013889554129062,10500.0,0.3150745549677403,0.3581355822993691,-0.2428663803205408,-0.13453173620976921,0.0516007036252957,Official (Quarter),1.348512366465142,1.2205846018810202,False,False,False,False,False,False,False
2017,-0.14484136487558028,11562.0,0.4979472543159031,0.6312544284486393,1.5812225074354402,1.5204719152058452,1.2520957190997808,Estimated (Region),-1.6570438139662134,-1.231731493222399,True,False,False,False,False,False,True
2020,-0.7242068243779014,7600.0,-0.47698255363393016,1.38327014798948,0.6211757244059766,0.6929700894980381,-0.2217642100314331,Official (Quarter),1.2611650115187867,1.2205846018810202,True,False,False,True,False,False,False
2020,1.3035722838802226,1504.0,-2.1324617266804564,-1.102453309687079,1.5812225074354402,1.363246568321362,-1.6821456122411014,Official (Quarter),0.7601428897472832,1.2205846018810202,False,False,False,False,False,False,True
2020,1.5932550136313832,13334.0,0.7186152098836477,-1.5220185308447447,1.5812225074354402,1.6114971160337042,1.8292088644527735,Interpolated (Month),1.7117389909945404,-0.0055734456706894205,False,True,False,False,False,True,False
2022,1.5932550136313832,10567.0,0.26342886323911924,0.41985497418186524,0.6211757244059766,0.5026446695852423,0.41096201698945034,Official (Quarter),-1.7069154060642973,1.2205846018810202,False,False,False,False,False,False,True
2016,1.013889554129062,16842.0,1.9233683460258446,-1.61437942181051,1.5812225074354402,1.603222097776626,2.8575978155802937,Estimated (Region),1.7333596234070046,-1.231731493222399,True,False,False,False,True,False,False
2017,-1.013889554129062,11703.0,0.5578093060922593,-1.1725143823610642,-1.298917841652951,-1.2930342922006994,-0.3970133762445567,Interpolated (Month),0.7745566446889259,-0.0055734456706894205,False,False,False,False,False,False,False
2019,-0.43452409462674085,7613.0,-0.5727618364761001,-1.6154003246494375,-1.298917841652951,-1.2516592009153091,-0.9784305890178749,Estimated (Region),-1.4284416605917585,-1.231731493222399,False,False,False,False,False,False,False
2023,-1.013889554129062,10430.0,0.18431705363664058,0.1624328819547789,-0.2428663803205408,-0.3910573021791895,-0.10011767294117949,Interpolated (Month),0.8688226020072698,-0.0055734456706894205,False,True,False,False,False,False,True
2024,1.013889554129062,4300.0,-1.3777303680099258,-0.16470733116495836,-0.5788827543808531,-0.43243239346457985,-1.2887198705437126,Estimated (Region),-0.8080736479034527,-1.231731493222399,False,False,False,False,False,True,False
2019,0.43452409462674085,14086.0,0.8913935240303072,-0.47825472498626115,-0.2428663803205408,-0.19245686400931572,0.7469058056390703,Official (Quarter),-1.465629148341197,1.2205846018810202,False,False,False,False,True,False,False
2023,-1.3035722838802226,13384.0,0.9174511230388388,0.009463961690666057,1.5812225074354402,1.7521724264040315,1.9406049251867257,Official (Quarter),-1.41950513252794,1.2205846018810202,False,False,False,False,False,False,True
2020,1.5932550136313832,8596.0,-0.230491752201875,0.5292312438174652,0.6211757244059766,0.6598700164697258,0.010683746899174777,Estimated (Region),-0.5543915609305395,-1.231731493222399,False,False,True,False,False,False,True
2021,1.013889554129062,15715.0,1.4871970040632176,-0.6081007426833924,-0.5788827543808531,-0.6889579594340001,0.676455017864268,Official (Quarter),1.3600433704184562,1.2205846018810202,False,False,True,False,False,False,True
2021,1.5932550136313832,7084.0,-0.8162008470332822,0.32035770397495095,-1.298917841652951,-1.2682092374294651,-1.0628695959087353,Estimated (Region),-0.26150406051635805,-1.231731493222399,False,False,True,False,False,True,False
2024,1.013889554129062,11035.0,0.16694532096428624,1.0138375188208955,-0.5788827543808531,-0.49035752126412635,-0.03994567775570726,Interpolated (Month),-1.3206267736282704,-0.0055734456706894205,False,False,True,False,True,False,False
2021,0.14484136487558028,11357.0,0.5139104681229314,-0.5890261622308525,-1.298917841652951,-1.2682092374294651,-0.43308825712281157,Estimated (Region),1.2208064976821869,-1.231731493222399,False,True,False,False,True,False,False
2017,-0.7242068243779014,3096.0,-1.7392502101102734,0.7443619140588393,-0.5788827543808531,-0.4738074847499702,-1.5243958780395643,Estimated (Region),-1.081934991794666,-1.231731493222399,False,True,False,True,False,False,False
2021,0.43452409462674085,9226.0,-0.021326700700959676,0.8848001714835176,1.5812225074354402,1.719072353375719,0.6674787719942468,Interpolated (Month),-1.5967943183101463,-0.0055734456706894205,True,False,False,False,False,True,False
2025,0.43452409462674085,14792.0,0.9808344719785101,-1.3446314437496554,1.5812225074354402,1.810097554203578,2.4103995473618642,Estimated (Region),-0.7403289996777316,-1.231731493222399,False,False,False,False,False,False,False
2024,1.013889554129062,9793.0,-0.15067568316673335,-0.11380384321522705,1.5812225074354402,1.6528722073190945,0.804699237250152,Interpolated (Month),1.1686287047934398,-0.0055734456706894205,False,True,False,False,False,False,True
2017,-0.43452409462674085,11968.0,0.540907079708347,-0.35530700840961316,-0.2428663803205408,-0.36623224740795524,0.21104941180854017,Estimated (Region),1.2830739190300837,-1.231731493222399,False,False,False,False,True,False,False
2016,-0.14484136487558028,12651.0,0.5472454146023141,0.16126386370884113,-0.5788827543808531,-0.42415737520750174,0.3057105788226735,Official (Quarter),1.532431879520504,1.2205846018810202,False,False,False,False,False,True,False
2015,-0.43452409462674085,10733.0,0.1901858822421657,0.42257323982261213,1.5812225074354402,1.4542717691492208,0.9747948490520961,Official (Quarter),-1.059449534085703,1.2205846018810202,False,False,False,True,False,False,False
2024,-0.7242068243779014,5616.0,-1.0706732553688514,-0.306808656213323,-1.298917841652951,-1.3675094565144021,-1.3078616440709498,Official (Quarter),0.8673812265131056,1.2205846018810202,False,False,False,True,False,False,False
2023,1.3035722838802226,11111.0,0.1798567438964415,0.040149199551844164,-0.2428663803205408,-0.2338319552947061,0.12057904728261826,Estimated (Region),1.3208379569771878,-1.231731493222399,False,True,False,False,False,False,True
2024,1.013889554129062,5736.0,-0.9709031690749244,-1.0578452235668772,1.5812225074354402,1.6197721342907823,-0.4112564414578707,Interpolated (Month),1.6993431617447277,-0.0055734456706894205,False,False,True,True,False,False,False
2024,0.14484136487558028,17392.0,2.1510788959202194,-0.24470555596098648,-1.298917841652951,-1.3344093834860897,0.39728527643670525,Interpolated (Month),1.6702273767626092,-0.0055734456706894205,False,False,False,False,False,True,False
2017,1.3035722838802226,9250.0,-0.17133395985818178,-0.23899168106502255,-0.5788827543808531,-0.5482826490636729,-0.40182713585939456,Interpolated (Month),1.7474851032498144,-0.0055734456706894205,False,True,False,False,False,True,False
2024,-0.7242068243779014,9738.0,-0.17908081361747497,-0.5326528418846284,1.5812225074354402,1.3880716230925962,0.6560106976177216,Estimated (Region),0.4900291221408972,-1.231731493222399,True,False,False,False,False,True,False
2016,-0.14484136487558028,5820.0,-1.045319915792983,0.39754720338501115,-0.2428663803205408,-0.09315664492437885,-0.8981257521491695,Official (Quarter),-0.877547946722171,1.2205846018810202,True,False,False,False,False,False,True
2020,-1.5932550136313832,12934.0,0.9540726135373155,1.6343391827252467,0.6211757244059766,0.6350449616984916,1.0628866500036278,Interpolated (Month),-0.1251499387684172,-0.0055734456706894205,False,False,False,True,False,False,False
2023,0.14484136487558028,8716.0,-0.30396948634304954,-1.542890874475668,-0.2428663803205408,-0.08488162666730079,-0.29292290363194684,Official (Quarter),-1.265566229751195,1.2205846018810202,False,True,False,False,False,False,True
2022,-0.43452409462674085,3048.0,-1.7589694742248378,0.811005894708664,-1.298917841652951,-1.37578447477148,-1.6745568617894748,Estimated (Region),-0.4947186154721384,-1.231731493222399,False,False,False,True,False,False,False
2022,0.14484136487558028,5763.0,-1.0173842916306834,-0.11969863760163307,0.6211757244059766,0.6102199069272574,-0.7019225734949872,Estimated (Region),-0.23065862494124245,-1.231731493222399,True,False,False,False,False,False,True
2019,1.3035722838802226,20196.0,2.275263309213131,-1.5161361622475171,1.5812225074354402,1.4128966778638303,3.6489798962596245,Interpolated (Month),-1.5979474187054779,-0.0055734456706894205,False,False,False,False,False,False,True
2025,-0.14484136487558028,14180.0,1.3245130751180614,0.03298647763763643,-0.5788827543808531,-0.6227578133773755,0.4527567769394536,Interpolated (Month),-1.0672329617541902,-0.0055734456706894205,True,False,False,False,True,False,False
2025,-0.43452409462674085,3900.0,-1.5406490500993033,0.15228399438513082,1.5812225074354402,1.7935475176894218,-0.9192496619883987,Official (Quarter),-0.997470387836639,1.2205846018810202,False,False,False,True,False,False,False
2024,-1.3035722838802226,13035.0,0.8733175319252899,-1.6728020033080964,-1.298917841652951,-1.359234438257324,-0.24668249509647558,Interpolated (Month),-1.4699532748236899,-0.0055734456706894205,False,False,False,False,False,True,False
2016,1.3035722838802226,8999.0,-0.28800627253602124,0.290592968576136,-0.2428663803205408,-0.28348206483717453,-0.3257697339449576,Official (Quarter),0.36895358063109773,1.2205846018810202,False,False,False,False,False,False,True
2018,1.013889554129062,6961.0,-0.7652594147373242,-0.423801934615507,0.6211757244059766,0.7674452538117407,-0.35366122347798834,Official (Quarter),1.4214459664698544,1.2205846018810202,False,False,False,False,False,False,True
2021,-1.013889554129062,11207.0,0.3282207310441166,0.7309470320614435,-1.298917841652951,-1.350959420000246,-0.502802822838874,Interpolated (Month),-0.5878314723951509,-0.0055734456706894205,False,False,True,False,True,False,False
2015,-1.3035722838802226,4718.0,-1.287350407484839,-1.4422633544850532,0.6211757244059766,0.47781961481400814,-0.9887376978402336,Estimated (Region),1.3980956834643932,-1.231731493222399,False,True,False,False,False,True,False
2019,-1.5932550136313832,7929.0,-0.514777809853512,0.2746387523021677,-0.2428663803205408,-0.21728191878054995,-0.5106181031547282,Estimated (Region),-0.5601570629071967,-1.231731493222399,False,False,False,False,False,False,False
2023,-1.3035722838802226,7173.0,-0.7774665782368164,-1.0211285076383259,0.6211757244059766,0.7343451807834285,-0.3124611044215825,Estimated (Region),-1.1318065838927498,-1.231731493222399,False,False,True,False,False,False,True
2021,-0.43452409462674085,13913.0,1.175679581681944,-0.17571956256674756,1.5812225074354402,1.6363221708049382,2.017851608888358,Official (Quarter),-0.9450043198490593,1.2205846018810202,True,False,False,False,True,False,False
2015,-1.3035722838802226,7142.0,-0.661029018703198,-0.954722605109166,-1.298917841652951,-1.235109164401153,-1.042170429564933,Official (Quarter),-0.8896555008731509,1.2205846018810202,False,True,False,False,False,False,False
2020,1.013889554129062,5855.0,-1.093444310358289,1.0915618241972094,1.5812225074354402,1.7438974081469534,-0.3387668849050194,Interpolated (Month),1.4528679522426358,-0.0055734456706894205,False,False,True,True,False,False,False
2015,0.7242068243779014,12851.0,0.8909240177418652,-0.35311559623004546,1.5812225074354402,1.6528722073190945,1.7139051635608944,Estimated (Region),-1.0012179641214662,-1.231731493222399,True,False,False,False,False,False,False
2023,-1.013889554129062,14484.0,1.1552560581347167,-0.11791827052809989,0.6211757244059766,0.8170953633542092,1.5781005099564127,Interpolated (Month),-0.0029212968632863117,-0.0055734456706894205,False,True,False,False,True,False,False
2021,-0.7242068243779014,5163.0,-1.1220841939532515,0.9003970220607046,-0.5788827543808531,-0.5069075577782824,-1.144250449632522,Interpolated (Month),0.7431346589161447,-0.0055734456706894205,False,True,False,False,False,False,True
2024,-0.43452409462674085,8419.0,-0.5011621274886936,-1.6624796517215121,1.5812225074354402,1.6280471525478604,0.38547740726383856,Interpolated (Month),0.4681202146296002,-0.0055734456706894205,False,True,False,True,False,False,False
2017,0.43452409462674085,12395.0,0.6474850071846832,-1.5037645495095706,-0.5788827543808531,-0.49035752126412635,0.2147871545682964,Official (Quarter),0.3089923600738637,1.2205846018810202,False,False,False,False,False,False,False
2021,-1.013889554129062,16317.0,1.5883756092224708,1.2457479747692743,-1.298917841652951,-1.1771840366016064,0.374179230285484,Estimated (Region),-0.5480495087562167,-1.231731493222399,False,False,False,False,True,False,False
2017,-0.43452409462674085,4695.0,-1.3279627014350728,1.6759143822226954,-0.5788827543808531,-0.7055079959481563,-1.2793755136443214,Interpolated (Month),0.08413778298423616,-0.0055734456706894205,False,True,False,False,False,False,False
2022,-1.3035722838802226,15018.0,1.2228649636703661,1.5445424776144112,1.5812225074354402,1.7273473716327972,2.4156097342391005,Estimated (Region),0.3228295648178408,-1.231731493222399,True,False,False,False,False,False,False
2020,-0.7242068243779014,4118.0,-1.4561379181797416,-1.4819393963644194,0.6211757244059766,0.7343451807834285,-1.076716233859651,Official (Quarter),-0.9568235989012064,1.2205846018810202,False,False,False,False,False,False,False
2018,0.7242068243779014,14872.0,1.1796703851337014,1.3242029165492997,-1.298917841652951,-1.235109164401153,0.11024362222723133,Interpolated (Month),-1.3206267736282704,-0.0055734456706894205,False,False,False,False,False,True,False
2025,-1.3035722838802226,8589.0,-0.43284896252038124,-1.5457000968932035,-0.5788827543808531,-0.5234575942924387,-0.5127135043988341,Interpolated (Month),1.1853486605257455,-0.0055734456706894205,False,False,True,True,False,False,False
2018,-0.7242068243779014,5799.0,-1.0126892287462632,0.8642454310240033,-1.298917841652951,-1.359234438257324,-1.279347197411293,Interpolated (Month),-1.5028166360906354,-0.0055734456706894205,False,False,True,False,True,False,False
2015,0.43452409462674085,9782.0,-0.2006781028858074,0.573588328996256,0.6211757244059766,0.47781961481400814,0.21144583907093853,Interpolated (Month),1.614302007589035,-0.0055734456706894205,False,True,False,False,False,False,False
2019,1.5932550136313832,4442.0,-1.436418654065177,-0.3800755824954305,-0.2428663803205408,-0.08488162666730079,-1.1824490479879113,Estimated (Region),-0.6042631530286237,-1.231731493222399,False,True,False,False,False,False,False
2020,-0.43452409462674085,8958.0,-0.1041945606109744,-0.5360773893822967,0.6211757244059766,0.47781961481400814,0.016148779873666936,Estimated (Region),0.23778841066214834,-1.231731493222399,False,False,True,False,False,False,True
2015,-0.7242068243779014,14129.0,0.8223760996293319,-1.3311628823430075,1.5812225074354402,1.3384215135501278,1.8658500699915976,Official (Quarter),-1.569408183921025,1.2205846018810202,False,False,True,True,False,False,False
2018,0.14484136487558028,4510.0,-1.3897027783651972,0.8078542175413618,1.5812225074354402,1.5287469334629233,-0.7947715015952995,Interpolated (Month),0.290542753748561,-0.0055734456706894205,True,False,False,False,False,False,False
2025,-0.14484136487558028,6182.0,-1.0091679315829483,1.4884952099762376,-0.5788827543808531,-0.7220580324623124,-1.0225189638431833,Official (Quarter),-0.11015963362910869,1.2205846018810202,True,False,False,False,False,False,True
2025,0.43452409462674085,13341.0,1.068866901061387,-0.9691260828936245,1.5812225074354402,1.7356223898898753,1.9162812810152803,Official (Quarter),0.6765431110857549,1.2205846018810202,True,False,False,False,False,True,False
2019,-0.43452409462674085,12927.0,0.8871679674343292,1.2512903737745706,0.6211757244059766,0.7591702355546627,1.143531281668675,Official (Quarter),-0.4658911055888528,1.2205846018810202,False,False,True,False,False,False,True
2025,-1.3035722838802226,10702.0,0.07797387930452539,-0.4263054826192445,0.6211757244059766,0.6019448886701793,0.4976946387556157,Interpolated (Month),-0.25948613482452804,-0.0055734456706894205,True,False,False,False,True,False,False
2021,-0.7242068243779014,8093.0,-0.5114912658344178,-0.3427763455701786,-0.5788827543808531,-0.6806829411769221,-0.670095127571001,Estimated (Region),0.03167171499665639,-1.231731493222399,False,False,True,False,False,True,False
2025,-0.43452409462674085,12396.0,0.8233151122062159,0.4408913382299487,-0.5788827543808531,-0.4738074847499702,0.22549069065305358,Interpolated (Month),0.550566892895797,-0.0055734456706894205,False,False,True,False,False,False,True
2019,-0.14484136487558028,10409.0,0.2606118255084672,1.3643968653216363,0.6211757244059766,0.5936698704131012,0.42194871540449186,Interpolated (Month),-0.12140236248359007,-0.0055734456706894205,False,False,False,False,True,False,False
2015,-1.013889554129062,10327.0,-0.0661645512471716,-1.6050625650842714,-0.5788827543808531,-0.4738074847499702,-0.1638008810221805,Interpolated (Month),-0.4641614549958557,-0.0055734456706894205,False,False,False,False,False,False,True
2022,-1.013889554129062,15412.0,1.1329545094337212,-1.2764073997478584,-0.5788827543808531,-0.45725744823581405,0.8060867326685465,Interpolated (Month),0.8901549593209012,-0.0055734456706894205,True,False,False,False,True,False,False
2017,-1.3035722838802226,815.0,-2.288337814443204,-0.285894064899192,1.5812225074354402,1.7273473716327972,-1.8615006322433514,Estimated (Region),1.2314726763390025,-1.231731493222399,True,False,False,False,True,False,False
2018,-1.3035722838802226,7081.0,-0.6053925235228198,-1.10462831982493,-1.298917841652951,-1.259934219172387,-1.0602928187031457,Official (Quarter),-0.9398153680700678,1.2205846018810202,False,False,False,False,False,True,False
2021,-0.43452409462674085,9058.0,-0.14152031054211417,0.6513101492147341,-0.2428663803205408,-0.12625671795269114,-0.24099093225775567,Interpolated (Month),-0.845549410751724,-0.0055734456706894205,False,True,False,False,False,True,False
2025,1.013889554129062,9273.0,-0.31899368757319385,-1.6182453333398077,-0.2428663803205408,-0.2503819918088622,-0.25577200589861054,Official (Quarter),-0.6786381285275005,1.2205846018810202,False,False,True,False,False,False,False
2021,-0.14484136487558028,6712.0,-0.7380280500076876,-1.1043952120199365,-0.2428663803205408,-0.16763180923808152,-0.7385354628007829,Interpolated (Month),-0.3785437506424975,-0.0055734456706894205,False,False,False,True,False,False,False
2019,1.3035722838802226,5021.0,-1.288054666917502,-0.6257692208324627,-0.2428663803205408,-0.20900690052347187,-1.0939325035409533,Estimated (Region),-0.9833449079938291,-1.231731493222399,False,True,False,False,False,False,True
2025,1.5932550136313832,9319.0,-0.06311276037229854,1.1870520259097548,0.6211757244059766,0.5274697243564767,0.12547775559654145,Interpolated (Month),1.510522972009207,-0.0055734456706894205,False,True,False,False,False,True,False
2024,-1.5932550136313832,13920.0,1.0141694184578929,-0.3480438861188408,-0.2428663803205408,-0.37450726566503334,0.5832096625015573,Interpolated (Month),-0.26871093798717943,-0.0055734456706894205,False,False,False,True,False,False,False
2018,-1.013889554129062,12088.0,0.6218969144645937,-0.7933747266860277,-0.2428663803205408,-0.3827822839221114,0.22401824653557384,Estimated (Region),1.7232699949478547,-1.231731493222399,False,False,False,True,False,False,False
2025,-0.7242068243779014,7653.0,-0.6227642561951742,-0.48225781722809197,1.5812225074354402,1.5287469334629233,0.11970124405873624,Official (Quarter),-1.3681921649356916,1.2205846018810202,False,False,False,False,False,False,False
2020,0.43452409462674085,17066.0,1.751059538167627,-0.05803839247562795,-0.2428663803205408,-0.3910573021791895,1.1766895905449988,Interpolated (Month),-0.7481124273462187,-0.0055734456706894205,False,True,False,False,False,True,False
2024,1.3035722838802226,6773.0,-0.8577521535604,-0.10471214178890785,-0.5788827543808531,-0.5979327586061413,-0.8756709793576026,Interpolated (Month),-0.7109249395967803,-0.0055734456706894205,False,False,True,False,False,False,False
2019,0.14484136487558028,3620.0,-1.5880691852319462,1.4372969823071864,-1.298917841652951,-1.37578447477148,-1.5934025379299153,Interpolated (Month),0.5243338589020071,-0.0055734456706894205,True,False,False,False,True,False,False
2020,0.14484136487558028,10661.0,0.3519307986104381,1.1699939025251453,-1.298917841652951,-1.2020090913728405,-0.4994331911084874,Interpolated (Month),-0.6613416225975292,-0.0055734456706894205,False,False,False,False,True,False,False
2023,-0.7242068243779014,13656.0,0.8937410554725174,0.6207128859409419,-0.5788827543808531,-0.5813827220919852,0.38717638124554576,Interpolated (Month),1.7275941214303474,-0.0055734456706894205,True,False,False,False,False,False,True
2022,1.013889554129062,14060.0,0.8266016562253099,0.26193412841423047,-1.298917841652951,-1.2020090913728405,0.013062310473565299,Interpolated (Month),-0.04500946129288327,-0.0055734456706894205,False,True,False,False,False,True,False
2020,0.7242068243779014,8400.0,-0.26500046440236275,1.646983665793559,-1.298917841652951,-1.2020090913728405,-0.840360636771116,Interpolated (Month),-1.329563301692089,-0.0055734456706894205,False,True,False,True,False,False,False
2020,-0.14484136487558028,15404.0,1.2010329212578128,1.6329579320001355,0.6211757244059766,0.7839952903258969,1.7859982928513474,Official (Quarter),-1.1326714091892485,1.2205846018810202,False,False,True,False,False,True,False
2025,-1.5932550136313832,10494.0,0.22492934758687444,-1.5317106464041819,-1.298917841652951,-1.2764842556865432,-0.5647304244721106,Official (Quarter),-1.4171989317372773,1.2205846018810202,False,False,False,False,False,False,False
2019,1.3035722838802226,8322.0,-0.5326190488143083,1.2311794825045224,-1.298917841652951,-1.3675094565144021,-0.9228175073499844,Interpolated (Month),1.314495904802865,-0.0055734456706894205,False,False,True,False,False,False,True
2019,-1.5932550136313832,5590.0,-1.0392163340432368,0.323709187832248,-0.5788827543808531,-0.672407922919844,-1.112111525145223,Interpolated (Month),0.5961143585113882,-0.0055734456706894205,False,False,True,False,False,False,True
2020,-0.43452409462674085,7949.0,-0.4135992046942588,1.4163232442365636,0.6211757244059766,0.8088203450971311,-0.08791337650591445,Estimated (Region),-0.9066637317042895,-1.231731493222399,True,False,False,False,False,False,True
2016,0.43452409462674085,17493.0,2.0963814133167253,-0.35733638829828923,-1.298917841652951,-1.1854590548586845,0.5455773888067372,Interpolated (Month),0.13372109998348736,-0.0055734456706894205,False,True,False,False,False,False,True
2017,-0.14484136487558028,16693.0,1.798244920156049,-0.8046543610709442,1.5812225074354402,1.3218714770359716,2.572623246381897,Interpolated (Month),1.6281392123330123,-0.0055734456706894205,False,False,True,False,False,False,False
2018,1.5932550136313832,14037.0,1.0322454105629102,-0.9833839304289074,-0.5788827543808531,-0.43243239346457985,0.5640962052073484,Estimated (Region),0.7636021909332774,-1.231731493222399,True,False,False,False,False,False,True
2017,1.5932550136313832,7076.0,-0.6718276633373642,0.23347410087918594,-1.298917841652951,-1.1854590548586845,-1.0339870382197085,Interpolated (Month),-0.37047204787517757,-0.0055734456706894205,False,False,True,False,False,False,False
2016,1.013889554129062,15259.0,1.1364758065970364,-0.39720527842570974,1.5812225074354402,1.5618470064912358,2.358580840919787,Official (Quarter),0.5459544913144713,1.2205846018810202,False,False,False,True,False,False,False
2016,-1.013889554129062,10421.0,0.204975330328089,-1.3631568043204938,1.5812225074354402,1.603222097776626,0.964884167492136,Official (Quarter),-0.8227756779439284,1.2205846018810202,False,False,False,False,False,True,False
2015,0.43452409462674085,6575.0,-0.8788799365402905,1.1223305633616685,-1.298917841652951,-1.3840594930285581,-1.176984015013419,Estimated (Region),1.2179237466938584,-1.231731493222399,True,False,False,False,True,False,False
2021,0.7242068243779014,7002.0,-0.6866171114232875,-0.19876443117768688,1.5812225074354402,1.7852724994323437,0.022463299839013014,Official (Quarter),-1.2203070392344366,1.2205846018810202,True,False,False,False,False,False,True
2022,-1.5932550136313832,10130.0,0.08806826450602859,-1.1637691119370492,-1.298917841652951,-1.3840594930285581,-0.6741726651270988,Official (Quarter),1.6800287301229262,1.2205846018810202,False,True,False,False,False,True,False
2019,1.3035722838802226,6502.0,-0.8624472164448201,-1.4499231079664114,0.6211757244059766,0.48609463307108625,-0.5631730316555452,Interpolated (Month),1.554629062130634,-0.0055734456706894205,True,False,False,False,True,False,False
2015,-1.5932550136313832,8122.0,-0.5429481871600325,-1.096899975987305,-0.5788827543808531,-0.6393078498915317,-0.647696987245491,Official (Quarter),0.10518186519903464,1.2205846018810202,False,False,True,False,False,True,False
2017,-0.43452409462674085,7856.0,-0.467827181009311,-0.5783166230534585,1.5812225074354402,1.3466965318072057,0.10534491391330812,Estimated (Region),-0.4165960636884345,-1.231731493222399,False,True,False,True,False,False,False
2023,1.013889554129062,5341.0,-1.1183281436457155,1.695417403886119,-1.298917841652951,-1.2185591278869967,-1.3061343538562138,Estimated (Region),1.548287009956311,-1.231731493222399,False,True,False,False,False,False,False
2016,-0.43452409462674085,16246.0,1.605277835606383,0.6316575210495985,-0.5788827543808531,-0.7137830142052343,0.7498223776410013,Official (Quarter),-1.4169106566384444,1.2205846018810202,False,True,False,False,False,False,False
2020,-1.3035722838802226,16816.0,2.0078794779454063,-0.8024097665136918,-1.298917841652951,-1.2102841096299186,0.4214956556760363,Estimated (Region),-1.5186717665264424,-1.231731493222399,False,False,False,True,False,False,False
2018,1.3035722838802226,9505.0,-0.014753612662771542,-1.3568743253117097,-1.298917841652951,-1.1689090183445283,-0.6576076688054513,Estimated (Region),-0.39007475459581176,-1.231731493222399,True,False,False,False,True,False,False
2016,-1.3035722838802226,8024.0,-0.5706490581781111,-1.151820473062748,1.5812225074354402,1.3384215135501278,0.1492350751074173,Official (Quarter),0.8371123411356557,1.2205846018810202,True,False,False,False,True,False,False
2016,0.14484136487558028,5320.0,-1.2277231088527036,-1.4545743293718072,0.6211757244059766,0.7095201260121942,-0.782793735024262,Estimated (Region),0.007168331595863644,-1.231731493222399,False,True,False,True,False,False,False
2016,-1.3035722838802226,11385.0,0.22704212588486347,-1.6307203286437213,-0.5788827543808531,-0.6310328316344536,-0.056595622776440264,Official (Quarter),0.7275678035791705,1.2205846018810202,False,False,False,True,False,False,False
2017,1.3035722838802226,11168.0,0.3042759103335741,-0.11264625669533283,1.5812225074354402,1.6942472986044848,1.2372580129928692,Estimated (Region),-1.1759126740141768,-1.231731493222399,False,True,False,True,False,False,False
2022,0.14484136487558028,11844.0,0.3204738772848234,-0.47091903608668445,1.5812225074354402,1.5701220247483139,1.364199685659444,Estimated (Region),-1.5601833807583736,-1.231731493222399,True,False,False,False,False,True,False
2016,-1.5932550136313832,5993.0,-0.9748939725266815,0.6637960792131253,0.6211757244059766,0.7426201990405065,-0.605109372770691,Estimated (Region),-1.017937919853772,-1.231731493222399,False,False,True,False,False,False,False
2022,-1.3035722838802226,856.0,-2.2747221320783857,1.4980993509482898,1.5812225074354402,1.4708218056633768,-1.8604246153882695,Interpolated (Month),1.278461517448758,-0.0055734456706894205,False,False,True,False,True,False,False
2016,1.5932550136313832,9780.0,0.0791476450256304,0.9249563458567511,-1.298917841652951,-1.2682092374294651,-0.6655078978203909,Estimated (Region),1.5970055016590639,-1.231731493222399,False,True,False,True,False,False,False
2020,-0.14484136487558028,9771.0,-0.06475603238184557,1.6671641414830085,0.6211757244059766,0.4943696513281643,0.21713740190965847,Interpolated (Month),-0.9651835767673592,-0.0055734456706894205,False,True,False,True,False,False,False
2020,0.14484136487558028,9432.0,-0.17274247872350781,0.42735617459330244,-0.2428663803205408,-0.39933232043626754,-0.29615095419719095,Interpolated (Month),-1.0640619356670287,-0.0055734456706894205,False,False,False,False,False,False,True
2021,1.5932550136313832,9961.0,-0.14903241115718632,-1.3073699812235071,-0.5788827543808531,-0.6641329046627659,-0.3299888526661978,Interpolated (Month),-0.3197356304805949,-0.0055734456706894205,False,True,False,False,True,False,False
2020,-0.43452409462674085,5615.0,-1.1368736420391747,1.509382464554176,1.5812225074354402,1.7438974081469534,-0.4112564414578707,Official (Quarter),0.7451525846079746,1.2205846018810202,False,True,False,False,False,False,True
2021,-1.013889554129062,9755.0,0.07022702554523222,0.4031189272527692,-0.2428663803205408,-0.12625671795269114,-0.09739931457044779,Interpolated (Month),-0.0011916462702891764,-0.0055734456706894205,False,False,False,False,False,False,False
2021,-1.5932550136313832,12075.0,0.41296661610789936,0.4387963501744084,-0.5788827543808531,-0.6227578133773755,0.07278124593058198,Official (Quarter),-0.979597331709002,1.2205846018810202,True,False,False,False,False,False,False
2016,-1.5932550136313832,8718.0,-0.15537074605115347,-0.5628698760095507,-0.5788827543808531,-0.672407922919844,-0.5554143838057481,Interpolated (Month),1.0216084043886835,-0.0055734456706894205,False,False,False,False,True,False,False
2016,0.7242068243779014,8964.0,-0.17814180104059094,0.04863402543467286,-0.2428663803205408,-0.30830711960840873,-0.34411865294739813,Interpolated (Month),-0.9746966550288434,-0.0055734456706894205,False,False,False,False,False,False,True
2025,-0.43452409462674085,9105.0,-0.13471246935970504,0.9160560015837852,0.6211757244059766,0.5191947060993986,0.0703460498901346,Interpolated (Month),-1.5538413285840509,-0.0055734456706894205,False,True,False,False,False,True,False
2019,1.5932550136313832,1234.0,-2.206643720254294,1.227680877303349,-0.2428663803205408,-0.3579572291508772,-1.8674187249462988,Official (Quarter),1.6618673988964563,1.2205846018810202,False,False,False,False,False,False,True
2022,0.7242068243779014,14406.0,1.1644114307593358,-0.8477907367208132,0.6211757244059766,0.5191947060993986,1.3379788538750923,Interpolated (Month),-1.5743088606011837,-0.0055734456706894205,False,False,True,False,True,False,False
2016,-0.7242068243779014,5630.0,-0.9831103325744166,1.490236311555967,-1.298917841652951,-1.2764842556865432,-1.2795454110424922,Interpolated (Month),1.202645166455717,-0.0055734456706894205,False,False,False,False,True,False,False
2018,0.7242068243779014,14229.0,1.0430440551970763,1.3489083676260887,-0.5788827543808531,-0.7137830142052343,0.3951332427265425,Official (Quarter),1.6154551079843664,1.2205846018810202,False,False,False,False,False,False,True
2019,0.7242068243779014,6149.0,-1.0410943591970048,-0.5836795936630136,-0.5788827543808531,-0.6558578864056878,-1.007398095405987,Interpolated (Month),1.7077031396108804,-0.0055734456706894205,False,False,False,True,False,False,False
2025,0.43452409462674085,9888.0,0.06154115920905504,-1.7068198378270196,1.5812225074354402,1.6280471525478604,0.820358114114889,Interpolated (Month),-1.3860652210633289,-0.0055734456706894205,False,True,False,False,False,False,False
2015,-1.5932550136313832,13902.0,1.119104073924682,0.48319816819424316,-0.5788827543808531,-0.45725744823581405,0.5206874199747232,Official (Quarter),-0.07671972216449742,1.2205846018810202,False,True,False,False,True,False,False
2024,-1.013889554129062,3180.0,-1.682674702353011,1.4569222737361285,1.5812225074354402,1.6528722073190945,-1.1614667193138244,Official (Quarter),1.0954068296898944,1.2205846018810202,False,False,True,False,False,False,True
2018,-1.5932550136313832,17949.0,1.9294719277755907,0.8152644611760103,-0.5788827543808531,-0.5234575942924387,1.2246289730621769,Official (Quarter),1.5122526226022042,1.2205846018810202,False,False,True,True,False,False,False
2025,0.7242068243779014,1662.0,-2.100300545922179,0.9056764913669786,-0.5788827543808531,-0.7055079959481563,-1.8139859932215994,Official (Quarter),0.07058885333909193,1.2205846018810202,False,False,False,False,False,False,True
2019,-1.3035722838802226,11573.0,0.4498228597505971,-1.2962220602038856,0.6211757244059766,0.6515949982126477,0.7391754740223013,Interpolated (Month),0.9408913767154838,-0.0055734456706894205,False,False,True,True,False,False,False
2024,-0.7242068243779014,3297.0,-1.7038024853329017,-0.3337363354268428,-0.5788827543808531,-0.7055079959481563,-1.525783373457959,Estimated (Region),0.6952809925098906,-1.231731493222399,True,False,False,False,False,False,False
2023,1.3035722838802226,5019.0,-1.2371132346215439,1.5394300109147006,0.6211757244059766,0.5026446695852423,-0.9110096381771176,Estimated (Region),-0.36240034510785757,-1.231731493222399,False,False,False,True,False,False,False
2016,0.14484136487558028,8508.0,-0.2389428653938312,0.32832710812264465,-1.298917841652951,-1.3178593469719335,-0.8746799112016066,Interpolated (Month),-0.28283641782998936,-0.0055734456706894205,False,False,True,False,False,False,True
2021,-0.14484136487558028,15411.0,1.6386127820857659,-1.2943412927537874,1.5812225074354402,1.5287469334629233,2.3768731274561707,Estimated (Region),-0.04645083678704755,-1.231731493222399,False,False,False,False,False,True,False
2015,1.013889554129062,12070.0,0.3669549998405824,0.3634945766563868,-0.2428663803205408,-0.3248571561225649,0.2564403333531575,Official (Quarter),-0.363553445503189,1.2205846018810202,False,False,True,False,False,True,False
2019,-1.3035722838802226,14215.0,1.1439879072121084,-1.5946746053308232,-0.2428663803205408,-0.3000321013513307,0.6945490907694524,Estimated (Region),-0.08940382651314308,-1.231731493222399,True,False,False,False,True,False,False
2021,-0.14484136487558028,12017.0,0.6078117258113334,-1.5139502174151884,-0.2428663803205408,-0.2752070465800964,0.27668643996850456,Official (Quarter),1.6238150858505194,1.2205846018810202,True,False,False,False,False,True,False
2019,1.5932550136313832,10012.0,0.1946461919823648,-1.3962099005675774,0.6211757244059766,0.5357447426135546,0.2957432647966565,Interpolated (Month),0.4975242747105515,-0.0055734456706894205,False,False,False,False,False,False,False
2025,0.43452409462674085,8857.0,-0.11804499612001369,-1.0999373358941624,1.5812225074354402,1.4956468604346111,0.45493712688264476,Interpolated (Month),0.8941908107045612,-0.0055734456706894205,False,True,False,False,True,False,False
2025,1.5932550136313832,7865.0,-0.4744002690474991,-1.3129591011961157,0.6211757244059766,0.47781961481400814,-0.24288811987066253,Interpolated (Month),-0.8550624890132082,-0.0055734456706894205,False,False,True,False,False,False,True
2019,0.7242068243779014,7842.0,-0.6042187578017147,0.4457796436928747,-0.5788827543808531,-0.6227578133773755,-0.6913323023423441,Official (Quarter),1.7339361736046703,1.2205846018810202,False,False,True,True,False,False,False
2015,1.013889554129062,9615.0,0.0021486137211408096,-0.011081335169072342,-0.2428663803205408,-0.17590682749515957,-0.15074709759606153,Official (Quarter),-0.2061552415404497,1.2205846018810202,True,False,False,False,False,True,False
2017,0.14484136487558028,18353.0,2.2604738611272075,-1.1376441387044778,-1.298917841652951,-1.2847592739436213,0.5824451242097889,Estimated (Region),-0.2851426186206522,-1.231731493222399,False,True,False,False,False,False,False
2020,-1.013889554129062,5487.0,-1.0788896154165866,0.21376232595755862,-1.298917841652951,-1.3178593469719335,-1.3122223439573322,Interpolated (Month),-0.25660338383619946,-0.0055734456706894205,False,False,False,True,False,False,False
2019,1.3035722838802226,13795.0,0.8578238244067036,-0.4396661881758204,1.5812225074354402,1.4459967508921427,1.8480957918827547,Official (Quarter),-0.018776427299093384,1.2205846018810202,False,True,False,False,True,False,False
2021,0.7242068243779014,9048.0,-0.31852418128475185,0.5323332178280524,-0.5788827543808531,-0.5069075577782824,-0.41983626006549357,Interpolated (Month),0.6699127838125993,-0.0055734456706894205,False,True,False,False,False,False,True
2017,0.14484136487558028,12222.0,0.46625557984606747,-1.3260181085914318,-0.2428663803205408,-0.3579572291508772,0.2654448954562072,Interpolated (Month),-1.703456104878303,-0.0055734456706894205,False,False,False,False,False,False,False
2021,1.5932550136313832,15357.0,1.5214709631194843,-0.5556539717176582,-1.298917841652951,-1.37578447477148,0.07167691284247217,Interpolated (Month),1.2574174352339595,-0.0055734456706894205,True,False,False,False,False,False,False
2019,-1.3035722838802226,9198.0,-0.03541188935421997,-0.973849870907824,-1.298917841652951,-1.3344093834860897,-0.7825388889270057,Estimated (Region),0.9057218146578754,-1.231731493222399,False,False,False,False,False,False,False
2018,1.3035722838802226,4416.0,-1.4047269795953414,-1.454646398949044,-1.298917841652951,-1.37578447477148,-1.4804774006124268,Official (Quarter),-0.6795029538239991,1.2205846018810202,False,False,False,False,False,False,False
2016,0.14484136487558028,12523.0,0.7188499630278687,0.9984504155650461,1.5812225074354402,1.3797966048355181,1.4408800447005075,Estimated (Region),-0.2923494960914736,-1.231731493222399,False,False,False,True,False,False,False
2022,1.5932550136313832,8901.0,-0.35655419064855465,-1.6357776248394789,-0.5788827543808531,-0.448982429978736,-0.42077069575543247,Estimated (Region),-1.6818354724658389,-1.231731493222399,True,False,False,False,False,False,True
2022,-0.43452409462674085,9529.0,-0.059591463208983474,1.1189756002834017,0.6211757244059766,0.5771198338989451,0.20006271339349865,Estimated (Region),-0.9438512194537279,-1.231731493222399,True,False,False,False,False,True,False
2017,-0.14484136487558028,13304.0,0.8977318589242744,0.3987723861980371,1.5812225074354402,1.6363221708049382,1.8373073070989125,Official (Quarter),-0.8729355451408454,1.2205846018810202,False,False,False,False,False,False,True
2018,-1.5932550136313832,6192.0,-1.0103416973040533,0.24110303840338046,-0.2428663803205408,-0.30830711960840873,-0.8892627712112623,Official (Quarter),1.5356029056076654,1.2205846018810202,True,False,False,True,False,False,False
2018,-0.14484136487558028,7300.0,-0.6748794542122373,0.5054622002131886,1.5812225074354402,1.5039218786916893,0.007682226198158113,Official (Quarter),-1.521554517514771,1.2205846018810202,True,False,False,True,False,False,False
2017,1.3035722838802226,8800.0,-0.2840154690842641,0.5082063114954267,0.6211757244059766,0.5026446695852423,-0.010072051910684702,Official (Quarter),0.20146574820920848,1.2205846018810202,True,False,False,False,False,True,False
2024,-1.3035722838802226,12899.0,0.7796510273811089,0.2716734619725469,0.6211757244059766,0.47781961481400814,0.9502163587833955,Official (Quarter),-0.3171411545910992,1.2205846018810202,True,False,False,False,True,False,False
2015,0.14484136487558028,10346.0,0.1364274122155556,1.193903109031359,-1.298917841652951,-1.37578447477148,-0.6392304335699822,Official (Quarter),1.0409228360104847,1.2205846018810202,False,True,False,True,False,False,False
2017,0.43452409462674085,9828.0,-0.17133395985818178,1.3174910022664972,-1.298917841652951,-1.3178593469719335,-0.6834887057934614,Interpolated (Month),0.16398998536093723,-0.0055734456706894205,True,False,False,False,False,False,True
2016,-0.43452409462674085,9308.0,-0.19340075541495624,-0.3625348414591175,0.6211757244059766,0.5936698704131012,0.15447357821768198,Interpolated (Month),1.0054649988540436,-0.0055734456706894205,False,False,False,False,False,False,False
2022,0.7242068243779014,10568.0,0.108022281764814,-1.1344596574537436,0.6211757244059766,0.4116194687573836,0.3618333526850765,Interpolated (Month),-0.15051814746570852,-0.0055734456706894205,True,False,False,False,False,False,False
2023,-0.43452409462674085,13362.0,0.8399825854459072,-0.33671057232467194,1.5812225074354402,1.603222097776626,1.8317856416583633,Estimated (Region),0.3078392596785323,-1.231731493222399,True,False,False,False,False,True,False
2019,0.43452409462674085,13326.0,1.0625285661674198,-0.006724853482997375,-0.2428663803205408,-0.12625671795269114,0.6382281032758503,Estimated (Region),-0.16781465339567986,-1.231731493222399,True,False,False,False,False,False,False
2022,-1.3035722838802226,7392.0,-0.7232386019217643,1.6666740683577979,1.5812225074354402,1.37152158657844,-0.015905195914546796,Official (Quarter),1.5136939980963684,1.2205846018810202,False,False,False,True,False,False,False
2023,-0.7242068243779014,15354.0,1.3759240137024613,0.09245729871034361,0.6211757244059766,0.8088203450971311,1.7929074537102911,Estimated (Region),1.442778323783486,-1.231731493222399,False,False,False,True,False,False,False
2017,1.5932550136313832,13504.0,1.1392928443276884,-0.6499075588911334,-0.2428663803205408,-0.3000321013513307,0.5544403697446445,Interpolated (Month),-1.4370899135567443,-0.0055734456706894205,False,False,False,False,True,False,False
2019,-0.7242068243779014,9166.0,-0.23753434652850516,0.42292911442469217,-0.2428663803205408,-0.22555693703762802,-0.26545615759434293,Interpolated (Month),-1.275655858210345,-0.0055734456706894205,False,True,False,False,False,False,False
2022,-0.14484136487558028,12159.0,0.43785044939532586,0.03385180959604585,0.6211757244059766,0.4695445965569301,0.7696437407609217,Interpolated (Month),0.6108163885518638,-0.0055734456706894205,False,False,False,True,False,False,False
2021,0.7242068243779014,11351.0,0.4200092104345295,-0.4060121807640511,-0.5788827543808531,-0.43243239346457985,0.05298819904369015,Interpolated (Month),-0.5688053158721824,-0.0055734456706894205,True,False,False,False,False,False,False
2025,-0.7242068243779014,12062.0,0.5951350560233991,-0.9082680467169997,1.5812225074354402,1.5701220247483139,1.428109423604673,Official (Quarter),1.4938030162769014,1.2205846018810202,False,False,True,False,False,False,True
2019,0.43452409462674085,8889.0,-0.1656998843968777,0.33657484994794157,-1.298917841652951,-1.1937340731157626,-0.7628591069722278,Estimated (Region),-0.28860191980664646,-1.231731493222399,False,False,False,False,False,True,False
2016,1.5932550136313832,10571.0,0.14393951283062775,-0.6831206993028396,-0.2428663803205408,-0.3248571561225649,-0.037085738219833075,Estimated (Region),-1.0369640763767403,-1.231731493222399,True,False,False,False,True,False,False
2020,-1.3035722838802226,8304.0,-0.43942205055856937,1.4499300336494538,-1.298917841652951,-1.2268341461440748,-0.865420503001301,Interpolated (Month),0.03714894187448065,-0.0055734456706894205,False,False,True,False,False,False,True
2021,-0.7242068243779014,12967.0,0.6679085307319106,-1.6208870561192132,1.5812225074354402,1.5287469334629233,1.6657958836455449,Estimated (Region),1.3862764044122462,-1.231731493222399,False,True,False,False,False,True,False
2025,1.3035722838802226,9181.0,-0.26593947697924675,-0.9189741066734246,1.5812225074354402,1.4128966778638303,0.5096724053266533,Estimated (Region),0.27814692449874817,-1.231731493222399,False,False,False,False,True,False,False
2023,0.14484136487558028,4551.0,-1.3213896133968848,0.026284503986177533,0.6211757244059766,0.41989448701446164,-1.0418589510016198,Interpolated (Month),1.48861406449791,-0.0055734456706894205,False,True,False,False,False,False,False
2019,0.43452409462674085,13167.0,1.0526689341101376,-0.9993888439227245,0.6211757244059766,0.5191947060993986,1.0416777914653133,Interpolated (Month),0.5828537039650769,-0.0055734456706894205,False,False,True,False,False,False,False
2021,-0.14484136487558028,8537.0,-0.2635919455370367,0.38234996618781303,1.5812225074354402,1.8018225359464999,0.4965336732014487,Official (Quarter),-0.4177491640837659,1.2205846018810202,True,False,False,True,False,False,False
2016,-0.43452409462674085,15206.0,1.1038451195503167,0.0686509777385299,1.5812225074354402,1.3963466413496743,2.213884890144369,Estimated (Region),0.8408599174204828,-1.231731493222399,False,True,False,False,False,False,True
2021,0.7242068243779014,13107.0,0.9493775506528955,-1.2651774685196575,-1.298917841652951,-1.2930342922006994,-0.1918622679533818,Estimated (Region),1.536467730904164,-1.231731493222399,False,True,False,False,True,False,False
2024,-1.013889554129062,11386.0,0.3643727152541513,-0.3410277885169423,-0.2428663803205408,-0.07660660841022271,0.2675969291663699,Official (Quarter),1.13028811664867,1.2205846018810202,False,True,False,False,True,False,False
2020,1.5932550136313832,935.0,-2.251951077088948,-0.4536238286445447,-1.298917841652951,-1.3178593469719335,-1.9715091975589085,Interpolated (Month),-0.38344442732265605,-0.0055734456706894205,False,False,True,False,False,True,False
2020,0.7242068243779014,10233.0,0.022572137268368233,-0.08782002694772656,-0.5788827543808531,-0.5400076308065948,-0.2162708608239122,Interpolated (Month),1.2951814731810636,-0.0055734456706894205,False,True,False,False,False,False,True
2024,-0.7242068243779014,13755.0,0.9859990411513723,-0.9755974338979254,-0.5788827543808531,-0.6806829411769221,0.3351594611722696,Interpolated (Month),-0.8910968763673153,-0.0055734456706894205,False,False,True,False,False,True,False
2018,-0.43452409462674085,11601.0,0.28361763364212567,-0.07396875123437248,1.5812225074354402,1.6197721342907823,1.3225465068745834,Estimated (Region),0.30207375770187517,-1.231731493222399,False,True,False,True,False,False,False
2019,-0.14484136487558028,13504.0,1.1099487013000628,0.4954753449344306,-0.2428663803205408,-0.30830711960840873,0.5486921744398676,Estimated (Region),0.10691151579203177,-1.231731493222399,True,False,False,False,False,True,False
2016,-1.3035722838802226,10601.0,0.17257939642559034,0.4146222258429035,0.6211757244059766,0.7674452538117407,0.5631617695174095,Official (Quarter),0.26373316955710535,1.2205846018810202,False,False,False,False,False,False,False
2022,1.3035722838802226,8164.0,-0.37181314502291996,0.8977384002080155,-1.298917841652951,-1.243384182658231,-0.8932836763013031,Estimated (Region),-0.9006099546287994,-1.231731493222399,False,True,False,True,False,False,False
2018,0.43452409462674085,15247.0,1.2219259510934821,-1.0438766484036757,1.5812225074354402,1.4377217326350646,2.2579166325036204,Official (Quarter),-0.6503871688418806,1.2205846018810202,True,False,False,False,True,False,False
2015,-0.14484136487558028,12491.0,0.5312822007952858,0.6019902038379447,-1.298917841652951,-1.259934219172387,-0.26064239797950534,Estimated (Region),-0.4713683324666771,-1.231731493222399,False,False,True,True,False,False,False
2022,-1.3035722838802226,15256.0,1.2752149148316503,1.1641403617588122,-1.298917841652951,-1.3013093104577775,0.11565202273566663,Estimated (Region),0.7788807711714189,-1.231731493222399,False,True,False,False,False,False,True
2015,-0.14484136487558028,12870.0,0.9104085287122087,1.5685868767068905,1.5812225074354402,1.3880716230925962,1.5446307225167752,Estimated (Region),1.4952443917710656,-1.231731493222399,True,False,False,False,False,True,False
2024,1.5932550136313832,12805.0,0.6866887822695911,0.6251265262572389,-0.5788827543808531,-0.49035752126412635,0.2915807785414732,Official (Quarter),1.7212520692560247,1.2205846018810202,False,True,False,False,False,False,False
2025,1.5932550136313832,5817.0,-0.9929699646316988,-0.14764523152781164,0.6211757244059766,0.6267699434414135,-0.6838001843567745,Estimated (Region),-1.2038753586009638,-1.231731493222399,True,False,False,False,False,False,True
2024,-1.013889554129062,8819.0,-0.15349272089738542,0.7530052930115885,0.6211757244059766,0.6681450347268039,0.06938329796716727,Official (Quarter),0.5860247300522382,1.2205846018810202,False,False,True,False,False,False,False
2023,1.5932550136313832,6937.0,-0.808923499562431,-0.8815158196466847,0.6211757244059766,0.8088203450971311,-0.34496813993825176,Estimated (Region),-1.6818354724658389,-1.231731493222399,True,False,False,False,False,True,False
2020,0.7242068243779014,18338.0,2.3003818956447786,-1.3733071829848436,-1.298917841652951,-1.1771840366016064,0.6814953073433334,Official (Quarter),1.3692681735811076,1.2205846018810202,False,False,True,False,False,True,False
2022,-0.14484136487558028,2499.0,-1.867894933143384,1.3148736340338818,-0.2428663803205408,-0.10143166318145692,-1.5889568893444477,Estimated (Region),-0.7902005917758157,-1.231731493222399,True,False,False,True,False,False,False
2022,1.5932550136313832,6375.0,-0.7981248549282648,-1.2452335798561713,-0.2428663803205408,-0.333132174379643,-0.86139959791126,Estimated (Region),0.22049190473217697,-1.231731493222399,False,False,False,False,False,True,False
2023,0.14484136487558028,15153.0,1.1482134638080865,-0.5490200913908987,-0.2428663803205408,-0.2752070465800964,0.8987374471376596,Estimated (Region),-0.5039434186347898,-1.231731493222399,False,False,False,False,False,False,True
2023,-1.013889554129062,9070.0,-0.27133879929632987,0.6210911269635435,0.6211757244059766,0.6102199069272574,0.10435384575731205,Estimated (Region),1.6739749530474362,-1.231731493222399,False,False,True,False,True,False,False
2022,-0.7242068243779014,7487.0,-0.4908329891429694,1.119561103469505,1.5812225074354402,1.7438974081469534,0.15407715095528363,Official (Quarter),-1.1145100779627786,1.2205846018810202,False,False,True,False,False,False,False
2017,1.5932550136313832,12561.0,0.4744719398938026,-1.4136621699849377,-0.5788827543808531,-0.6806829411769221,0.12315582448820812,Interpolated (Month),0.3487743237127978,-0.0055734456706894205,False,False,False,False,False,True,False
2015,-0.7242068243779014,15110.0,1.2268557671221232,1.503305259582625,0.6211757244059766,0.7591702355546627,1.6924414589253238,Estimated (Region),-0.22633449845874962,-1.231731493222399,False,False,False,False,False,True,False
2023,-0.43452409462674085,10263.0,-0.054426894036121366,1.2511800327666633,-1.298917841652951,-1.3344093834860897,-0.6292064870779084,Estimated (Region),1.6497598447454764,-1.231731493222399,True,False,False,False,False,False,True
2025,0.43452409462674085,15156.0,1.1010280818196647,-1.1758400205768693,-0.2428663803205408,-0.15935679098100344,0.9894626577608373,Interpolated (Month),-0.21797452059259678,-0.0055734456706894205,False,False,True,False,True,False,False
2017,-1.5932550136313832,4481.0,-1.4483910644204483,1.7366342436236524,-1.298917841652951,-1.243384182658231,-1.4408063581395578,Official (Quarter),1.1556563253459615,1.2205846018810202,False,False,True,True,False,False,False
2022,0.7242068243779014,4364.0,-1.436418654065177,0.658569792284536,-1.298917841652951,-1.2185591278869967,-1.4526425435454529,Estimated (Region),-0.6489457933477163,-1.231731493222399,False,True,False,False,False,True,False
2021,0.43452409462674085,12327.0,0.4817492873646538,-0.1998693323514625,-0.2428663803205408,-0.3910573021791895,0.26487857079563787,Interpolated (Month),1.1447018715903128,-0.0055734456706894205,False,False,True,False,False,False,True
2025,1.3035722838802226,11138.0,0.20004551429944792,-0.9698388261609182,-0.2428663803205408,-0.09315664492437885,0.20640554959187318,Estimated (Region),1.590375174385908,-1.231731493222399,True,False,False,False,True,False,False
2019,1.3035722838802226,9433.0,-0.25115002889332344,1.3125594550572286,0.6211757244059766,0.7343451807834285,0.2529574366906572,Official (Quarter),-1.1286355578055884,1.2205846018810202,False,False,False,True,False,False,False
2023,1.5932550136313832,5348.0,-1.1739646388260936,1.2975426403189063,0.6211757244059766,0.5605697973847888,-0.8167165821923541,Estimated (Region),1.5817269214209224,-1.231731493222399,False,True,False,False,False,False,True
2021,1.3035722838802226,14807.0,0.9850600285744883,0.36814579806178244,-0.2428663803205408,-0.31658213786548683,0.7986678796150909,Interpolated (Month),1.2729842905709337,-0.0055734456706894205,False,False,True,False,True,False,False
2021,0.43452409462674085,13069.0,0.8348180162730451,0.1381523928679038,-0.2428663803205408,-0.25865701006594033,0.49644872450236344,Official (Quarter),-0.9862276589821577,1.2205846018810202,False,True,False,False,False,False,True
2016,0.7242068243779014,20337.625,2.4118896391497557,1.2507824075129428,0.6211757244059766,0.7426201990405065,2.9947333321371143,Estimated (Region),0.16053068417494296,-1.231731493222399,True,False,False,False,True,False,False
2018,-1.3035722838802226,7551.0,-0.6673673535971651,1.2863837846048078,-0.2428663803205408,-0.10143166318145692,-0.5418225919520884,Interpolated (Month),-0.2586213095280295,-0.0055734456706894205,False,True,False,False,False,True,False
2025,-0.7242068243779014,6995.0,-0.8490662872242228,0.6097965816316123,-0.5788827543808531,-0.564832685577829,-0.8234275294200986,Interpolated (Month),-0.17386843047116984,-0.0055734456706894205,False,True,False,False,True,False,False
2023,1.3035722838802226,10831.0,0.1986369954341219,-0.2612562101155355,1.5812225074354402,1.6694222438332507,1.1225206367615592,Estimated (Region),1.5511697609446398,-1.231731493222399,False,True,False,True,False,False,False
2021,-1.5932550136313832,2137.0,-1.9669607600046481,-0.8210370185557961,1.5812225074354402,1.3963466413496743,-1.4997041228387495,Official (Quarter),0.6736603600974264,1.2205846018810202,False,True,False,True,False,False,False
2023,-1.013889554129062,6987.0,-0.6680716130298281,-0.423512662243425,-0.2428663803205408,-0.37450726566503334,-0.7566578519389956,Interpolated (Month),0.4822456944724101,-0.0055734456706894205,False,False,False,False,False,True,False
2023,1.013889554129062,10819.0,0.17844822503111546,0.7457774599620842,-0.5788827543808531,-0.7137830142052343,-0.20449130788407394,Interpolated (Month),-0.373643073962339,-0.0055734456706894205,False,False,True,False,True,False,False
2018,-1.3035722838802226,11286.0,0.5000600326138922,1.5156455593318408,-0.2428663803205408,-0.10143166318145692,0.23237153527896862,Estimated (Region),0.4877229213502344,-1.231731493222399,False,False,True,False,False,False,True
2018,-0.43452409462674085,14415.0,0.9033659343855786,-0.0019006650922327691,1.5812225074354402,1.6611472255761726,2.1850589649213994,Interpolated (Month),-0.837477707984404,-0.0055734456706894205,True,False,False,True,False,False,False
2025,-1.013889554129062,4027.0,-1.5089573756294676,1.6045023777491942,-0.2428663803205408,-0.2338319552947061,-1.2996216202596687,Official (Quarter),-0.32405975696308775,1.2205846018810202,False,False,True,False,False,True,False
2024,-0.7242068243779014,14574.0,1.2977512166768668,-0.9848536527729718,-0.5788827543808531,-0.6062077768632194,0.5362613481403748,Official (Quarter),0.0466620201359649,1.2205846018810202,False,True,False,True,False,False,False
2025,-1.5932550136313832,4241.0,-1.433132110046083,-1.0859081228797687,0.6211757244059766,0.7757202720688188,-1.0369602426876967,Official (Quarter),-0.8504500874318826,1.2205846018810202,False,True,False,False,False,False,False
2025,-0.14484136487558028,10014.0,0.045108439113584704,1.1351380727840061,0.6211757244059766,0.6184949251843354,0.33875562276688365,Estimated (Region),1.4600748297134571,-1.231731493222399,True,False,False,True,False,False,False
2021,0.14484136487558028,13236.0,0.6866887822695911,0.9118446531153175,1.5812225074354402,1.3218714770359716,1.6035001709829384,Estimated (Region),0.21933880433684555,-1.231731493222399,False,False,True,True,False,False,False
2015,0.43452409462674085,6904.0,-0.8366243705805096,1.425695271466756,-0.5788827543808531,-0.5482826490636729,-0.8342726466699978,Estimated (Region),-0.323483206765422,-1.231731493222399,True,False,False,False,False,False,True
2020,0.7242068243779014,19989.0,2.5849027064406362,-0.04269453096612059,-1.298917841652951,-1.2847592739436213,0.8221703530287106,Official (Quarter),-1.1000963230211358,1.2205846018810202,False,False,False,False,True,False,False
2021,0.7242068243779014,11461.0,0.33033350934210565,-0.1617604310033226,0.6211757244059766,0.46126957829985205,0.5996613938910912,Interpolated (Month),-1.5443282503225666,-0.0055734456706894205,False,False,True,False,True,False,False
2021,0.7242068243779014,9843.0,0.07773912616030439,0.25052775097969116,-0.5788827543808531,-0.49035752126412635,-0.2632474914181233,Estimated (Region),-1.191767804449984,-1.231731493222399,False,False,True,True,False,False,False
2017,1.3035722838802226,5590.0,-1.146498520952236,1.3060836307688233,-1.298917841652951,-1.350959420000246,-1.3068139434488968,Interpolated (Month),-0.7997136700372999,-0.0055734456706894205,False,False,False,False,False,True,False
2018,-0.43452409462674085,12023.0,0.40921056580036325,-1.5312434367310603,-0.5788827543808531,-0.556557667320751,0.10424058082519833,Estimated (Region),0.3487743237127978,-1.231731493222399,False,True,False,False,False,False,True
2025,-1.3035722838802226,17456.0,2.0984941916147144,1.1351678946780348,1.5812225074354402,1.4377217326350646,2.8903030647281622,Interpolated (Month),-0.5907142233834795,-0.0055734456706894205,False,False,False,True,False,False,False
2021,0.7242068243779014,6586.0,-0.8037589303895689,-0.28689409241229885,-0.2428663803205408,-0.3496822108937991,-0.825749460528432,Official (Quarter),0.6736603600974264,1.2205846018810202,True,False,False,True,False,False,False
2022,1.5932550136313832,14684.0,1.2864830657542585,-0.5354148463032847,-0.5788827543808531,-0.448982429978736,0.674727727649532,Interpolated (Month),-0.701700136434129,-0.0055734456706894205,False,False,False,True,False,False,False
2017,1.5932550136313832,20337.625,4.292027571215783,-1.175965272531791,1.5812225074354402,1.3301464952930497,5.10958782833352,Official (Quarter),-0.15686019964003134,1.2205846018810202,False,False,True,True,False,False,False
2024,0.7242068243779014,4620.0,-1.3056611527340773,-0.9850822872938609,-0.2428663803205408,-0.2669320283230184,-1.1885936705550866,Official (Quarter),-1.0591612589868702,1.2205846018810202,False,True,False,False,False,False,True
2018,1.3035722838802226,10848.0,0.253099724893395,-1.1787481522762675,-0.2428663803205408,-0.17590682749515957,0.10010641080304342,Estimated (Region),-1.1306534834974185,-1.231731493222399,False,False,True,True,False,False,False
2018,1.013889554129062,10672.0,0.14464377226329078,0.42674134654473733,1.5812225074354402,1.6776972620903288,1.0796498599564743,Official (Quarter),-1.3275453760002591,1.2205846018810202,True,False,False,False,True,False,False
2016,1.3035722838802226,14130.0,1.0017275018141796,-1.1544616988105865,-0.2428663803205408,-0.2669320283230184,0.7018263626577658,Estimated (Region),-1.2168477380484424,-1.231731493222399,False,False,False,False,False,False,False
2021,1.3035722838802226,11543.0,0.34512295742802895,0.30203016196783916,-0.5788827543808531,-0.6310328316344536,-0.02816612481586902,Estimated (Region),-1.4094155040687901,-1.231731493222399,False,False,False,False,False,True,False
2023,0.14484136487558028,9697.0,-0.14856290486874432,-1.0559495451697647,-0.2428663803205408,-0.3579572291508772,-0.22468078203336414,Interpolated (Month),0.9780788644649222,-0.0055734456706894205,False,False,True,False,False,True,False
2020,0.7242068243779014,10029.0,-0.06475603238184557,-0.3100522842205484,-1.298917841652951,-1.2185591278869967,-0.6032405013908129,Official (Quarter),0.9576113324477894,1.2205846018810202,True,False,False,False,False,False,True
2015,0.7242068243779014,15086.0,1.0503214026679275,-1.3727882820287385,0.6211757244059766,0.7343451807834285,1.6671833790639394,Official (Quarter),-1.0926011704514815,1.2205846018810202,True,False,False,False,False,True,False
2018,-1.5932550136313832,14330.0,1.2766234336969762,-0.07419738575526205,0.6211757244059766,0.5522947791277109,1.3441517926752962,Interpolated (Month),-0.4560897522285357,-0.0055734456706894205,False,False,False,False,True,False,False
2022,-0.43452409462674085,10488.0,0.05215103344021485,-0.6767815586954008,-1.298917841652951,-1.2185591278869967,-0.5344320551316609,Estimated (Region),-0.5783183941336666,-1.231731493222399,False,False,True,False,True,False,False
2020,-0.14484136487558028,7893.0,-0.43496174081837025,-0.8109671590053241,1.5812225074354402,1.7025223168615629,0.2599232300156578,Interpolated (Month),-0.9980469380343048,-0.0055734456706894205,False,False,False,False,True,False,False
2015,-1.3035722838802226,2324.0,-1.9326868009483813,-1.606666982983034,1.5812225074354402,1.6197721342907823,-1.4199089781645562,Interpolated (Month),0.028788964008327835,-0.0055734456706894205,True,False,False,True,False,False,False
2024,0.7242068243779014,9727.0,0.05074251457488882,-0.045857639859467156,-1.298917841652951,-1.3261343652290116,-0.7022340520583004,Interpolated (Month),-1.4252706345045971,-0.0055734456706894205,False,False,True,False,False,True,False
2022,-1.5932550136313832,13491.0,1.0799002988397741,-0.9847467909860343,-1.298917841652951,-1.3923345112856362,-0.2045196241171024,Interpolated (Month),-0.039820509513891864,-0.0055734456706894205,False,False,False,False,False,False,False
2019,-1.3035722838802226,2439.0,-1.8789283309217713,1.3418211945100873,0.6211757244059766,0.4695445965569301,-1.5299175434801138,Official (Quarter),0.3577108517766164,1.2205846018810202,False,True,False,False,False,True,False
2019,1.3035722838802226,10763.0,0.04628220483468973,-1.2403243990674246,-0.5788827543808531,-0.7137830142052343,-0.2143453569779772,Interpolated (Month),0.4548595600832888,-0.0055734456706894205,False,True,False,True,False,False,False
2019,-0.43452409462674085,6061.0,-1.0331127522934906,-0.30454318633025035,-1.298917841652951,-1.235109164401153,-1.203346427962913,Estimated (Region),-0.9579766992965378,-1.231731493222399,False,False,True,False,True,False,False
2022,0.14484136487558028,10399.0,0.045108439113584704,-1.17725457241698,-0.2428663803205408,-0.22555693703762802,-0.01774575106139679,Interpolated (Month),0.13112662409399167,-0.0055734456706894205,False,False,False,True,False,False,False
2021,0.14484136487558028,10432.0,0.20544483661653104,1.022985384814303,-0.2428663803205408,-0.2007318822663938,0.0021605607576090894,Official (Quarter),-1.1822547261884997,1.2205846018810202,True,False,False,True,False,False,False
2023,0.43452409462674085,12771.0,0.8848204359921191,-0.4424063232055221,1.5812225074354402,1.4211716961209084,1.5382595700853725,Estimated (Region),0.9711602620929337,-1.231731493222399,False,True,False,False,False,False,False
2015,-1.013889554129062,6717.0,-0.9025900041066119,-0.45564028571247445,-0.2428663803205408,-0.3248571561225649,-0.791713348428226,Estimated (Region),-0.8663052178676897,-1.231731493222399,False,False,True,True,False,False,False
2021,-1.3035722838802226,10922.0,0.24065780824968178,0.35054640730054604,-0.2428663803205408,-0.3496822108937991,0.017734488923260724,Official (Quarter),0.8552736723621256,1.2205846018810202,False,True,False,False,True,False,False
2024,0.7242068243779014,4461.0,-1.4415832232380392,-1.6952280676179328,-1.298917841652951,-1.3095843287148556,-1.4589287472777706,Interpolated (Month),-0.29061984549847647,-0.0055734456706894205,False,False,False,False,False,False,True
2022,1.5932550136313832,4719.0,-1.3131732533491496,1.153365214414554,-0.2428663803205408,-0.09315664492437885,-1.1268076500869924,Official (Quarter),0.48397534506540724,1.2205846018810202,False,False,True,False,True,False,False
2021,-0.43452409462674085,9545.0,-0.21804983555816176,-1.1238023065909,1.5812225074354402,1.7935475176894218,0.7998854776353141,Official (Quarter),0.6877858399402363,1.2205846018810202,False,False,False,False,False,False,True
2021,1.5932550136313832,13859.0,1.0334191762840153,-0.5441874534634934,-1.298917841652951,-1.3923345112856362,-0.15261596897593996,Estimated (Region),1.7241348202443532,-1.231731493222399,False,True,False,False,False,True,False
2017,0.14484136487558028,6698.0,-0.7338024934117094,1.0111192531801485,-0.2428663803205408,-0.30830711960840873,-0.789731212116234,Interpolated (Month),1.4508500265508057,-0.0055734456706894205,True,False,False,False,False,False,False
2019,0.7242068243779014,15884.0,1.610207651635024,-0.9971273502921891,0.6211757244059766,0.5026446695852423,1.6779152313817254,Official (Quarter),-0.7371579735905702,1.2205846018810202,False,False,False,False,False,True,False
2015,-1.3035722838802226,9861.0,0.155442416897457,-0.8928411809357789,0.6211757244059766,0.68469507124096,0.33487629884198494,Official (Quarter),0.9244596960820111,1.2205846018810202,True,False,False,False,False,False,True
2016,1.3035722838802226,3663.0,-1.5354844809264412,1.587861760880992,-1.298917841652951,-1.2102841096299186,-1.5561666914974939,Estimated (Region),-1.7048974803724672,-1.231731493222399,False,False,True,True,False,False,False
2021,-0.7242068243779014,7580.0,-0.5028053994982407,0.9413877124351836,-1.298917841652951,-1.2682092374294651,-0.9897570822292578,Interpolated (Month),-0.5437253822737239,-0.0055734456706894205,False,False,False,False,True,False,False
2022,-0.14484136487558028,7532.0,-0.6072705486765878,-1.5799361282701057,-0.2428663803205408,-0.08488162666730079,-0.5393590796786125,Official (Quarter),0.7667732170204389,1.2205846018810202,False,True,False,False,False,False,True
2017,-1.5932550136313832,8033.0,-0.4596108209615758,0.0747808680561987,-1.298917841652951,-1.37578447477148,-0.967358941903748,Official (Quarter),0.9720250873894323,1.2205846018810202,False,False,False,False,False,False,True
2020,-1.013889554129062,14639.0,1.2047889715653488,-1.3288134141250867,0.6211757244059766,0.46126957829985205,1.3501548340773295,Estimated (Region),0.14698175452979872,-1.231731493222399,False,True,False,False,False,False,True
2020,-0.14484136487558028,7771.0,-0.422519824174657,-1.4253205424240227,0.6211757244059766,0.6184949251843354,-0.20905022140165566,Interpolated (Month),1.4672817071842785,-0.0055734456706894205,False,False,True,True,False,False,False
2023,1.5932550136313832,11128.0,0.34089740083205083,-0.6288239768441708,0.6211757244059766,0.6350449616984916,0.6202756115358082,Official (Quarter),0.8175096344150214,1.2205846018810202,True,False,False,False,False,False,False
2020,-0.14484136487558028,4677.0,-1.3049568933014144,-1.4854220965554437,1.5812225074354402,1.4294467143779865,-0.7700231139284276,Estimated (Region),1.5119643475033713,-1.231731493222399,False,False,True,False,False,False,False
2015,1.5932550136313832,12570.0,0.5073373800847433,-1.6218393686018737,1.5812225074354402,1.7769974811752656,1.7104505831314232,Estimated (Region),0.4228610241128418,-1.231731493222399,False,True,False,True,False,False,False
2017,-0.7242068243779014,10795.0,0.3256384464576855,0.5426694862985172,-0.2428663803205408,-0.3579572291508772,-0.01154449602816444,Estimated (Region),1.3196848565818564,-1.231731493222399,False,False,False,True,False,False,False
2017,-1.013889554129062,9296.0,-0.3004481891797345,1.597357548971404,-0.5788827543808531,-0.4407074117216579,-0.34199493547026383,Official (Quarter),1.0060415490517092,1.2205846018810202,False,False,True,False,True,False,False
2022,0.7242068243779014,9215.0,-0.09621295370746023,0.3685762273989351,-0.5788827543808531,-0.5151825760353606,-0.39259604389211744,Official (Quarter),-1.6466659104082304,1.2205846018810202,False,True,False,False,True,False,False
2020,-1.3035722838802226,6932.0,-0.6462395706172747,0.9313004567798617,-0.5788827543808531,-0.5234575942924387,-0.8202844275539397,Official (Quarter),1.1398011949101543,1.2205846018810202,False,False,False,False,False,True,False
2019,0.7242068243779014,13821.0,1.1846002011623424,-1.4308624443977522,-0.5788827543808531,-0.4407074117216579,0.5171195746131376,Interpolated (Month),1.1455666968868115,-0.0055734456706894205,False,True,False,False,False,False,True
2018,-1.5932550136313832,4526.0,-1.4129433396430766,-1.3293864915220113,-1.298917841652951,-1.2764842556865432,-1.441797426295554,Estimated (Region),1.4113563380107046,-1.231731493222399,False,False,True,False,True,False,False
2018,-1.5932550136313832,11796.0,0.3345590659380837,0.5487889389532755,0.6211757244059766,0.8088203450971311,0.8891948766070691,Estimated (Region),0.23461738457498693,-1.231731493222399,False,True,False,False,True,False,False
2024,0.7242068243779014,11173.0,0.15896371406077206,-0.4027541388413793,-1.298917841652951,-1.1771840366016064,-0.40800007465959814,Interpolated (Month),0.32917161699216363,-0.0055734456706894205,False,True,False,False,True,False,False
2015,-1.013889554129062,5198.0,-1.2528416952843513,-0.8643548107276747,-0.2428663803205408,-0.22555693703762802,-1.0626430660445076,Interpolated (Month),0.7618725403402803,-0.0055734456706894205,False,True,False,False,False,False,True
2017,0.43452409462674085,8032.0,-0.5537468317941987,-0.515466484355694,-0.5788827543808531,-0.6144827951202975,-0.6536433961814672,Official (Quarter),-1.4725477507131854,1.2205846018810202,False,False,False,True,False,False,False
2019,1.5932550136313832,13871.0,1.1369453128854783,1.5266990443537036,-1.298917841652951,-1.243384182658231,-0.04487270230265889,Estimated (Region),-1.1710119973340183,-1.231731493222399,False,False,True,True,False,False,False
2022,0.43452409462674085,13977.0,0.8028915886589885,-0.39386820848386045,-0.5788827543808531,-0.6806829411769221,0.37457565754788236,Estimated (Region),0.6952809925098906,-1.231731493222399,False,False,False,False,False,False,False
2017,-0.14484136487558028,9474.0,-0.1912879771169672,-0.22361998578775558,1.5812225074354402,1.6776972620903288,0.7219308881079707,Estimated (Region),-1.6789527214775104,-1.231731493222399,False,False,False,False,False,True,False
2020,-0.14484136487558028,3949.0,-1.5577860296274366,-1.437850211200323,-0.2428663803205408,-0.10143166318145692,-1.2884083919803995,Official (Quarter),-1.0404233775627345,1.2205846018810202,False,False,True,False,False,False,True
2020,1.013889554129062,8875.0,-0.37416067646513,0.43098201987566687,-0.5788827543808531,-0.6641329046627659,-0.5237285190469041,Official (Quarter),0.03340136558965353,1.2205846018810202,True,False,False,False,False,True,False
2024,0.43452409462674085,9497.0,-0.07320714557380176,1.6535494527956185,-0.5788827543808531,-0.6310328316344536,-0.39661694898215827,Estimated (Region),1.4831368376200857,-1.231731493222399,False,False,True,False,False,False,True
2018,1.3035722838802226,10631.0,0.27845306446926354,-0.5561634290739876,-0.5788827543808531,-0.43243239346457985,-0.08403405258101576,Interpolated (Month),0.84258956801348,-0.0055734456706894205,False,True,False,False,False,False,False
2025,-0.7242068243779014,14646.0,1.25408713185176,-0.7179258318241293,-0.2428663803205408,-0.2669320283230184,0.8043877586868393,Interpolated (Month),0.734486405951159,-0.0055734456706894205,False,False,True,False,True,False,False
2020,-1.013889554129062,5479.0,-1.0685604770708623,0.7457292479000706,-1.298917841652951,-1.3261343652290116,-1.3157052406198324,Estimated (Region),-1.5270317443925954,-1.231731493222399,True,False,False,False,False,False,False
2018,1.013889554129062,11286.0,0.3188306052752764,-1.3204881353753137,1.5812225074354402,1.5701220247483139,1.2006734399201018,Interpolated (Month),-0.503655143535957,-0.0055734456706894205,False,False,True,False,False,False,False
2020,-0.7242068243779014,13035.0,0.8838814234152351,1.1309838829457612,1.5812225074354402,1.7438974081469534,1.829520343016087,Interpolated (Month),-0.2741881648650037,-0.0055734456706894205,False,True,False,False,False,False,False
2023,1.013889554129062,7375.0,-0.5795696776585093,-1.3729016052260488,-1.298917841652951,-1.2185591278869967,-1.0011685241397263,Official (Quarter),0.13112662409399167,1.2205846018810202,False,False,False,False,False,True,False
2025,0.14484136487558028,2723.0,-1.8106151659534588,-1.0475646226319337,-0.5788827543808531,-0.5979327586061413,-1.6119213543305264,Official (Quarter),0.02532966282233356,1.2205846018810202,False,False,False,False,False,False,False
2022,-1.013889554129062,8256.0,-0.27978991248828605,-0.8414312178191203,-0.5788827543808531,-0.5896577403490633,-0.6025892280311583,Interpolated (Month),-1.6063073965716306,-0.0055734456706894205,False,False,True,False,True,False,False
2025,-1.3035722838802226,6699.0,-0.8230086882156913,-0.7660698005130409,-0.5788827543808531,-0.4407074117216579,-0.8350655011947945,Official (Quarter),1.3479358162674764,1.2205846018810202,False,True,False,False,False,False,False
2019,1.013889554129062,12891.0,0.826836409369531,1.1272019697513123,1.5812225074354402,1.3218714770359716,1.5068002351907563,Estimated (Region),0.1648548106574358,-1.231731493222399,False,False,True,False,False,True,False
2023,0.7242068243779014,11694.0,0.4629690358269734,-1.2552244113874662,-1.298917841652951,-1.2682092374294651,-0.3834215843908972,Official (Quarter),-0.6212713838597621,1.2205846018810202,False,False,False,False,False,True,False
2017,1.5932550136313832,7124.0,-0.7427231128921077,-1.63026703585448,-0.2428663803205408,-0.08488162666730079,-0.6242794625309567,Interpolated (Month),0.6001502098950482,-0.0055734456706894205,True,False,False,True,False,False,False
2019,-0.7242068243779014,9977.0,0.05238578658443585,-0.9443137700298976,-1.298917841652951,-1.2764842556865432,-0.6407028776874623,Estimated (Region),0.6938396170157263,-1.231731493222399,False,False,True,False,False,True,False
2018,-1.3035722838802226,16810.0,1.8775914829027487,1.1335137736225576,0.6211757244059766,0.4695445965569301,1.8700125562467809,Official (Quarter),1.1712231806829356,1.2205846018810202,True,False,False,False,True,False,False
2025,1.013889554129062,3031.0,-1.6944123595640614,1.2625675230016513,0.6211757244059766,0.47781961481400814,-1.3885912244350822,Official (Quarter),-1.6204328764144407,1.2205846018810202,False,False,False,False,False,False,False
2021,0.43452409462674085,8848.0,-0.3518591277641345,-0.15762860758559918,1.5812225074354402,1.5783970430053917,0.4899359909058183,Estimated (Region),0.9313782984539996,-1.231731493222399,False,False,False,False,True,False,False
2017,-1.3035722838802226,9235.0,-0.020387688124075657,0.07082300568697801,0.6211757244059766,0.68469507124096,0.17987323924420848,Interpolated (Month),-0.6313610123189121,-0.0055734456706894205,False,False,False,False,False,False,True
2015,-0.43452409462674085,10974.0,0.34747048887023896,-1.4519748542756092,1.5812225074354402,1.363246568321362,0.9927190245591102,Estimated (Region),1.702802462930722,-1.231731493222399,False,False,True,True,False,False,False
2025,0.7242068243779014,6670.0,-0.7208910704795543,-0.32848569395146354,-0.5788827543808531,-0.6062077768632194,-0.8972479489252873,Official (Quarter),-0.6627829980916934,1.2205846018810202,True,False,False,False,False,False,True
2020,-0.14484136487558028,5248.0,-1.1626964879034853,1.5980166128294462,-0.5788827543808531,-0.5731077038349071,-1.1462325859445144,Estimated (Region),-1.4235409839116,-1.231731493222399,True,False,False,False,False,False,True
2018,1.013889554129062,1697.0,-2.096779248758864,1.5820942065757755,-1.298917841652951,-1.4006095295427143,-1.868353160636238,Estimated (Region),-0.6806560542193304,-1.231731493222399,False,False,False,False,False,False,False
2020,1.3035722838802226,14412.0,0.9322405711247621,0.36704984345621516,-1.298917841652951,-1.3840594930285581,-0.06851675688142099,Estimated (Region),-1.4379547388532428,-1.231731493222399,False,False,True,False,False,False,False
2025,1.013889554129062,10175.0,0.1603722329260981,-1.1485157101727634,-0.5788827543808531,-0.5317326125495168,-0.22267032948834356,Estimated (Region),-1.4140279056501157,-1.231731493222399,False,True,False,False,False,False,False
2025,0.43452409462674085,8949.0,-0.15349272089738542,0.3391773072335423,-0.2428663803205408,-0.109706681438535,-0.25585695459769586,Official (Quarter),-1.115374903259277,1.2205846018810202,False,False,False,False,False,False,True
2015,0.43452409462674085,19783.0,2.1550696993719765,1.2993066053507243,-0.2428663803205408,-0.09315664492437885,2.0019662021593927,Estimated (Region),0.2447070130341369,-1.231731493222399,False,False,False,False,True,False,False
2018,-1.013889554129062,8510.0,-0.2239186641636869,0.6624834188442803,-0.5788827543808531,-0.4738074847499702,-0.5056910786077766,Official (Quarter),0.2138615774590213,1.2205846018810202,False,False,False,False,False,False,False
2016,-0.43452409462674085,13737.0,0.9010184029433684,-0.2941562206399367,0.6211757244059766,0.7508952172975846,1.3413768018385073,Estimated (Region),0.8275992628741714,-1.231731493222399,True,False,False,False,False,False,False
2015,-1.5932550136313832,7597.0,-0.5352013334007394,-0.2036174473993456,-0.5788827543808531,-0.6889579594340001,-0.7613866628547481,Interpolated (Month),0.0028442051133708056,-0.0055734456706894205,True,False,False,True,False,False,False
2018,1.5932550136313832,12145.0,0.6754206313469828,1.089449937068386,1.5812225074354402,1.487371842177533,1.4008408911982682,Interpolated (Month),-0.2099028178252768,-0.0055734456706894205,False,False,True,False,False,False,True
2022,-0.43452409462674085,13056.0,0.8543025272433885,1.6607628719296759,-0.5788827543808531,-0.6310328316344536,0.24432098561697776,Official (Quarter),-0.11563686050693296,1.2205846018810202,False,True,False,False,False,True,False
2018,-1.5932550136313832,10761.0,0.22610311330797947,-1.621377129244424,-0.2428663803205408,-0.2503819918088622,0.04126527856990877,Estimated (Region),-0.29984464866112787,-1.231731493222399,False,False,False,False,False,False,False
2018,1.013889554129062,9910.0,0.01271250521108603,1.7168538783457588,-0.5788827543808531,-0.46553246649289215,-0.23804604402279617,Estimated (Region),-1.373381116714683,-1.231731493222399,True,False,False,False,False,False,False
2016,1.5932550136313832,121.0,-2.4688629823491564,1.3278044072848727,0.6211757244059766,0.6681450347268039,-2.0770721142889985,Official (Quarter),0.25940904307461254,1.2205846018810202,True,False,False,False,False,False,True
2015,1.013889554129062,13930.0,0.974026630796101,-0.40198125475445995,1.5812225074354402,1.5783970430053917,1.9814652494467895,Estimated (Region),-1.5477875515085608,-1.231731493222399,False,False,True,True,False,False,False
2015,0.7242068243779014,14984.0,1.0977415378005706,-1.1020367972338065,-1.298917841652951,-1.2020090913728405,0.15240649320660454,Interpolated (Month),1.5627007648979538,-0.0055734456706894205,False,False,True,False,False,False,False
2016,1.3035722838802226,6535.0,-0.8126795498699672,-0.7768931599193134,-0.2428663803205408,-0.30830711960840873,-0.8217851879044479,Interpolated (Month),1.0190139284991877,-0.0055734456706894205,False,False,False,True,False,False,False
2017,-1.5932550136313832,10239.0,0.03102325046032441,0.5188949753470011,-0.5788827543808531,-0.6889579594340001,-0.2934325958264589,Official (Quarter),1.3637909467032834,1.2205846018810202,False,False,False,False,True,False,False
2021,-0.14484136487558028,8154.0,-0.3366001733897692,-0.36074652188050904,1.5812225074354402,1.487371842177533,0.24814367707581958,Interpolated (Month),-0.9931462613541462,-0.0055734456706894205,False,True,False,False,False,True,False
2019,1.013889554129062,10447.0,0.11999469212008526,0.0010149220806722667,0.6211757244059766,0.4364445235286178,0.34688238164605095,Interpolated (Month),0.6575169545627865,-0.0055734456706894205,False,False,True,False,False,False,True
2020,-0.14484136487558028,7905.0,-0.5563291163806298,-0.11547287521771894,0.6211757244059766,0.800545326840053,-0.10246792028254158,Official (Quarter),1.5128291727998697,1.2205846018810202,False,False,False,True,False,False,False
2025,-1.5932550136313832,7178.0,-0.7983596080724858,-1.406997970732582,-1.298917841652951,-1.2682092374294651,-1.0490229579578194,Official (Quarter),-1.531644145973921,1.2205846018810202,True,False,False,False,True,False,False
2019,0.43452409462674085,13675.0,0.8827076576941301,0.12568037975339344,1.5812225074354402,1.810097554203578,2.0692738880680364,Official (Quarter),-0.06864801939717745,1.2205846018810202,False,False,False,True,False,False,False
2025,-0.14484136487558028,8280.0,-0.4591413146731338,-0.7139282069295371,-0.5788827543808531,-0.6641329046627659,-0.6298577604375629,Interpolated (Month),-0.7910654170723143,-0.0055734456706894205,False,True,False,True,False,False,False
2023,0.14484136487558028,7598.0,-0.4612540929711228,0.01296554908124209,-1.298917841652951,-1.1854590548586845,-0.9548431669051698,Estimated (Region),0.7347746810499919,-1.231731493222399,False,False,False,False,True,False,False
2022,0.43452409462674085,9804.0,-0.0701553546989287,0.6039465200862496,-1.298917841652951,-1.2185591278869967,-0.6369934511607341,Estimated (Region),0.12593767231500025,-1.231731493222399,False,True,False,False,False,True,False
2022,1.5932550136313832,15242.0,1.0794307925513322,1.691580817219283,1.5812225074354402,1.7521724264040315,2.5025122534034363,Interpolated (Month),1.3862764044122462,-0.0055734456706894205,False,False,False,False,True,False,False
2021,1.3035722838802226,4265.0,-1.477030948015411,1.3281771809602356,-0.5788827543808531,-0.5979327586061413,-1.3316189635818256,Official (Quarter),-0.2845660684229865,1.2205846018810202,True,False,False,False,False,True,False
2025,1.5932550136313832,4553.0,-1.4122390802104137,0.04671747171174015,-0.2428663803205408,-0.31658213786548683,-1.2135119556201293,Interpolated (Month),-1.1528506661075484,-0.0055734456706894205,True,False,False,False,False,True,False
2023,0.14484136487558028,15532.0,1.5303915825998826,0.27369439232458154,1.5812225074354402,1.7604474446611094,2.5968053093882,Estimated (Region),0.7122892233410291,-1.231731493222399,False,True,False,False,False,True,False
2025,-1.013889554129062,4322.0,-1.3720962925486218,1.0614258062177322,-1.298917841652951,-1.2764842556865432,-1.47178431707269,Estimated (Region),-0.020217802793257664,-1.231731493222399,True,False,False,True,False,False,False
2025,-0.43452409462674085,7732.0,-0.469705206163079,-0.7322323884529935,1.5812225074354402,1.4128966778638303,0.09670846283962871,Interpolated (Month),1.6589846479081278,-0.0055734456706894205,False,False,True,False,True,False,False
2016,-0.43452409462674085,8790.0,-0.1861234079441051,0.40547933016516785,0.6211757244059766,0.5357447426135546,0.002472039320922161,Interpolated (Month),0.44794095771130027,-0.0055734456706894205,True,False,False,False,False,True,False
2016,1.3035722838802226,8067.0,-0.5347318271122974,-1.5279053727260765,1.5812225074354402,1.6197721342907823,0.2778190892896431,Interpolated (Month),0.6650121071324407,-0.0055734456706894205,False,False,True,False,False,True,False
2023,-0.7242068243779014,12566.0,0.7571147255358925,-1.4488972348118125,-1.298917841652951,-1.3095843287148556,-0.2815680941875354,Interpolated (Month),0.22452775611583697,-0.0055734456706894205,False,False,True,False,False,False,True
2021,-0.43452409462674085,17149.0,1.653167477027468,-1.367899479534245,1.5812225074354402,1.6528722073190945,2.9917884439021547,Estimated (Region),0.5753585513954226,-1.231731493222399,False,True,False,False,False,False,False
2018,-0.14484136487558028,10582.0,0.2671849135466553,0.08602421913671338,-0.2428663803205408,-0.333132174379643,-0.03940766932816673,Official (Quarter),0.5955378083137225,1.2205846018810202,False,False,False,False,False,True,False
2024,1.3035722838802226,15338.0,1.5472938089837949,1.2331581651733488,1.5812225074354402,1.4294467143779865,2.277454833293256,Interpolated (Month),-1.4860966803583298,-0.0055734456706894205,True,False,False,False,False,False,False
2022,-0.43452409462674085,11881.0,0.640442412858053,0.9152662184235829,-1.298917841652951,-1.4006095295427143,-0.4365994700183403,Estimated (Region),1.7437375269649873,-1.231731493222399,False,True,False,False,False,False,True
2020,1.3035722838802226,12449.0,0.5918485120043051,-0.2884324051126299,-0.2428663803205408,-0.2503819918088622,0.3782284516085533,Estimated (Region),-0.4382166961008987,-1.231731493222399,False,False,False,False,False,False,False
2020,-1.5932550136313832,9057.0,-0.22063212014459282,0.971513789783318,-1.298917841652951,-1.3178593469719335,-0.7951396126246695,Interpolated (Month),-0.17732773165716412,-0.0055734456706894205,False,False,True,True,False,False,False
2021,-1.3035722838802226,20337.625,2.8694235172364944,1.6213661617910484,1.5812225074354402,1.3549715500642838,3.6938328093767017,Interpolated (Month),-1.5253020937995982,-0.0055734456706894205,False,False,True,False,False,True,False
2015,-0.43452409462674085,12077.0,0.7427947837384112,-0.43074745373486945,-0.5788827543808531,-0.6393078498915317,0.06289888060365027,Interpolated (Month),1.294604922983398,-0.0055734456706894205,True,False,False,True,False,False,False
2020,1.3035722838802226,9047.0,-0.22485767674057092,-0.436533895239637,-0.5788827543808531,-0.5813827220919852,-0.45460859422443933,Estimated (Region),0.29313722963805666,-1.231731493222399,False,False,True,False,False,False,True
2025,0.7242068243779014,12995.0,0.9923373760453393,0.603548894832529,-0.5788827543808531,-0.6806829411769221,0.20023261079166926,Interpolated (Month),-1.249422824216555,-0.0055734456706894205,False,True,False,False,False,True,False
2018,-1.013889554129062,7292.0,-0.757512560978031,1.671679673270572,1.5812225074354402,1.6528722073190945,0.06111495792285747,Official (Quarter),1.2193651221880226,1.2205846018810202,False,True,False,False,False,True,False
2025,-0.7242068243779014,8951.0,-0.1138194395240356,0.06864948664382851,0.6211757244059766,0.4364445235286178,-0.004493754004078493,Estimated (Region),-1.3286984763955905,-1.231731493222399,True,False,False,False,False,True,False
2015,-1.013889554129062,10257.0,0.18431705363664058,-0.98411605792732,0.6211757244059766,0.6681450347268039,0.42424233027979674,Interpolated (Month),-1.4148927309466144,-0.0055734456706894205,False,False,False,False,False,False,False
2023,0.43452409462674085,14192.0,0.8939758086167383,-0.6480759975661831,1.5812225074354402,1.5701220247483139,2.0523407807170186,Interpolated (Month),0.32657714110266794,-0.0055734456706894205,False,False,False,False,False,False,True
2020,-0.43452409462674085,8980.0,-0.07766745531400085,-0.7370019033713705,0.6211757244059766,0.5274697243564767,0.04426679927092544,Interpolated (Month),-1.1577513427877069,-0.0055734456706894205,True,False,False,False,False,True,False
2022,1.013889554129062,6826.0,-0.6748794542122373,1.069304750620204,1.5812225074354402,1.6611472255761726,-0.07454811451648242,Estimated (Region),-1.6927899262214874,-1.231731493222399,False,True,False,False,False,False,False
2022,-0.43452409462674085,2178.0,-1.967665019437311,-0.7603564226486444,0.6211757244059766,0.4695445965569301,-1.5916752477151794,Interpolated (Month),-0.7097718392014489,-0.0055734456706894205,False,False,True,False,False,False,True
2020,-1.013889554129062,8370.0,-0.5145430567092909,-0.8639517181267156,1.5812225074354402,1.6528722073190945,0.3816263995719683,Estimated (Region),1.3626378463079518,-1.231731493222399,True,False,False,False,True,False,False
2015,-0.14484136487558028,6828.0,-0.8490662872242228,-0.467629681175282,0.6211757244059766,0.6184949251843354,-0.4393744608551292,Interpolated (Month),0.6779844865799193,-0.0055734456706894205,False,False,False,False,False,False,True
2025,-0.7242068243779014,11783.0,0.4411369934144199,0.5081074022135634,-0.2428663803205408,-0.3496822108937991,0.1852250072865869,Official (Quarter),0.2288518825983298,1.2205846018810202,False,True,False,False,False,True,False
2019,-1.3035722838802226,8777.0,-0.43472698767414925,-1.6152109556223528,-0.5788827543808531,-0.5896577403490633,-0.5076448986867403,Interpolated (Month),1.114721261311696,-0.0055734456706894205,True,False,False,False,False,True,False
2017,-1.3035722838802226,9462.0,-0.04268923682507112,0.583497150318971,-1.298917841652951,-1.1771840366016064,-0.6681696237250658,Interpolated (Month),0.922441770390181,-0.0055734456706894205,False,False,True,True,False,False,False
2022,-0.7242068243779014,11546.0,0.5784675827837078,1.5423913249917833,0.6211757244059766,0.4364445235286178,0.6050131619334697,Interpolated (Month),-0.3182942549864306,-0.0055734456706894205,False,False,False,False,False,True,False
2019,-1.013889554129062,11227.0,0.5228310876033296,-1.5604341006698168,0.6211757244059766,0.4447195417856959,0.534845536488952,Interpolated (Month),0.7820517972585802,-0.0055734456706894205,True,False,False,False,False,False,False
2019,1.5932550136313832,11307.0,0.4981820074601241,-0.23157696414626983,-0.5788827543808531,-0.43243239346457985,0.04460659406726694,Estimated (Region),-0.14590574588438282,-1.231731493222399,False,True,False,False,False,False,True
2020,1.013889554129062,10428.0,0.10896129434169803,1.5664844331778431,-0.2428663803205408,-0.3248571561225649,-0.06506217645194909,Interpolated (Month),0.13055007389632595,-0.0055734456706894205,False,False,False,False,False,False,False
2017,-0.14484136487558028,4694.0,-1.3033136212918672,-0.8544087120374235,1.5812225074354402,1.5452969699770795,-0.7372329160814737,Official (Quarter),1.6021944534380552,1.2205846018810202,True,False,False,False,False,False,False
2018,-1.013889554129062,4731.0,-1.243451569515511,1.3812984237625936,-1.298917841652951,-1.3426844017431678,-1.4277525747134387,Estimated (Region),-0.9147354344716094,-1.231731493222399,True,False,False,False,False,False,True
2015,-1.5932550136313832,7419.0,-0.6234685156278372,-0.24749539414740318,-0.5788827543808531,-0.7220580324623124,-0.8055033539130848,Official (Quarter),-1.3370584542617432,1.2205846018810202,False,True,False,False,False,True,False
2019,-0.43452409462674085,7479.0,-0.7279336648061844,-0.6324254675797446,-0.2428663803205408,-0.3248571561225649,-0.6425151166012835,Interpolated (Month),0.040031692862809214,-0.0055734456706894205,False,False,True,False,False,True,False
2021,-1.5932550136313832,8424.0,-0.46195835240378585,-1.6940202809097569,-0.5788827543808531,-0.42415737520750174,-0.5003959430314551,Official (Quarter),-0.7380227988870688,1.2205846018810202,True,False,False,False,False,True,False
2024,-1.5932550136313832,14668.0,1.3486926489728248,-0.8516864701441393,-0.2428663803205408,-0.15108177272392537,0.8959907725338991,Official (Quarter),0.6696245087137664,1.2205846018810202,True,False,False,False,False,False,True
2016,-1.013889554129062,8700.0,-0.34270375513951534,-0.34741265602855964,-1.298917841652951,-1.2682092374294651,-0.8247017599063791,Official (Quarter),0.13573902567531737,1.2205846018810202,True,False,False,False,True,False,False
2016,1.013889554129062,10758.0,0.21999953155823335,-0.2374528713331246,-0.2428663803205408,-0.30830711960840873,0.00867329435415419,Estimated (Region),-0.2067317917381154,-1.231731493222399,True,False,False,False,False,False,True
2020,0.14484136487558028,11723.0,0.2754012735943905,-0.29689536160650387,-1.298917841652951,-1.2764842556865432,-0.38412949021660864,Estimated (Region),-0.20183111505795687,-1.231731493222399,True,False,False,False,False,False,True
2021,-0.7242068243779014,9368.0,0.011069233201538995,-1.5149000447400134,1.5812225074354402,1.6197721342907823,0.6624384825151814,Official (Quarter),-1.5126179894509524,1.2205846018810202,False,False,False,False,False,False,False
2017,1.013889554129062,12490.0,0.5564007872269333,1.0575579065621663,1.5812225074354402,1.810097554203578,1.7073924299643493,Estimated (Region),-1.6063073965716306,-1.231731493222399,True,False,False,False,False,False,False
2015,-1.3035722838802226,18761.0,1.9294719277755907,0.3208423097529228,-0.2428663803205408,-0.18418184575223764,1.7020406619219712,Estimated (Region),-1.6527196874837204,-1.231731493222399,False,False,False,True,False,False,False
2020,0.43452409462674085,9209.0,-0.08564906221751502,-0.3613832193180296,1.5812225074354402,1.6363221708049382,0.6232488160037961,Interpolated (Month),-1.1891733285604882,-0.0055734456706894205,False,False,True,True,False,False,False
2018,-1.5932550136313832,11056.0,0.349583267168228,1.3906798945925616,-1.298917841652951,-1.3178593469719335,-0.5056344461417197,Official (Quarter),-0.5797597696278309,1.2205846018810202,False,False,True,False,False,True,False
2018,1.5932550136313832,10896.0,0.05661134318041394,-1.5983933955162442,1.5812225074354402,1.8018225359464999,1.2159642057554692,Interpolated (Month),-0.8717824447455139,-0.0055734456706894205,False,False,False,True,False,False,False
2023,-1.013889554129062,7063.0,-0.666428341020281,0.28281094532925827,0.6211757244059766,0.4447195417856959,-0.4449527587617351,Official (Quarter),0.690380315829732,1.2205846018810202,True,False,False,False,False,True,False
2015,1.3035722838802226,4482.0,-1.335240048905924,-0.009743823221869828,-0.2428663803205408,-0.3827822839221114,-1.2426776756394404,Interpolated (Month),-0.9484636210350536,-0.0055734456706894205,False,False,False,False,False,False,False
2023,-0.7242068243779014,16873.0,1.6087991327696982,0.6819113887410644,-1.298917841652951,-1.2185591278869967,0.42291146732745916,Estimated (Region),-0.8634224668793611,-1.231731493222399,False,True,False,False,True,False,False
2019,1.3035722838802226,15281.0,1.2573736758708538,1.4168620264553555,1.5812225074354402,1.3797966048355181,2.222209862654735,Interpolated (Month),-1.0926011704514815,-0.0055734456706894205,False,False,True,False,False,False,False
2016,-0.43452409462674085,7546.0,-0.5462347311791266,-1.5182778712703688,-1.298917841652951,-1.2847592739436213,-1.0011685241397263,Estimated (Region),1.7376837498894975,-1.231731493222399,True,False,False,True,False,False,False
2017,-0.43452409462674085,12601.0,0.588092461696769,0.7506344524362801,-0.2428663803205408,-0.15108177272392537,0.4728046699236013,Official (Quarter),-1.355508060587046,1.2205846018810202,False,False,True,False,True,False,False
2020,1.013889554129062,8952.0,-0.17297723186772881,-0.18856087013565123,0.6211757244059766,0.5109196878423204,0.029938785358525764,Official (Quarter),-1.051666106417216,1.2205846018810202,False,False,True,False,False,False,True
2019,0.14484136487558028,7642.0,-0.5236984293339101,0.3305548036066134,-0.5788827543808531,-0.4986325395212044,-0.678759894877709,Interpolated (Month),-0.6397209901850649,-0.0055734456706894205,True,False,False,True,False,False,False
2023,0.14484136487558028,16150.0,1.4198228516717892,0.09729987726909256,-1.298917841652951,-1.3013093104577775,0.24590669466657122,Official (Quarter),0.2948668802310538,1.2205846018810202,False,False,True,False,False,False,True
2016,-0.14484136487558028,10738.0,0.15262537916680494,-0.7032922284240806,-0.5788827543808531,-0.6227578133773755,-0.16855800817096153,Official (Quarter),0.9694306114999365,1.2205846018810202,False,False,True,True,False,False,False
2015,0.43452409462674085,6084.0,-0.9190227242020823,0.49568906850830546,-1.298917841652951,-1.243384182658231,-1.2024969409720592,Official (Quarter),0.16716101144809864,1.2205846018810202,True,False,False,False,False,True,False
2023,0.14484136487558028,6290.0,-0.8507095592337699,-0.5557707741359389,-0.2428663803205408,-0.13453173620976921,-0.8138849588895084,Interpolated (Month),-1.2580710771815407,-0.0055734456706894205,False,False,False,False,False,True,False
2023,1.3035722838802226,7159.0,-0.6035144983690518,1.2371811386778662,1.5812225074354402,1.3301464952930497,-0.09703120354107785,Official (Quarter),0.39835764071204904,1.2205846018810202,False,False,True,True,False,False,False
2019,0.43452409462674085,8803.0,-0.3290880727746971,1.6794443004125994,-1.298917841652951,-1.259934219172387,-0.805758200010341,Estimated (Region),-0.2707288636790094,-1.231731493222399,True,False,False,False,False,True,False
2018,0.14484136487558028,7992.0,-0.5100827469690918,1.6684410155790186,0.6211757244059766,0.48609463307108625,-0.20939001619799716,Official (Quarter),1.0541834905567962,1.2205846018810202,True,False,False,False,False,False,True
2019,-1.5932550136313832,17693.0,1.9245421117469497,-0.7721161895274287,-1.298917841652951,-1.2764842556865432,0.4932489901701477,Interpolated (Month),-0.5097089206114469,-0.0055734456706894205,True,False,False,True,False,False,False
2019,-0.14484136487558028,14693.0,1.4015121064225509,-0.8889280514076016,-0.2428663803205408,-0.22555693703762802,0.8449366043835903,Estimated (Region),-1.0444592289463945,-1.231731493222399,False,False,False,False,False,True,False
2025,1.5932550136313832,7317.0,-0.6509346335016948,-0.5312904783590684,0.6211757244059766,0.68469507124096,-0.2950749373421096,Interpolated (Month),1.5797089957290924,-0.0055734456706894205,False,False,False,False,False,False,False
2015,0.43452409462674085,14376.0,1.2796752245718492,-1.7188892553721384,-1.298917841652951,-1.3261343652290116,-0.03085616695357261,Interpolated (Month),-0.3327080099280734,-0.0055734456706894205,False,True,False,False,True,False,False
2023,1.5932550136313832,11217.0,0.19089014167482873,-1.421988939829412,-0.5788827543808531,-0.556557667320751,-0.043994899078776864,Official (Quarter),-1.3165909222446104,1.2205846018810202,True,False,False,False,True,False,False
2022,-0.14484136487558028,2823.0,-1.822352823164509,-0.318357681707635,1.5812225074354402,1.4294467143779865,-1.2999897312890385,Official (Quarter),0.13977487705897734,1.2205846018810202,False,False,False,False,True,False,False
2019,-1.013889554129062,11553.0,0.494191204008367,-1.4454538001145931,-0.5788827543808531,-0.46553246649289215,0.0717901777745859,Estimated (Region),-0.04789221228121183,-1.231731493222399,False,False,True,False,False,True,False
2023,0.14484136487558028,8704.0,-0.3506853620430295,1.177937958062914,-0.2428663803205408,-0.3910573021791895,-0.4322104538989292,Estimated (Region),1.5497283854504753,-1.231731493222399,False,False,False,False,False,False,False
2024,-1.013889554129062,16656.0,1.5665435668099172,-1.386493927492917,0.6211757244059766,0.5522947791277109,1.9043035144442428,Interpolated (Month),-0.31627632929460064,-0.0055734456706894205,False,True,False,True,False,False,False
2015,0.7242068243779014,11231.0,0.38550049823404176,-0.8377566634431761,-0.2428663803205408,-0.36623224740795524,0.0683072811120859,Interpolated (Month),1.1781417830549241,-0.0055734456706894205,False,True,False,True,False,False,False
2025,0.43452409462674085,9675.0,-0.20396464690490146,1.6040967999904,-1.298917841652951,-1.1937340731157626,-0.6440158769517916,Official (Quarter),0.900532862878884,1.2205846018810202,True,False,False,True,False,False,False
2025,-0.43452409462674085,7394.0,-0.7136137230087031,0.9588186094951567,-0.5788827543808531,-0.5069075577782824,-0.7282566702114528,Interpolated (Month),0.4862815458560701,-0.0055734456706894205,True,False,False,False,False,False,True
2020,-1.5932550136313832,4504.0,-1.337822333492355,-0.7975656968602423,-1.298917841652951,-1.3426844017431678,-1.4603445589291935,Interpolated (Month),1.5185946747765269,-0.0055734456706894205,False,False,True,False,False,False,True
2022,0.43452409462674085,11368.0,0.3188306052752764,-0.5511130913201701,-1.298917841652951,-1.259934219172387,-0.42663215599232335,Estimated (Region),1.3718626494706032,-1.231731493222399,False,False,True,False,False,True,False
2025,-0.43452409462674085,13243.0,0.7758949770735729,0.35731548021357057,1.5812225074354402,1.6197721342907823,1.8079716896814304,Official (Quarter),0.22856360749949695,1.2205846018810202,False,False,True,True,False,False,False
2021,-0.14484136487558028,8133.0,-0.4844946542490023,-0.4713897249807762,-0.2428663803205408,-0.3910573021791895,-0.5420774380493446,Interpolated (Month),0.6612645308476136,-0.0055734456706894205,False,False,False,False,False,False,True
2021,1.3035722838802226,6372.0,-0.8446059774840238,-0.9913677484920478,1.5812225074354402,1.4128966778638303,-0.29091245108692626,Estimated (Region),-0.28225986763232364,-1.231731493222399,True,False,False,False,True,False,False
2023,-0.7242068243779014,5775.0,-1.0295914551301757,1.2328176985498502,-1.298917841652951,-1.2102841096299186,-1.2386284543163713,Official (Quarter),-1.2528821254025493,1.2205846018810202,False,False,False,False,False,False,True
2018,0.43452409462674085,14327.0,1.3331989414542385,-0.6794595647792079,-0.2428663803205408,-0.1428067544668473,0.8322509319868413,Official (Quarter),0.9391617261224866,1.2205846018810202,False,True,False,False,True,False,False
2024,1.3035722838802226,18216.0,1.8944937092866612,0.5435551965511792,-0.2428663803205408,-0.28348206483717453,1.498560211379475,Estimated (Region),1.6883887079890791,-1.231731493222399,False,False,False,False,False,False,True
2018,1.3035722838802226,4439.0,-1.433601616334525,1.4536632377503222,0.6211757244059766,0.5440197608706328,-1.0397918659905423,Official (Quarter),-0.42322639096159015,1.2205846018810202,False,True,False,False,False,False,True
2024,1.3035722838802226,10466.0,0.013416764643749043,0.06145545174089006,-0.2428663803205408,-0.1428067544668473,0.040160945481798965,Estimated (Region),-0.21365039411010395,-1.231731493222399,False,True,False,False,True,False,False
2016,-0.14484136487558028,7425.0,-0.5023358932097987,0.3590739778981497,-0.5788827543808531,-0.5482826490636729,-0.7382239842374698,Official (Quarter),0.8774708549722555,1.2205846018810202,True,False,False,True,False,False,False
2024,-1.013889554129062,14419.0,1.365594875356737,1.0679836407147176,1.5812225074354402,1.5039218786916893,2.069868528961634,Official (Quarter),1.0181491032026893,1.2205846018810202,True,False,False,False,False,False,True
2025,1.3035722838802226,15194.0,1.4761636062848305,1.058781598280491,-0.2428663803205408,-0.109706681438535,1.0359295961605364,Estimated (Region),1.5335849799158354,-1.231731493222399,False,False,False,False,False,False,False
2021,0.43452409462674085,11564.0,0.5622696158324585,-0.012850270516561254,1.5812225074354402,1.3797966048355181,1.1691857887924573,Interpolated (Month),0.6981637434982192,-0.0055734456706894205,False,False,True,False,False,True,False
2016,0.43452409462674085,7883.0,-0.5960023977539796,0.23190397815855657,-0.2428663803205408,-0.2503819918088622,-0.5332710895774943,Interpolated (Month),1.652354320634972,-0.0055734456706894205,True,False,False,False,True,False,False
2022,-0.43452409462674085,11824.0,0.5603915906786904,0.46832797776823026,-0.5788827543808531,-0.48208250300704825,0.11284871566584931,Estimated (Region),-1.5552827040782151,-1.231731493222399,False,False,True,False,False,True,False
2022,0.43452409462674085,8566.0,-0.3835508022339702,1.0170731943230455,-0.5788827543808531,-0.5731077038349071,-0.538821071251072,Estimated (Region),-1.2678724305418578,-1.231731493222399,True,False,False,True,False,False,False
2016,-1.5932550136313832,5366.0,-1.1803029737200608,0.06622844588023821,-1.298917841652951,-1.3923345112856362,-1.3502510449145506,Interpolated (Month),-0.4973130913616341,-0.0055734456706894205,False,False,True,False,False,False,True
2025,-1.3035722838802226,7214.0,-0.6661935878760601,-1.5330491524145184,-0.5788827543808531,-0.5151825760353606,-0.7648695595172483,Estimated (Region),-1.527608294590261,-1.231731493222399,False,False,False,False,True,False,False
2018,1.3035722838802226,8512.0,-0.22579668931745492,-1.1724338632471858,1.5812225074354402,1.7935475176894218,0.48532044492217974,Interpolated (Month),-0.9983352131331377,-0.0055734456706894205,False,True,False,True,False,False,False
2024,-0.14484136487558028,16936.0,2.066567764000658,-1.2772414187175376,-1.298917841652951,-1.4006095295427143,0.2740813465298866,Estimated (Region),0.6918216913238964,-1.231731493222399,False,False,False,False,False,True,False
2016,-0.7242068243779014,10534.0,0.2613160849411302,0.7308744654526399,-0.2428663803205408,-0.39933232043626754,-0.08457206100855628,Interpolated (Month),-0.6616298976963619,-0.0055734456706894205,False,False,False,False,False,True,False
2021,-1.5932550136313832,13269.0,0.6312870402334338,0.42720706512315726,-1.298917841652951,-1.2185591278869967,-0.11747552378762394,Estimated (Region),0.02071726124100787,-1.231731493222399,False,True,False,False,False,False,False
2025,0.7242068243779014,10184.0,0.08196468275628246,0.9812854303934989,-0.5788827543808531,-0.6310328316344536,-0.27290332688082725,Interpolated (Month),-0.04327981069988613,-0.0055734456706894205,False,True,False,True,False,False,False
2025,-1.013889554129062,13821.0,0.7519501563630304,0.894178660124083,-0.2428663803205408,-0.3248571561225649,0.5992932828617212,Official (Quarter),-0.6377030644932349,1.2205846018810202,False,True,False,False,False,False,True
2020,0.14484136487558028,9091.0,-0.0701553546989287,0.28202861764256365,0.6211757244059766,0.68469507124096,0.14422310186138035,Interpolated (Month),1.4430665988823188,-0.0055734456706894205,False,False,False,False,False,True,False
2019,-1.5932550136313832,1688.0,-2.0505328793473256,-1.6932439176018674,1.5812225074354402,1.594947079519548,-1.6100807991836767,Official (Quarter),0.8518143711761313,1.2205846018810202,True,False,False,False,False,False,True
2021,-1.5932550136313832,19968.0,2.414941430024629,1.6871472956402995,-1.298917841652951,-1.243384182658231,0.8615016007052376,Interpolated (Month),-1.5584537301653765,-0.0055734456706894205,False,False,False,False,False,False,False
2017,1.013889554129062,17816.0,2.1057715390855654,-0.43682913199052453,-0.2428663803205408,-0.09315664492437885,1.5934195920248078,Interpolated (Month),-1.1312300336950842,-0.0055734456706894205,False,False,True,False,True,False,False
2018,1.3035722838802226,12365.0,0.4401979808375359,1.4339609064284708,-1.298917841652951,-1.4088845477997924,-0.3737940651612214,Official (Quarter),-0.03636120832789759,1.2205846018810202,False,True,False,False,True,False,False
2016,0.14484136487558028,16053.0,1.8311103603469898,1.511502304188073,0.6211757244059766,0.6764200529838819,1.8613761051731015,Official (Quarter),-0.2531440826502052,1.2205846018810202,False,False,False,False,True,False,False
2017,-0.43452409462674085,5633.0,-1.0232531202362085,0.820287959225202,1.5812225074354402,1.5121968969487674,-0.4728159320617374,Estimated (Region),-1.6230273523039362,-1.231731493222399,True,False,False,True,False,False,False
2019,-0.7242068243779014,7556.0,-0.6255812939258262,-0.5278579783563262,1.5812225074354402,1.5287469334629233,0.091469959729364,Interpolated (Month),0.9942222699995621,-0.0055734456706894205,False,False,True,False,False,False,False
2018,-0.14484136487558028,11743.0,0.495130216585251,1.5213276242075071,-0.2428663803205408,-0.18418184575223764,0.277196132163017,Official (Quarter),-0.04529773639171612,1.2205846018810202,False,False,True,False,False,False,False
2019,-1.3035722838802226,13847.0,1.065345603898072,1.3936804741634499,-0.5788827543808531,-0.5400076308065948,0.4514825464531729,Official (Quarter),-1.2560531514897109,1.2205846018810202,False,False,True,False,False,True,False
2025,1.5932550136313832,9164.0,-0.30514325206415455,0.2948261864335578,1.5812225074354402,1.810097554203578,0.6916608350005498,Official (Quarter),-1.3771286929995101,1.2205846018810202,True,False,False,False,False,False,False
2022,-1.3035722838802226,6882.0,-0.803524177245348,-0.07691962764854625,1.5812225074354402,1.4625467874062987,-0.1280091624742102,Interpolated (Month),0.07116540353675764,-0.0055734456706894205,False,False,False,False,True,False,False
2024,-0.14484136487558028,13475.0,1.12098209907845,1.212442883517645,0.6211757244059766,0.5357447426135546,1.1267963879488563,Interpolated (Month),-1.031486849498916,-0.0055734456706894205,False,False,False,False,False,False,False
2023,-0.14484136487558028,6650.0,-0.806575968120221,1.3764722472455606,-0.5788827543808531,-0.5813827220919852,-0.8924058730774209,Estimated (Region),1.5592414637119596,-1.231731493222399,False,False,True,False,False,False,False
2018,-0.43452409462674085,10308.0,-0.02296997271050671,0.5546782659924435,-1.298917841652951,-1.1689090183445283,-0.5351399609573724,Official (Quarter),-0.14763539647737994,1.2205846018810202,False,False,False,False,False,False,True
2020,1.5932550136313832,12576.0,0.6343388311083069,-0.5975010474823383,-1.298917841652951,-1.259934219172387,-0.24806999051487003,Estimated (Region),1.508505046317377,-1.231731493222399,False,False,False,False,True,False,False
2018,-1.013889554129062,14733.0,1.2653552827743682,0.3634876182144467,-0.5788827543808531,-0.5151825760353606,0.6339523520885533,Interpolated (Month),0.28016485019057813,-0.0055734456706894205,False,True,False,False,False,False,True
2020,0.14484136487558028,13904.0,0.9193291481926068,-1.4096277647543758,0.6211757244059766,0.5853948521560232,1.2651778187589287,Estimated (Region),-1.2647014044546965,-1.231731493222399,False,False,True,False,True,False,False
2022,-1.5932550136313832,8808.0,-0.4309709373666132,-1.2477580031857294,-0.5788827543808531,-0.6310328316344536,-0.520698682112859,Estimated (Region),0.29140757904505954,-1.231731493222399,False,False,False,True,False,False,False
2025,0.14484136487558028,10000.0,0.08595548620803956,-0.5554496917435593,-0.5788827543808531,-0.556557667320751,-0.267806404935705,Estimated (Region),-0.16262570161668846,-1.231731493222399,True,False,False,False,False,False,False
2019,-0.43452409462674085,11616.0,0.26882818555620236,0.9644435157406003,1.5812225074354402,1.719072353375719,1.3862013987225554,Official (Quarter),0.9457920533956423,1.2205846018810202,False,False,False,False,False,True,False
2023,-0.14484136487558028,10493.0,0.16671056782006521,0.8481689449845163,0.6211757244059766,0.4943696513281643,0.38887535522725325,Official (Quarter),-0.4361987704090687,1.2205846018810202,False,False,True,False,False,True,False
2019,-1.013889554129062,11054.0,0.43878946197220986,1.3751874206444767,0.6211757244059766,0.5440197608706328,0.5504760971206605,Official (Quarter),0.41738379723501756,1.2205846018810202,False,False,False,False,False,False,True
2020,1.3035722838802226,10557.0,0.03923961050805958,0.9108192769922862,0.6211757244059766,0.8170953633542092,0.578990543780317,Interpolated (Month),1.5615476645026225,-0.0055734456706894205,False,False,True,True,False,False,False
2022,1.5932550136313832,8057.0,-0.4748697753359411,1.2769600660916325,1.5812225074354402,1.3301464952930497,0.15509653534430815,Interpolated (Month),0.5171269814311856,-0.0055734456706894205,True,False,False,False,True,False,False
2024,-1.3035722838802226,12160.0,0.5211878155937826,1.2273384225535822,-0.5788827543808531,-0.448982429978736,0.19657981673099834,Official (Quarter),0.041473068356973494,1.2205846018810202,False,True,False,False,True,False,False
2023,-1.3035722838802226,5370.0,-1.0558838072829282,-1.426631214666599,-1.298917841652951,-1.1854590548586845,-1.2926841431676965,Official (Quarter),-0.04904531267654325,1.2205846018810202,False,True,False,True,False,False,False
2015,0.14484136487558028,10194.0,0.03877010421961757,1.6829071193409377,-1.298917841652951,-1.3840594930285581,-0.6651114705579925,Interpolated (Month),-0.3338611103234048,-0.0055734456706894205,True,False,False,True,False,False,False
2018,0.7242068243779014,4968.0,-1.1852327897487018,-1.2768373320534439,-0.2428663803205408,-0.17590682749515957,-1.0961978021832297,Interpolated (Month),0.856426772757457,-0.0055734456706894205,True,False,False,False,False,True,False
2024,-1.5932550136313832,7363.0,-0.709857672701167,0.8013938012315381,-0.2428663803205408,-0.2669320283230184,-0.6433362873591086,Official (Quarter),1.684641131704252,1.2205846018810202,False,False,True,False,False,True,False
2020,0.43452409462674085,6007.0,-1.0143325007558104,-0.2304606312464492,0.6211757244059766,0.6681450347268039,-0.6245626248612414,Official (Quarter),-1.4526567688937184,1.2205846018810202,True,False,False,False,False,True,False
2019,-1.013889554129062,9014.0,-0.33284412308223316,-0.5773658016654992,0.6211757244059766,0.792270308582975,0.1749178984642284,Estimated (Region),-0.523546125355424,-1.231731493222399,True,False,False,False,False,True,False
2016,-0.14484136487558028,12345.0,0.6531190826459873,0.033693753557692295,-1.298917841652951,-1.3426844017431678,-0.33466103111589324,Official (Quarter),0.24441873793530403,1.2205846018810202,False,True,False,False,True,False,False
2019,-1.013889554129062,9620.0,-0.2199278607119298,0.1775829011530978,0.6211757244059766,0.5771198338989451,0.22209274268963855,Estimated (Region),1.3260269087561791,-1.231731493222399,False,False,True,False,False,False,True
2021,-1.013889554129062,13823.0,1.2031456995558019,-0.03291344675616369,-0.5788827543808531,-0.6227578133773755,0.38833734679971277,Official (Quarter),1.4868844139049129,1.2205846018810202,False,False,True,False,False,False,True
2017,1.3035722838802226,11928.0,0.4303383487802537,0.13689490300301257,1.5812225074354402,1.7356223898898753,1.490150290170023,Official (Quarter),1.7126038162910389,1.2205846018810202,False,False,True,False,False,True,False
2018,-0.14484136487558028,8387.0,-0.35561517807167065,1.4046554281977026,-1.298917841652951,-1.3178593469719335,-0.8921793432131934,Estimated (Region),-0.9620125506801978,-1.231731493222399,True,False,False,False,False,True,False
2021,1.3035722838802226,17733.0,2.212818972850344,-0.010296025292974206,1.5812225074354402,1.4708218056633768,2.999745305383151,Official (Quarter),0.8967852865940569,1.2205846018810202,False,True,False,False,False,False,True
2019,-1.3035722838802226,5243.0,-1.2368784814773228,0.8968556721447564,-0.2428663803205408,-0.2503819918088622,-1.0602928187031457,Interpolated (Month),-0.9291491894132522,-0.0055734456706894205,False,False,True,False,False,False,False
2020,-1.3035722838802226,10272.0,0.14393951283062775,1.6361667677976597,-0.2428663803205408,-0.16763180923808152,-0.01273377781535954,Estimated (Region),1.4883257893990771,-1.231731493222399,False,False,False,False,False,False,True
2024,-0.43452409462674085,8204.0,-0.5060919435173348,0.058696926543204075,0.6211757244059766,0.6433199799555697,-0.09284040105286609,Official (Quarter),-0.943562944354895,1.2205846018810202,True,False,False,True,False,False,False
2015,0.43452409462674085,10073.0,-0.05466164718034237,1.3948137061365533,1.5812225074354402,1.5121968969487674,0.8152328759367383,Interpolated (Month),0.17004376243642721,-0.0055734456706894205,False,False,True,False,True,False,False
2015,1.3035722838802226,7876.0,-0.5786306650816253,1.3219429140134658,-0.2428663803205408,-0.1428067544668473,-0.4911648510641779,Official (Quarter),0.5675751237269354,1.2205846018810202,False,True,False,False,False,True,False
2024,-1.5932550136313832,9189.0,-0.07273763928535974,0.31861709942678995,-0.5788827543808531,-0.672407922919844,-0.47159833404151386,Estimated (Region),0.3000558320100452,-1.231731493222399,False,False,False,False,True,False,False
2022,0.7242068243779014,14414.0,1.3731069759718093,-0.2088258411915167,-0.2428663803205408,-0.2752070465800964,0.752144308749335,Interpolated (Month),1.218212021792691,-0.0055734456706894205,True,False,False,True,False,False,False
2024,1.013889554129062,4158.0,-1.4068397578933305,0.95664807264141,-0.5788827543808531,-0.6889579594340001,-1.3704971515298978,Official (Quarter),-0.10583550714661585,1.2205846018810202,True,False,False,True,False,False,False
2024,0.7242068243779014,11125.0,0.12539401443716838,-0.47119140938548354,1.5812225074354402,1.6197721342907823,1.181843144956178,Interpolated (Month),-1.297564765721642,-0.0055734456706894205,True,False,False,False,False,False,False
2024,-0.7242068243779014,7310.0,-0.6401359888675285,-0.8697510824522295,1.5812225074354402,1.5287469334629233,0.01988652263342347,Official (Quarter),0.4831105197689087,1.2205846018810202,False,True,False,False,False,False,True
2015,-1.3035722838802226,7191.0,-0.7558692889684839,-0.24900239385900352,-0.5788827543808531,-0.4738074847499702,-0.7538828611022069,Estimated (Region),1.2672187885942767,-1.231731493222399,False,False,True,False,False,True,False
2017,1.5932550136313832,15890.0,1.4763983594290515,-0.8267593429884015,-1.298917841652951,-1.3261343652290116,0.187773468259148,Interpolated (Month),1.1767004075607599,-0.0055734456706894205,False,False,False,True,False,False,False
2019,1.013889554129062,6086.0,-0.9685556376327144,-0.5727866498373403,-1.298917841652951,-1.3840594930285581,-1.2461322560689123,Estimated (Region),-0.8838899988964939,-1.231731493222399,False,True,False,False,False,True,False
2025,-1.3035722838802226,8758.0,-0.3161766498425418,0.3987430613355754,-0.5788827543808531,-0.49035752126412635,-0.4664730958633629,Estimated (Region),0.17753891500608146,-1.231731493222399,False,False,True,False,False,False,True
2018,0.43452409462674085,4082.0,-1.439939951228492,-0.7356991836338691,-0.2428663803205408,-0.109706681438535,-1.2625839874584461,Official (Quarter),-1.5400041238400737,1.2205846018810202,False,False,False,True,False,False,False
2021,1.013889554129062,6769.0,-0.6945987183268016,-1.4182696526124239,-1.298917841652951,-1.2516592009153091,-1.1035317065376002,Interpolated (Month),-0.28081849213815935,-0.0055734456706894205,True,False,False,True,False,False,False
2015,-1.5932550136313832,9537.0,-0.13213018477327398,-0.7909218759021398,-0.2428663803205408,-0.13453173620976921,-0.14635808147665075,Official (Quarter),-0.4759807340480028,1.2205846018810202,False,False,False,False,True,False,False
2023,-1.3035722838802226,7483.0,-0.6075053018208089,-1.1362315749906358,-0.5788827543808531,-0.6393078498915317,-0.7624909959428579,Interpolated (Month),-0.5982093759531337,-0.0055734456706894205,False,False,True,False,False,True,False
2025,-0.43452409462674085,8555.0,-0.47322650332639404,0.1849275366208821,-0.2428663803205408,-0.37450726566503334,-0.45361752606844324,Estimated (Region),-1.6328287056642534,-1.231731493222399,False,False,False,False,False,True,False
2022,1.3035722838802226,12567.0,0.49137416627771496,0.3748283874821225,0.6211757244059766,0.5936698704131012,0.9462520861594113,Interpolated (Month),1.5361794558053312,-0.0055734456706894205,True,False,False,False,False,False,True
2020,-0.14484136487558028,2904.0,-1.7930086801368834,-1.5528777297544254,1.5812225074354402,1.4294467143779865,-1.2768270526717602,Interpolated (Month),1.0636965688182805,-0.0055734456706894205,False,True,False,False,True,False,False
2018,-1.3035722838802226,8796.0,-0.20208662175113343,1.3892126574063328,-0.2428663803205408,-0.3827822839221114,-0.41077506549638704,Official (Quarter),-0.35029279095687765,1.2205846018810202,False,False,False,False,False,False,False
2017,0.43452409462674085,14385.0,1.1038451195503167,-1.0967692566851444,-0.2428663803205408,-0.11798169969561308,0.8624926688612341,Interpolated (Month),1.3427468644884848,-0.0055734456706894205,True,False,False,True,False,False,False
2023,-1.5932550136313832,10952.0,0.10567475032260396,0.8893097388922752,1.5812225074354402,1.3301464952930497,0.967885688193153,Official (Quarter),-0.847567336443554,1.2205846018810202,True,False,False,True,False,False,False
2022,-1.3035722838802226,7779.0,-0.4988145960464836,1.2274974726550703,-0.2428663803205408,-0.20900690052347187,-0.5375185245317629,Official (Quarter),1.2412740296993197,1.2205846018810202,False,False,True,False,False,False,True
2015,0.14484136487558028,6089.0,-0.9072850669910321,-1.08423859384571,1.5812225074354402,1.479096823920455,-0.35088623264119945,Official (Quarter),-0.23844205260972956,1.2205846018810202,True,False,False,False,False,False,False
2018,0.14484136487558028,15545.0,1.3313209163004704,-1.118896605023123,0.6211757244059766,0.4447195417856959,1.550916926249093,Estimated (Region),1.5993117024497265,-1.231731493222399,False,False,True,False,False,False,True
2016,-0.43452409462674085,12118.0,0.5305779413626228,-1.3673741171677667,0.6211757244059766,0.6764200529838819,0.8886285519465004,Estimated (Region),-0.9628773759766963,-1.231731493222399,False,False,True,False,False,False,True
2023,0.14484136487558028,6998.0,-0.8152618344563982,0.4708235732668939,-1.298917841652951,-1.3261343652290116,-1.096339383348372,Official (Quarter),1.238391278710991,1.2205846018810202,False,False,True,False,True,False,False
2021,0.7242068243779014,4985.0,-1.1781901954220717,0.7175366233481525,-0.5788827543808531,-0.7055079959481563,-1.2282363967949272,Estimated (Region),0.5387476138436499,-1.231731493222399,False,False,False,False,False,True,False
2020,-0.43452409462674085,14336.0,1.1045493789829797,1.7253039120188862,0.6211757244059766,0.68469507124096,1.4430037621776417,Official (Quarter),-1.4540981443878827,1.2205846018810202,False,False,True,False,False,False,False
2025,1.3035722838802226,9950.0,-0.14621537342653426,1.6667113457253342,0.6211757244059766,0.7343451807834285,0.3822776729316229,Interpolated (Month),-0.014740575915433402,-0.0055734456706894205,False,False,False,False,False,True,False
2015,-1.5932550136313832,11325.0,0.2890169559592088,-1.5138716864275785,-1.298917841652951,-1.3344093834860897,-0.4762705124912093,Estimated (Region),-0.5852369965056552,-1.231731493222399,False,False,False,False,False,False,False
2018,1.5932550136313832,6229.0,-0.998369286948782,0.8722168232979653,-1.298917841652951,-1.2764842556865432,-1.1915102425570177,Estimated (Region),-1.0043889902086276,-1.231731493222399,True,False,False,False,False,True,False
2015,1.3035722838802226,7076.0,-0.6701843913278172,-1.470128932265786,-0.2428663803205408,-0.12625671795269114,-0.6492826962950848,Interpolated (Month),0.00255593001453795,-0.0055734456706894205,False,True,False,False,True,False,False
2022,0.14484136487558028,10705.0,0.03970911679650159,-0.13218009431592015,0.6211757244059766,0.7757202720688188,0.5939131985863144,Estimated (Region),-1.383470745173833,-1.231731493222399,False,False,False,False,False,False,False
2023,1.013889554129062,8195.0,-0.4910677422871904,0.11284205437389255,-0.5788827543808531,-0.6062077768632194,-0.6206549847033143,Official (Quarter),-0.7628144573866944,1.2205846018810202,True,False,False,True,False,False,False
2019,1.5932550136313832,12529.0,0.5319864602279488,-1.482683949652011,-0.2428663803205408,-0.17590682749515957,0.4421098733207536,Estimated (Region),-0.31771770478876493,-1.231731493222399,False,False,True,False,False,True,False
2024,0.43452409462674085,14108.0,0.8751955570790579,0.9185486148930454,-0.2428663803205408,-0.3910573021791895,0.6075616229060308,Interpolated (Month),-1.6665568922276974,-0.0055734456706894205,False,True,False,False,False,False,True
2022,-0.7242068243779014,12255.0,0.5519404774867342,0.15831795761033915,1.5812225074354402,1.5866720612624698,1.4950773147169747,Estimated (Region),0.00947453238652649,-1.231731493222399,False,False,True,True,False,False,False
2018,0.43452409462674085,8810.0,-0.2009128560300284,1.4416678779087084,-0.5788827543808531,-0.556557667320751,-0.48666257001265306,Estimated (Region),-1.0848177427829944,-1.231731493222399,False,False,True,False,False,False,False
2017,-1.3035722838802226,10407.0,0.0690532598241272,-0.4416418886552442,-0.2428663803205408,-0.40760733869334564,-0.11339798623152622,Official (Quarter),-0.6731609016496762,1.2205846018810202,False,True,False,True,False,False,False
2021,-0.14484136487558028,7341.0,-0.7032845846629788,0.453094954298198,0.6211757244059766,0.45299456004277394,-0.3764274748328681,Interpolated (Month),0.5554675695759556,-0.0055734456706894205,True,False,False,False,True,False,False
2017,-0.14484136487558028,7136.0,-0.5873165314178024,1.1822934456858545,-0.2428663803205408,-0.13453173620976921,-0.639966655628722,Interpolated (Month),1.136630168822993,-0.0055734456706894205,False,True,False,False,False,True,False
2015,1.013889554129062,14212.0,1.266059542207031,1.2033690752277433,0.6211757244059766,0.5357447426135546,1.3036595794446022,Official (Quarter),1.1570977008401258,1.2205846018810202,False,True,False,False,True,False,False
2020,-0.7242068243779014,15453.0,1.3322599288773544,-0.6816097233387021,-0.2428663803205408,-0.25865701006594033,0.9713685848556527,Estimated (Region),1.1193336628930215,-1.231731493222399,False,True,False,False,False,True,False
2016,-1.013889554129062,10416.0,-0.034238123633114945,1.5161043194683212,-0.2428663803205408,-0.2917570830942526,-0.04971477815052523,Interpolated (Month),-1.3592556368718731,-0.0055734456706894205,True,False,False,False,False,False,True
2018,1.5932550136313832,17422.0,1.743077931264113,-0.1807450487422076,1.5812225074354402,1.3797966048355181,2.828771890357324,Official (Quarter),-0.9977586629354719,1.2205846018810202,False,False,False,False,True,False,False
2025,-0.43452409462674085,7889.0,-0.6025754857921678,-1.3651434394943944,-1.298917841652951,-1.1854590548586845,-0.9106981596138046,Interpolated (Month),1.7408547759766588,-0.0055734456706894205,True,False,False,True,False,False,False
2023,-0.14484136487558028,10630.0,0.35615635520641614,-0.07231761236829803,1.5812225074354402,1.6776972620903288,1.0671057687248682,Official (Quarter),-0.42783879254291585,1.2205846018810202,False,False,False,False,False,False,False
2025,-0.14484136487558028,16710.0,1.4768678657174934,-0.5282128588952717,-0.2428663803205408,-0.39933232043626754,1.1011135645920456,Estimated (Region),-1.0655033111611931,-1.231731493222399,False,True,False,False,False,True,False
2019,0.7242068243779014,3820.0,-1.4882990989380191,0.5935272473440707,1.5812225074354402,1.5370219517200014,-0.9938912522514128,Interpolated (Month),-0.02252400358392051,-0.0055734456706894205,False,False,True,False,True,False,False
2022,1.3035722838802226,8418.0,-0.3936451874354734,1.7424942458003578,-1.298917841652951,-1.2020090913728405,-0.8376422784003842,Estimated (Region),1.380510902435589,-1.231731493222399,False,False,False,True,False,False,False
2017,-0.7242068243779014,16044.0,1.451984032430067,1.2398337961517487,-1.298917841652951,-1.359234438257324,0.1827614950131111,Official (Quarter),-1.4641877728470327,1.2205846018810202,True,False,False,False,False,False,False
2015,0.43452409462674085,13292.0,0.780824793102214,-0.5278783566505796,1.5812225074354402,1.6859722803474069,1.8676339926723908,Interpolated (Month),-0.14590574588438282,-0.0055734456706894205,False,True,False,True,False,False,False
2016,0.7242068243779014,10761.0,0.3103794920833202,1.0654433123750107,1.5812225074354402,1.3301464952930497,0.9142547428372544,Interpolated (Month),1.6203557846645251,-0.0055734456706894205,False,True,False,False,False,False,False
2018,1.3035722838802226,10138.0,0.16271976436830815,0.8377720386628599,0.6211757244059766,0.6764200529838819,0.3991824640496118,Interpolated (Month),-1.1713002724328512,-0.0055734456706894205,False,False,True,False,False,True,False
2022,0.43452409462674085,15457.0,1.6186587648269803,-1.3718737439451814,0.6211757244059766,0.8170953633542092,1.8256410190911878,Estimated (Region),1.2654891380012796,-1.231731493222399,False,False,False,True,False,False,False
2016,1.5932550136313832,11142.0,0.19276816682859677,-1.3548509098018395,-0.5788827543808531,-0.46553246649289215,-0.005711352024302346,Estimated (Region),-0.19116493640114118,-1.231731493222399,False,True,False,False,False,True,False
2022,-0.14484136487558028,8196.0,-0.4424738414334424,-1.4884266523788694,1.5812225074354402,1.6114971160337042,0.3124781585164748,Estimated (Region),-0.79567781865364,-1.231731493222399,False,False,False,False,False,True,False
2022,0.43452409462674085,11575.0,0.4272865579053806,0.22271336745037484,0.6211757244059766,0.800545326840053,0.8281450781977148,Official (Quarter),-1.033793050289579,1.2205846018810202,False,True,False,False,False,False,False
2021,-0.43452409462674085,7656.0,-0.5100827469690918,0.6562044190564664,1.5812225074354402,1.363246568321362,0.05553666001625158,Estimated (Region),1.4811189119282557,-1.231731493222399,False,False,True,False,False,False,True
2021,-1.3035722838802226,9838.0,0.12069895155274828,-1.2488862648431611,-0.2428663803205408,-0.3827822839221114,-0.20984307592645238,Estimated (Region),-0.24161307869689097,-1.231731493222399,False,False,False,True,False,False,False
2017,-0.7242068243779014,11278.0,0.14605229112861678,-0.2856803413253171,0.6211757244059766,0.6267699434414135,0.6522446386249366,Official (Quarter),-1.5212662424159382,1.2205846018810202,False,False,False,False,False,False,True
2020,-1.5932550136313832,4111.0,-1.4603634747757195,1.0789869255482984,1.5812225074354402,1.4956468604346111,-0.9178338503369758,Interpolated (Month),0.1034522146060375,-0.0055734456706894205,False,False,True,False,False,True,False
2016,0.43452409462674085,11746.0,0.44700582201994504,-0.3023815960447127,1.5812225074354402,1.6445971890620164,1.3803965709517216,Official (Quarter),0.1766740897095829,1.2205846018810202,False,False,False,False,True,False,False
2017,-0.43452409462674085,8560.0,-0.26570472383502575,-1.3823064365396731,0.6211757244059766,0.5191947060993986,-0.0599935707398553,Estimated (Region),-0.7544544795205416,-1.231731493222399,False,True,False,False,False,False,True
2025,-1.013889554129062,10895.0,0.09980592171707883,-1.4429184420905576,0.6211757244059766,0.5440197608706328,0.5122774987652713,Official (Quarter),-0.6348203135049064,1.2205846018810202,True,False,False,False,False,True,False
2022,0.43452409462674085,10678.0,0.1516863665899209,0.8451957021498218,-1.298917841652951,-1.3178593469719335,-0.5603697245857282,Estimated (Region),-0.567652215476851,-1.231731493222399,False,False,False,False,False,False,True
2024,1.5932550136313832,6862.0,-0.7723020090639543,-1.6346021451831676,-1.298917841652951,-1.4006095295427143,-1.1422116808544733,Official (Quarter),0.15072933081462586,1.2205846018810202,False,True,False,False,False,True,False
2021,1.013889554129062,11296.0,0.2427705865476708,1.5715760245517343,0.6211757244059766,0.800545326840053,0.7574111280926279,Estimated (Region),-1.3722280163193517,-1.231731493222399,False,True,False,False,False,False,False
2018,-0.14484136487558028,6735.0,-0.7863871977172145,1.4241922480076927,1.5812225074354402,1.5121968969487674,-0.15312566117045204,Interpolated (Month),-0.6852684558006561,-0.0055734456706894205,False,False,True,False,True,False,False
2025,0.14484136487558028,15335.0,1.2634772576206,-0.1360002789410399,-1.298917841652951,-1.3675094565144021,0.07504654457285877,Estimated (Region),0.4911822225362286,-1.231731493222399,True,False,False,False,False,True,False
2019,-1.013889554129062,8810.0,-0.34106048312996834,0.9789548493751297,1.5812225074354402,1.5535719882341577,0.4675378505803085,Estimated (Region),-0.923383687436595,-1.231731493222399,True,False,False,True,False,False,False
2020,-1.013889554129062,9263.0,-0.21804983555816176,0.08055985408745925,0.6211757244059766,0.6515949982126477,0.17106689077235815,Interpolated (Month),-1.6809706471693404,-0.0055734456706894205,True,False,False,False,False,False,True
2022,0.43452409462674085,5485.0,-1.1610532158939384,0.17025814694799848,-0.5788827543808531,-0.6889579594340001,-1.135444101160672,Official (Quarter),-1.2468283483270595,1.2205846018810202,True,False,False,False,True,False,False
2017,1.013889554129062,16216.0,1.7836902252143467,1.0581518592849113,0.6211757244059766,0.8088203450971311,2.011876883719353,Interpolated (Month),0.14381072844263731,-0.0055734456706894205,False,False,True,False,False,False,False
2024,1.013889554129062,6997.0,-0.8126795498699672,0.006327195470378413,-0.5788827543808531,-0.48208250300704825,-0.7933556899438766,Interpolated (Month),-1.1909029791534853,-0.0055734456706894205,False,False,True,False,False,True,False
2015,0.43452409462674085,4085.0,-1.5225730579942858,1.02758392087358,-1.298917841652951,-1.259934219172387,-1.5031303870351929,Estimated (Region),0.13516247547765164,-1.231731493222399,False,False,True,False,False,True,False
2025,-1.5932550136313832,7834.0,-0.4800343445088032,0.18006408273631364,-0.5788827543808531,-0.6889579594340001,-0.7193936892735456,Interpolated (Month),-1.3203384985294375,-0.0055734456706894205,False,False,False,False,False,False,True
2023,-0.14484136487558028,10779.0,0.09886690914019482,-0.19344569637760753,-0.5788827543808531,-0.6806829411769221,-0.1932214471387478,Interpolated (Month),1.6869473324949147,-0.0055734456706894205,False,True,False,False,True,False,False
2016,1.013889554129062,14343.0,1.220752185372377,0.146204304255744,-0.2428663803205408,-0.3827822839221114,0.6588706371535958,Official (Quarter),-0.873512095338511,1.2205846018810202,False,False,True,True,False,False,False
2021,1.5932550136313832,4600.0,-1.3641146856451076,-0.7465439153975288,0.6211757244059766,0.47781961481400814,-1.0167141360723495,Official (Quarter),0.8610391743387827,1.2205846018810202,False,False,True,False,True,False,False
2018,-0.7242068243779014,48.0,-2.489756012184826,-0.6712540706371184,-0.5788827543808531,-0.6062077768632194,-2.0982526565942843,Interpolated (Month),0.6162936154296881,-0.0055734456706894205,False,True,False,False,False,False,False
2023,0.7242068243779014,15520.0,1.6198325305480854,1.4800660516289303,0.6211757244059766,0.68469507124096,1.7361900389542908,Interpolated (Month),1.5113877973057055,-0.0055734456706894205,False,True,False,False,True,False,False
2017,0.14484136487558028,6325.0,-0.856813140983516,0.8131799107833811,-1.298917841652951,-1.2847592739436213,-1.1800988006465494,Estimated (Region),-1.1519858408110497,-1.231731493222399,False,True,False,False,True,False,False
2020,-0.14484136487558028,4600.0,-1.2704481811009267,-1.5663870477495796,-0.2428663803205408,-0.34140719263672104,-1.2101423238897429,Official (Quarter),0.24730148892363257,1.2205846018810202,False,True,False,False,False,False,True
2016,-1.013889554129062,8282.0,-0.4908329891429694,-0.9972540933418127,0.6211757244059766,0.6598700164697258,-0.06667620173457131,Interpolated (Month),-0.2883136447078136,-0.0055734456706894205,False,True,False,False,True,False,False
2016,0.7242068243779014,8385.0,-0.40327006634853463,0.4057526975271007,0.6211757244059766,0.4447195417856959,-0.1338989389441295,Interpolated (Month),1.3421703142908192,-0.0055734456706894205,False,False,True,True,False,False,False
2015,-0.43452409462674085,10896.0,0.08454696734271352,0.19197643830621267,-0.2428663803205408,-0.08488162666730079,0.16078809818302808,Official (Quarter),0.09941636322237753,1.2205846018810202,True,False,False,False,False,False,True
2024,-1.5932550136313832,15476.0,1.2554956507170858,-1.0414218094935188,0.6211757244059766,0.5853948521560232,1.6464275802540802,Interpolated (Month),0.9031273387683797,-0.0055734456706894205,True,False,False,False,True,False,False
2025,1.013889554129062,11160.0,0.2326762013461676,1.0287221231623553,-1.298917841652951,-1.2930342922006994,-0.47632714495726614,Estimated (Region),-1.5725792100081866,-1.231731493222399,False,True,False,False,False,False,True
2015,0.14484136487558028,10192.0,-0.05372263460345835,-0.06101213234189025,1.5812225074354402,1.5783970430053917,0.8843811169922318,Estimated (Region),-1.5310675957762552,-1.231731493222399,False,False,False,True,False,False,False
2022,-0.7242068243779014,10731.0,0.21859101269290732,-0.8082185744389817,0.6211757244059766,0.7757202720688188,0.6004542484158879,Estimated (Region),1.4978388676605614,-1.231731493222399,False,False,False,False,False,False,False
2022,-0.7242068243779014,9951.0,-0.10630733890896345,-1.296150487658216,-0.5788827543808531,-0.4407074117216579,-0.21765835624230664,Estimated (Region),0.382502510276242,-1.231731493222399,False,False,True,False,False,True,False
2022,1.013889554129062,9010.0,-0.1854191485114421,0.9123044073149318,1.5812225074354402,1.810097554203578,0.6446275719402818,Official (Quarter),-1.0859708431783257,1.2205846018810202,False,False,True,False,True,False,False
2020,1.3035722838802226,11180.0,0.40028994631996506,-0.1559724984038537,0.6211757244059766,0.6350449616984916,0.633017916398614,Interpolated (Month),1.228878200449507,-0.0055734456706894205,False,False,True,False,False,True,False
2024,-1.5932550136313832,8253.0,-0.5349665802565183,0.6089869172087243,0.6211757244059766,0.4116194687573836,-0.17897838192543375,Interpolated (Month),-0.06605354350768175,-0.0055734456706894205,False,False,False,False,False,False,False
2024,0.14484136487558028,13962.0,1.2005634149693707,-0.6110650389498787,-0.5788827543808531,-0.5896577403490633,0.4371262163077451,Estimated (Region),-0.2744764399638365,-1.231731493222399,False,False,False,False,False,False,True
2019,1.5932550136313832,7926.0,-0.47956483822036117,1.4357546933543173,-1.298917841652951,-1.2764842556865432,-0.9421291782753923,Interpolated (Month),-1.1067266502942914,-0.0055734456706894205,True,False,False,False,False,False,True
2018,-1.5932550136313832,5479.0,-1.192510137219553,1.676608735322005,1.5812225074354402,1.4211716961209084,-0.5430968224383691,Official (Quarter),-1.4777367024921768,1.2205846018810202,False,False,True,False,False,False,False
2020,-0.14484136487558028,6915.0,-0.8223044287830283,-1.0406514105644353,0.6211757244059766,0.41989448701446164,-0.4886163900916168,Estimated (Region),0.5153973308381885,-1.231731493222399,False,False,False,False,False,False,False
2023,-1.013889554129062,9433.0,-0.12508759044664383,1.4917040457737627,-1.298917841652951,-1.2847592739436213,-0.7246605086168386,Official (Quarter),-0.02338882888041908,1.2205846018810202,False,False,False,False,True,False,False
2016,-1.3035722838802226,10207.0,0.008252195470886936,0.0297771448085452,-1.298917841652951,-1.4006095295427143,-0.6719356827178509,Official (Quarter),-1.1969567562289753,1.2205846018810202,True,False,False,False,False,False,False
2023,-0.7242068243779014,4669.0,-1.3523770284340573,1.182868511209048,-0.2428663803205408,-0.37450726566503334,-1.2046206584491936,Estimated (Region),1.1876548613164084,-1.231731493222399,True,False,False,False,True,False,False
2024,-1.3035722838802226,4948.0,-1.332657764319493,0.34639619371483826,-0.5788827543808531,-0.46553246649289215,-1.1738125969142317,Estimated (Region),-0.3903630296946446,-1.231731493222399,False,False,False,False,True,False,False
2020,0.7242068243779014,6195.0,-0.9342816785764476,-1.3432124186254402,-1.298917841652951,-1.1771840366016064,-1.1649496159763246,Official (Quarter),-1.07530466452151,1.2205846018810202,False,False,False,False,False,True,False
2025,-1.013889554129062,11610.0,0.4040459966275012,0.07228576958910268,1.5812225074354402,1.6280471525478604,1.330163573559238,Official (Quarter),1.0596607174346204,1.2205846018810202,False,True,False,False,True,False,False
2018,1.013889554129062,6459.0,-0.7985943612167068,0.15988609220469951,1.5812225074354402,1.3549715500642838,-0.2853058369472916,Interpolated (Month),1.5949875759672338,-0.0055734456706894205,False,True,False,False,False,True,False
2022,0.14484136487558028,7998.0,-0.3549109186390076,-0.9878939948692321,-0.2428663803205408,-0.2338319552947061,-0.5035107286645855,Interpolated (Month),0.8359592407403242,-0.0055734456706894205,True,False,False,False,False,False,False
2020,-0.14484136487558028,17072.0,1.8761829640374228,-1.59737547486672,-1.298917841652951,-1.3095843287148556,0.37296163226526013,Official (Quarter),0.5352883126576556,1.2205846018810202,False,True,False,False,False,False,False
2025,0.7242068243779014,6453.0,-0.9591655118638741,1.5006173128674742,1.5812225074354402,1.594947079519548,-0.20752114481811904,Estimated (Region),1.0446704122953119,-1.231731493222399,False,False,True,False,False,False,True
2025,0.14484136487558028,10582.0,0.05050776143066781,-0.652113882017715,1.5812225074354402,1.5701220247483139,0.9943613660747606,Official (Quarter),1.2752904913615966,1.2205846018810202,False,False,False,True,False,False,False
2017,-0.14484136487558028,6329.0,-0.9814670605648697,1.5519412895230154,-1.298917841652951,-1.2268341461440748,-1.160702181022056,Estimated (Region),1.3441882399826492,-1.231731493222399,True,False,False,False,False,True,False
2022,-0.43452409462674085,14152.0,1.0404617706106454,0.7577743108983986,-0.5788827543808531,-0.6144827951202975,0.45371952886242095,Interpolated (Month),-0.9793090566101691,-0.0055734456706894205,False,True,False,True,False,False,False
2025,1.5932550136313832,12747.0,0.5233005938917716,1.3123949376085018,-0.5788827543808531,-0.564832685577829,0.23200342424959866,Official (Quarter),-0.29782672296929785,1.2205846018810202,False,False,False,False,True,False,False
2016,0.14484136487558028,2926.0,-1.724695515168571,1.1942679302016481,1.5812225074354402,1.4128966778638303,-1.273032677445947,Interpolated (Month),1.066291044707776,-0.0055734456706894205,False,True,False,False,True,False,False
2016,-0.43452409462674085,12317.0,0.43245112707824274,-0.03630618423353362,-0.2428663803205408,-0.3579572291508772,0.28387876315773297,Interpolated (Month),-0.5869666470986523,-0.0055734456706894205,False,False,False,False,False,False,True
2023,-0.7242068243779014,14231.0,1.1458659323658766,-1.1555561623214519,-0.5788827543808531,-0.564832685577829,0.5042923210512461,Interpolated (Month),0.33118954268399364,-0.0055734456706894205,False,True,False,False,False,True,False
2025,-0.43452409462674085,6900.0,-0.7643204021604401,0.7069294726735907,-0.5788827543808531,-0.6558578864056878,-0.8731225183850414,Estimated (Region),-1.6959609523086487,-1.231731493222399,False,False,True,False,False,False,False
2021,0.7242068243779014,11529.0,0.23079817619239956,1.2655939482140315,1.5812225074354402,1.7935475176894218,1.404097257996541,Interpolated (Month),-0.8567921396062054,-0.0055734456706894205,False,False,True,False,False,False,False
2019,0.43452409462674085,8185.0,-0.3692308604364889,-0.9242804156843245,1.5812225074354402,1.719072353375719,0.35444281586464904,Interpolated (Month),0.3254240407073365,-0.0055734456706894205,False,True,False,False,False,False,True
2023,-0.7242068243779014,7925.0,-0.5589114009670608,-1.5609783502358465,0.6211757244059766,0.6102199069272574,-0.1748158956702504,Interpolated (Month),-0.4805931356293285,-0.0055734456706894205,False,False,False,False,False,False,False
2021,-1.5932550136313832,12743.0,0.5564007872269333,0.8615858151081806,1.5812225074354402,1.3218714770359716,1.4653169538040658,Interpolated (Month),-1.1269059072125913,-0.0055734456706894205,False,False,True,False,False,True,False
2022,-1.013889554129062,6899.0,-0.8272342448116694,0.39483042883896563,-1.298917841652951,-1.3095843287148556,-1.1047776207908524,Estimated (Region),-1.4644760479458656,-1.231731493222399,True,False,False,False,False,False,False
2018,1.013889554129062,6098.0,-1.0685604770708623,-0.3312054506869119,-1.298917841652951,-1.350959420000246,-1.234097857031818,Estimated (Region),1.122504688980183,-1.231731493222399,False,False,False,False,True,False,False
2018,-1.013889554129062,6190.0,-0.8816969742709425,-0.8546706476733121,-1.298917841652951,-1.2020090913728405,-1.1735860670500042,Official (Quarter),-1.3543549601917146,1.2205846018810202,False,True,False,True,False,False,False
2023,0.43452409462674085,9332.0,-0.11076764864916254,-0.7785383344065815,0.6211757244059766,0.7012451077551162,0.21181395010030848,Official (Quarter),0.3476212233174664,1.2205846018810202,False,True,False,False,False,True,False
2016,-0.43452409462674085,215.0,-2.4500827308114763,1.3496872160918136,-1.298917841652951,-1.3013093104577775,-2.0756279864045473,Official (Quarter),-1.0369640763767403,1.2205846018810202,True,False,False,False,False,False,True
2024,-0.7242068243779014,14808.0,1.1500914889618548,-1.2323420720989853,-1.298917841652951,-1.359234438257324,0.006351363245820854,Official (Quarter),1.4220225166675202,1.2205846018810202,False,False,True,True,False,False,False
2020,0.43452409462674085,9309.0,-0.07719794902555883,-1.664233676121987,-1.298917841652951,-1.359234438257324,-0.7784330351378794,Official (Quarter),-0.025406754572249068,1.2205846018810202,False,False,True,False,False,True,False
2016,-0.43452409462674085,15560.0,1.2470445375251296,0.013533656162495633,-0.5788827543808531,-0.6062077768632194,0.7151066759481125,Interpolated (Month),-1.2038753586009638,-0.0055734456706894205,False,False,True,False,True,False,False
2021,0.7242068243779014,11865.0,0.41719217270387743,-0.8575370287210697,1.5812225074354402,1.7935475176894218,1.506432124161386,Estimated (Region),1.4837133878177513,-1.231731493222399,False,True,False,False,False,False,False
2021,1.5932550136313832,11799.0,0.3639032089657093,-0.5953295165654571,-0.2428663803205408,-0.34140719263672104,0.19335176616575422,Official (Quarter),-0.00868679883994343,1.2205846018810202,True,False,False,False,True,False,False
2023,1.5932550136313832,10707.0,0.3681287655616874,0.9774254832430077,0.6211757244059766,0.6598700164697258,0.5307396826998255,Official (Quarter),-0.1363926676228986,1.2205846018810202,False,False,False,False,False,False,True
2015,-1.5932550136313832,7292.0,-0.7882652228709826,1.1021654956508007,1.5812225074354402,1.6694222438332507,0.06731621295608982,Estimated (Region),0.8117441324383644,-1.231731493222399,False,False,False,False,False,True,False
2018,0.7242068243779014,10157.0,0.040413376229164605,1.326412221865284,-1.298917841652951,-1.2847592739436213,-0.6185878996922367,Interpolated (Month),0.04637374503713204,-0.0055734456706894205,False,True,False,False,False,True,False
2015,0.7242068243779014,8761.0,-0.3889501245510533,0.2935254548223247,-0.5788827543808531,-0.5979327586061413,-0.5142708972153992,Estimated (Region),1.3779164265460933,-1.231731493222399,False,False,False,True,False,False,False
2021,1.5932550136313832,7131.0,-0.7957773234860548,-0.07673721706340206,-0.2428663803205408,-0.15108177272392537,-0.6470457138858364,Official (Quarter),-0.8167219008684384,1.2205846018810202,False,False,False,False,False,False,True
2016,-1.3035722838802226,12174.0,0.5472454146023141,0.0561580892981993,1.5812225074354402,1.4956468604346111,1.4143760505858707,Estimated (Region),0.3409908960443107,-1.231731493222399,False,False,True,False,True,False,False
2024,0.7242068243779014,9927.0,-0.08165825876575793,1.3657791101098822,-0.2428663803205408,-0.24210697355178415,-0.12101505291618113,Interpolated (Month),0.3626115284567749,-0.0055734456706894205,False,False,False,False,False,False,False
2017,1.3035722838802226,5328.0,-1.2098818698919074,-1.0988721972457587,-1.298917841652951,-1.2102841096299186,-1.3058228752929009,Estimated (Region),-0.7218793933524288,-1.231731493222399,True,False,False,False,False,False,False
2018,1.013889554129062,735.0,-2.313691154019072,1.7293750975854172,-0.2428663803205408,-0.2669320283230184,-1.9608339777071802,Official (Quarter),1.4747768597539328,1.2205846018810202,False,False,True,True,False,False,False
2025,-1.5932550136313832,6916.0,-0.8131490561584092,0.36397967946592624,-0.5788827543808531,-0.5234575942924387,-0.8232576320219278,Official (Quarter),0.5557558446747883,1.2205846018810202,False,False,True,False,False,False,True
2016,-1.5932550136313832,7497.0,-0.5528078192173147,1.4277201780713278,-0.5788827543808531,-0.672407922919844,-0.7727131560661311,Official (Quarter),-0.8885024004778196,1.2205846018810202,False,True,False,False,False,False,True
2018,0.14484136487558028,16120.0,1.461608911343128,-0.36715922315988664,-0.2428663803205408,-0.333132174379643,1.042612227155252,Interpolated (Month),-1.3748224922088474,-0.0055734456706894205,False,False,True,False,False,False,False
2025,-1.3035722838802226,6578.0,-0.8758281456654174,-1.1312319344566673,-1.298917841652951,-1.3178593469719335,-1.1542177636585393,Official (Quarter),-0.26582818699885086,1.2205846018810202,False,True,False,True,False,False,False
2015,0.14484136487558028,11159.0,0.2589685534989201,1.316969616152556,-0.2428663803205408,-0.2752070465800964,0.10650587946747511,Estimated (Region),1.114721261311696,-1.231731493222399,False,True,False,False,False,False,True
2021,0.14484136487558028,15698.0,1.2219259510934821,0.31403347431452683,0.6211757244059766,0.6267699434414135,1.7336132617487008,Estimated (Region),0.8572915980539556,-1.231731493222399,False,False,False,False,False,False,True
2016,-0.7242068243779014,6406.0,-0.9678513782000513,1.2641336694697427,0.6211757244059766,0.792270308582975,-0.4852750745942586,Interpolated (Month),-0.025406754572249068,-0.0055734456706894205,False,True,False,False,False,False,False
2017,0.7242068243779014,9023.0,-0.2840154690842641,0.5415954010819046,1.5812225074354402,1.4294467143779865,0.47229497772908924,Official (Quarter),-1.6605031151522076,1.2205846018810202,False,False,False,False,False,False,True
2024,-1.013889554129062,3163.0,-1.7519268798982077,-1.5613138465436733,-0.2428663803205408,-0.37450726566503334,-1.4956832177487085,Interpolated (Month),-1.463322947550534,-0.0055734456706894205,False,False,False,False,False,True,False
2023,-0.14484136487558028,4167.0,-1.4699883536887808,1.6030972695088601,-0.2428663803205408,-0.25865701006594033,-1.2768553689047888,Interpolated (Month),0.9019742383730482,-0.0055734456706894205,False,False,True,False,False,False,True
2017,-0.7242068243779014,7609.0,-0.5570333758132928,0.5648097574572418,-0.5788827543808531,-0.7055079959481563,-0.765719046508102,Estimated (Region),0.17321478852358863,-1.231731493222399,False,True,False,False,False,False,True
2015,0.14484136487558028,18301.0,2.077601161779045,-0.42353204647454384,-0.5788827543808531,-0.5896577403490633,1.227772074928336,Estimated (Region),-0.667683674771852,-1.231731493222399,False,True,False,False,False,False,False
2015,-0.14484136487558028,7878.0,-0.6030449920806098,-1.4263891602933965,-0.5788827543808531,-0.6889579594340001,-0.7116067251907198,Official (Quarter),-0.11621341070459866,1.2205846018810202,False,False,False,False,False,True,False
2017,-1.013889554129062,12354.0,0.7080513183937025,1.6786107784744875,-0.5788827543808531,-0.556557667320751,0.165120481836382,Official (Quarter),-0.8123977743859456,1.2205846018810202,False,False,False,True,False,False,False
2015,1.5932550136313832,9618.0,-0.02954306074869485,1.5077268524039973,-1.298917841652951,-1.3840594930285581,-0.7465772729808647,Official (Quarter),1.5318553293228383,1.2205846018810202,False,False,True,False,False,False,False
2018,-1.5932550136313832,15089.0,1.0463305992161704,1.1407490621455696,-0.2428663803205408,-0.1428067544668473,0.9885848545369553,Official (Quarter),-1.3488777333138904,1.2205846018810202,False,False,True,False,False,False,True
2025,0.14484136487558028,8450.0,-0.4413000757123374,-0.40788698383534333,0.6211757244059766,0.5522947791277109,-0.07194302107786445,Official (Quarter),-0.42207329056625875,1.2205846018810202,False,True,False,True,False,False,False
2024,-0.14484136487558028,7107.0,-0.8169051064659452,1.6567920867397095,0.6211757244059766,0.6929700894980381,-0.344062020481341,Interpolated (Month),-0.2661164620976837,-0.0055734456706894205,False,False,True,False,False,True,False
2020,1.5932550136313832,11613.0,0.37564086617675957,0.024817266799948674,-0.5788827543808531,-0.556557667320751,0.028834452270415957,Estimated (Region),0.8103027569442001,-1.231731493222399,False,False,False,False,False,False,True
2016,-0.43452409462674085,14875.0,1.020742506496081,1.7263546367518428,-0.2428663803205408,-0.3910573021791895,0.7551458294503514,Official (Quarter),0.6941278921145592,1.2205846018810202,True,False,False,False,True,False,False
2023,-0.14484136487558028,7500.0,-0.6065662892439249,1.3539104933178925,1.5812225074354402,1.6611472255761726,0.12612902895619604,Official (Quarter),-0.34510383917788623,1.2205846018810202,False,True,False,False,False,False,False
2020,0.14484136487558028,9915.0,0.02374590298947326,0.9206664664006742,-0.5788827543808531,-0.6889579594340001,-0.3508296001751426,Interpolated (Month),-0.9190595609541022,-0.0055734456706894205,False,False,True,False,False,False,True
2023,1.3035722838802226,12065.0,0.38526574508982075,-0.812382207877002,-1.298917841652951,-1.2020090913728405,-0.287741032987739,Interpolated (Month),-0.5786066692324995,-0.0055734456706894205,False,False,False,False,True,False,False
2021,-1.5932550136313832,13280.0,0.9507860695182215,0.5939348132291341,-1.298917841652951,-1.2930342922006994,-0.16657587185896935,Estimated (Region),0.5116497545533614,-1.231731493222399,False,True,False,False,False,False,True
2023,0.43452409462674085,9420.0,-0.2544365729124175,0.027224390679659545,1.5812225074354402,1.363246568321362,0.5537607801519615,Interpolated (Month),1.6437060676699864,-0.0055734456706894205,True,False,False,True,False,False,False
2024,1.3035722838802226,11790.0,0.3282207310441166,0.2835569897115518,-1.298917841652951,-1.2516592009153091,-0.35923952138459425,Interpolated (Month),0.7843579980492431,-0.0055734456706894205,False,True,False,False,False,False,False
2017,1.5932550136313832,9252.0,-0.1140541926682566,0.8785062607486891,-1.298917841652951,-1.2268341461440748,-0.7236694404608427,Interpolated (Month),0.2888131031555638,-0.0055734456706894205,False,False,False,False,False,False,False
2018,0.14484136487558028,13262.0,0.6456069820309152,-0.7587326205187634,-1.298917841652951,-1.3261343652290116,-0.19174900302126807,Interpolated (Month),0.996528470790225,-0.0055734456706894205,True,False,False,True,False,False,False
2015,1.013889554129062,3356.0,-1.6303247511917272,1.4841382312585958,0.6211757244059766,0.48609463307108625,-1.3101269427132265,Interpolated (Month),0.25450836639445396,-0.0055734456706894205,False,False,False,False,False,False,True
2021,-1.3035722838802226,10720.0,0.2969985628627229,-0.6505203988134303,-0.2428663803205408,-0.30830711960840873,0.0011978088346414435,Official (Quarter),1.1882314115140742,1.2205846018810202,False,False,True,False,False,False,False
2017,-0.43452409462674085,12468.0,0.8230803590619948,-1.6927091116356132,0.6211757244059766,0.68469507124096,0.9804580956577876,Official (Quarter),-1.5307793206774225,1.2205846018810202,False,False,False,False,False,False,True
2018,1.5932550136313832,16676.0,1.6775818040264525,0.8708032655209889,-1.298917841652951,-1.3261343652290116,0.3012932464702343,Interpolated (Month),0.4854167205595715,-0.0055734456706894205,True,False,False,True,False,False,False
2017,-1.3035722838802226,10789.0,0.04933399570956279,-0.4823100055426429,-0.5788827543808531,-0.43243239346457985,-0.053962213104793856,Official (Quarter),0.02071726124100787,1.2205846018810202,False,False,True,False,False,False,True
2021,1.013889554129062,12038.0,0.5301084350741808,0.15084856721919956,-0.5788827543808531,-0.448982429978736,0.1734737705797771,Official (Quarter),1.402708085045719,1.2205846018810202,True,False,False,False,False,False,False
2023,-0.43452409462674085,9772.0,-0.14105080425367217,-1.0099920183447488,-0.2428663803205408,-0.18418184575223764,-0.12296887299514485,Official (Quarter),1.4422017735858201,1.2205846018810202,False,True,False,True,False,False,False
2023,-0.43452409462674085,4303.0,-1.4413484700938182,-1.4207667392057886,-1.298917841652951,-1.2764842556865432,-1.474559307909479,Official (Quarter),-0.05308116406020323,1.2205846018810202,False,False,True,False,False,False,False
2017,0.7242068243779014,6206.0,-0.8666727730407983,0.9719168823842772,-0.5788827543808531,-0.49035752126412635,-0.9444794256167545,Interpolated (Month),-1.0608909095798673,-0.0055734456706894205,True,False,False,False,True,False,False
2015,-1.5932550136313832,12170.0,0.540437573419905,-0.7217544659858912,1.5812225074354402,1.6197721342907823,1.4907732472966493,Official (Quarter),-1.227802191804091,1.2205846018810202,False,False,True,False,False,False,True
2025,-0.14484136487558028,8352.0,-0.4269801339148561,1.1934264557584617,-0.2428663803205408,-0.34140719263672104,-0.4786490760655998,Official (Quarter),0.8296171885660014,1.2205846018810202,False,False,True,True,False,False,False
2022,-0.7242068243779014,6662.0,-0.8431974586186978,1.3625543693022086,-0.5788827543808531,-0.6144827951202975,-0.9015237001125843,Estimated (Region),0.8385537166298199,-1.231731493222399,False,True,False,False,True,False,False
2016,1.5932550136313832,8111.0,-0.4316751967992762,-1.2507088795999028,0.6211757244059766,0.5936698704131012,-0.13636245121760532,Official (Quarter),0.4560126604786202,1.2205846018810202,True,False,False,False,False,True,False
2020,0.43452409462674085,9894.0,0.14957358829193187,0.07499160944067082,-0.2428663803205408,-0.18418184575223764,-0.09819216909524452,Official (Quarter),0.9829795411450808,1.2205846018810202,True,False,False,False,True,False,False
2015,-1.5932550136313832,4350.0,-1.3897027783651972,-1.5733937017517021,-0.2428663803205408,-0.20900690052347187,-1.2293124136500087,Interpolated (Month),-1.1202755799394357,-0.0055734456706894205,True,False,False,False,True,False,False
2020,-1.013889554129062,19103.0,2.1097623425373224,1.0656525626647808,-0.5788827543808531,-0.43243239346457985,1.528065726195128,Interpolated (Month),-0.7809757886131643,-0.0055734456706894205,True,False,False,True,False,False,False
2018,1.013889554129062,8350.0,-0.3152376372656578,1.5173553479228394,1.5812225074354402,1.7687224629181875,0.4253183471348781,Official (Quarter),1.1250991648696786,1.2205846018810202,False,True,False,False,False,False,False
2017,-0.7242068243779014,3743.0,-1.5052013253219314,1.557926543654644,-0.2428663803205408,-0.109706681438535,-1.332694980436907,Estimated (Region),-0.2591978597256952,-1.231731493222399,True,False,False,False,False,True,False
2015,1.5932550136313832,16262.0,1.7071607001982991,-0.1836109327583983,-0.5788827543808531,-0.6475828681486098,0.8078706553493397,Official (Quarter),1.7391251253836617,1.2205846018810202,True,False,False,False,False,False,True
2019,-0.14484136487558028,6143.0,-0.8786451833960695,1.6552845899965416,-0.5788827543808531,-0.42415737520750174,-0.9354182310476479,Interpolated (Month),-1.4843670297653326,-0.0055734456706894205,False,False,True,False,False,False,True
2017,-0.7242068243779014,2533.0,-1.8366727649619903,-0.8617155731061047,0.6211757244059766,0.6433199799555697,-1.4850929465960654,Estimated (Region),-0.4699269569725128,-1.231731493222399,False,False,True,False,False,True,False
2016,-1.5932550136313832,9985.0,0.059663134055287004,0.7090259518238325,-0.5788827543808531,-0.556557667320751,-0.27055307953946545,Official (Quarter),-1.6763582455880146,1.2205846018810202,False,False,True,False,False,True,False
2018,0.7242068243779014,9274.0,-0.10795061091851048,0.33640635624667753,0.6211757244059766,0.5771198338989451,0.13833332539146106,Interpolated (Month),-0.24968478146421094,-0.0055734456706894205,False,True,False,False,False,False,True
2023,-1.3035722838802226,2076.0,-1.968604032014195,1.1533850956772398,0.6211757244059766,0.5605697973847888,-1.6060882103266643,Official (Quarter),-0.2211455466797582,1.2205846018810202,False,True,False,False,False,True,False
2019,1.3035722838802226,12028.0,0.4817492873646538,-0.8365767105027602,-1.298917841652951,-1.350959420000246,-0.38526213953774685,Interpolated (Month),-0.12659131426258147,-0.0055734456706894205,False,False,True,False,True,False,False
2023,0.14484136487558028,9870.0,-0.13095641905216895,0.5144336200002574,-0.2428663803205408,-0.3496822108937991,-0.18690692717340174,Interpolated (Month),0.8861191079372411,-0.0055734456706894205,True,False,False,False,True,False,False
2024,-1.3035722838802226,11792.0,0.5033465766329862,0.8969481200162464,-0.2428663803205408,-0.37450726566503334,0.17194469399624016,Official (Quarter),1.1899610621070713,1.2205846018810202,False,False,False,False,False,False,True
2025,1.3035722838802226,10859.0,0.33127252191898965,0.0025338505498851945,1.5812225074354402,1.5535719882341577,1.0663129142000713,Interpolated (Month),-1.329563301692089,-0.0055734456706894205,False,False,True,True,False,False,False
2023,1.3035722838802226,15680.0,1.6771122977380106,1.4501278522131795,0.6211757244059766,0.7260701625263504,1.8091326552355973,Official (Quarter),-0.9205009364482666,1.2205846018810202,False,False,False,False,False,True,False
2023,-0.43452409462674085,12274.0,0.6115677761188695,0.8809387332383244,-0.5788827543808531,-0.6889579594340001,0.06700473439277675,Estimated (Region),-0.5053847941289541,-1.231731493222399,False,True,False,False,False,False,True
2018,0.14484136487558028,14614.0,1.1404666100487935,-0.031424837212547706,-0.5788827543808531,-0.5979327586061413,0.5497398750619206,Estimated (Region),-1.6270632036875963,-1.231731493222399,False,False,True,False,False,True,False
2020,0.7242068243779014,8632.0,-0.3983402503198935,-0.3202265204001217,-1.298917841652951,-1.3178593469719335,-0.8566991032285362,Estimated (Region),1.0386166352198218,-1.231731493222399,False,False,False,False,False,False,True
2024,-0.7242068243779014,6267.0,-0.9626868090271893,-0.08158377187468757,-1.298917841652951,-1.3013093104577775,-1.1939171223644367,Interpolated (Month),0.7408284581254818,-0.0055734456706894205,False,False,False,False,False,True,False
2023,-0.7242068243779014,9304.0,-0.2349520619420741,-0.4465794002433183,-1.298917841652951,-1.4088845477997924,-0.8028416280084099,Interpolated (Month),0.10229911421070607,-0.0055734456706894205,False,False,False,False,True,False,False
2021,-0.43452409462674085,14405.0,1.120043086501566,0.41420322823179584,-1.298917841652951,-1.3013093104577775,-0.008316445462920322,Interpolated (Month),1.3828171032262517,-0.0055734456706894205,True,False,False,True,False,False,False
2021,0.7242068243779014,4751.0,-1.3110604750511605,-1.6579944388595447,-0.5788827543808531,-0.5317326125495168,-1.227103747473789,Estimated (Region),-0.27822401624866366,-1.231731493222399,True,False,False,False,True,False,False
2025,-1.013889554129062,9205.0,-0.15983105579135257,-1.5380289116858004,-0.2428663803205408,-0.3579572291508772,-0.32019143603835143,Estimated (Region),-0.7233207688465931,-1.231731493222399,False,True,False,False,False,True,False
2016,-1.3035722838802226,12554.0,0.6195493830223836,0.5307785030860053,-1.298917841652951,-1.3840594930285581,-0.33131971561853507,Interpolated (Month),0.5655571980351054,-0.0055734456706894205,False,True,False,True,False,False,False
2017,1.013889554129062,7977.0,-0.4884854577007594,0.6687330937696326,-1.298917841652951,-1.243384182658231,-0.9210902171352484,Interpolated (Month),0.5335586620646584,-0.0055734456706894205,False,False,True,True,False,False,False
2024,1.3035722838802226,8163.0,-0.5359055928334023,0.9169645752885366,-0.2428663803205408,-0.07660660841022271,-0.4045738104631547,Interpolated (Month),0.980385065255585,-0.0055734456706894205,True,False,False,False,True,False,False
2024,-0.43452409462674085,7159.0,-0.6046882640901567,0.624117055144356,-1.298917841652951,-1.3426844017431678,-1.079179746133127,Estimated (Region),0.23259945888315692,-1.231731493222399,False,False,True,True,False,False,False
2025,-0.43452409462674085,10489.0,0.023980656133694263,0.2302299758403936,0.6211757244059766,0.7012451077551162,0.4993086640382376,Official (Quarter),-1.0098662170864519,1.2205846018810202,False,False,False,False,False,False,True
2022,-0.43452409462674085,10895.0,0.3106142452275412,-0.409071907091431,-1.298917841652951,-1.235109164401153,-0.48266998115564064,Estimated (Region),-0.547472958558551,-1.231731493222399,False,False,True,False,False,False,False
2023,0.43452409462674085,18593.0,1.9475479198806083,1.2408228889703783,-0.5788827543808531,-0.5482826490636729,1.3204511056304775,Official (Quarter),1.3655205972962805,1.2205846018810202,False,False,True,False,False,False,True
2016,-0.7242068243779014,2655.0,-1.8411330747021895,-0.1790884425288952,1.5812225074354402,1.6197721342907823,-1.3220763930512354,Official (Quarter),0.07375987942625335,1.2205846018810202,False,False,False,False,False,False,False
2021,-1.3035722838802226,10739.0,0.17610069358890543,0.6640366424916261,0.6211757244059766,0.5522947791277109,0.47931740352014673,Interpolated (Month),-0.7509951783345473,-0.0055734456706894205,True,False,False,True,False,False,False
2022,-0.43452409462674085,8324.0,-0.4765130473454881,-1.1468158622131082,0.6211757244059766,0.7260701625263504,-0.02802454365072686,Interpolated (Month),-1.2615303783675351,-0.0055734456706894205,False,False,True,True,False,False,False
2020,0.43452409462674085,12554.0,0.83364425055194,0.09943214269216846,1.5812225074354402,1.7769974811752656,1.7056085072835567,Interpolated (Month),-0.036649483426730446,-0.0055734456706894205,False,False,True,False,False,False,True
2020,-0.14484136487558028,1288.0,-2.158049819400546,0.9832780299462063,-0.5788827543808531,-0.7220580324623124,-1.8810105167999585,Interpolated (Month),-0.5788949443313324,-0.0055734456706894205,True,False,False,False,True,False,False
2017,1.3035722838802226,10882.0,0.2662459009697713,1.2053572014963456,0.6211757244059766,0.7343451807834285,0.6154335356879419,Estimated (Region),-1.1044204495036285,-1.231731493222399,False,False,False,True,False,False,False
2021,-0.14484136487558028,14393.0,0.9193291481926068,-1.0702933791661648,1.5812225074354402,1.5370219517200014,2.0868016363126514,Interpolated (Month),0.31273993635869085,-0.0055734456706894205,False,False,True,True,False,False,False
2017,0.14484136487558028,11469.0,0.4641428015480784,1.1802635687656116,0.6211757244059766,0.7591702355546627,0.7769210126492354,Estimated (Region),0.878623955367587,-1.231731493222399,False,False,False,False,False,True,False
2016,1.013889554129062,13801.0,1.171923531374408,-1.0902004874936815,-0.2428663803205408,-0.3827822839221114,0.5543554210455591,Official (Quarter),-0.881583798105831,1.2205846018810202,False,False,True,False,False,False,False
2021,0.14484136487558028,9834.0,-0.16851692212752972,-1.0761767418265265,1.5812225074354402,1.7025223168615629,0.8419633999156023,Official (Quarter),1.200627240763887,1.2205846018810202,False,True,False,False,False,True,False
2017,-0.14484136487558028,7988.0,-0.5704143050338901,1.317907017688202,-0.5788827543808531,-0.4986325395212044,-0.6140856186407119,Estimated (Region),-1.6628093159428703,-1.231731493222399,False,False,False,False,False,False,False
2025,1.3035722838802226,11127.0,0.26929769184464436,0.24386852204300655,0.6211757244059766,0.7343451807834285,0.6767381801945527,Estimated (Region),0.7013347695853805,-1.231731493222399,False,True,False,False,True,False,False
2020,1.013889554129062,7925.0,-0.42087655216511,-1.626406094640854,0.6211757244059766,0.8088203450971311,-0.09402968284006119,Estimated (Region),0.11152391737335747,-1.231731493222399,False,False,False,False,False,True,False
2024,1.3035722838802226,5924.0,-1.0655086861959893,-1.259412399372277,-1.298917841652951,-1.2764842556865432,-1.236334839441066,Estimated (Region),0.3839438857704063,-1.231731493222399,True,False,False,True,False,False,False
2017,0.43452409462674085,13433.0,0.7484288591997154,0.031760797793043534,-1.298917841652951,-1.3095843287148556,-0.15564580590998472,Estimated (Region),-1.647530735704729,-1.231731493222399,False,False,True,False,False,True,False
2023,-0.43452409462674085,9314.0,-0.14128555739789317,-0.6156108896630387,-0.2428663803205408,-0.3827822839221114,-0.31090371160501745,Interpolated (Month),1.3880060550052433,-0.0055734456706894205,False,False,False,False,False,False,True
2021,-1.013889554129062,8946.0,-0.28072892506517005,1.2887824589478765,-0.2428663803205408,-0.21728191878054995,-0.3058634221259521,Interpolated (Month),-0.18972356090697692,-0.0055734456706894205,False,False,False,False,False,False,True
2022,0.14484136487558028,11804.0,0.6803504473756239,1.5670172510178286,-0.2428663803205408,-0.3827822839221114,0.1692546518585369,Official (Quarter),1.5185946747765269,1.2205846018810202,False,True,False,False,True,False,False
2015,1.5932550136313832,7199.0,-0.564780229572586,1.6359351510873674,0.6211757244059766,0.7177951442692723,-0.3120646771591841,Official (Quarter),-1.2600890028733707,1.2205846018810202,True,False,False,False,False,True,False
2024,-0.7242068243779014,10275.0,0.029379978450777375,0.538627625594448,-1.298917841652951,-1.3426844017431678,-0.6318398967495548,Interpolated (Month),0.26402144465593824,-0.0055734456706894205,False,False,True,False,False,False,False
2019,1.3035722838802226,12478.0,0.5927875245811891,0.8963651019879789,-1.298917841652951,-1.2764842556865432,-0.2731581729780834,Official (Quarter),-1.4422788653357357,1.2205846018810202,True,False,False,False,False,False,False
2015,-0.14484136487558028,3186.0,-1.7021592133233545,1.67474486694519,-1.298917841652951,-1.2930342922006994,-1.6414268691461793,Official (Quarter),-0.5728411672558423,1.2205846018810202,True,False,False,False,False,False,True
2022,1.3035722838802226,5929.0,-0.9868663828819527,0.25055061443177973,0.6211757244059766,0.6102199069272574,-0.661430360264293,Estimated (Region),0.19224094504655712,-1.231731493222399,False,True,False,False,False,True,False
2015,-0.7242068243779014,10279.0,0.251691206028069,0.26719669864722156,1.5812225074354402,1.5121968969487674,0.8749801276267835,Estimated (Region),0.5151090557393557,-1.231731493222399,True,False,False,True,False,False,False
2020,1.3035722838802226,2824.0,-1.817657760280089,-0.9433644397366403,1.5812225074354402,1.4542717691492208,-1.2961104073641398,Official (Quarter),-1.269602081134855,1.2205846018810202,False,True,False,False,False,True,False
2025,-1.3035722838802226,7305.0,-0.6802787765293203,1.578677114551615,-0.2428663803205408,-0.13453173620976921,-0.6052226377028047,Official (Quarter),-0.04616256168821469,1.2205846018810202,True,False,False,False,False,False,False
2015,-1.3035722838802226,8629.0,-0.18940995196319918,-0.6105103517209384,-0.2428663803205408,-0.2338319552947061,-0.3770221157264658,Interpolated (Month),0.7218023016025134,-0.0055734456706894205,False,False,True,False,False,False,False
2020,-1.3035722838802226,10184.0,0.11248259150501311,-1.7000492738192938,-1.298917841652951,-1.3675094565144021,-0.6578625149027073,Estimated (Region),-0.01070472453177342,-1.231731493222399,False,True,False,False,True,False,False
2025,-1.3035722838802226,10862.0,0.11553438237988617,-0.44109664502607987,-1.298917841652951,-1.4088845477997924,-0.5844668388929456,Official (Quarter),-1.2361621696702436,1.2205846018810202,False,False,True,False,True,False,False
2015,0.43452409462674085,13321.0,0.641381425434937,0.2477672376557362,-1.298917841652951,-1.2268341461440748,-0.11532349007746119,Interpolated (Month),1.3228558826690178,-0.0055734456706894205,False,False,True,False,False,False,False
2017,-1.013889554129062,15936.0,1.5193581848214954,-1.6928954984732947,0.6211757244059766,0.4116194687573836,1.6158460485833464,Estimated (Region),-0.4751159087515042,-1.231731493222399,False,True,False,True,False,False,False
2018,-0.43452409462674085,14920.0,1.217465641353283,1.5171267134019497,-0.5788827543808531,-0.6558578864056878,0.5610097358072468,Official (Quarter),-1.293528914337982,1.2205846018810202,False,False,False,True,False,False,False
2023,-1.5932550136313832,2752.0,-1.8073286219343647,-0.14280265296906341,-1.298917841652951,-1.2847592739436213,-1.703665949342729,Interpolated (Month),-1.2260725412110938,-0.0055734456706894205,False,True,False,True,False,False,False
2021,-1.013889554129062,13830.0,0.8113427018509446,-1.0506820046211025,-0.2428663803205408,-0.3910573021791895,0.5540722587152745,Interpolated (Month),-1.0248565222257604,-0.0055734456706894205,False,True,False,False,False,True,False
2015,-0.43452409462674085,9360.0,-0.2856587410938112,-1.321611426717074,1.5812225074354402,1.3797966048355181,0.5447845342819405,Interpolated (Month),0.5355765877564884,-0.0055734456706894205,True,False,False,False,True,False,False
2020,-1.013889554129062,8524.0,-0.2997439297470715,-0.3074677200713652,-0.2428663803205408,-0.2503819918088622,-0.40531003252189457,Estimated (Region),-1.5402923989389066,-1.231731493222399,False,False,False,False,False,False,False
2024,-1.3035722838802226,9475.0,-0.18706242052098912,1.741902778235449,0.6211757244059766,0.5357447426135546,0.16687608828414638,Official (Quarter),1.3493771917616406,1.2205846018810202,True,False,False,False,False,False,True
2024,-1.5932550136313832,13567.0,1.1561950707116009,-0.319383057830667,-0.5788827543808531,-0.7303330507193905,0.26720050190397154,Interpolated (Month),-1.1228700558289313,-0.0055734456706894205,True,False,False,False,False,True,False
2023,0.14484136487558028,15066.0,1.0606505410136517,-0.3159699420590437,-0.5788827543808531,-0.5151825760353606,0.6959082699548184,Estimated (Region),-0.9254016131284251,-1.231731493222399,True,False,False,True,False,False,False
2022,1.013889554129062,11332.0,0.4643775546922994,-0.556240965998463,-0.2428663803205408,-0.3496822108937991,0.09750131736442545,Estimated (Region),-0.2525675324525395,-1.231731493222399,False,False,True,True,False,False,False
2017,-1.5932550136313832,9893.0,-0.15208420203205938,-0.3170728551065511,1.5812225074354402,1.5204719152058452,0.7672085447204743,Official (Quarter),-1.4817725538758368,1.2205846018810202,False,False,True,False,False,False,False
2021,1.3035722838802226,19764.0,2.808152946594812,0.31589436050193886,-1.298917841652951,-1.2930342922006994,0.7808003365741341,Estimated (Region),0.2732462478185896,-1.231731493222399,False,False,False,False,False,False,False
2024,1.013889554129062,14285.0,1.2259167545452392,0.10222695119425625,0.6211757244059766,0.5771198338989451,1.3515140132626948,Official (Quarter),-0.7803992384154986,1.2205846018810202,False,True,False,False,True,False,False
2025,0.14484136487558028,4649.0,-1.3190420819546747,1.594221279782684,-0.5788827543808531,-0.45725744823581405,-1.2282363967949272,Estimated (Region),-0.3107991024167764,-1.231731493222399,False,False,True,False,False,True,False
2018,-1.5932550136313832,14636.0,1.354091971289908,0.393690238423922,-1.298917841652951,-1.3178593469719335,0.012892413075394387,Official (Quarter),-0.8268115293275884,1.2205846018810202,False,True,False,False,False,False,True
2024,-0.14484136487558028,10092.0,0.06224541864171806,-0.1588667132193716,-0.5788827543808531,-0.45725744823581405,-0.1994510184050086,Official (Quarter),-1.3641563135520318,1.2205846018810202,False,True,False,False,True,False,False
2024,0.43452409462674085,8703.0,-0.24316842198980929,0.4013882633359511,1.5812225074354402,1.5701220247483139,0.44366726613731866,Interpolated (Month),-0.20961454272644398,-0.0055734456706894205,False,True,False,False,True,False,False
2025,1.3035722838802226,9599.0,-0.1715687130024028,-1.285710836621784,-1.298917841652951,-1.1771840366016064,-0.6473288762161211,Official (Quarter),0.752359462078796,1.2205846018810202,False,False,True,False,True,False,False
2023,-1.3035722838802226,8847.0,-0.1424593231189982,0.9929189512542271,1.5812225074354402,1.6280471525478604,0.5121642338331576,Estimated (Region),-0.6204065585632635,-1.231731493222399,True,False,False,False,True,False,False
2022,-0.43452409462674085,11224.0,0.37681463189786457,-0.24337549948729167,-0.2428663803205408,-0.3496822108937991,0.07649067245731009,Estimated (Region),1.5494401103516424,-1.231731493222399,False,False,False,False,False,False,False
2016,0.14484136487558028,12889.0,0.9763741622383111,-0.45357462251939656,1.5812225074354402,1.5370219517200014,1.648579613964243,Estimated (Region),0.7875290241364045,-1.231731493222399,False,False,True,False,False,True,False
2018,-1.3035722838802226,13038.0,1.0024317612468425,-0.3601724504204506,1.5812225074354402,1.6776972620903288,1.7861398740164895,Official (Quarter),-0.5140330470939397,1.2205846018810202,True,False,False,False,False,False,False
2023,-0.7242068243779014,18742.0,2.1989685373413046,-0.5366638866315339,0.6211757244059766,0.6929700894980381,2.542013398478135,Estimated (Region),0.9172528186111896,-1.231731493222399,True,False,False,False,False,True,False
2021,1.3035722838802226,11766.0,0.41437513497322537,-0.17314195685950437,-1.298917841652951,-1.2764842556865432,-0.3777866540182341,Official (Quarter),-1.0061186408016247,1.2205846018810202,True,False,False,True,False,False,False
2019,-0.7242068243779014,7640.0,-0.6476480894826007,0.020271913118356324,-1.298917841652951,-1.350959420000246,-1.0133728205749915,Official (Quarter),-1.6786644463786775,1.2205846018810202,True,False,False,True,False,False,False
2019,-0.7242068243779014,13990.0,0.9028964280971365,1.628477192422272,-0.2428663803205408,-0.08488162666730079,0.804699237250152,Estimated (Region),-0.853621113519044,-1.231731493222399,False,False,False,False,True,False,False
2018,0.7242068243779014,11034.0,0.20614909604919404,1.2525955786699081,1.5812225074354402,1.7438974081469534,1.2252519301888032,Estimated (Region),0.9348375996399938,-1.231731493222399,False,False,True,False,False,True,False
2020,0.14484136487558028,12506.0,0.540437573419905,-1.0105203629006299,0.6211757244059766,0.5109196878423204,0.8783214431241416,Official (Quarter),1.0775337735622574,1.2205846018810202,False,True,False,False,True,False,False
2024,-1.3035722838802226,7238.0,-0.6427182734539596,-0.5647039224923369,-0.5788827543808531,-0.5234575942924387,-0.7634820640988539,Interpolated (Month),-1.5991005191008092,-0.0055734456706894205,False,False,True,True,False,False,False
2025,0.14484136487558028,15454.0,1.3754545074140194,0.23828586348077105,-0.2428663803205408,-0.109706681438535,1.0897021226815773,Official (Quarter),1.6451474431641506,1.2205846018810202,False,True,False,False,False,False,False
2017,1.013889554129062,13415.0,0.878247347953931,-0.33675083188161103,-1.298917841652951,-1.37578447477148,-0.20384003452441937,Official (Quarter),0.2706517719290939,1.2205846018810202,True,False,False,False,True,False,False
2016,0.14484136487558028,3897.0,-1.4777352074480739,-1.4114702607738034,-0.2428663803205408,-0.20900690052347187,-1.3207172138658694,Official (Quarter),-0.04645083678704755,1.2205846018810202,False,False,True,False,False,False,False
2024,0.7242068243779014,8828.0,-0.325566775611382,1.7165158968800962,0.6211757244059766,0.45299456004277394,-0.025900826173592545,Interpolated (Month),-1.5270317443925954,-0.0055734456706894205,True,False,False,False,True,False,False
2020,-1.3035722838802226,9721.0,-0.05724393176677342,-1.700319658991824,1.5812225074354402,1.363246568321362,0.6387944279364193,Estimated (Region),1.0835875506377475,-1.231731493222399,False,True,False,False,False,False,False
2015,-0.7242068243779014,12380.0,0.6977221800479783,0.882672379344546,0.6211757244059766,0.7343451807834285,0.9901988798195772,Interpolated (Month),1.0213201292898506,-0.0055734456706894205,False,True,False,False,False,True,False
2015,-1.3035722838802226,9893.0,-0.1612395746566786,-0.7655325093889511,-0.2428663803205408,-0.10143166318145692,-0.056369092912212815,Official (Quarter),-0.881583798105831,1.2205846018810202,True,False,False,False,False,True,False
2016,1.5932550136313832,8627.0,-0.3358959139571062,1.6780670259400245,-1.298917841652951,-1.2930342922006994,-0.8464486268722345,Estimated (Region),1.2770201419545937,-1.231731493222399,False,False,False,False,False,False,True
2017,-1.013889554129062,5939.0,-1.0091679315829483,1.361992723631329,-0.5788827543808531,-0.5069075577782824,-0.9995544988571043,Official (Quarter),-1.4950332084221483,1.2205846018810202,True,False,False,False,True,False,False
2018,-1.5932550136313832,19646.0,2.521754110645186,0.8356755595126182,-0.2428663803205408,-0.39933232043626754,1.6647764992565208,Interpolated (Month),0.568439949023434,-0.0055734456706894205,True,False,False,False,True,False,False
2015,-1.013889554129062,5689.0,-1.1556538935768552,0.11369496054312321,-1.298917841652951,-1.2764842556865432,-1.2708806437357842,Interpolated (Month),0.49492979882105576,-0.0055734456706894205,False,True,False,False,True,False,False
2017,0.43452409462674085,16799.0,1.9679714434278357,0.27879145104571135,-0.2428663803205408,-0.2007318822663938,1.2894448304643165,Interpolated (Month),-1.1689940716421883,-0.0055734456706894205,False,True,False,False,False,False,True
2016,-0.7242068243779014,12275.0,0.49841676060434514,-1.4586872655899785,0.6211757244059766,0.4447195417856959,0.7814516099337883,Official (Quarter),1.3831053783250846,1.2205846018810202,False,False,True,False,False,True,False
2017,1.5932550136313832,7884.0,-0.5314452830932033,1.156050675971869,-1.298917841652951,-1.3840594930285581,-0.9918241672403354,Estimated (Region),0.8322116644554971,-1.231731493222399,False,True,False,False,False,False,True
2024,0.14484136487558028,5244.0,-1.237817494054207,1.3024786608122798,0.6211757244059766,0.7177951442692723,-0.7995003125110518,Official (Quarter),0.5707461498140969,1.2205846018810202,False,True,False,False,False,False,True
2020,-0.7242068243779014,5132.0,-1.1507240775482142,-0.7096736167147274,-0.5788827543808531,-0.556557667320751,-1.163109060829475,Interpolated (Month),0.8682460518096041,-0.0055734456706894205,False,True,False,True,False,False,False
2017,0.43452409462674085,15856.0,1.3620735781934221,-1.7002868549083916,0.6211757244059766,0.7095201260121942,1.8396009219742175,Official (Quarter),0.1426576280473059,1.2205846018810202,False,False,True,False,False,False,False
2015,-1.5932550136313832,8833.0,-0.4173552550017949,1.428721696679136,-0.2428663803205408,-0.3248571561225649,-0.3773902267558357,Official (Quarter),0.5817006035697454,1.2205846018810202,True,False,False,False,False,True,False
2020,-0.43452409462674085,9483.0,-0.19833057144359736,-0.7218682862147684,-0.5788827543808531,-0.49035752126412635,-0.3306684422588808,Official (Quarter),-1.4489091926088913,1.2205846018810202,False,False,True,False,True,False,False
2018,-0.43452409462674085,9998.0,0.0014443542884777952,0.4120431290409589,-0.2428663803205408,-0.12625671795269114,-0.04736453080916314,Estimated (Region),-1.031486849498916,-1.231731493222399,False,False,True,False,False,False,True
2019,-0.43452409462674085,7417.0,-0.6091485738303559,1.3580244235991978,-0.2428663803205408,-0.21728191878054995,-0.6136891913783136,Official (Quarter),0.47503881700158873,1.2205846018810202,True,False,False,False,False,False,False
2016,-0.43452409462674085,7577.0,-0.6549254369534518,1.1905729975314496,-1.298917841652951,-1.4006095295427143,-1.041689053603449,Official (Quarter),1.4093384123188746,1.2205846018810202,False,True,False,True,False,False,False
2021,0.43452409462674085,6851.0,-0.661968031280082,0.754943716123476,1.5812225074354402,1.710797335118641,-0.049629829451439934,Estimated (Region),0.7255498778873405,-1.231731493222399,False,True,False,True,False,False,False
2015,-1.013889554129062,3940.0,-1.4467477924109013,0.686636667849965,-0.5788827543808531,-0.556557667320751,-1.382333336935793,Interpolated (Month),-1.3739576669123488,-0.0055734456706894205,True,False,False,False,False,True,False
2025,-0.14484136487558028,7667.0,-0.6377884574253185,0.678303933626685,-1.298917841652951,-1.1689090183445283,-0.9378534270880953,Interpolated (Month),1.618626134071528,-0.0055734456706894205,False,False,False,False,False,False,True
2015,-0.14484136487558028,8922.0,-0.24575070657624035,0.9914969439406092,-0.5788827543808531,-0.6062077768632194,-0.4888146037228158,Official (Quarter),0.4418871806358103,1.2205846018810202,True,False,False,True,False,False,False
2016,-0.14484136487558028,2134.0,-1.9916098401478537,-1.0479617508540868,1.5812225074354402,1.7604474446611094,-1.460684353725535,Interpolated (Month),0.5237573087043413,-0.0055734456706894205,True,False,False,False,False,False,False
2019,-0.14484136487558028,17397.0,1.6597405650656563,-1.2832038093970766,-1.298917841652951,-1.243384182658231,0.47928908728711833,Estimated (Region),1.2600119111234553,-1.231731493222399,False,True,False,False,False,False,False
2015,1.5932550136313832,7294.0,-0.7377932968634665,-0.024638865226240234,-0.2428663803205408,-0.3910573021791895,-0.7035082825445809,Interpolated (Month),0.3029385829983738,-0.0055734456706894205,False,True,False,False,False,False,True
2015,1.3035722838802226,8449.0,-0.32321924416917197,0.18154971009052684,1.5812225074354402,1.363246568321362,0.2795180632713503,Estimated (Region),-0.2972501727716321,-1.231731493222399,False,False,False,False,False,False,True
2019,1.013889554129062,16370.0,1.6210062962691905,-1.2152735110514659,-1.298917841652951,-1.2516592009153091,0.3196704817057033,Estimated (Region),-1.1139335277651128,-1.231731493222399,False,False,True,False,False,False,False
2024,0.14484136487558028,10126.0,-0.03963744595019806,1.2261316299085399,-1.298917841652951,-1.2764842556865432,-0.6188144295564645,Official (Quarter),-0.9945876368483105,1.2205846018810202,True,False,False,False,False,True,False
2023,-1.013889554129062,11124.0,0.2969985628627229,-0.9574190013609581,-0.5788827543808531,-0.5151825760353606,-0.03745384924920301,Estimated (Region),-1.0502247309230517,-1.231731493222399,False,False,True,False,False,False,False
2018,-0.7242068243779014,8487.0,-0.47839107249925616,-0.3362632439142364,-0.2428663803205408,-0.16763180923808152,-0.37665400469709587,Estimated (Region),0.9873036676275736,-1.231731493222399,False,False,False,False,False,False,True
2019,0.14484136487558028,12003.0,0.6012386377731452,1.674476469898929,0.6211757244059766,0.8170953633542092,0.9468750432860373,Interpolated (Month),0.6653003822312736,-0.0055734456706894205,False,True,False,True,False,False,False
2022,0.43452409462674085,8498.0,-0.36195351296563777,0.00824971357211742,-1.298917841652951,-1.3344093834860897,-0.8833446785083146,Official (Quarter),-1.2531704005013822,1.2205846018810202,False,True,False,True,False,False,False
2022,-0.7242068243779014,15437.0,1.1350672877317103,-0.5888914666761551,-0.5788827543808531,-0.564832685577829,0.7255836821686419,Interpolated (Month),1.440472122992823,-0.0055734456706894205,False,False,False,False,False,False,True
2023,-0.14484136487558028,10935.0,0.2127221840873822,1.5165292814582352,-1.298917841652951,-1.3095843287148556,-0.5184900159366393,Interpolated (Month),0.15361208180295444,-0.0055734456706894205,True,False,False,True,False,False,False
2023,-1.3035722838802226,9267.0,-0.2520890414702075,1.498167941304556,-1.298917841652951,-1.235109164401153,-0.7253684144425501,Interpolated (Month),0.9279189972680053,-0.0055734456706894205,False,False,True,True,False,False,False
2024,1.013889554129062,11301.0,0.2758707798828325,0.26263146370294277,1.5812225074354402,1.5701220247483139,1.2050624560395131,Official (Quarter),-0.016758501607263394,1.2205846018810202,False,False,False,True,False,False,False
2016,-0.14484136487558028,6972.0,-0.713848476152924,0.9601168559485539,1.5812225074354402,1.6363221708049382,-0.03994567775570726,Official (Quarter),0.12420802172200313,1.2205846018810202,True,False,False,False,True,False,False
2017,-1.013889554129062,7534.0,-0.5795696776585093,-1.2236892495464602,0.6211757244059766,0.7426201990405065,-0.21893258672858734,Official (Quarter),0.4897408470420644,1.2205846018810202,False,False,True,False,False,False,True
2015,1.5932550136313832,17386.0,1.8231287534434757,-0.7809499315703966,1.5812225074354402,1.810097554203578,3.2025744825659914,Interpolated (Month),-0.2940791466844707,-0.0055734456706894205,False,False,False,False,False,True,False
2017,0.7242068243779014,12388.0,0.5019380577676602,0.33618666829399707,-1.298917841652951,-1.350959420000246,-0.33375491165898247,Interpolated (Month),0.5796826778779154,-0.0055734456706894205,False,False,True,False,False,False,False
2021,-0.43452409462674085,1691.0,-2.0779989972211834,0.25046313687596145,0.6211757244059766,0.5853948521560232,-1.6968417371828706,Estimated (Region),-0.27505299016150225,-1.231731493222399,False,True,False,True,False,False,False
2024,0.14484136487558028,9197.0,-0.13940753224412514,0.23488119724578926,-0.5788827543808531,-0.5400076308065948,-0.4076885960962851,Interpolated (Month),0.18993474425589427,-0.0055734456706894205,False,True,False,True,False,False,False
2020,1.5932550136313832,13191.0,0.9949196606317704,-1.4624488004901746,1.5812225074354402,1.3549715500642838,1.613297587610785,Estimated (Region),1.2311844012401696,-1.231731493222399,True,False,False,False,False,False,True
2017,-1.013889554129062,4547.0,-1.3073044247436243,1.4237757355544203,-0.5788827543808531,-0.4407074117216579,-1.243640427562408,Official (Quarter),1.6111309815018737,1.2205846018810202,False,False,False,False,False,False,True
2023,1.013889554129062,9476.0,-0.23330878993252707,1.1150495479344793,-0.2428663803205408,-0.07660660841022271,-0.13072752084494224,Estimated (Region),-0.5702466913663466,-1.231731493222399,True,False,False,False,False,True,False
2024,0.14484136487558028,8381.0,-0.45350723921182967,-0.884309634085638,-1.298917841652951,-1.37578447477148,-0.9179754315021181,Official (Quarter),1.226860274757677,1.2205846018810202,False,True,False,False,False,True,False
2017,0.14484136487558028,16877.0,1.9503649576112603,-0.7177394449864478,1.5812225074354402,1.5370219517200014,2.810564552520026,Interpolated (Month),-1.6345583562572505,-0.0055734456706894205,False,False,True,False,False,False,True
2021,-1.013889554129062,6327.0,-0.8145575750237352,0.2370388112787896,-0.5788827543808531,-0.6227578133773755,-0.9648104809311868,Estimated (Region),-0.3918044051888089,-1.231731493222399,True,False,False,False,False,False,False
2025,0.43452409462674085,17242.0,1.6404908072395339,0.3384074053360264,-0.2428663803205408,-0.3248571561225649,1.2691420913829123,Estimated (Region),-0.5552563862270381,-1.231731493222399,False,True,False,False,False,True,False
2022,0.14484136487558028,10868.0,0.28831269652654573,-1.0773721027455239,-1.298917841652951,-1.2930342922006994,-0.5189997081311518,Estimated (Region),0.7814752470609145,-1.231731493222399,False,False,False,False,False,True,False
2020,1.5932550136313832,9295.0,-0.18753192680943112,0.6262035936632548,-0.2428663803205408,-0.2669320283230184,-0.2592832187941393,Interpolated (Month),1.6157433830831993,-0.0055734456706894205,True,False,False,True,False,False,False
2019,-0.14484136487558028,2252.0,-1.9296350100735082,-1.4171667395649166,-0.5788827543808531,-0.4986325395212044,-1.686081568632057,Official (Quarter),0.3046682335913709,1.2205846018810202,False,False,False,False,False,False,False
2024,-1.5932550136313832,15314.0,1.2817880028698383,1.4718883912546012,-0.5788827543808531,-0.4407074117216579,0.8005650672279971,Official (Quarter),-0.873512095338511,1.2205846018810202,False,False,True,False,False,False,True
2015,-0.7242068243779014,18488.0,2.1116403676910904,-0.8730941167728844,1.5812225074354402,1.4956468604346111,3.2407164484553244,Interpolated (Month),0.9114873166345325,-0.0055734456706894205,False,False,True,False,True,False,False
2017,1.013889554129062,13281.0,0.7728431861986998,-1.501839546249996,-0.5788827543808531,-0.42415737520750174,0.42588467179544737,Estimated (Region),1.1158743617070273,-1.231731493222399,False,False,False,True,False,False,False
2015,-0.43452409462674085,1504.0,-2.117672278594533,-1.4645492558929532,-1.298917841652951,-1.1689090183445283,-1.8776125688365435,Official (Quarter),1.7013610874365577,1.2205846018810202,False,False,False,False,False,True,False
2017,1.013889554129062,11545.0,0.44559730315461904,0.327616850013186,-0.5788827543808531,-0.6227578133773755,-0.02289930547257588,Estimated (Region),-1.5304910455785896,-1.231731493222399,True,False,False,True,False,False,False
2022,1.5932550136313832,4337.0,-1.333362023752156,-0.7812247900270308,-0.5788827543808531,-0.6641329046627659,-1.3332613050974762,Interpolated (Month),-0.1807870328431584,-0.0055734456706894205,False,True,False,False,False,False,True
2022,1.3035722838802226,14662.0,1.017221209332766,0.20773780633212627,1.5812225074354402,1.7769974811752656,2.345781903590924,Estimated (Region),-0.35605829293353475,-1.231731493222399,True,False,False,False,False,True,False
2024,1.3035722838802226,9916.0,0.05262053972865686,-0.3293296535524851,-1.298917841652951,-1.4088845477997924,-0.7170717581652121,Interpolated (Month),0.3366667695618179,-0.0055734456706894205,False,True,False,False,False,True,False
2016,-1.013889554129062,8809.0,-0.18001982619435897,-1.3167713333161613,-1.298917841652951,-1.2764842556865432,-0.8123558823059716,Interpolated (Month),-1.6901954503319916,-0.0055734456706894205,False,False,True,False,True,False,False
2022,-1.3035722838802226,6205.0,-1.0213750950824405,1.208830458087594,-0.2428663803205408,-0.15935679098100344,-0.8392563036830062,Official (Quarter),-0.9778676811160049,1.2205846018810202,False,True,False,False,False,False,False
2025,-0.14484136487558028,9097.0,-0.2584273763641746,-1.1443133082725048,-1.298917841652951,-1.2682092374294651,-0.7661721062365574,Official (Quarter),-0.0369377585255633,1.2205846018810202,False,True,False,False,True,False,False
2016,-0.14484136487558028,6597.0,-0.809862512139315,-1.0808254780740862,-1.298917841652951,-1.3261343652290116,-1.1542460798915677,Interpolated (Month),1.0011408723715507,-0.0055734456706894205,False,True,False,False,False,False,False
2023,-1.3035722838802226,13110.0,0.6991306989133043,1.6293494828226216,-0.5788827543808531,-0.6806829411769221,0.22064861480518724,Official (Quarter),1.0132484265225306,1.2205846018810202,False,False,False,True,False,False,False
2021,-0.14484136487558028,9493.0,-0.024847997864274753,0.9454280820445514,-0.2428663803205408,-0.24210697355178415,-0.20783262338143213,Official (Quarter),-0.6544230202255406,1.2205846018810202,False,False,True,False,False,False,True
2020,1.013889554129062,6655.0,-0.7185435390373441,0.06894671152098439,0.6211757244059766,0.5522947791277109,-0.5042186344902969,Estimated (Region),-0.9006099546287994,-1.231731493222399,False,True,False,False,False,True,False
2023,-0.43452409462674085,9500.0,-0.0607652289300885,1.2063950034085558,0.6211757244059766,0.5274697243564767,0.1688299083631101,Estimated (Region),-0.48462898701298845,-1.231731493222399,False,False,False,True,False,False,False
2018,0.14484136487558028,9807.0,0.14347000654218575,-0.8976589079161696,1.5812225074354402,1.7521724264040315,0.8588681910335916,Official (Quarter),1.1631514779156156,1.2205846018810202,True,False,False,False,False,True,False
2020,-1.5932550136313832,9540.0,-0.10536832633207942,-1.55161576660543,-1.298917841652951,-1.4006095295427143,-0.765719046508102,Official (Quarter),0.7708090684040988,1.2205846018810202,True,False,False,True,False,False,False
2024,1.013889554129062,10751.0,0.31554406125618234,-0.5613608881716814,0.6211757244059766,0.6681450347268039,0.5461437134673066,Estimated (Region),-1.5365448226540794,-1.231731493222399,True,False,False,False,False,True,False
2018,-1.013889554129062,10165.0,-0.016866390960760584,0.7332895418374247,1.5812225074354402,1.4542717691492208,0.8116933468081811,Interpolated (Month),1.4176983901850273,-0.0055734456706894205,False,False,True,False,True,False,False
2015,-0.14484136487558028,11466.0,0.26342886323911924,-0.5323521377865021,1.5812225074354402,1.7604474446611094,1.3654455999126962,Estimated (Region),-0.07066594508900743,-1.231731493222399,False,False,False,False,True,False,False
2024,0.43452409462674085,981.0,-2.270731328626628,-1.4648509540542136,0.6211757244059766,0.568844815641867,-1.8698539209867462,Estimated (Region),-1.1776423246071739,-1.231731493222399,True,False,False,False,False,False,False
2022,-0.43452409462674085,9075.0,-0.13001740647528492,-1.0112415557045655,-1.298917841652951,-1.3261343652290116,-0.79641384311095,Estimated (Region),1.0907944281085689,-1.231731493222399,False,True,False,False,True,False,False
2015,-1.013889554129062,9691.0,0.07773912616030439,0.4608655458190308,-0.2428663803205408,-0.1428067544668473,-0.11883470297298995,Interpolated (Month),0.02850068890949498,-0.0055734456706894205,False,False,True,False,False,True,False
2022,-0.43452409462674085,9853.0,0.10520524403416195,0.022578139589935674,-0.5788827543808531,-0.4986325395212044,-0.26554110629342853,Interpolated (Month),-1.229531842397088,-0.0055734456706894205,False,False,False,False,True,False,False
2015,0.14484136487558028,12251.0,0.4547526757792382,-0.7430960074162044,-0.2428663803205408,-0.3496822108937991,0.27626169647307774,Estimated (Region),1.3920419063889031,-1.231731493222399,True,False,False,False,True,False,False
2015,1.3035722838802226,9861.0,-0.05325312831501634,0.6296380817922653,1.5812225074354402,1.4294467143779865,0.7118503091498399,Estimated (Region),1.5759614194442653,-1.231731493222399,False,False,True,False,False,False,False
2021,-1.3035722838802226,12952.0,0.5789370890721498,0.470298707931983,-0.5788827543808531,-0.448982429978736,0.3466275355487948,Estimated (Region),-0.9885338597728205,-1.231731493222399,False,False,False,False,False,False,True
2015,-1.013889554129062,8058.0,-0.47792156621081416,0.15297536529503677,1.5812225074354402,1.4625467874062987,0.21014329235162937,Official (Quarter),0.3334957434746565,1.2205846018810202,False,False,False,False,False,True,False
2022,-0.14484136487558028,14086.0,0.8054738732454195,0.7534620650218,-0.2428663803205408,-0.3496822108937991,0.6332444462628418,Official (Quarter),-1.3488777333138904,1.2205846018810202,False,True,False,False,False,True,False
2017,-0.7242068243779014,6184.0,-0.8610386975794941,-0.7521991405685686,0.6211757244059766,0.800545326840053,-0.5388493874841005,Official (Quarter),0.30178548260304233,1.2205846018810202,True,False,False,False,True,False,False
2015,-0.7242068243779014,11123.0,0.13736642479243963,-0.6252185098560604,0.6211757244059766,0.7591702355546627,0.6899052285527854,Official (Quarter),-1.629657679577092,1.2205846018810202,True,False,False,False,False,False,True
2023,-1.013889554129062,10042.0,0.16483254266629718,-0.485718648030162,-0.5788827543808531,-0.7137830142052343,-0.34111713224638146,Estimated (Region),1.2150409957055297,-1.231731493222399,False,False,True,True,False,False,False
2022,1.013889554129062,11776.0,0.38479623880137875,0.7360883265920497,-1.298917841652951,-1.3840594930285581,-0.44135659716712106,Estimated (Region),-0.3030156747482893,-1.231731493222399,False,True,False,False,True,False,False
2023,1.013889554129062,8179.0,-0.36453579755206883,-0.20657180303448902,-0.5788827543808531,-0.4986325395212044,-0.5784071650248557,Estimated (Region),-1.0017945143191318,-1.231731493222399,False,True,False,False,True,False,False
2025,1.5932550136313832,9880.0,0.09534561197687974,-1.2924336855990635,1.5812225074354402,1.5121968969487674,0.7592516832394779,Interpolated (Month),-0.7711744352528472,-0.0055734456706894205,False,False,True,False,True,False,False
2023,0.7242068243779014,11539.0,0.47564570561490765,0.40347331076014786,-1.298917841652951,-1.2020090913728405,-0.36705480170044846,Official (Quarter),-0.048757037577710396,1.2205846018810202,False,False,False,False,True,False,False
2020,1.5932550136313832,10150.0,0.023511149845252252,-0.005250160823260824,0.6211757244059766,0.68469507124096,0.4064597359379255,Interpolated (Month),-1.6659803420300319,-0.0055734456706894205,False,False,True,False,False,False,False
2015,1.013889554129062,7097.0,-0.7633813895835561,-0.49754104088640694,0.6211757244059766,0.7012451077551162,-0.34352401205380045,Official (Quarter),-0.6823857048123276,1.2205846018810202,False,False,True,False,False,False,True
2015,0.14484136487558028,9377.0,-0.2337782962209691,-1.165609619830208,-0.2428663803205408,-0.3579572291508772,-0.2868065972978001,Official (Quarter),1.1075143838408745,1.2205846018810202,False,True,False,False,False,True,False
2018,0.7242068243779014,9574.0,0.010599726913096985,-1.0540777242878756,0.6211757244059766,0.7508952172975846,0.29636622192328266,Interpolated (Month),0.5338469371634913,-0.0055734456706894205,False,True,False,False,False,False,False
2018,-0.7242068243779014,1390.0,-2.145607902756833,-0.3825403620369303,1.5812225074354402,1.4377217326350646,-1.7090177173851075,Official (Quarter),-1.381741094580836,1.2205846018810202,False,True,False,True,False,False,False
2015,0.14484136487558028,6558.0,-0.9474278546528239,1.7092855786727559,0.6211757244059766,0.5440197608706328,-0.5303828338085916,Official (Quarter),1.0913709783062346,1.2205846018810202,False,False,False,False,False,True,False
2015,-0.43452409462674085,6711.0,-0.9063460544141481,0.7038215342841979,0.6211757244059766,0.4364445235286178,-0.5306376799058479,Estimated (Region),1.1328825925381658,-1.231731493222399,False,False,True,False,True,False,False
2021,0.43452409462674085,15900.0,1.6909627332470498,0.19418524659063016,1.5812225074354402,1.4046216596067522,2.4178467166483486,Estimated (Region),-0.09199830240263877,-1.231731493222399,True,False,False,True,False,False,False
2024,0.14484136487558028,9194.0,-0.05653967233411041,1.2140224498380496,1.5812225074354402,1.4211716961209084,0.5172894720113081,Official (Quarter),0.44938233320546456,1.2205846018810202,False,False,True,False,False,False,True
2018,-1.3035722838802226,2362.0,-1.9446592113036527,0.2942590734154388,-0.5788827543808531,-0.7303330507193905,-1.6936136866176266,Interpolated (Month),1.0135367016213634,-0.0055734456706894205,False,True,False,False,False,False,True
2017,-0.7242068243779014,9275.0,-0.1959830400013873,0.8892495980726504,-0.2428663803205408,-0.10143166318145692,-0.18447173113295467,Estimated (Region),1.5794207206302595,-1.231731493222399,False,False,True,True,False,False,False
2019,-1.013889554129062,2562.0,-1.8918397538539264,-1.1732927337952224,-1.298917841652951,-1.1771840366016064,-1.7173710061285024,Estimated (Region),0.14928795532046157,-1.231731493222399,False,True,False,False,False,False,False
2025,-1.3035722838802226,9545.0,-0.032360098479346906,1.3868398287047554,-0.5788827543808531,-0.6889579594340001,-0.4163533634029933,Interpolated (Month),-0.8441080352575597,-0.0055734456706894205,True,False,False,True,False,False,False
2019,-1.3035722838802226,9051.0,-0.278146640478739,-1.0329156112533031,0.6211757244059766,0.7839952903258969,0.18043956390477742,Estimated (Region),0.9201355695995181,-1.231731493222399,False,False,True,False,False,False,True
2024,1.3035722838802226,10629.0,0.08783351136180759,1.5872673111266795,-1.298917841652951,-1.2930342922006994,-0.5539136234552396,Estimated (Region),-0.5627515387966924,-1.231731493222399,False,False,True,False,True,False,False
2015,0.7242068243779014,1706.0,-2.0787032566538466,-0.7930243194311865,0.6211757244059766,0.6764200529838819,-1.6852320816412032,Estimated (Region),-0.29638534747513356,-1.231731493222399,True,False,False,False,True,False,False
2016,-1.5932550136313832,15269.0,1.3259215939833873,0.5041440724971048,-0.2428663803205408,-0.2338319552947061,0.9541806314073792,Estimated (Region),0.8206806605021829,-1.231731493222399,True,False,False,False,False,False,True
2020,0.14484136487558028,4471.0,-1.384303456048114,-0.09731482097500496,0.6211757244059766,0.4695445965569301,-1.0491928553559902,Interpolated (Month),-1.6028480953856363,-0.0055734456706894205,False,False,False,True,False,False,False
2016,1.3035722838802226,9605.0,-0.03165583904668389,1.4425222751726405,0.6211757244059766,0.6598700164697258,0.2592436404229748,Estimated (Region),1.3121897040122021,-1.231731493222399,True,False,False,True,False,False,False
2023,-0.7242068243779014,7838.0,-0.6178344401665331,-1.0542387625156322,1.5812225074354402,1.8018225359464999,0.28336907096322056,Official (Quarter),-1.1805250755955026,1.2205846018810202,False,False,True,False,True,False,False
2018,0.14484136487558028,12748.0,0.7101640966916916,-1.2716349026400784,-0.5788827543808531,-0.6475828681486098,0.17803268409735878,Estimated (Region),-0.2603509601210266,-1.231731493222399,False,True,False,False,False,False,True
2020,0.43452409462674085,11561.0,0.3275164716114536,-0.1315409117205644,-0.5788827543808531,-0.5234575942924387,0.038915031228547003,Estimated (Region),-1.1491030898227212,-1.231731493222399,False,True,False,False,False,False,True
2023,0.43452409462674085,582.0,-2.3521906696713173,1.0260739389725768,-1.298917841652951,-1.3426844017431678,-2.023384536467043,Official (Quarter),0.2158795031508513,1.2205846018810202,False,False,True,False,False,False,False
2022,1.013889554129062,9878.0,-0.040341705382861075,1.380333685490754,-0.5788827543808531,-0.6806829411769221,-0.3531798475165044,Interpolated (Month),1.7336478985058374,-0.0055734456706894205,False,False,False,False,False,False,True
2015,-0.43452409462674085,8123.0,-0.31735041556364685,1.1949125801442424,1.5812225074354402,1.7356223898898753,0.3426915791578392,Interpolated (Month),-0.08882727631547736,-0.0055734456706894205,False,True,False,False,False,True,False
2023,-0.43452409462674085,2375.0,-1.8822148749408654,0.7211043159371596,0.6211757244059766,0.6267699434414135,-1.525896638390073,Estimated (Region),0.6382025229409851,-1.231731493222399,False,False,True,True,False,False,False
2018,-0.43452409462674085,6070.0,-1.0540057821291602,0.30238404844365013,1.5812225074354402,1.5866720612624698,-0.3228248457099978,Interpolated (Month),-0.9017630550241309,-0.0055734456706894205,True,False,False,False,True,False,False
2018,-1.5932550136313832,10681.0,0.25474299690294205,-1.4677903987423424,-0.2428663803205408,-0.2917570830942526,0.0026136204860643195,Official (Quarter),0.19454714583721996,1.2205846018810202,False,True,False,False,False,True,False
2025,0.7242068243779014,15736.0,1.317705233935652,0.5488013647424543,0.6211757244059766,0.47781961481400814,1.622585312044119,Interpolated (Month),-1.5166538408346124,-0.0055734456706894205,False,False,True,False,False,True,False
2022,-1.013889554129062,607.0,-2.343739556479361,-1.0234894075822913,-0.5788827543808531,-0.6227578133773755,-1.9973619183138902,Official (Quarter),-0.08479142493181738,1.2205846018810202,True,False,False,False,False,True,False
2023,1.5932550136313832,9107.0,-0.059826216353204474,-0.5440423202458855,-1.298917841652951,-1.3013093104577775,-0.7801603253526154,Official (Quarter),0.7359277814453232,1.2205846018810202,True,False,False,False,False,False,True
2015,-0.14484136487558028,11329.0,0.3655464809752564,0.9520614653397433,-0.2428663803205408,-0.2338319552947061,0.1642709948455284,Estimated (Region),1.2378147285133254,-1.231731493222399,False,False,True,False,False,True,False
2016,1.013889554129062,8282.0,-0.27415583702698193,-0.582175576140816,0.6211757244059766,0.6102199069272574,-0.08777179534077197,Official (Quarter),-1.031775124597749,1.2205846018810202,False,False,False,False,False,False,False
2015,-0.7242068243779014,15221.0,1.2430537340733725,1.3807183879237288,-1.298917841652951,-1.3178593469719335,0.09761458229653917,Estimated (Region),-1.6726106693031875,-1.231731493222399,False,False,False,False,False,False,False
2017,-0.43452409462674085,3170.0,-1.6519220404600596,0.49773087418616035,-0.2428663803205408,-0.18418184575223764,-1.46334607963021,Official (Quarter),0.4770567426934187,1.2205846018810202,False,True,False,False,False,True,False
2023,-1.5932550136313832,15992.0,1.410432725902949,-1.550186800849872,-0.2428663803205408,-0.1428067544668473,1.173829651009124,Estimated (Region),-0.267557837591848,-1.231731493222399,False,False,False,False,False,False,True
2023,0.14484136487558028,10847.0,0.4214177292998555,-1.4268568669980854,-0.5788827543808531,-0.6393078498915317,-0.15810931818346055,Interpolated (Month),-0.42207329056625875,-0.0055734456706894205,False,True,False,False,True,False,False
2023,1.013889554129062,14430.0,1.3878964240577325,-0.5299296059282104,-0.5788827543808531,-0.5482826490636729,0.55305287432625,Official (Quarter),1.5315670542240054,1.2205846018810202,False,False,True,False,False,True,False
2020,-1.3035722838802226,4432.0,-1.4547293993144155,-0.526711823562477,-0.2428663803205408,-0.3248571561225649,-1.2391381465108833,Estimated (Region),0.6632824565394436,-1.231731493222399,False,False,False,False,True,False,False
2018,1.013889554129062,12344.0,0.46954212386516153,1.2360508888941653,-0.2428663803205408,-0.40760733869334564,0.25765793137338133,Official (Quarter),0.06021094978110912,1.2205846018810202,False,True,False,False,False,False,True
2020,0.14484136487558028,462.0,-2.3775440092471856,0.4990385642393335,0.6211757244059766,0.5274697243564767,-1.9962575852257805,Official (Quarter),-1.2727731072220163,1.2205846018810202,True,False,False,True,False,False,False
2025,-1.013889554129062,8661.0,-0.45655903008670273,1.2146447333601225,-0.2428663803205408,-0.11798169969561308,-0.3190871029502416,Interpolated (Month),0.3522336248987921,-0.0055734456706894205,False,False,False,False,True,False,False
2025,-1.5932550136313832,11912.0,0.681993719385171,0.8677634204562954,1.5812225074354402,1.6445971890620164,1.429666816421238,Estimated (Region),0.30553305888786947,-1.231731493222399,False,True,False,False,False,False,True
2024,1.3035722838802226,11275.0,0.3141355423908563,0.3666954599488373,0.6211757244059766,0.42816950527153974,0.5365728267036879,Official (Quarter),1.2032217166533827,1.2205846018810202,False,True,False,True,False,False,False
2022,0.7242068243779014,15489.0,1.56020523191595,-0.9869560963020187,-1.298917841652951,-1.235109164401153,0.20224306333668984,Official (Quarter),1.0573545166439575,1.2205846018810202,True,False,False,False,False,False,True
2018,-1.013889554129062,11729.0,0.3444186979953659,-0.9484262092165021,-0.2428663803205408,-0.13453173620976921,0.3042664509382222,Official (Quarter),1.5082167712185441,1.2205846018810202,False,False,True,False,False,True,False
2024,-0.43452409462674085,6960.0,-0.6258160470700472,-0.6703420177113975,1.5812225074354402,1.3797966048355181,-0.13514485319738145,Estimated (Region),0.17696236480841576,-1.231731493222399,False,False,True,False,True,False,False
2019,-1.3035722838802226,10319.0,0.1939419325497018,1.540105476814458,-0.2428663803205408,-0.18418184575223764,-0.011912607057534375,Interpolated (Month),-0.4532070012402072,-0.0055734456706894205,True,False,False,False,False,False,False
2016,0.43452409462674085,11715.0,0.2763402861712745,0.7277098654645919,0.6211757244059766,0.6350449616984916,0.7641220753203722,Interpolated (Month),-1.42757683529526,-0.0055734456706894205,True,False,False,False,False,False,True
2015,1.5932550136313832,15775.0,1.6841548920646408,0.9669470637443378,-0.2428663803205408,-0.15108177272392537,1.1226055854606445,Interpolated (Month),1.2121582447172012,-0.0055734456706894205,False,True,False,False,True,False,False
2024,0.14484136487558028,9001.0,-0.2044341531933435,0.4415593486561993,0.6211757244059766,0.42816950527153974,0.003406475010861053,Estimated (Region),-0.9801738819066677,-1.231731493222399,False,True,False,False,True,False,False
2023,-0.7242068243779014,9117.0,-0.16851692212752972,-0.5959890774550662,1.5812225074354402,1.7025223168615629,0.6269582425305242,Official (Quarter),1.1971679395778927,1.2205846018810202,False,False,True,False,False,False,False
2016,-1.3035722838802226,18306.0,1.9285329151987067,-1.3456120870316435,1.5812225074354402,1.4542717691492208,3.149198383307349,Estimated (Region),-1.5126179894509524,-1.231731493222399,True,False,False,False,False,True,False
2020,0.14484136487558028,4897.0,-1.2230280459682836,1.145529014726857,0.6211757244059766,0.7260701625263504,-0.8839110031688837,Official (Quarter),-1.5760385111941808,1.2205846018810202,True,False,False,False,False,False,False
2022,1.5932550136313832,9301.0,-0.0222657132778437,-0.3090542448337099,-0.2428663803205408,-0.2338319552947061,-0.2422934789770648,Interpolated (Month),-0.059711491333358915,-0.0055734456706894205,False,False,False,False,False,False,False
2023,-0.14484136487558028,6595.0,-0.8244172070810174,-0.7357290055278978,-1.298917841652951,-1.1771840366016064,-1.104126347431198,Interpolated (Month),0.9259010715761753,-0.0055734456706894205,False,True,False,False,False,True,False
2015,-0.14484136487558028,792.0,-2.3146301665959563,-0.8567209028878084,-0.5788827543808531,-0.5069075577782824,-1.959276584890615,Interpolated (Month),1.3865646795110789,-0.0055734456706894205,False,True,False,False,False,True,False
2016,1.013889554129062,6991.0,-0.6309806162429094,-0.3537020934792834,-1.298917841652951,-1.3923345112856362,-1.1211160872482724,Official (Quarter),0.4243023996070061,1.2205846018810202,False,True,False,False,False,True,False
2017,1.013889554129062,7013.0,-0.7889694823036456,-1.38367973475971,-1.298917841652951,-1.3675094565144021,-1.109081688211178,Estimated (Region),-1.2007043325138025,-1.231731493222399,False,False,False,False,False,False,True
2016,-1.5932550136313832,10790.0,0.062480171785939065,-1.52502656588914,1.5812225074354402,1.4377217326350646,0.9819871722413243,Official (Quarter),-1.1583278929853726,1.2205846018810202,True,False,False,False,False,False,False
2024,-0.43452409462674085,11299.0,0.37493660674409657,-1.3174890468991265,-0.5788827543808531,-0.564832685577829,-0.03368779025641836,Estimated (Region),-0.4759807340480028,-1.231731493222399,False,False,False,False,False,False,False
2021,0.14484136487558028,813.0,-2.299371212221591,-1.6429905469419688,-0.2428663803205408,-0.3000321013513307,-1.9467324936590082,Official (Quarter),1.6661915253789492,1.2205846018810202,False,False,False,False,False,False,False
2025,1.5932550136313832,11157.0,0.3808054353496217,-1.688230360184019,-0.2428663803205408,-0.34140719263672104,0.06819401617997185,Interpolated (Month),0.6520397276849622,-0.0055734456706894205,False,True,False,True,False,False,False
2015,-0.43452409462674085,6406.0,-0.7922560263227397,1.1267839662033383,-0.5788827543808531,-0.43243239346457985,-0.8879885407249816,Interpolated (Month),0.8002131284850501,-0.0055734456706894205,False,False,False,False,False,False,False
2023,0.7242068243779014,5457.0,-1.187580321190912,0.9493755067508617,-0.5788827543808531,-0.6641329046627659,-1.13346196484868,Official (Quarter),-1.4304595862835885,1.2205846018810202,False,False,True,False,False,False,True
2015,-1.3035722838802226,10274.0,0.24910892144163793,-1.2565390598825794,-0.5788827543808531,-0.6227578133773755,-0.25231742546913866,Interpolated (Month),-1.317744022639942,-0.0055734456706894205,False,False,False,False,False,False,True
2024,0.43452409462674085,18033.0,1.8041137487615742,-0.5253782878678118,-1.298917841652951,-1.2268341461440748,0.5891560714375333,Official (Quarter),0.3928804138342248,1.2205846018810202,True,False,False,False,True,False,False
2024,-0.14484136487558028,6762.0,-0.7807531222559104,-0.35042367326235824,-0.5788827543808531,-0.5234575942924387,-0.8518287111476414,Interpolated (Month),-1.517806941229944,-0.0055734456706894205,False,False,True,False,True,False,False
2025,-1.5932550136313832,11830.0,0.5127367024018264,-0.6701576189999842,0.6211757244059766,0.4943696513281643,0.7068949683698599,Official (Quarter),-0.5783183941336666,1.2205846018810202,False,True,False,True,False,False,False
2016,1.3035722838802226,5425.0,-1.2258450836989356,-0.2666544699663585,-1.298917841652951,-1.3426844017431678,-1.3281077506862968,Official (Quarter),-0.02886605575824334,1.2205846018810202,True,False,False,False,False,False,True
2021,-1.3035722838802226,11280.0,0.24065780824968178,-0.17884340596628956,1.5812225074354402,1.3549715500642838,1.074354724380153,Official (Quarter),1.590375174385908,1.2205846018810202,True,False,False,False,False,False,False
2022,-0.14484136487558028,16010.0,1.500577933283815,1.1481110937182044,-0.5788827543808531,-0.4738074847499702,0.9055050268314605,Official (Quarter),-1.0568550581962073,1.2205846018810202,False,True,False,False,True,False,False
2017,1.5932550136313832,6204.0,-0.9572874867101061,1.3426681363005124,1.5812225074354402,1.7604474446611094,-0.22810704622980763,Estimated (Region),1.4349948961149988,-1.231731493222399,False,True,False,True,False,False,False
2023,1.013889554129062,15912.0,1.6362652506435558,-0.3710475011097058,-0.2428663803205408,-0.10143166318145692,1.1912158180885972,Official (Quarter),0.22712223200533266,1.2205846018810202,True,False,False,False,False,False,True
2024,0.43452409462674085,15634.0,1.6029303041641731,0.9091929897045693,-1.298917841652951,-1.3261343652290116,0.15079246792398265,Interpolated (Month),-0.1401402439077257,-0.0055734456706894205,False,False,True,False,False,True,False
2015,-1.5932550136313832,11986.0,0.6211926550319307,0.34785995168009676,-0.2428663803205408,-0.3579572291508772,0.21962923041616272,Estimated (Region),-1.1707237222351854,-1.231731493222399,False,False,True,False,True,False,False
2022,1.5932550136313832,9044.0,-0.26570472383502575,0.3640979729789076,0.6211757244059766,0.5357447426135546,0.06343688903119113,Estimated (Region),1.4370128218068288,-1.231731493222399,False,False,True,True,False,False,False
2016,1.3035722838802226,15241.0,1.259016947880401,-1.4855036097324563,-1.298917841652951,-1.3095843287148556,0.10698725542895877,Estimated (Region),-0.633667213109575,-1.231731493222399,False,True,False,True,False,False,False
2019,0.43452409462674085,12337.0,0.6695518027414576,0.7737036755940094,-1.298917841652951,-1.350959420000246,-0.3410321835472962,Interpolated (Month),0.7783042209737531,-0.0055734456706894205,False,False,True,True,False,False,False
2019,0.43452409462674085,7734.0,-0.666897847308723,-1.5379921313498315,0.6211757244059766,0.46126957829985205,-0.280492077332454,Interpolated (Month),0.29890273161471376,-0.0055734456706894205,True,False,False,False,False,False,True
2019,1.3035722838802226,12351.0,0.6195493830223836,-0.6910051110525502,1.5812225074354402,1.3963466413496743,1.4026248138790613,Interpolated (Month),-0.7253386945384231,-0.0055734456706894205,True,False,False,False,False,False,True
2015,-0.43452409462674085,4207.0,-1.3936935818169542,1.5606820866629263,-0.5788827543808531,-0.42415737520750174,-1.3046335935057056,Official (Quarter),0.8959204612975583,1.2205846018810202,False,False,True,False,False,True,False
2021,-1.013889554129062,7810.0,-0.5762831336394152,-1.6454414095995886,-0.5788827543808531,-0.6227578133773755,-0.6971088138801496,Interpolated (Month),1.068597245498439,-0.0055734456706894205,False,False,True,True,False,False,False
2023,1.3035722838802226,12368.0,0.41273186296367836,-0.39977045834377417,-0.2428663803205408,-0.36623224740795524,0.2885226253744,Estimated (Region),0.7471705102998046,-1.231731493222399,False,False,False,False,False,False,True
2017,1.013889554129062,8175.0,-0.5218204041801421,1.0797667680771572,-0.5788827543808531,-0.6806829411769221,-0.6555405837943737,Official (Quarter),-0.5249875008495883,1.2205846018810202,False,True,False,True,False,False,False
2021,0.43452409462674085,18572.0,2.40109099451559,-1.563570866890104,-0.2428663803205408,-0.12625671795269114,1.7188888205739028,Official (Quarter),0.18676371816873286,1.2205846018810202,True,False,False,False,False,False,True
2024,-0.43452409462674085,11323.0,0.5479496740349772,-1.5156967863421558,-1.298917841652951,-1.1854590548586845,-0.38999095045349913,Interpolated (Month),1.1057847332478774,-0.0055734456706894205,False,False,False,False,False,True,False
2019,-0.43452409462674085,7617.0,-0.5938896194559906,0.7944532524278467,1.5812225074354402,1.6611472255761726,0.1609863118142271,Interpolated (Month),1.7053969388202175,-0.0055734456706894205,True,False,False,True,False,False,False
2021,-1.3035722838802226,4619.0,-1.3127037470607075,0.6754032574007939,-0.2428663803205408,-0.11798169969561308,-1.1534532253667709,Official (Quarter),-0.5258523261460869,1.2205846018810202,False,False,True,False,True,False,False
2018,-1.013889554129062,13913.0,0.9590024295659567,-1.191143622529437,-0.5788827543808531,-0.4986325395212044,0.4932206739371193,Official (Quarter),-0.46329662969935714,1.2205846018810202,False,False,False,False,True,False,False
2022,1.3035722838802226,8693.0,-0.17368149130039184,-1.5474809609983042,-0.5788827543808531,-0.7303330507193905,-0.5857127531461975,Official (Quarter),0.5776647521860854,1.2205846018810202,False,False,False,False,False,False,True
2021,1.5932550136313832,1560.0,-2.0833983195382664,-1.2953353558880887,1.5812225074354402,1.8018225359464999,-1.6312047090229063,Interpolated (Month),-0.9124292336809465,-0.0055734456706894205,True,False,False,False,False,False,True
2022,1.3035722838802226,13850.0,1.1550213049904958,-1.5902833314350475,1.5812225074354402,1.3301464952930497,1.7815243280328512,Interpolated (Month),-0.4197670897755959,-0.0055734456706894205,True,False,False,True,False,False,False
2025,1.3035722838802226,3705.0,-1.5042623127450474,1.036476312641472,1.5812225074354402,1.5204719152058452,-1.0305607740232652,Interpolated (Month),-1.1865788526709924,-0.0055734456706894205,False,False,True,False,False,True,False
2023,-0.43452409462674085,7465.0,-0.5791001713700673,-0.015832459919465025,1.5812225074354402,1.6280471525478604,0.10305129903800322,Interpolated (Month),0.17234996322709006,-0.0055734456706894205,False,False,True,False,True,False,False
2016,1.5932550136313832,15047.0,1.3015072669844028,-0.022096051728697445,-1.298917841652951,-1.2682092374294651,0.11078163065477217,Estimated (Region),1.2839387443265822,-1.231731493222399,False,True,False,False,True,False,False
2017,-1.3035722838802226,16196.0,1.6691306908344965,1.6544326778904455,1.5812225074354402,1.7356223898898753,2.777236346245531,Official (Quarter),-1.6285045791817605,1.2205846018810202,False,True,False,False,False,True,False
2018,-0.14484136487558028,12022.0,0.6711950747510047,-1.4560177090428126,0.6211757244059766,0.6019448886701793,0.8189423024634661,Estimated (Region),0.46956159012376447,-1.231731493222399,False,False,True,False,False,True,False
2023,-0.14484136487558028,7959.0,-0.5805086902353933,-0.7424598070102515,-0.2428663803205408,-0.2503819918088622,-0.518093588674241,Interpolated (Month),1.5912399996824067,-0.0055734456706894205,False,False,False,True,False,False,False
2016,0.7242068243779014,14749.0,1.3343727071753435,1.3623992954532578,-0.5788827543808531,-0.7055079959481563,0.49285256290774937,Interpolated (Month),0.8201041103045171,-0.0055734456706894205,False,False,True,False,False,False,False
2016,0.43452409462674085,3749.0,-1.525155342580717,1.6791445903776077,1.5812225074354402,1.4459967508921427,-1.032089850606802,Official (Quarter),0.5528730936864598,1.2205846018810202,False,False,True,False,False,False,False
2024,-0.43452409462674085,15642.0,1.6210062962691905,-0.7243554321767899,-0.5788827543808531,-0.6227578133773755,0.7166923849977059,Official (Quarter),1.5275312028403454,1.2205846018810202,True,False,False,False,False,False,True
2021,1.013889554129062,9281.0,-0.17133395985818178,-0.098643883385566,0.6211757244059766,0.7674452538117407,0.2306725612972611,Interpolated (Month),0.928495547465671,-0.0055734456706894205,False,False,False,False,False,False,True
2025,0.14484136487558028,8011.0,-0.5722923301876581,0.3570798872507409,-0.2428663803205408,-0.16763180923808152,-0.47369373528561975,Interpolated (Month),-0.613487956191275,-0.0055734456706894205,False,False,True,False,True,False,False
2017,1.3035722838802226,15907.0,1.311601652185906,0.2512037139110156,-0.5788827543808531,-0.672407922919844,0.7239696568860197,Estimated (Region),-0.7463827767532216,-1.231731493222399,True,False,False,False,False,False,True
2020,-1.013889554129062,10598.0,0.3052149229104581,0.6419137674377513,-0.5788827543808531,-0.7137830142052343,-0.24334117959911775,Interpolated (Month),0.9979698462843892,-0.0055734456706894205,False,False,True,False,True,False,False
2015,-0.7242068243779014,11775.0,0.4592129855194373,-1.3946184054895612,-0.2428663803205408,-0.24210697355178415,0.24868168550336012,Interpolated (Month),-0.07239559568200457,-0.0055734456706894205,False,False,True,False,False,True,False
2018,0.14484136487558028,6137.0,-1.0321737397166066,-1.1827249018450396,-0.5788827543808531,-0.43243239346457985,-0.9391559738074043,Estimated (Region),1.332657236029335,-1.231731493222399,False,False,False,False,False,True,False
2025,-1.3035722838802226,16396.0,1.6606795776425403,1.0449288314724354,0.6211757244059766,0.41989448701446164,1.7302719462513434,Official (Quarter),1.6938659348669034,1.2205846018810202,True,False,False,False,False,True,False
2020,-0.7242068243779014,8284.0,-0.3213412190154039,0.6756721514786226,0.6211757244059766,0.6350449616984916,-0.0767284644596736,Estimated (Region),0.7096947474515334,-1.231731493222399,False,False,True,False,False,True,False
2015,1.5932550136313832,10185.0,0.16905809926227527,-1.3627959594027423,-0.5788827543808531,-0.49035752126412635,-0.19916785607472395,Official (Quarter),0.1622603347679401,1.2205846018810202,False,False,True,False,False,False,True
2016,0.14484136487558028,14354.0,1.0371752265915513,-1.6438608492160498,-1.298917841652951,-1.4088845477997924,-0.09502075099605727,Estimated (Region),1.1668990542004427,-1.231731493222399,False,False,False,False,False,False,True
2022,0.43452409462674085,3869.0,-1.4955764464088703,0.849435381417616,-0.2428663803205408,-0.3910573021791895,-1.3625119738158729,Official (Quarter),-0.9452925949478921,1.2205846018810202,False,False,True,False,False,False,False
2024,-0.7242068243779014,7394.0,-0.6856780988464035,1.6918114398664408,1.5812225074354402,1.719072353375719,0.11655814219257742,Interpolated (Month),-1.1407431119565685,-0.0055734456706894205,False,False,False,False,False,False,False
2025,0.14484136487558028,6151.0,-1.0148020070442523,-0.06625929459629905,0.6211757244059766,0.7757202720688188,-0.5550745890094066,Interpolated (Month),0.24903113951662972,-0.0055734456706894205,True,False,False,False,False,False,True
2024,0.14484136487558028,15180.0,1.2735716428221031,1.6859091900065273,0.6211757244059766,0.7426201990405065,1.6971419536080479,Interpolated (Month),-1.1568865174912084,-0.0055734456706894205,True,False,False,False,False,False,False
2025,1.013889554129062,8887.0,-0.15137994259939638,0.0473467136757523,-1.298917841652951,-1.2185591278869967,-0.7744687625138954,Official (Quarter),-1.0897184194631528,1.2205846018810202,False,True,False,False,False,True,False
2015,-1.5932550136313832,2161.0,-1.9228271688910992,1.3782968501285708,1.5812225074354402,1.6114971160337042,-1.46903764246893,Estimated (Region),1.4788127111375928,-1.231731493222399,True,False,False,False,False,False,False
2023,-1.3035722838802226,10316.0,0.2746970141617275,-0.5826388095614,0.6211757244059766,0.45299456004277394,0.32488066858293924,Interpolated (Month),0.2628683442606068,-0.0055734456706894205,False,False,True,False,False,False,False
2022,0.43452409462674085,4748.0,-1.33899609921346,-1.1717345398322048,0.6211757244059766,0.5109196878423204,-0.9735601969369803,Estimated (Region),-0.9323202155004137,-1.231731493222399,False,True,False,False,False,False,True
2017,1.5932550136313832,13476.0,1.1113572201653887,1.3436015615836212,-1.298917841652951,-1.2268341461440748,-0.09216081146018308,Official (Quarter),-0.7504186281368815,1.2205846018810202,True,False,False,False,False,False,True
2016,-1.5932550136313832,16295.0,1.8212507282897077,0.2783346790354998,0.6211757244059766,0.5853948521560232,1.84506595494871,Interpolated (Month),0.7987717529908859,-0.0055734456706894205,False,True,False,False,True,False,False
2021,0.7242068243779014,10573.0,0.08501647363115553,1.6475970027474227,-0.5788827543808531,-0.6806829411769221,-0.2297777039784867,Estimated (Region),0.8264461624788401,-1.231731493222399,False,True,False,False,False,True,False
2016,0.43452409462674085,12772.0,0.7028867492208404,-0.04863952554080928,1.5812225074354402,1.3963466413496743,1.5222608984242942,Estimated (Region),1.5612593894037896,-1.231731493222399,True,False,False,False,False,False,False
2021,0.43452409462674085,5906.0,-1.1091727710210963,0.37027706942172456,-1.298917841652951,-1.3178593469719335,-1.2515406565773477,Interpolated (Month),-0.6769084779345034,-0.0055734456706894205,False,False,True,True,False,False,False
2018,1.3035722838802226,8468.0,-0.4603150803942388,-0.3703924135042016,1.5812225074354402,1.7852724994323437,0.4683023888720768,Interpolated (Month),-1.2217484147286009,-0.0055734456706894205,False,False,True,False,False,False,False
2023,-0.14484136487558028,10752.0,0.2596728129315832,0.13709272156673905,-0.2428663803205408,-0.18418184575223764,0.07600929649582609,Official (Quarter),-1.3082309443784577,1.2205846018810202,False,True,False,True,False,False,False
2023,1.013889554129062,15077.0,1.1930513143542985,0.5465890772370671,-0.5788827543808531,-0.5317326125495168,0.6851481014040043,Official (Quarter),-0.9856511087844919,1.2205846018810202,False,False,False,False,False,False,True
2020,-1.3035722838802226,9917.0,-0.15325796775316441,-0.822494812142249,1.5812225074354402,1.5370219517200014,0.7826125754879553,Estimated (Region),-1.167552696148024,-1.231731493222399,False,False,True,False,False,False,False
2023,-1.3035722838802226,6474.0,-0.8269994916674485,0.7877642015971335,0.6211757244059766,0.8088203450971311,-0.4625654557054358,Interpolated (Month),-0.809515023397617,-0.0055734456706894205,True,False,False,True,False,False,False
2018,-1.5932550136313832,8654.0,-0.4377787785490223,-0.500237437138199,0.6211757244059766,0.5771198338989451,-0.011771025892392217,Official (Quarter),0.6275363442841695,1.2205846018810202,False,True,False,False,False,False,False
2015,-1.013889554129062,14634.0,1.268641826793462,1.2196309540417771,-1.298917841652951,-1.2516592009153091,0.06233255594308132,Official (Quarter),0.2556614667897854,1.2205846018810202,False,False,True,False,True,False,False
2018,0.43452409462674085,14958.0,1.017221209332766,0.5243275303759576,0.6211757244059766,0.68469507124096,1.5970440698524502,Official (Quarter),1.052453839963799,1.2205846018810202,True,False,False,False,False,False,True
2017,-1.013889554129062,8191.0,-0.44012630999123237,0.569749257171585,-0.2428663803205408,-0.37450726566503334,-0.5239550489111319,Official (Quarter),-0.7109249395967803,1.2205846018810202,False,True,False,False,False,False,False
2024,-1.013889554129062,11335.0,0.28760843709388273,-1.604575971180031,-0.2428663803205408,-0.10143166318145692,0.2425087467031565,Official (Quarter),-1.227225641606425,1.2205846018810202,False,False,False,True,False,False,False
2020,0.7242068243779014,10184.0,0.18056100332910452,0.1498987398943747,-1.298917841652951,-1.3840594930285581,-0.6665272822094154,Official (Quarter),0.9400265514189853,1.2205846018810202,False,False,False,True,False,False,False
2019,1.013889554129062,10077.0,0.17351840900247437,0.3981620314335762,-1.298917841652951,-1.37578447477148,-0.6773723994593146,Interpolated (Month),1.618914409170361,-0.0055734456706894205,True,False,False,False,True,False,False
2019,-0.7242068243779014,8852.0,-0.3150028841214368,1.3808312140894716,-0.5788827543808531,-0.43243239346457985,-0.42255461843622527,Official (Quarter),-0.1761746312618327,1.2205846018810202,False,False,False,True,False,False,False
2016,0.14484136487558028,8511.0,-0.33213986364957016,0.3099747145371746,-0.2428663803205408,-0.3496822108937991,-0.45126727872708117,Interpolated (Month),-0.45724285262386716,-0.0055734456706894205,False,False,False,False,False,True,False
2017,1.013889554129062,9182.0,-0.3358959139571062,-0.26212850051588427,1.5812225074354402,1.363246568321362,0.48653804294240327,Interpolated (Month),0.38913283754939765,-0.0055734456706894205,True,False,False,False,False,True,False
2016,-0.14484136487558028,11524.0,0.20755761491452007,-0.8767547542649484,-0.2428663803205408,-0.16763180923808152,0.24253706293618493,Estimated (Region),1.720675519058359,-1.231731493222399,False,True,False,False,False,True,False
2019,-1.5932550136313832,6901.0,-0.6549254369534518,1.475081322041977,1.5812225074354402,1.5701220247483139,-0.08445879607644256,Interpolated (Month),-0.5760121933430038,-0.0055734456706894205,True,False,False,False,False,True,False
2020,0.43452409462674085,8893.0,-0.33190511050534915,-1.5019280178689491,-0.5788827543808531,-0.7220580324623124,-0.5469478301302394,Official (Quarter),-0.863710741978194,1.2205846018810202,False,False,False,False,False,False,True
2019,-0.7242068243779014,9594.0,-0.0992647445823333,0.27092244727458226,-1.298917841652951,-1.1689090183445283,-0.6440158769517916,Estimated (Region),-0.8743769206350096,-1.231731493222399,False,True,False,False,True,False,False
2016,1.5932550136313832,20337.625,2.4938184864828865,1.619064408603574,1.5812225074354402,1.7687224629181875,4.133385694677448,Official (Quarter),0.7878172992352374,1.2205846018810202,False,False,False,False,True,False,False
2020,1.013889554129062,12790.0,0.5859796833987799,0.2602993915898721,0.6211757244059766,0.4943696513281643,0.935237071511341,Interpolated (Month),1.270389814681438,-0.0055734456706894205,False,True,False,True,False,False,False
2024,0.43452409462674085,8042.0,-0.5746398616298681,0.6078730694667396,-0.2428663803205408,-0.20900690052347187,-0.4844539038364335,Official (Quarter),-0.691610507974979,1.2205846018810202,True,False,False,False,False,False,True
2021,-0.14484136487558028,11325.0,0.5362120168239269,-1.6577563607388799,1.5812225074354402,1.4708218056633768,1.154376398918574,Estimated (Region),1.4759299601492644,-1.231731493222399,True,False,False,False,False,False,False
2020,-1.013889554129062,14117.0,1.1848349543065633,-0.7875594573503654,1.5812225074354402,1.3797966048355181,1.892467329038348,Official (Quarter),-0.8386308083797355,1.2205846018810202,False,True,False,True,False,False,False
2023,0.7242068243779014,5515.0,-1.1072947458673281,0.6160671318827848,-0.2428663803205408,-0.08488162666730079,-0.9591472343254953,Official (Quarter),-0.8325770313042455,1.2205846018810202,False,False,False,False,False,False,False
2021,-0.14484136487558028,8875.0,-0.21875409499082477,-0.7324600289107486,-1.298917841652951,-1.350959420000246,-0.8365945777783312,Official (Quarter),0.8169330842173558,1.2205846018810202,False,True,False,False,True,False,False
2024,0.14484136487558028,12960.0,0.6514758106364403,0.9567961880484207,-1.298917841652951,-1.2847592739436213,-0.20783262338143213,Estimated (Region),1.4998567933523914,-1.231731493222399,False,False,True,True,False,False,False
2020,-1.013889554129062,6935.0,-0.8286427636769954,0.2722833197054409,-0.2428663803205408,-0.3579572291508772,-0.7608203381941789,Interpolated (Month),-0.4779986597398328,-0.0055734456706894205,False,False,False,False,True,False,False
2022,-1.5932550136313832,7872.0,-0.6293373442333623,1.3737992114774247,0.6211757244059766,0.568844815641867,-0.20443467541801708,Interpolated (Month),-0.6261720605399207,-0.0055734456706894205,False,True,False,False,False,False,False
2020,-1.013889554129062,9500.0,-0.24528120028779832,1.3310863067227683,-0.5788827543808531,-0.7055079959481563,-0.4323803512971001,Official (Quarter),0.7347746810499919,1.2205846018810202,False,False,False,False,False,True,False
2025,-1.013889554129062,10220.0,0.037126832210070536,0.39800894571089374,0.6211757244059766,0.42816950527153974,0.28923053120011144,Official (Quarter),0.04176134345580635,1.2205846018810202,False,False,False,False,False,False,True
2015,-0.7242068243779014,6410.0,-0.9176142053367563,-1.327703045604072,-0.2428663803205408,-0.36623224740795524,-0.8654488192343295,Estimated (Region),0.9241714209831782,-1.231731493222399,False,True,False,False,False,False,False
2019,1.3035722838802226,499.0,-2.3735532057954285,1.5569881480558634,1.5812225074354402,1.603222097776626,-1.959842909551184,Official (Quarter),0.15851275848311297,1.2205846018810202,False,False,False,False,False,True,False
2018,-0.43452409462674085,5386.0,-1.2152811922089906,1.3380989251036963,-1.298917841652951,-1.3095843287148556,-1.3245682215577397,Estimated (Region),-0.37047204787517757,-1.231731493222399,False,False,False,False,False,False,False
2022,0.7242068243779014,12131.0,0.6751858782027618,-0.12646224316741891,-1.298917841652951,-1.235109164401153,-0.298387936606439,Estimated (Region),0.8356709656414913,-1.231731493222399,False,False,False,False,False,True,False
2024,0.43452409462674085,8752.0,-0.4354312471068123,0.37176518193377367,-0.5788827543808531,-0.5813827220919852,-0.508494385677594,Interpolated (Month),-1.3442653317325646,-0.0055734456706894205,False,False,False,False,False,False,True
2023,1.013889554129062,11280.0,0.348644254591344,0.11715032399795386,1.5812225074354402,1.4542717691492208,1.1318366774279216,Interpolated (Month),1.4433548739811515,-0.0055734456706894205,True,False,False,False,True,False,False
2015,0.14484136487558028,8461.0,-0.43942205055856937,0.6360935277864179,0.6211757244059766,0.7260701625263504,0.006181465847649941,Official (Quarter),0.3502156992069621,1.2205846018810202,False,False,False,False,False,False,True
2019,1.013889554129062,10325.0,-0.059591463208983474,-1.2134374764424112,0.6211757244059766,0.6267699434414135,0.41908877586861765,Estimated (Region),0.2816062256847424,-1.231731493222399,False,False,True,False,True,False,False
2018,1.3035722838802226,11974.0,0.3200043709963814,0.6658204887861296,0.6211757244059766,0.5357447426135546,0.7665855875938481,Estimated (Region),-1.517518666131111,-1.231731493222399,False,False,False,False,False,False,True
2018,1.3035722838802226,9189.0,-0.24293366884558829,0.4765454006679317,1.5812225074354402,1.4956468604346111,0.5509857893151726,Official (Quarter),-1.1963802060313096,1.2205846018810202,True,False,False,False,False,False,True
2018,-0.14484136487558028,15956.0,1.7097429847847303,0.9908587554083872,-0.5788827543808531,-0.6475828681486098,0.753022111973217,Estimated (Region),1.544539433671484,-1.231731493222399,False,False,True,False,False,False,True
2021,-0.43452409462674085,10336.0,0.2812701021999156,-0.8016135219431163,-1.298917841652951,-1.4006095295427143,-0.653813293579638,Official (Quarter),0.7287209039745018,1.2205846018810202,False,False,False,True,False,False,False
2020,-1.5932550136313832,15152.0,1.409728466470286,-0.5577484627416309,-1.298917841652951,-1.1771840366016064,0.19703287645945355,Interpolated (Month),1.4453727996729815,-0.0055734456706894205,False,False,False,False,False,False,False
2017,-1.3035722838802226,4224.0,-1.478908973169179,-0.45219138366801626,-1.298917841652951,-1.3178593469719335,-1.4951452093211677,Interpolated (Month),-1.5290496700844252,-0.0055734456706894205,False,False,True,False,False,False,False
2025,1.3035722838802226,8475.0,-0.3161766498425418,0.5397260653578512,-0.5788827543808531,-0.6972329776910782,-0.6094700726570733,Interpolated (Month),-0.6071459040169522,-0.0055734456706894205,True,False,False,False,False,False,True
2023,-0.7242068243779014,4093.0,-1.5052013253219314,-1.7036721369122547,0.6211757244059766,0.5026446695852423,-1.1316497259348586,Estimated (Region),-1.233855968879581,-1.231731493222399,False,True,False,True,False,False,False
2023,-1.3035722838802226,2972.0,-1.7070890293519956,1.1490251347701945,-0.5788827543808531,-0.6972329776910782,-1.5818211986212765,Interpolated (Month),-1.3361936289652447,-0.0055734456706894205,False,True,False,False,False,False,True
2020,1.013889554129062,8208.0,-0.43472698767414925,-0.499898461609402,-0.5788827543808531,-0.6310328316344536,-0.628753427349453,Estimated (Region),1.6241033609493523,-1.231731493222399,False,False,True,False,False,False,False
2018,0.7242068243779014,14260.0,0.9817734845553941,-0.869403160355224,-1.298917841652951,-1.1771840366016064,0.061398120253142105,Official (Quarter),-0.6783498534286676,1.2205846018810202,False,False,False,False,False,False,False
2018,-0.14484136487558028,7570.0,-0.5058571903731137,1.140017431678724,-0.5788827543808531,-0.5482826490636729,-0.7114934602586059,Interpolated (Month),-0.4886648383966484,-0.0055734456706894205,True,False,False,False,False,False,True
2025,0.7242068243779014,13486.0,0.7683828764585007,0.6257831049574452,-0.5788827543808531,-0.5482826490636729,0.37904962236637874,Estimated (Region),0.2026188486045399,-1.231731493222399,False,False,False,True,False,False,False
2022,-1.5932550136313832,12149.0,0.3627294432446043,0.6650346818784646,1.5812225074354402,1.5535719882341577,1.443286924507926,Official (Quarter),-1.2799799846928377,1.2205846018810202,False,False,True,False,False,False,True
2024,-0.14484136487558028,12547.0,0.8073518983991875,-0.9315122249863661,-1.298917841652951,-1.3923345112856362,-0.33763423558388117,Official (Quarter),1.6780108044310962,1.2205846018810202,True,False,False,True,False,False,False
2024,-0.43452409462674085,10084.0,-0.10114276973610134,-1.1342916607840468,-0.2428663803205408,-0.40760733869334564,-0.17526895539870596,Interpolated (Month),0.34329709683497356,-0.0055734456706894205,False,False,False,True,False,False,False
2024,-1.013889554129062,11566.0,0.5233005938917716,-0.045613100328429135,-0.2428663803205408,-0.2917570830942526,0.17740972697073265,Official (Quarter),-0.2629454360105223,1.2205846018810202,False,False,False,False,False,False,True
2017,0.7242068243779014,5933.0,-1.104242954992455,-0.48100032736320075,-0.2428663803205408,-0.1428067544668473,-0.8897724634057744,Estimated (Region),0.248454589318964,-1.231731493222399,False,False,False,False,False,True,False
2015,0.7242068243779014,7909.0,-0.5727618364761001,-0.4139711472488343,-0.2428663803205408,-0.20900690052347187,-0.5112693765143829,Official (Quarter),-0.7829937143049943,1.2205846018810202,False,False,False,False,False,True,False
2015,-1.3035722838802226,11172.0,0.12304648299495832,-1.175518441152923,0.6211757244059766,0.6350449616984916,0.6310640963196507,Official (Quarter),0.6831734383589106,1.2205846018810202,False,True,False,False,False,False,True
2025,0.14484136487558028,6187.0,-0.9316993939900166,0.668860333850823,0.6211757244059766,0.5853948521560232,-0.6064119194900002,Official (Quarter),1.2441567806876481,1.2205846018810202,False,False,True,True,False,False,False
2017,1.5932550136313832,9237.0,-0.2842502222284851,1.6331468039956527,0.6211757244059766,0.5936698704131012,0.13720067607032285,Interpolated (Month),0.024753112624667853,-0.0055734456706894205,False,False,False,False,False,False,True
2015,-0.43452409462674085,13489.0,0.68645402912537,-0.7574721484644694,1.5812225074354402,1.7935475176894218,2.0010034502364253,Interpolated (Month),1.3695564486799405,-0.0055734456706894205,False,False,False,False,True,False,False
2020,-1.5932550136313832,16543.0,1.6998833527274482,-0.4844899859961656,-0.5788827543808531,-0.7055079959481563,0.8090599371365343,Estimated (Region),-1.0412882028592332,-1.231731493222399,True,False,False,False,True,False,False
2024,1.3035722838802226,5572.0,-1.1518978432693192,-0.4326068488275801,0.6211757244059766,0.5191947060993986,-0.7744970787469239,Official (Quarter),-1.4048031024874643,1.2205846018810202,True,False,False,False,False,False,True
2022,0.43452409462674085,5100.0,-1.1716171073838835,-0.35414395454248027,-0.5788827543808531,-0.6475828681486098,-1.192812789276327,Official (Quarter),-0.41140711190944307,1.2205846018810202,True,False,False,False,False,True,False
2019,1.013889554129062,10077.0,0.03149275674876642,-0.02909972354141712,-0.2428663803205408,-0.12625671795269114,-0.031082696817800067,Interpolated (Month),1.1677638794969414,-0.0055734456706894205,False,True,False,False,True,False,False
2020,0.14484136487558028,9320.0,-0.1671084032622037,-1.7103144667756556,-0.2428663803205408,-0.13453173620976921,-0.19098446472949976,Interpolated (Month),-0.46560283049002,-0.0055734456706894205,False,False,True,False,False,False,False
2015,1.3035722838802226,20107.0,2.802518871133508,-0.5249001435002131,1.5812225074354402,1.6528722073190945,3.871262325533016,Interpolated (Month),0.24672493872596687,-0.0055734456706894205,False,True,False,True,False,False,False
2017,-1.3035722838802226,10163.0,-0.020152934979854653,1.1718155232187522,-0.2428663803205408,-0.40760733869334564,-0.16011977072848113,Official (Quarter),-0.3987230075607974,1.2205846018810202,False,False,False,False,True,False,False
2022,-1.5932550136313832,20337.625,3.0196655295379373,-1.5639714743332278,-0.2428663803205408,-0.21728191878054995,2.053898173533584,Interpolated (Month),1.242715405193484,-0.0055734456706894205,False,False,True,False,True,False,False
2017,-1.5932550136313832,13497.0,0.8460861671956533,1.6192368785573752,-0.5788827543808531,-0.7055079959481563,0.2721558426839516,Official (Quarter),0.666453482626605,1.2205846018810202,False,True,False,False,False,False,False
2024,-1.3035722838802226,6847.0,-0.6535169180881258,-0.22823740904658463,1.5812225074354402,1.6694222438332507,-0.06537365501526216,Interpolated (Month),-1.0784756906086717,-0.0055734456706894205,False,False,True,False,False,False,True
2022,0.7242068243779014,14126.0,0.8190895556102378,-1.6202707369759466,-0.2428663803205408,-0.12625671795269114,0.8030285795014732,Estimated (Region),0.6560755790686222,-1.231731493222399,False,True,False,True,False,False,False
2020,1.013889554129062,2923.0,-1.717887673986162,1.1961139054420455,-0.5788827543808531,-0.5069075577782824,-1.5619148868022705,Estimated (Region),-1.4405492147427386,-1.231731493222399,True,False,False,False,False,False,True
2021,-0.7242068243779014,10226.0,-0.028838801316031833,-1.0008660217402963,-0.2428663803205408,-0.17590682749515957,-0.026438834601133072,Interpolated (Month),-0.9501932716280507,-0.0055734456706894205,False,True,False,False,False,False,False
2024,1.5932550136313832,6349.0,-0.8497705466568859,1.0854801459415542,1.5812225074354402,1.5204719152058452,-0.2623980044272697,Interpolated (Month),0.8719936280944313,-0.0055734456706894205,False,True,False,False,False,False,True
2023,0.43452409462674085,10874.0,0.38010117591695863,-1.4680533284413653,-1.298917841652951,-1.3840594930285581,-0.5689212269603223,Official (Quarter),0.0028442051133708056,1.2205846018810202,False,True,False,True,False,False,False
2021,-0.14484136487558028,9313.0,-0.1232095652928758,1.6609870331664605,1.5812225074354402,1.5783970430053917,0.626391917869955,Official (Quarter),1.4214459664698544,1.2205846018810202,False,False,True,False,True,False,False
2020,-1.5932550136313832,19577.0,2.4783247789643004,0.8487897374118878,-1.298917841652951,-1.3426844017431678,0.7035819691055302,Interpolated (Month),0.24413046283647116,-0.0055734456706894205,False,True,False,False,False,True,False
2020,1.3035722838802226,8660.0,-0.40960840124250175,-1.0030738359615792,-0.5788827543808531,-0.7220580324623124,-0.5878081543903034,Interpolated (Month),1.3917536312900705,-0.0055734456706894205,False,True,False,True,False,False,False
2024,-1.013889554129062,10989.0,0.44583205629884004,1.7398669369363997,-0.2428663803205408,-0.28348206483717453,0.06810906748088655,Interpolated (Month),-0.6766202028356705,-0.0055734456706894205,False,True,False,False,False,False,True
2021,1.5932550136313832,8284.0,-0.36594431641739483,0.7328561303108693,0.6211757244059766,0.6515949982126477,-0.06967772243558766,Interpolated (Month),-0.4745393585538385,-0.0055734456706894205,False,True,False,True,False,False,False
2019,1.5932550136313832,14160.0,1.2348373740256373,0.22259755909522866,1.5812225074354402,1.6942472986044848,2.1331836260132655,Estimated (Region),0.758413239154286,-1.231731493222399,False,True,False,False,False,True,False
2021,-0.14484136487558028,7939.0,-0.4138339578384798,0.36776904813388217,-1.298917841652951,-1.3675094565144021,-0.9773262559297651,Official (Quarter),0.0014028296192065263,1.2205846018810202,False,False,True,False,False,True,False
2018,1.5932550136313832,11849.0,0.5850406708218959,0.9431134060363306,-0.2428663803205408,-0.08488162666730079,0.35911499431434446,Interpolated (Month),0.2738227980162553,-0.0055734456706894205,False,False,False,False,False,False,True
2018,-1.3035722838802226,14166.0,1.2961079446673196,-0.3425780299748853,0.6211757244059766,0.7343451807834285,1.4370290370086367,Official (Quarter),-0.7902005917758157,1.2205846018810202,False,False,False,False,True,False,False
2015,1.5932550136313832,4993.0,-1.1774859359894088,-0.08860334869755569,0.6211757244059766,0.8088203450971311,-0.8387466114884939,Official (Quarter),-1.0683860621495216,1.2205846018810202,False,False,False,False,False,False,False
2018,-1.5932550136313832,3922.0,-1.4648237845159187,-0.9652666327746997,1.5812225074354402,1.5039218786916893,-0.9708418385662483,Official (Quarter),1.086182026527243,1.2205846018810202,False,False,False,False,False,True,False
2025,1.5932550136313832,13671.0,1.0921074623392664,-0.8404461012530281,-1.298917841652951,-1.259934219172387,-0.08621440252420694,Estimated (Region),-0.11880788659409437,-1.231731493222399,False,False,False,False,False,True,False
2019,1.013889554129062,3237.0,-1.6857264932278841,0.257797334680836,1.5812225074354402,1.4377217326350646,-1.1802686980447201,Official (Quarter),1.0363104344291592,1.2205846018810202,False,True,False,True,False,False,False
2024,-0.14484136487558028,9874.0,0.13454938706178757,1.7065852061684263,0.6211757244059766,0.7674452538117407,0.3800406905223745,Official (Quarter),1.7414313261743246,1.2205846018810202,True,False,False,False,True,False,False
2020,-1.5932550136313832,8186.0,-0.3922366685701474,1.1336718296609118,-1.298917841652951,-1.3095843287148556,-0.9178338503369758,Interpolated (Month),-1.4572691704750442,-0.0055734456706894205,True,False,False,False,False,False,False
2019,-0.14484136487558028,14287.0,1.311132145897464,-0.2071722171676071,-0.5788827543808531,-0.7220580324623124,0.39926741274869737,Interpolated (Month),-0.4569545775250343,-0.0055734456706894205,True,False,False,False,True,False,False
2023,1.5932550136313832,9203.0,-0.05395738774767936,0.8040350269793765,-1.298917841652951,-1.37578447477148,-0.80136918389093,Interpolated (Month),0.24701321382479974,-0.0055734456706894205,False,True,False,True,False,False,False
2019,-0.14484136487558028,6397.0,-0.7901432480247507,-1.6492615942247082,-0.2428663803205408,-0.17590682749515957,-0.8054750376800563,Estimated (Region),0.7987717529908859,-1.231731493222399,False,False,True,False,False,True,False
2019,1.3035722838802226,10964.0,0.32657745903456953,1.7063804291627607,1.5812225074354402,1.4459967508921427,1.0364392883550482,Official (Quarter),0.614563964836691,1.2205846018810202,True,False,False,False,False,True,False
2021,-1.013889554129062,11349.0,0.22586836016375847,-0.1496601975010407,0.6211757244059766,0.6598700164697258,0.6888858441637609,Estimated (Region),0.6831734383589106,-1.231731493222399,False,False,False,False,False,True,False
2024,-1.5932550136313832,9756.0,-0.15137994259939638,0.42865988839393904,-1.298917841652951,-1.4088845477997924,-0.7394982147237503,Interpolated (Month),-0.3280956083467477,-0.0055734456706894205,False,True,False,False,False,False,False
2018,0.7242068243779014,10028.0,0.08055616389095643,0.041382334869944755,-1.298917841652951,-1.3840594930285581,-0.6885856277385838,Estimated (Region),-0.6307844621212464,-1.231731493222399,False,False,True,False,False,False,False
2015,0.43452409462674085,14575.0,1.3787410514331133,1.008698709448125,1.5812225074354402,1.3963466413496743,2.034586502608176,Estimated (Region),-0.6319375625165778,-1.231731493222399,False,False,True,False,False,False,True
2025,1.013889554129062,15394.0,1.113000492174936,0.21323398140167799,1.5812225074354402,1.6114971160337042,2.4372999687388988,Official (Quarter),1.652354320634972,1.2205846018810202,False,False,False,True,False,False,False
2018,0.14484136487558028,11739.0,0.6122720355515325,-1.527583296270563,0.6211757244059766,0.6929700894980381,0.8049257671143795,Interpolated (Month),-1.2260725412110938,-0.0055734456706894205,False,False,False,False,True,False,False
2017,1.5932550136313832,16989.0,1.6742952600073586,0.6693310227449147,-0.2428663803205408,-0.31658213786548683,1.2268376392383966,Estimated (Region),-1.0508012811207175,-1.231731493222399,False,True,False,False,False,True,False
2025,-0.14484136487558028,9221.0,-0.13306919735015799,1.1887106202493363,1.5812225074354402,1.3880716230925962,0.5093042942972833,Official (Quarter),1.248769182268974,1.2205846018810202,True,False,False,False,False,True,False
2016,-1.3035722838802226,13985.0,0.9935111417664444,-0.8696730484961865,0.6211757244059766,0.6598700164697258,1.3382620162053773,Interpolated (Month),0.7347746810499919,-0.0055734456706894205,False,False,True,False,False,False,False
2015,-0.7242068243779014,10084.0,0.18713409136729264,-1.4173983562752088,0.6211757244059766,0.5357447426135546,0.3130161669440157,Estimated (Region),1.5762496945430982,-1.231731493222399,False,True,False,False,True,False,False
2016,0.43452409462674085,3747.0,-1.5608378205023097,1.4283727805189967,1.5812225074354402,1.5866720612624698,-1.0056141727251942,Estimated (Region),0.011780733177189338,-1.231731493222399,False,True,False,False,True,False,False
2024,-0.43452409462674085,13980.0,1.1083054292905157,1.2947368971223412,0.6211757244059766,0.7674452538117407,1.4142344694207285,Interpolated (Month),0.29256067944039094,-0.0055734456706894205,False,False,True,False,False,True,False
2025,-0.7242068243779014,8438.0,-0.23589107451895813,0.48731011034928007,0.6211757244059766,0.7591702355546627,0.014761284455272493,Interpolated (Month),0.15793620828544727,-0.0055734456706894205,False,False,False,True,False,False,False
2016,0.43452409462674085,11195.0,0.4505271191832601,-0.4114397654773365,-1.298917841652951,-1.2185591278869967,-0.42841607867311615,Interpolated (Month),1.6261212866411823,-0.0055734456706894205,False,True,False,True,False,False,False
2020,0.7242068243779014,3028.0,-1.71507063625551,-1.5542033129440165,-0.2428663803205408,-0.11798169969561308,-1.4818932122638497,Official (Quarter),-0.12486166366958434,1.2205846018810202,True,False,False,False,True,False,False
2024,-1.013889554129062,7874.0,-0.6521083992227997,-0.011193167271681233,-1.298917841652951,-1.3840594930285581,-0.9932399788917582,Estimated (Region),0.8993797624835526,-1.231731493222399,False,False,True,True,False,False,False
2022,1.5932550136313832,14239.0,1.0667541227633979,-0.6037959522803008,-0.5788827543808531,-0.5813827220919852,0.49367373366557454,Interpolated (Month),1.1219281387825173,-0.0055734456706894205,False,False,True,False,False,False,True
2017,-0.14484136487558028,11053.0,0.1897163759537237,-0.9890376645052458,-0.5788827543808531,-0.6475828681486098,-0.1258004962979906,Official (Quarter),-0.8539093886178768,1.2205846018810202,False,True,False,False,True,False,False
2023,1.013889554129062,4070.0,-1.481726010899831,0.5149122613994229,0.6211757244059766,0.800545326840053,-1.0749039949458297,Official (Quarter),1.0383283601209892,1.2205846018810202,True,False,False,False,False,False,False
2020,-0.43452409462674085,9239.0,-0.1917574834054092,1.0472996720477439,0.6211757244059766,0.7095201260121942,0.19264386034004277,Official (Quarter),-0.23555930162140098,1.2205846018810202,False,True,False,True,False,False,False
2022,0.43452409462674085,15396.0,1.4904835480823118,0.3066729338365926,1.5812225074354402,1.7273473716327972,2.5294409910134994,Interpolated (Month),-1.4601519214633727,-0.0055734456706894205,False,False,True,True,False,False,False
2018,0.43452409462674085,11344.0,0.26366361638334024,-0.9673114206419574,-0.2428663803205408,-0.36623224740795524,0.09019572924308329,Official (Quarter),1.2617415617164525,1.2205846018810202,False,False,False,False,False,True,False
2021,-0.14484136487558028,2784.0,-1.8362032586735484,0.7127253577781343,-1.298917841652951,-1.2516592009153091,-1.694264959977281,Interpolated (Month),-0.4165960636884345,-0.0055734456706894205,True,False,False,False,False,False,True
2015,-1.3035722838802226,5052.0,-1.186406555469807,1.386239911603205,-0.5788827543808531,-0.45725744823581405,-1.1520657299483763,Official (Quarter),0.9875919427264065,1.2205846018810202,False,True,False,True,False,False,False
2024,-0.7242068243779014,9469.0,-0.021326700700959676,1.4937423722306473,0.6211757244059766,0.5191947060993986,0.15739015021961303,Official (Quarter),-0.5517970850410439,1.2205846018810202,True,False,False,False,True,False,False
2023,1.5932550136313832,9486.0,-0.18354112335767406,-0.6821152044424941,-0.5788827543808531,-0.5400076308065948,-0.3542841806046142,Estimated (Region),-0.19404768738946976,-1.231731493222399,False,False,True,False,False,False,True
2024,-0.43452409462674085,8761.0,-0.39411469372391544,-1.5883543519229362,-0.5788827543808531,-0.5896577403490633,-0.5105614706886714,Interpolated (Month),1.0613903680276175,-0.0055734456706894205,True,False,False,False,False,False,False
2019,-1.5932550136313832,13208.0,0.9514903289508845,-0.7541489954065003,-1.298917841652951,-1.3344093834860897,-0.20514258124372853,Estimated (Region),1.4883257893990771,-1.231731493222399,False,True,False,False,False,True,False
2021,0.14484136487558028,8967.0,-0.3694656135807099,-1.0967145832127576,-1.298917841652951,-1.2268341461440748,-0.7662853711686712,Interpolated (Month),-1.6342700811584177,-0.0055734456706894205,False,False,False,True,False,False,False
2019,0.7242068243779014,1930.0,-2.010155338541313,1.4545916927177593,-1.298917841652951,-1.2102841096299186,-1.8167609840583883,Interpolated (Month),-0.14965332216920996,-0.0055734456706894205,False,False,True,False,False,True,False
2022,1.3035722838802226,7397.0,-0.6420140140212965,0.6208709419792954,-1.298917841652951,-1.1937340731157626,-0.9884545355099489,Estimated (Region),0.8815067063559154,-1.231731493222399,False,False,False,False,False,True,False
2017,1.013889554129062,11917.0,0.39348210513755594,-1.2838231107297462,-1.298917841652951,-1.350959420000246,-0.40117586249973997,Official (Quarter),-0.4811696858269942,1.2205846018810202,False,True,False,False,True,False,False
2018,-1.5932550136313832,2368.0,-1.9416074204287797,-1.5514229183573758,0.6211757244059766,0.6929700894980381,-1.5195538021916983,Official (Quarter),-0.12601476406491577,1.2205846018810202,True,False,False,False,False,False,True
2016,0.7242068243779014,11133.0,0.20098452687633195,1.1772460901214403,0.6211757244059766,0.5191947060993986,0.555289856735498,Estimated (Region),0.5136676802451914,-1.231731493222399,False,False,False,False,False,True,False
2021,-0.7242068243779014,8550.0,-0.4556200175098187,-0.105124677989643,1.5812225074354402,1.6114971160337042,0.41699337462451175,Estimated (Region),-1.6031363704844692,-1.231731493222399,False,True,False,True,False,False,False
2021,1.3035722838802226,7825.0,-0.5950633851770956,1.0857053012414735,-1.298917841652951,-1.1771840366016064,-0.917097628278236,Interpolated (Month),-1.2399097459550708,-0.0055734456706894205,True,False,False,False,False,False,False
2018,-0.14484136487558028,128.0,-2.4679239697722726,1.5721088423917198,-0.2428663803205408,-0.40760733869334564,-2.0824238823313768,Official (Quarter),1.6886769830879118,1.2205846018810202,True,False,False,False,True,False,False
2017,0.14484136487558028,7161.0,-0.7938992983322867,-0.9613609587200304,0.6211757244059766,0.6184949251843354,-0.3580219233643707,Estimated (Region),0.39230386363655906,-1.231731493222399,False,True,False,True,False,False,False
2015,-0.14484136487558028,7201.0,-0.5896640628600125,1.468913657325205,-0.5788827543808531,-0.7137830142052343,-0.8407004315674576,Estimated (Region),-0.7524365538287116,-1.231731493222399,False,False,False,False,False,False,False
2016,0.7242068243779014,6101.0,-0.8596301787141681,-1.3497836729747388,-1.298917841652951,-1.3095843287148556,-1.2207042788093574,Estimated (Region),-1.5647957823396994,-1.231731493222399,False,True,False,False,False,True,False
2021,1.013889554129062,9675.0,-0.0948044348421342,0.05203918870122155,-0.2428663803205408,-0.1428067544668473,-0.12211938600429093,Official (Quarter),-0.4177491640837659,1.2205846018810202,True,False,False,False,True,False,False
2025,1.013889554129062,8720.0,-0.26640898326768875,0.6596896044053263,0.6211757244059766,0.6184949251843354,0.022718145936269224,Official (Quarter),-0.06490044311235033,1.2205846018810202,True,False,False,False,False,False,True
2015,-0.43452409462674085,10050.0,0.08032141074673543,0.6856585097258129,-0.5788827543808531,-0.5896577403490633,-0.27567831771761614,Estimated (Region),0.4606250620599459,-1.231731493222399,True,False,False,False,False,False,False
2023,0.7242068243779014,15098.0,1.0735619639458072,1.497595857970766,-0.2428663803205408,-0.333132174379643,0.8429261518385697,Interpolated (Month),1.7480616534474802,-0.0055734456706894205,False,False,True,False,False,True,False
2018,-1.3035722838802226,11445.0,0.30897097321799416,0.16624511407482478,-1.298917841652951,-1.3095843287148556,-0.4444147503341946,Estimated (Region),-1.1560216921947097,-1.231731493222399,False,False,False,False,False,False,True
2021,1.013889554129062,3157.0,-1.7167139082650569,-0.38588737261012246,0.6211757244059766,0.5274697243564767,-1.3506757884099776,Official (Quarter),-0.7812640637119972,1.2205846018810202,False,False,False,False,True,False,False
2015,-1.5932550136313832,8795.0,-0.3499811026103665,0.1531547936907782,-0.2428663803205408,-0.36623224740795524,-0.4034977936080733,Official (Quarter),1.0648496692136118,1.2205846018810202,False,False,False,True,False,False,False
2016,-1.013889554129062,13927.0,1.022385778505628,-0.06782544106439115,-0.5788827543808531,-0.7220580324623124,0.33612221309523693,Estimated (Region),-0.5298881775297468,-1.231731493222399,False,False,True,False,False,False,False
2019,-0.14484136487558028,12163.0,0.5505319586214082,-1.5432944641081943,-0.5788827543808531,-0.5979327586061413,0.10415563212611303,Estimated (Region),-0.08767417592014594,-1.231731493222399,True,False,False,True,False,False,False
2019,1.5932550136313832,11220.0,0.4167226664154354,-1.435319823491959,-1.298917841652951,-1.3013093104577775,-0.4723345561002537,Estimated (Region),-1.1084563008872885,-1.231731493222399,False,False,False,True,False,False,False
2021,-1.5932550136313832,10139.0,0.06717523467035916,1.0852649312729779,-1.298917841652951,-1.2268341461440748,-0.591064521188576,Estimated (Region),0.5860247300522382,-1.231731493222399,False,False,True,False,True,False,False
2025,-0.7242068243779014,9751.0,-0.024143738431611737,-1.7227899591111364,0.6211757244059766,0.42816950527153974,0.17925028211758232,Interpolated (Month),-1.0153434439642761,-0.0055734456706894205,False,False,False,False,False,False,True
2025,-0.7242068243779014,11382.0,0.4035764903390591,1.281039701194804,-0.2428663803205408,-0.08488162666730079,0.2619336825606784,Official (Quarter),0.6260949687900051,1.2205846018810202,False,False,False,False,False,True,False
2024,1.5932550136313832,6662.0,-0.7495309540745168,1.4487490866459034,-0.2428663803205408,-0.15108177272392537,-0.7430660600853359,Official (Quarter),1.1349005182299958,1.2205846018810202,True,False,False,False,False,False,True
2021,0.14484136487558028,14909.0,1.1118267264538308,0.32076874908098474,-0.5788827543808531,-0.448982429978736,0.7173436583573605,Estimated (Region),1.0495710889754704,-1.231731493222399,True,False,False,False,False,False,True
2024,-0.14484136487558028,9170.0,-0.2236839110194659,-1.089247677979454,1.5812225074354402,1.710797335118641,0.6467512894174161,Interpolated (Month),-0.2710171387778423,-0.0055734456706894205,True,False,False,False,False,False,False
2022,-1.5932550136313832,15237.0,1.5714733828385583,-1.343578233858863,-0.5788827543808531,-0.6972329776910782,0.5853333799786915,Estimated (Region),-0.5581391372153667,-1.231731493222399,True,False,False,False,False,True,False
2018,0.14484136487558028,11901.0,0.46649033299028847,0.17365535770947332,-0.5788827543808531,-0.6062077768632194,0.051487438693181974,Estimated (Region),0.08730880907139757,-1.231731493222399,False,False,False,True,False,False,False
2024,-1.013889554129062,9744.0,-0.037524667652209014,-1.2801500474485028,-0.2428663803205408,-0.34140719263672104,-0.20729461495389126,Interpolated (Month),0.5597916960584484,-0.0055734456706894205,True,False,False,False,False,True,False
2018,0.7242068243779014,15810.0,1.641664572960639,-0.3672471977472725,1.5812225074354402,1.3880716230925962,2.378798631302106,Official (Quarter),-1.6731872195008533,1.2205846018810202,False,True,False,False,True,False,False
2017,-1.5932550136313832,8688.0,-0.2053731657702275,-1.7217148798313897,-0.5788827543808531,-0.6558578864056878,-0.5533756150276992,Estimated (Region),0.8526791964726299,-1.231731493222399,False,True,False,True,False,False,False
2022,-0.14484136487558028,15131.0,1.2738063959663242,-1.0600570140406973,-0.5788827543808531,-0.6393078498915317,0.6115825279960716,Official (Quarter),0.03714894187448065,1.2205846018810202,False,False,True,False,False,True,False
2016,-0.43452409462674085,16846.0,1.982291385225317,1.5888155644583533,-1.298917841652951,-1.2185591278869967,0.41886224600438987,Interpolated (Month),-0.6192534581679322,-0.0055734456706894205,False,True,False,False,True,False,False
2017,-1.3035722838802226,12872.0,0.8693267284735329,1.0732675833050958,-0.2428663803205408,-0.37450726566503334,0.3806636476490007,Estimated (Region),-0.7916419672699799,-1.231731493222399,False,True,False,False,True,False,False
2020,0.43452409462674085,4607.0,-1.3270236888581888,0.48266634441739215,-0.2428663803205408,-0.22555693703762802,-1.18137303113283,Interpolated (Month),0.8437426684088114,-0.0055734456706894205,True,False,False,False,False,False,True
2019,-1.013889554129062,12284.0,0.5042855892098702,-0.7642735284293585,-0.5788827543808531,-0.6062077768632194,0.1209471583119882,Official (Quarter),1.7448906273603189,1.2205846018810202,False,True,False,False,True,False,False
2025,-0.7242068243779014,11544.0,0.22563360701953744,0.3064447963472706,-0.5788827543808531,-0.6475828681486098,-0.03776532781251608,Official (Quarter),-1.5979474187054779,1.2205846018810202,False,True,False,False,False,False,False
2022,-0.14484136487558028,6816.0,-0.7009370532207688,-1.169101763621008,-0.2428663803205408,-0.11798169969561308,-0.6999404371829953,Official (Quarter),0.6655886573301064,1.2205846018810202,False,False,True,True,False,False,False
2022,-0.14484136487558028,12296.0,0.685984522836928,-0.31044493915859717,-0.2428663803205408,-0.11798169969561308,0.43126475607085424,Estimated (Region),-0.6795029538239991,-1.231731493222399,True,False,False,False,True,False,False
2023,0.43452409462674085,7201.0,-0.71290946357604,0.3532323658894277,-1.298917841652951,-1.2847592739436213,-1.0517413163285516,Interpolated (Month),0.692398241521562,-0.0055734456706894205,False,False,False,False,True,False,False
2016,-0.14484136487558028,13013.0,0.8449124014745483,0.9131051251696115,1.5812225074354402,1.3963466413496743,1.5907295498871041,Interpolated (Month),-0.11361893481510296,-0.0055734456706894205,False,True,False,True,False,False,False
2025,-0.14484136487558028,8638.0,-0.4286234059244031,0.7075323719645448,-0.2428663803205408,-0.16763180923808152,-0.3458459431621338,Estimated (Region),0.6220591174063452,-1.231731493222399,False,False,False,False,False,False,False
2020,-0.14484136487558028,7718.0,-0.6492913614921477,0.0393459965393293,-1.298917841652951,-1.3013093104577775,-0.9825364428070014,Interpolated (Month),1.4058791111328803,-0.0055734456706894205,False,False,False,False,False,True,False
2021,1.013889554129062,10632.0,0.2714104701426334,0.15366027479457028,-1.298917841652951,-1.2847592739436213,-0.5489582826752596,Official (Quarter),-0.5071144447219512,1.2205846018810202,False,True,False,False,True,False,False
2017,-0.7242068243779014,416.0,-2.392098704188888,1.1730178425796898,-0.5788827543808531,-0.6310328316344536,-2.0320209875407222,Official (Quarter),0.6892272154344006,1.2205846018810202,False,False,False,False,True,False,False
2020,-1.3035722838802226,10403.0,0.14300050025374372,-1.3357922343594484,-1.298917841652951,-1.3840594930285581,-0.6355493232762829,Official (Quarter),0.12161354583250743,1.2205846018810202,True,False,False,False,False,True,False
2024,1.013889554129062,11501.0,0.38409197936871575,0.33028441843408335,-1.298917841652951,-1.3426844017431678,-0.45582619224466286,Estimated (Region),0.5240455838031742,-1.231731493222399,False,True,False,False,False,False,False
2018,1.5932550136313832,13653.0,0.7909191783037172,-0.23773419120013203,-0.5788827543808531,-0.6806829411769221,0.3170370720340565,Estimated (Region),0.7341981308523261,-1.231731493222399,False,True,False,False,False,True,False
2022,-0.43452409462674085,4849.0,-1.2258450836989356,-0.4480809326076807,-0.5788827543808531,-0.5317326125495168,-1.208981358335576,Interpolated (Month),0.7990600280897187,-0.0055734456706894205,False,False,False,False,False,False,True
2023,1.5932550136313832,5102.0,-1.2389912597753119,1.2300363099000757,-0.5788827543808531,-0.556557667320751,-1.1686307262700242,Interpolated (Month),0.7731152691947617,-0.0055734456706894205,False,False,True,True,False,False,False
2019,-1.013889554129062,9962.0,-0.10020375715921731,1.365468465380413,-0.5788827543808531,-0.5896577403490633,-0.2917336218447517,Estimated (Region),0.7448643095091418,-1.231731493222399,True,False,False,False,False,False,True
2019,0.14484136487558028,8330.0,-0.5079699686711028,0.5036266626357009,-0.5788827543808531,-0.672407922919844,-0.624477676162156,Estimated (Region),-1.3725162914181845,-1.231731493222399,False,False,False,False,False,True,False
2024,1.013889554129062,9150.0,-0.13353870363860001,1.5379578034127999,-0.2428663803205408,-0.18418184575223764,-0.24925927230206546,Official (Quarter),1.3038297261460494,1.2205846018810202,False,False,False,False,False,False,True
2019,-1.3035722838802226,9029.0,-0.32861856648625504,-0.5005868503299059,-0.2428663803205408,-0.2752070465800964,-0.31600063355013963,Official (Quarter),-1.511753164154454,1.2205846018810202,False,True,False,True,False,False,False
2021,1.5932550136313832,12810.0,0.6603964301168385,-0.3060874634093877,-1.298917841652951,-1.235109164401153,-0.19715740352970337,Estimated (Region),0.05934612448461055,-1.231731493222399,False,True,False,False,False,False,False
2015,0.43452409462674085,15381.0,1.3533877118572448,-1.3410249826984102,-1.298917841652951,-1.1689090183445283,0.23840289291403005,Estimated (Region),1.1916907127000684,-1.231731493222399,False,False,False,False,False,False,True
2017,-0.14484136487558028,9078.0,-0.13471246935970504,0.7162955355249774,-0.2428663803205408,-0.2669320283230184,-0.3024088416964802,Official (Quarter),-0.511438571204444,1.2205846018810202,False,False,True,False,True,False,False
2021,-1.3035722838802226,11057.0,0.3096752326506572,1.5035681892816481,-0.5788827543808531,-0.7303330507193905,-0.17204090483346152,Official (Quarter),0.8780474051699212,1.2205846018810202,False,False,False,False,True,False,False
2017,1.5932550136313832,11318.0,0.4747066930380236,-0.37082483096762253,-0.2428663803205408,-0.15935679098100344,0.2053295327367918,Estimated (Region),-1.2762324084080108,-1.231731493222399,False,False,True,False,False,False,True
2020,-1.5932550136313832,10621.0,0.0159990492301801,-0.11464283250057754,-0.5788827543808531,-0.6558578864056878,-0.20771935844931808,Official (Quarter),-0.08507970003065023,1.2205846018810202,False,False,False,False,False,True,False
2018,0.7242068243779014,11696.0,0.396064389723987,-0.4922541161066252,-1.298917841652951,-1.3261343652290116,-0.41788243998652985,Official (Quarter),0.090479835158559,1.2205846018810202,False,True,False,True,False,False,False
2017,-1.5932550136313832,10853.0,0.06529720951659113,-1.4813633367780918,1.5812225074354402,1.5204719152058452,1.0461234400507808,Official (Quarter),-0.6887277569866505,1.2205846018810202,True,False,False,False,False,True,False
2017,-0.7242068243779014,15689.0,1.5733514079923265,-1.1528572809118243,-0.5788827543808531,-0.49035752126412635,0.8317978722583858,Interpolated (Month),0.3092806351726966,-0.0055734456706894205,False,True,False,False,False,False,False
2019,1.013889554129062,9848.0,0.034075041335197474,-1.6759656092330102,-0.5788827543808531,-0.43243239346457985,-0.23300575454373082,Interpolated (Month),-1.555859254275881,-0.0055734456706894205,False,False,True,True,False,False,False
2019,0.43452409462674085,16904.0,1.5921316595300068,-0.9114023277794522,0.6211757244059766,0.6681450347268039,2.0645450771522844,Official (Quarter),1.160845277124953,1.2205846018810202,False,True,False,False,False,False,False
2017,-1.3035722838802226,249.0,-2.438579826744647,0.3355897333818494,-0.5788827543808531,-0.7303330507193905,-2.063367057503225,Official (Quarter),-0.10468240675128443,1.2205846018810202,False,False,False,False,False,True,False
2017,0.43452409462674085,1177.0,-2.216268599167355,0.567140835507178,1.5812225074354402,1.5618470064912358,-1.7625070815758637,Interpolated (Month),-1.691925100924989,-0.0055734456706894205,False,False,False,False,False,False,True
2024,-0.14484136487558028,13451.0,0.7010087240670724,-0.6189946805722002,-0.2428663803205408,-0.28348206483717453,0.5554031216676121,Interpolated (Month),0.4436168312288074,-0.0055734456706894205,False,True,False,True,False,False,False
2021,1.5932550136313832,5022.0,-1.2781950348602198,-1.131109167659581,-1.298917841652951,-1.1771840366016064,-1.3433135678225785,Official (Quarter),1.2461747063794781,1.2205846018810202,False,False,True,False,False,False,False
2019,-1.013889554129062,11583.0,0.39418636457021894,0.12826544093414358,0.6211757244059766,0.6019448886701793,0.7121051552470958,Official (Quarter),-0.36384172060202186,1.2205846018810202,False,False,False,False,False,True,False
2023,-1.5932550136313832,6659.0,-0.7215953299122172,-0.35169508001112965,1.5812225074354402,1.6280471525478604,-0.13556959669280824,Estimated (Region),0.9873036676275736,-1.231731493222399,False,False,False,True,False,False,False
2019,1.013889554129062,7860.0,-0.4840251479605603,-0.4961682396979364,-0.2428663803205408,-0.1428067544668473,-0.4944495340954789,Estimated (Region),-0.9017630550241309,-1.231731493222399,False,False,False,False,True,False,False
2025,-0.7242068243779014,14345.0,1.0820130771377632,0.49559115328957676,-0.2428663803205408,-0.08488162666730079,0.8786046054544259,Interpolated (Month),1.194285188589564,-0.0055734456706894205,False,True,False,True,False,False,False
2015,-0.14484136487558028,8899.0,-0.21875409499082477,-0.4514731730534837,0.6211757244059766,0.6019448886701793,0.058877975513609425,Estimated (Region),0.8754529292804255,-1.231731493222399,False,True,False,True,False,False,False
2018,-1.3035722838802226,7777.0,-0.567597267303238,-1.1025561952214793,0.6211757244059766,0.4695445965569301,-0.2670418666439367,Estimated (Region),1.1516204739623015,-1.231731493222399,False,False,True,False,True,False,False
2025,-1.3035722838802226,7540.0,-0.5049181777962297,0.2538558743533314,-0.2428663803205408,-0.25865701006594033,-0.6049394753725201,Estimated (Region),-1.1926326297464824,-1.231731493222399,False,True,False,False,False,False,True
2023,-1.013889554129062,8116.0,-0.42439784932842506,0.37450581399504224,-0.5788827543808531,-0.6144827951202975,-0.6384375790451855,Estimated (Region),1.418563215481526,-1.231731493222399,False,False,False,False,False,False,False
2019,0.14484136487558028,11549.0,0.46109101067320535,0.9838744678267871,1.5812225074354402,1.6694222438332507,1.3366196746897263,Official (Quarter),1.176412132461927,1.2205846018810202,False,False,True,True,False,False,False
2022,0.14484136487558028,13013.0,0.7263620636429409,-0.12177424142605456,-1.298917841652951,-1.3923345112856362,-0.2719122587248315,Estimated (Region),0.3963397150202191,-1.231731493222399,False,False,False,False,True,False,False
2018,-0.14484136487558028,11866.0,0.4571002072214483,1.5979003074427331,-1.298917841652951,-1.2764842556865432,-0.3630905290764645,Interpolated (Month),0.3830790604739077,-0.0055734456706894205,False,False,False,False,True,False,False
2015,-0.14484136487558028,14478.0,1.0343581888608993,-0.4223501054078597,-0.5788827543808531,-0.7220580324623124,0.4327655164213624,Official (Quarter),-0.5961914502613037,1.2205846018810202,False,True,False,False,False,False,False
2017,0.7242068243779014,10579.0,0.26366361638334024,-0.19616694420775724,-0.5788827543808531,-0.5069075577782824,-0.1343519986725847,Estimated (Region),-0.36384172060202186,-1.231731493222399,False,True,False,True,False,False,False
2025,-1.5932550136313832,10166.0,0.09675413084220577,0.818965855256581,0.6211757244059766,0.6184949251843354,0.3758782042671915,Interpolated (Month),1.1054964581490445,-0.0055734456706894205,True,False,False,False,False,False,False
2024,1.3035722838802226,6687.0,-0.8392066551669407,-1.5118641759278573,1.5812225074354402,1.4294467143779865,-0.19545842954799617,Estimated (Region),1.032562858144332,-1.231731493222399,False,False,False,False,True,False,False
2025,1.013889554129062,16033.0,1.3911829680768266,-0.263244336384138,-0.2428663803205408,-0.22555693703762802,1.1141390317851358,Official (Quarter),1.3637909467032834,1.2205846018810202,False,False,True,False,False,True,False
2017,0.43452409462674085,12673.0,0.8223760996293319,0.8804889196700528,-1.298917841652951,-1.2102841096299186,-0.20143315471700043,Estimated (Region),0.08183158219357331,-1.231731493222399,False,True,False,False,True,False,False
2016,0.14484136487558028,13821.0,0.9026616749529155,-0.2249555096086891,0.6211757244059766,0.4447195417856959,1.1452585718834105,Estimated (Region),-0.9470222455408893,-1.231731493222399,True,False,False,False,False,False,False
2016,-1.3035722838802226,12910.0,0.5470106614580931,-1.3101578312836548,-1.298917841652951,-1.3013093104577775,-0.22612490991781545,Interpolated (Month),1.520324325369524,-0.0055734456706894205,True,False,False,False,False,False,True
2015,-1.013889554129062,6612.0,-0.7511742260840638,-0.6323633386338507,-0.2428663803205408,-0.3579572291508772,-0.8235124781191838,Official (Quarter),0.2158795031508513,1.2205846018810202,True,False,False,True,False,False,False
2019,-1.3035722838802226,10886.0,0.1324366087637985,1.041406368756039,-1.298917841652951,-1.2268341461440748,-0.47938529812433966,Interpolated (Month),-1.489555981544324,-0.0055734456706894205,False,False,False,True,False,False,False
2018,0.43452409462674085,6056.0,-0.9366292100186577,0.8024251417333756,-0.5788827543808531,-0.5482826490636729,-0.9905782529870832,Official (Quarter),-0.9948759119471433,1.2205846018810202,False,True,False,True,False,False,False
2018,-1.013889554129062,17318.0,1.8146776402515195,-0.24768526020605436,1.5812225074354402,1.479096823920455,2.8875847063574303,Estimated (Region),0.24153598694697545,-1.231731493222399,False,False,False,False,False,False,True
2020,-1.5932550136313832,6748.0,-0.7990638675051488,-0.5884958295487028,-0.5788827543808531,-0.5896577403490633,-0.87736995333931,Interpolated (Month),1.2542464091467982,-0.0055734456706894205,False,True,False,False,False,False,False
2019,0.7242068243779014,10984.0,0.24981318087430096,0.9717767194823403,-1.298917841652951,-1.359234438257324,-0.539387395911641,Estimated (Region),-1.1410313870554012,-1.231731493222399,True,False,False,True,False,False,False
2015,-1.5932550136313832,6367.0,-0.904702782404601,0.9967957974780021,-0.2428663803205408,-0.34140719263672104,-0.8656470328655286,Estimated (Region),0.06857092764726194,-1.231731493222399,False,False,True,False,False,False,False
2021,0.43452409462674085,10233.0,0.252160712316511,-0.575583446465697,1.5812225074354402,1.6114971160337042,0.9138016831087988,Estimated (Region),-1.3981727752143087,-1.231731493222399,False,True,False,False,True,False,False
2019,-0.14484136487558028,11186.0,0.253099724893395,-0.5186191555861308,1.5812225074354402,1.6114971160337042,1.1951234582465247,Interpolated (Month),-0.761661356991363,-0.0055734456706894205,False,True,False,False,False,True,False
2018,-0.14484136487558028,17589.0,1.6881456955163978,-1.5816901526705804,-1.298917841652951,-1.3675094565144021,0.3957845160861971,Interpolated (Month),0.1622603347679401,-0.0055734456706894205,False,True,False,False,False,True,False
2017,1.3035722838802226,6667.0,-0.8288775168212165,0.7874515687413953,0.6211757244059766,0.6433199799555697,-0.470182522390091,Estimated (Region),0.5978440091043853,-1.231731493222399,False,False,True,True,False,False,False
2022,-1.3035722838802226,4371.0,-1.4594244621988355,1.093352628933653,-0.5788827543808531,-0.7220580324623124,-1.3401987821894483,Interpolated (Month),0.5693047743199325,-0.0055734456706894205,False,True,False,False,True,False,False
2024,-1.3035722838802226,12916.0,0.73551743626756,-0.2601642317625055,-1.298917841652951,-1.2847592739436213,-0.21428872451192035,Interpolated (Month),1.5589531886131267,-0.0055734456706894205,False,True,False,False,False,True,False
2019,1.013889554129062,10554.0,0.1789177313195575,-1.4237081720201858,0.6211757244059766,0.5771198338989451,0.44822617965490036,Official (Quarter),1.2415623047981525,1.2205846018810202,True,False,False,False,False,False,True
2017,-0.43452409462674085,2895.0,-1.7906611486946735,-0.5069841436307012,-1.298917841652951,-1.259934219172387,-1.679030826607971,Official (Quarter),-0.5546798360293724,1.2205846018810202,False,False,False,False,False,False,False
2015,-1.013889554129062,12060.0,0.6686127901645736,0.5263633716750062,-0.2428663803205408,-0.17590682749515957,0.34668416801485163,Official (Quarter),1.0426524866034819,1.2205846018810202,False,False,False,False,True,False,False
2018,0.14484136487558028,16516.0,1.9031795756228382,1.7147564051323825,-0.5788827543808531,-0.6641329046627659,0.8393866227100125,Official (Quarter),-0.4805931356293285,1.2205846018810202,False,False,False,False,False,False,True
2023,-0.7242068243779014,12491.0,0.5350382511028219,-0.7306712123005732,0.6211757244059766,0.792270308582975,1.0551280021538305,Official (Quarter),1.1461432470844772,1.2205846018810202,False,False,True,False,False,True,False
2022,0.43452409462674085,17669.0,1.9550600204956803,1.1343890462123098,1.5812225074354402,1.5204719152058452,3.0263342481968722,Official (Quarter),-1.3560846107847118,1.2205846018810202,False,False,True,False,False,False,True
2018,-0.14484136487558028,7543.0,-0.709622919556946,-0.19776788288554972,0.6211757244059766,0.47781961481400814,-0.31920036788235534,Official (Quarter),-1.0721336384343487,1.2205846018810202,False,False,False,False,False,False,True
2019,0.43452409462674085,11957.0,0.3737628410229915,1.6041624081572634,-0.2428663803205408,-0.12625671795269114,0.3561984223124134,Estimated (Region),1.2778849672510924,-1.231731493222399,False,True,False,False,True,False,False
2019,1.3035722838802226,9749.0,0.10403147831305692,0.16056056404132255,1.5812225074354402,1.4542717691492208,0.6922554758941472,Interpolated (Month),0.7194961008118504,-0.0055734456706894205,True,False,False,True,False,False,False
2022,1.5932550136313832,13091.0,0.9798954594016261,0.8014643797140734,1.5812225074354402,1.7769974811752656,1.8686816932944434,Interpolated (Month),-0.559580512709531,-0.0055734456706894205,True,False,False,True,False,False,False
2019,-1.5932550136313832,12370.0,0.7669743575931747,-0.9006182338669849,-0.5788827543808531,-0.672407922919844,0.0944997966634091,Official (Quarter),0.036284116577982084,1.2205846018810202,False,False,False,True,False,False,False
2016,0.43452409462674085,14320.0,0.9397526717398342,0.6861818839660224,-1.298917841652951,-1.2185591278869967,0.040104313015742105,Estimated (Region),-0.6143527814877736,-1.231731493222399,False,True,False,False,False,False,False
2015,-1.5932550136313832,8803.0,-0.3079602897948066,0.8937243732717074,-1.298917841652951,-1.359234438257324,-0.8506394293604461,Interpolated (Month),-1.4440085159287328,-0.0055734456706894205,False,True,False,False,False,False,False
2017,1.3035722838802226,9790.0,-0.036820408219546,1.1813838779179693,-1.298917841652951,-1.3261343652290116,-0.6931445412561653,Interpolated (Month),1.2640477625071151,-0.0055734456706894205,False,False,True,False,False,False,False
2015,-1.3035722838802226,5076.0,-1.293453989234585,1.3866067208997623,-1.298917841652951,-1.1854590548586845,-1.3372538939544887,Interpolated (Month),0.47993949368174726,-0.0055734456706894205,False,True,False,False,True,False,False
2025,-0.43452409462674085,9312.0,-0.01569262523965556,-1.2469846220672431,-1.298917841652951,-1.2764842556865432,-0.7384505141016974,Interpolated (Month),0.34156744624197644,-0.0055734456706894205,False,True,False,False,False,False,True
2017,-1.013889554129062,16322.0,1.4794501503039246,-0.5340052647788456,-0.2428663803205408,-0.10143166318145692,1.2761928334069983,Estimated (Region),-0.7051594376201232,-1.231731493222399,False,False,True,False,False,False,False
2018,1.3035722838802226,9342.0,-0.2149980446832887,-0.7296194935044823,-0.2428663803205408,-0.28348206483717453,-0.25786740714271644,Official (Quarter),-0.3497162407592119,1.2205846018810202,False,False,True,False,True,False,False
2022,0.7242068243779014,11967.0,0.43644193052999986,0.8556358502178201,-0.5788827543808531,-0.7137830142052343,-0.002624882624200386,Official (Quarter),-0.951634647122215,1.2205846018810202,False,False,True,True,False,False,False
2022,1.3035722838802226,12632.0,0.732935151681129,0.401552283753111,1.5812225074354402,1.5783970430053917,1.6005269665149506,Interpolated (Month),-1.3924072732376516,-0.0055734456706894205,False,False,False,False,True,False,False
2017,-1.013889554129062,11422.0,0.5521752306309552,-0.9393881871994353,-0.2428663803205408,-0.19245686400931572,0.20717008788364147,Estimated (Region),-0.9421215688607307,-1.231731493222399,False,True,False,False,False,True,False
2022,-1.3035722838802226,3095.0,-1.7106103265153108,0.8266753118946545,-1.298917841652951,-1.2682092374294651,-1.6507995422785986,Interpolated (Month),-1.4791780779863413,-0.0055734456706894205,True,False,False,False,True,False,False
2025,1.013889554129062,5566.0,-1.1584709313075072,-1.0447250812888018,0.6211757244059766,0.6019448886701793,-0.7522971520526133,Estimated (Region),-0.009551624136441996,-1.231731493222399,False,False,True,True,False,False,False
2016,-1.5932550136313832,8875.0,-0.36594431641739483,-1.3711903255403493,-0.2428663803205408,-0.19245686400931572,-0.30883662659393996,Official (Quarter),0.7336215806546604,1.2205846018810202,True,False,False,False,True,False,False
2018,-0.7242068243779014,5716.0,-1.049545472388961,-1.1273690051167726,-0.5788827543808531,-0.6393078498915317,-1.0799726006579236,Official (Quarter),0.5860247300522382,1.2205846018810202,False,False,True,False,False,False,False
2020,1.3035722838802226,10137.0,-0.06381701980496156,1.3790155577746703,0.6211757244059766,0.6929700894980381,0.40753575279300686,Official (Quarter),-0.8458376858505569,1.2205846018810202,True,False,False,False,False,False,False
2015,0.43452409462674085,10222.0,0.11083931949546606,-0.3467863962539496,-1.298917841652951,-1.4006095295427143,-0.669840281473745,Official (Quarter),-0.5506439846457124,1.2205846018810202,False,False,False,False,False,False,False
2022,-1.5932550136313832,4738.0,-1.236408975188881,-1.2688768744739596,1.5812225074354402,1.6528722073190945,-0.6982414632012878,Estimated (Region),-1.6950961270121503,-1.231731493222399,True,False,False,True,False,False,False
2017,0.43452409462674085,13987.0,1.1937555737869616,1.122786838340313,-0.5788827543808531,-0.46553246649289215,0.5307963151658823,Official (Quarter),-0.032037081845404755,1.2205846018810202,True,False,False,False,True,False,False
2025,0.14484136487558028,16163.0,1.7801689280510318,-0.6563898445899118,-0.2428663803205408,-0.2752070465800964,1.0990747958139966,Estimated (Region),-0.47684555934450135,-1.231731493222399,False,False,False,False,False,True,False
2020,0.43452409462674085,11092.0,0.11576913552410717,-0.003862448687776357,0.6211757244059766,0.4695445965569301,0.5172328395452513,Official (Quarter),-1.07732259021334,1.2205846018810202,True,False,False,True,False,False,False
2017,-0.43452409462674085,8571.0,-0.4739307627590571,0.021290330799448223,-0.5788827543808531,-0.5069075577782824,-0.5087775480078786,Interpolated (Month),1.2738491158674323,-0.0055734456706894205,True,False,False,False,False,False,False
2022,-0.7242068243779014,14998.0,1.3881311772019536,0.714143388839215,1.5812225074354402,1.5618470064912358,2.2821836442090087,Official (Quarter),1.4545976028356329,1.2205846018810202,False,True,False,False,False,False,True
2022,0.14484136487558028,14063.0,1.0068920709870417,-0.20117254912053154,0.6211757244059766,0.6681450347268039,1.3634634636007041,Official (Quarter),0.9688540613022708,1.2205846018810202,False,True,False,True,False,False,False
2023,0.43452409462674085,10073.0,0.11436061665878114,-1.2672893556484803,-1.298917841652951,-1.2102841096299186,-0.5923670679078851,Interpolated (Month),0.38653836165990196,-0.0055734456706894205,True,False,False,False,True,False,False
2015,0.14484136487558028,6676.0,-0.706571128682073,1.2762855942550086,0.6211757244059766,0.7426201990405065,-0.43393774411366515,Estimated (Region),-0.8181632763626027,-1.231731493222399,True,False,False,False,False,True,False
2025,1.3035722838802226,12586.0,0.8557110461087145,1.077991371319295,-0.2428663803205408,-0.109706681438535,0.49647704073539184,Estimated (Region),-1.6700161934136917,-1.231731493222399,False,True,False,False,False,False,False
2023,-0.43452409462674085,9249.0,-0.01991818183563365,1.2760152090824786,0.6211757244059766,0.5274697243564767,0.10871454564369473,Estimated (Region),-1.159192718281871,-1.231731493222399,True,False,False,True,False,False,False
2019,-1.3035722838802226,9582.0,-0.04879281857481725,-1.4576584102459769,1.5812225074354402,1.6528722073190945,0.7419787810921187,Interpolated (Month),1.5157119237881984,-0.0055734456706894205,False,False,True,False,True,False,False
2025,1.3035722838802226,4645.0,-1.3683402422410857,-0.9607749585023594,-0.2428663803205408,-0.16763180923808152,-1.1599376427302877,Interpolated (Month),-1.4169106566384444,-0.0055734456706894205,False,True,False,True,False,False,False
2015,1.013889554129062,9702.0,-0.16077006836823657,0.15038831598801836,0.6211757244059766,0.7674452538117407,0.3367168539888346,Estimated (Region),0.8226985861940129,-1.231731493222399,False,False,False,False,True,False,False
2019,0.7242068243779014,9845.0,0.08384270791005051,-1.0359902485276968,-0.5788827543808531,-0.48208250300704825,-0.2586885779005416,Official (Quarter),1.230607851042504,1.2205846018810202,False,True,False,False,False,False,False
2019,-1.3035722838802226,3999.0,-1.5199907734078548,1.6848843109150629,1.5812225074354402,1.6363221708049382,-0.9213450632325046,Estimated (Region),0.7725387189970959,-1.231731493222399,False,False,False,False,False,True,False
2017,1.3035722838802226,15553.0,1.3360159791848905,0.04141812114277966,0.6211757244059766,0.6598700164697258,1.7245520671795944,Official (Quarter),1.4398955727951572,1.2205846018810202,False,True,False,False,False,False,False
2017,0.14484136487558028,8884.0,-0.39411469372391544,-1.0890990655408759,0.6211757244059766,0.68469507124096,0.09297072007987219,Interpolated (Month),1.3398641135001563,-0.0055734456706894205,True,False,False,True,False,False,False
2015,1.013889554129062,11024.0,0.3195348647079394,0.5788046752935024,0.6211757244059766,0.47781961481400814,0.5058213976347831,Interpolated (Month),1.4528679522426358,-0.0055734456706894205,False,False,True,False,True,False,False
2016,-0.7242068243779014,4520.0,-1.3298407265888408,-0.3282908575771406,-0.2428663803205408,-0.2669320283230184,-1.2084716661410637,Interpolated (Month),0.7722504438982631,-0.0055734456706894205,False,False,True,True,False,False,False
2025,-1.013889554129062,10934.0,0.12961957103314645,1.6692621117279516,-0.2428663803205408,-0.28348206483717453,0.05723563399795877,Interpolated (Month),-1.3402294803489048,-0.0055734456706894205,True,False,False,False,False,False,True
2019,-0.14484136487558028,10583.0,0.29394677198784985,0.73646507651995,-0.5788827543808531,-0.6972329776910782,-0.23699834340074324,Interpolated (Month),0.8356709656414913,-0.0055734456706894205,False,False,True,False,True,False,False
2025,-0.43452409462674085,10564.0,0.01224299892264402,-0.21650448187242702,0.6211757244059766,0.6515949982126477,0.4910120077608997,Official (Quarter),0.09566878693755039,1.2205846018810202,False,False,False,False,True,False,False
2025,0.14484136487558028,7894.0,-0.4168857487133529,-1.580712491577995,1.5812225074354402,1.4708218056633768,0.16633807985660584,Interpolated (Month),0.6399321735339822,-0.0055734456706894205,False,False,False,False,False,False,True
2019,-0.14484136487558028,1126.0,-2.2265977375130794,-0.6367247906355975,1.5812225074354402,1.3797966048355181,-1.7879350588354186,Interpolated (Month),0.5574854952677855,-0.0055734456706894205,True,False,False,False,False,False,False
2024,-1.013889554129062,8148.0,-0.4699399593073,-1.579982849237418,-0.2428663803205408,-0.1428067544668473,-0.43538187199811645,Official (Quarter),0.6376259727433194,1.2205846018810202,True,False,False,False,True,False,False
2020,-1.013889554129062,12915.0,0.8906892645976443,-1.0847132589923385,0.6211757244059766,0.4364445235286178,0.9265723042046331,Official (Quarter),1.7440258020638202,1.2205846018810202,False,False,True,False,False,False,True
2015,-1.5932550136313832,11446.0,0.49207842571037796,0.21780219853535887,0.6211757244059766,0.7260701625263504,0.7516912490208795,Estimated (Region),-0.002056471566787744,-1.231731493222399,False,True,False,True,False,False,False
2025,1.5932550136313832,6293.0,-0.8936693846262138,-0.8504046257324581,-0.2428663803205408,-0.3248571561225649,-0.8747365436676634,Estimated (Region),-0.020794352990923377,-1.231731493222399,False,False,True,False,False,True,False
2017,-0.7242068243779014,17905.0,2.02736398891575,0.9049453579316997,1.5812225074354402,1.4542717691492208,3.0340645798136414,Official (Quarter),-0.4889531134954813,1.2205846018810202,True,False,False,True,False,False,False
2017,0.7242068243779014,11470.0,0.2765750393154955,1.7290157437623668,-0.5788827543808531,-0.42415737520750174,0.0804832613143225,Estimated (Region),0.5367296881518199,-1.231731493222399,False,True,False,False,False,False,True
2024,1.5932550136313832,13738.0,0.9587676764217357,-1.2671993929348262,1.5812225074354402,1.4625467874062987,1.843423613433059,Interpolated (Month),0.5814123284709125,-0.0055734456706894205,False,False,True,False,False,True,False
2025,-1.5932550136313832,12017.0,0.5127367024018264,-0.5928731865605988,-0.2428663803205408,-0.3579572291508772,0.22566058805122416,Official (Quarter),-1.1303652083985856,1.2205846018810202,False,False,False,False,False,True,False
2021,-0.7242068243779014,9651.0,-0.14832815172452332,1.3438505743987634,1.5812225074354402,1.603222097776626,0.7379012435360206,Interpolated (Month),-0.9452925949478921,-0.0055734456706894205,False,False,True,False,False,False,False
2018,1.5932550136313832,12282.0,0.6237749396183617,1.2499399390066226,0.6211757244059766,0.68469507124096,0.9343875845204873,Interpolated (Month),-0.20413731584861972,-0.0055734456706894205,False,True,False,False,False,False,False
2024,0.7242068243779014,11553.0,0.4836273125184218,-0.38101546918891177,1.5812225074354402,1.5618470064912358,1.274012483463807,Official (Quarter),1.7140451917852033,1.2205846018810202,False,False,False,True,False,False,False
2018,-0.7242068243779014,13505.0,0.8183852961775747,-1.3987561932860901,0.6211757244059766,0.47781961481400814,1.0938362927037315,Estimated (Region),1.7053969388202175,-1.231731493222399,False,True,False,False,False,True,False
2015,1.5932550136313832,11116.0,0.37704938504208557,-1.4989850939598504,-1.298917841652951,-1.3344093834860897,-0.5063706682004596,Official (Quarter),0.7396753577301504,1.2205846018810202,True,False,False,False,True,False,False
2023,0.43452409462674085,12453.0,0.68880156056758,-0.30232443741448994,-1.298917841652951,-1.2930342922006994,-0.2874295544244259,Interpolated (Month),-0.27620609055683365,-0.0055734456706894205,False,False,False,False,False,False,False
2022,-0.14484136487558028,4608.0,-1.3674012296642015,-0.6261867273488697,1.5812225074354402,1.5370219517200014,-0.7643032348566791,Estimated (Region),0.4560126604786202,-1.231731493222399,False,True,False,False,False,False,False
2025,1.3035722838802226,7622.0,-0.518064353872606,-1.08799764358807,0.6211757244059766,0.7839952903258969,-0.1807056721401697,Official (Quarter),1.1536383996541315,1.2205846018810202,True,False,False,False,False,True,False
2024,-0.14484136487558028,6679.0,-0.8964864223568658,1.2592279679019662,-0.5788827543808531,-0.5896577403490633,-0.8899423608039452,Estimated (Region),1.4620927554052872,-1.231731493222399,False,True,False,False,False,True,False
2023,0.7242068243779014,6918.0,-0.759390586131799,-0.5036883273089255,1.5812225074354402,1.7604474446611094,-0.011884290824505943,Estimated (Region),-1.1364189854740756,-1.231731493222399,True,False,False,False,True,False,False
2022,-1.5932550136313832,9065.0,-0.16992544099285575,0.4524557717028423,-0.2428663803205408,-0.22555693703762802,-0.28575889667574716,Estimated (Region),1.7019376376342232,-1.231731493222399,False,False,False,False,False,False,True
2019,-0.43452409462674085,14511.0,1.073092457657365,0.6774087797742463,1.5812225074354402,1.6942472986044848,2.2382934830148993,Estimated (Region),-0.6581705965103677,-1.231731493222399,True,False,False,False,True,False,False
2016,1.5932550136313832,8855.0,-0.22931798648077,-1.0345955779502722,1.5812225074354402,1.5121968969487674,0.461874603974617,Interpolated (Month),-1.573732310403518,-0.0055734456706894205,True,False,False,False,False,False,False
2018,1.5932550136313832,14998.0,1.0552512186965686,1.3872384480216104,0.6211757244059766,0.45299456004277394,1.4285624833331279,Interpolated (Month),-0.5760121933430038,-0.0055734456706894205,False,False,False,False,False,False,False
2025,1.3035722838802226,15263.0,1.552458378156657,1.229776859422023,-1.298917841652951,-1.1771840366016064,0.21390935134441436,Interpolated (Month),0.30092065730654377,-0.0055734456706894205,False,True,False,False,False,False,True
2017,0.43452409462674085,14286.0,1.0904641903297194,0.7574989554101975,-0.5788827543808531,-0.6475828681486098,0.4536912126293925,Official (Quarter),-1.0104427672841176,1.2205846018810202,False,True,False,False,False,False,False
2025,-1.013889554129062,12262.0,0.6249487053394668,1.094020142328336,0.6211757244059766,0.7343451807834285,0.9606933650039243,Official (Quarter),1.3689798984822747,1.2205846018810202,False,False,False,True,False,False,False
2020,-1.5932550136313832,9318.0,-0.06804257640093965,0.677489795919692,1.5812225074354402,1.810097554203578,0.7386940980608176,Official (Quarter),-0.7489772526427173,1.2205846018810202,False,True,False,False,False,False,True
2019,1.013889554129062,9541.0,-0.2051384126260065,-0.1322223419991275,-1.298917841652951,-1.3344093834860897,-0.7331553785253758,Interpolated (Month),-1.5887226155428265,-0.0055734456706894205,False,True,False,False,False,False,True
2020,1.3035722838802226,6085.0,-1.05165825068695,-0.6577273565371143,-1.298917841652951,-1.2516592009153091,-1.2049321370125066,Estimated (Region),0.5929433324242268,-1.231731493222399,False,True,False,False,True,False,False
2025,1.5932550136313832,11374.0,0.18243902848287255,-0.1041773358226533,-1.298917841652951,-1.3178593469719335,-0.4595639350044194,Official (Quarter),-1.2367387198679094,1.2205846018810202,True,False,False,False,True,False,False
2021,-0.43452409462674085,12865.0,0.7439685494595162,1.193833524611958,-1.298917841652951,-1.2102841096299186,-0.1725789132610024,Official (Quarter),-0.29004329530081074,1.2205846018810202,True,False,False,False,False,True,False
2025,0.7242068243779014,12084.0,0.6803504473756239,-0.9819514854523793,-0.5788827543808531,-0.48208250300704825,0.1616659014069101,Interpolated (Month),-0.3278073332479149,-0.0055734456706894205,False,False,False,False,False,True,False
2020,-0.14484136487558028,12434.0,0.5035813297772073,-0.9920611075282227,0.6211757244059766,0.68469507124096,0.9720198582153073,Interpolated (Month),-0.30906945182377926,-0.0055734456706894205,False,False,True,False,True,False,False
2025,0.14484136487558028,16165.0,1.601052279010405,1.4911568140183296,-1.298917841652951,-1.1854590548586845,0.34422065574137584,Interpolated (Month),0.06338197586827053,-0.0055734456706894205,True,False,False,True,False,False,False
2021,0.7242068243779014,11828.0,0.32376042130391747,1.6950143112851597,1.5812225074354402,1.4708218056633768,1.299242247092163,Official (Quarter),-1.259512452675705,1.2205846018810202,False,False,True,False,False,False,True
2015,0.7242068243779014,8924.0,-0.37979475192643414,1.7333409124597117,1.5812225074354402,1.5701220247483139,0.508426491073401,Official (Quarter),0.34935087391046354,1.2205846018810202,False,False,True,False,True,False,False
2022,-1.3035722838802226,10571.0,0.14769556313816384,-1.6944899757407141,-1.298917841652951,-1.2764842556865432,-0.5534322474937561,Estimated (Region),0.5782413023837512,-1.231731493222399,False,False,True,False,False,False,False
2018,1.5932550136313832,8351.0,-0.2854239879495902,-1.4283658548359544,-0.5788827543808531,-0.49035752126412635,-0.5427003951759707,Estimated (Region),1.2216713229786853,-1.231731493222399,False,True,False,True,False,False,False
2025,0.7242068243779014,6319.0,-0.8939041377704348,1.2618662114604018,-1.298917841652951,-1.2102841096299186,-1.1568228570971573,Estimated (Region),-0.7345634977010745,-1.231731493222399,True,False,False,False,False,True,False
2018,0.43452409462674085,8863.0,-0.2635919455370367,-0.6488280063272822,1.5812225074354402,1.5287469334629233,0.47172865306851997,Official (Quarter),0.5217393830125113,1.2205846018810202,False,True,False,False,False,True,False
2022,1.5932550136313832,13911.0,0.7918581908806012,1.6693933280616793,-1.298917841652951,-1.2682092374294651,-0.05665225524249713,Interpolated (Month),0.216456053348517,-0.0055734456706894205,False,True,False,False,False,False,False
2022,1.3035722838802226,10470.0,0.024215409277915267,-0.7054120680579784,-0.5788827543808531,-0.5069075577782824,-0.1546830539870171,Official (Quarter),-1.4186403072314415,1.2205846018810202,False,False,True,False,False,False,False
2024,-1.013889554129062,3907.0,-1.4648237845159187,-0.23189506434924592,-0.2428663803205408,-0.13453173620976921,-1.3037557902818235,Estimated (Region),-0.7991371198396342,-1.231731493222399,False,False,True,False,True,False,False
2015,-0.43452409462674085,3622.0,-1.6441751867007663,1.2735553998566507,-1.298917841652951,-1.2102841096299186,-1.5623396302976973,Interpolated (Month),1.7480616534474802,-0.0055734456706894205,False,True,False,False,False,False,True
2025,-0.43452409462674085,6902.0,-0.853996103252864,0.7934860289981713,1.5812225074354402,1.7852724994323437,-0.007948334433550388,Official (Quarter),0.402393492095709,1.2205846018810202,False,True,False,True,False,False,False
2016,-1.5932550136313832,10480.0,0.05379430544976188,-0.12543736407595454,-0.2428663803205408,-0.11798169969561308,0.056386147007105175,Interpolated (Month),0.8054020802640416,-0.0055734456706894205,False,False,False,False,False,False,True
2015,-0.14484136487558028,7006.0,-0.7208910704795543,0.21662224559494375,-0.5788827543808531,-0.45725744823581405,-0.7827371025582051,Official (Quarter),-0.3145466787016035,1.2205846018810202,False,False,True,False,False,False,True
2021,-1.5932550136313832,16493.0,1.6125551830772342,0.8071886922729471,0.6211757244059766,0.6267699434414135,1.9281174664211758,Official (Quarter),-1.453521594190217,1.2205846018810202,True,False,False,False,True,False,False
2021,-1.5932550136313832,1385.0,-2.148190187343264,0.7505072123550898,-0.5788827543808531,-0.448982429978736,-1.8445675248923337,Interpolated (Month),0.7301622794686662,-0.0055734456706894205,False,False,True,False,False,False,True
2021,1.3035722838802226,9990.0,0.038535351075396566,0.20932582218917237,-0.2428663803205408,-0.17590682749515957,-0.07446316581739713,Estimated (Region),-1.0963487467363087,-1.231731493222399,True,False,False,False,False,False,True
2017,-0.14484136487558028,5509.0,-1.092505297781405,1.2783328672801022,-0.2428663803205408,-0.09315664492437885,-0.9627150796870811,Official (Quarter),-1.343977056633732,1.2205846018810202,True,False,False,True,False,False,False
2017,0.43452409462674085,7497.0,-0.618538699599196,-1.4716289735354466,-1.298917841652951,-1.3178593469719335,-1.0211031521917604,Official (Quarter),1.0694620707949376,1.2205846018810202,True,False,False,False,False,True,False
2022,-1.5932550136313832,7772.0,-0.5086742281037658,1.1459405568644578,-0.5788827543808531,-0.6806829411769221,-0.727095704657286,Interpolated (Month),0.3456032976256364,-0.0055734456706894205,False,True,False,True,False,False,False
2023,1.013889554129062,11636.0,0.396533896012429,-1.1545377446403604,1.5812225074354402,1.3301464952930497,1.1599263805921518,Interpolated (Month),-1.2488462740188893,-0.0055734456706894205,False,False,True,True,False,False,False
2024,-1.3035722838802226,10257.0,0.12539401443716838,0.23010323279077002,1.5812225074354402,1.7438974081469534,0.990595307081976,Estimated (Region),1.1320177672416671,-1.231731493222399,False,True,False,False,False,False,False
2016,0.7242068243779014,15648.0,1.5214709631194843,-1.15761138785162,-0.2428663803205408,-0.109706681438535,1.1298545411159295,Estimated (Region),-0.231523450237741,-1.231731493222399,False,False,True,False,False,False,True
2019,1.013889554129062,12582.0,0.6895058200002431,-0.36352940162498565,0.6211757244059766,0.7591702355546627,1.0567703436694809,Interpolated (Month),-0.004939222555116303,-0.0055734456706894205,False,False,False,False,False,False,False
2024,-0.43452409462674085,11919.0,0.6289395087912238,0.9026938049325072,-1.298917841652951,-1.1854590548586845,-0.2996338508596913,Interpolated (Month),-1.6590617396580432,-0.0055734456706894205,False,True,False,False,True,False,False
2022,-1.5932550136313832,10780.0,0.19558520455924883,-1.578854090548419,-1.298917841652951,-1.1854590548586845,-0.4723345561002537,Official (Quarter),-0.0833500494376531,1.2205846018810202,False,False,True,False,False,True,False
2023,0.14484136487558028,11920.0,0.5671994318610996,0.9005391730889096,-1.298917841652951,-1.3840594930285581,-0.42099722561966024,Official (Quarter),1.1720880059794343,1.2205846018810202,False,True,False,True,False,False,False
2025,-0.14484136487558028,12027.0,0.4545179226350172,0.5789463292901399,1.5812225074354402,1.7356223898898753,1.5200239160150462,Interpolated (Month),-0.46358490479819,-0.0055734456706894205,True,False,False,False,False,False,False
2016,1.3035722838802226,15569.0,1.604104069885278,1.2486436806794936,0.6211757244059766,0.7839952903258969,1.8276797878692368,Interpolated (Month),-0.21941589608676107,-0.0055734456706894205,False,False,False,False,False,True,False
2024,0.43452409462674085,8129.0,-0.5614936855534919,0.7796436998530263,0.6211757244059766,0.5191947060993986,-0.1630646589634406,Estimated (Region),1.1265405403638429,-1.231731493222399,False,False,True,True,False,False,False
2020,0.14484136487558028,12980.0,0.930597299115215,-0.47489528862388947,0.6211757244059766,0.68469507124096,1.1072298709261919,Estimated (Region),-0.08162039884465597,-1.231731493222399,True,False,False,False,False,True,False
2023,0.14484136487558028,8193.0,-0.51665583500728,-1.7148126024583688,1.5812225074354402,1.4708218056633768,0.2524477444961451,Interpolated (Month),0.8806418810594169,-0.0055734456706894205,True,False,False,False,False,False,False
2018,0.7242068243779014,8643.0,-0.181663098203906,-0.42446447769451817,-1.298917841652951,-1.3261343652290116,-0.8587945044726418,Official (Quarter),-1.4941683831256498,1.2205846018810202,False,False,True,False,True,False,False
2025,0.7242068243779014,10381.0,0.10379672516883592,-0.8590783236108035,-0.5788827543808531,-0.6144827951202975,-0.22858842219129127,Estimated (Region),1.0570662415451246,-1.231731493222399,True,False,False,False,False,False,False
2017,0.43452409462674085,9061.0,-0.12156629328332876,-1.4947792128386215,-0.5788827543808531,-0.5813827220919852,-0.4520601332518782,Official (Quarter),0.2294284327959955,1.2205846018810202,False,False,True,False,False,False,True
2024,1.5932550136313832,17324.0,2.0658635045679947,-0.16530575717180812,-0.2428663803205408,-0.20900690052347187,1.388211851267576,Interpolated (Month),1.3877177799064104,-0.0055734456706894205,False,False,False,False,False,False,True
2025,-1.013889554129062,13639.0,1.1604206273075788,-0.22150263131169362,-0.5788827543808531,-0.5400076308065948,0.4130291020005278,Official (Quarter),0.5946729830172239,1.2205846018810202,True,False,False,False,True,False,False
2022,-0.14484136487558028,14719.0,1.1932860674985195,0.1755883134741221,-0.5788827543808531,-0.43243239346457985,0.6938695011767694,Interpolated (Month),1.744314077162653,-0.0055734456706894205,True,False,False,False,False,True,False
2016,-1.3035722838802226,4821.0,-1.23852175348687,-1.2796664357336651,-0.2428663803205408,-0.08488162666730079,-1.1035883390036572,Estimated (Region),-0.14042851900655856,-1.231731493222399,False,False,True,False,False,True,False
2021,1.013889554129062,18256.0,2.32878702609552,-1.7018167180720813,0.6211757244059766,0.5771198338989451,2.3129067570448854,Official (Quarter),1.4280762937430103,1.2205846018810202,False,False,False,False,False,False,False
2020,1.5932550136313832,7133.0,-0.6187734527434171,0.7141463710286184,1.5812225074354402,1.7852724994323437,0.06230423971005289,Estimated (Region),-0.295520522178635,-1.231731493222399,False,True,False,False,False,False,True
2024,-1.3035722838802226,12422.0,0.493252191431483,0.7844241494658815,-1.298917841652951,-1.2102841096299186,-0.2391786933439344,Estimated (Region),0.6390673482374837,-1.231731493222399,False,True,False,False,False,False,True
2023,-1.013889554129062,7822.0,-0.6305111099544674,0.23299844166942243,-1.298917841652951,-1.37578447477148,-0.9972892002148277,Estimated (Region),0.7278560786780033,-1.231731493222399,True,False,False,False,False,False,False
2022,0.14484136487558028,9618.0,0.03172750989298742,1.5863905474422257,0.6211757244059766,0.792270308582975,0.327825556817899,Official (Quarter),1.4352831712138316,1.2205846018810202,False,False,True,False,False,True,False
2017,0.7242068243779014,5641.0,-1.134760863741186,-0.25685499558841657,-0.5788827543808531,-0.448982429978736,-1.038347738106091,Estimated (Region),0.043779269147636336,-1.231731493222399,False,False,True,False,True,False,False
2024,1.5932550136313832,13871.0,0.9430392157589284,0.9756704647793982,-1.298917841652951,-1.235109164401153,-0.038982925832739934,Interpolated (Month),-1.5042580115847997,-0.0055734456706894205,True,False,False,False,True,False,False
2025,-0.43452409462674085,9413.0,-0.11170666122604656,-1.3903658034010207,-0.2428663803205408,-0.3000321013513307,-0.251836049507655,Official (Quarter),-1.5327972463692523,1.2205846018810202,False,True,False,False,False,False,False
2023,-1.3035722838802226,4924.0,-1.2713871936778107,-1.3917540125680723,-0.5788827543808531,-0.5400076308065948,-1.1971734891627093,Interpolated (Month),-1.2131001617636152,-0.0055734456706894205,False,True,False,False,False,False,False
2017,-1.5932550136313832,6923.0,-0.6805135296735414,1.497984536656278,-0.5788827543808531,-0.6062077768632194,-0.8513473351861576,Official (Quarter),1.4243287174581831,1.2205846018810202,True,False,False,False,False,False,True
2022,0.7242068243779014,12817.0,0.686923535413812,0.2828313236235116,1.5812225074354402,1.7852724994323437,1.7909253173982989,Official (Quarter),-1.4722594756143526,1.2205846018810202,False,False,True,False,False,False,True
2022,-1.013889554129062,1738.0,-2.0737734406252053,-0.08009615639420536,-0.2428663803205408,-0.20900690052347187,-1.7563058265426315,Official (Quarter),1.700496262140059,1.2205846018810202,False,False,False,False,False,False,False
2015,0.43452409462674085,8920.0,-0.1572487712049215,-1.2134091456430836,0.6211757244059766,0.5026446695852423,0.01852734344805746,Interpolated (Month),0.788393849432903,-0.0055734456706894205,True,False,False,True,False,False,False
2021,-0.43452409462674085,8270.0,-0.46219310554800686,-0.9191833569631946,0.6211757244059766,0.6102199069272574,-0.09068836734270334,Interpolated (Month),0.19858299722087994,-0.0055734456706894205,False,False,False,False,False,False,False
2023,-0.7242068243779014,8269.0,-0.29598787943953536,-0.4713897249807762,-1.298917841652951,-1.3426844017431678,-0.9198159866489679,Interpolated (Month),0.02187036163633929,-0.0055734456706894205,True,False,False,True,False,False,False
2020,0.7242068243779014,4085.0,-1.5098963882063516,1.4736135878241814,0.6211757244059766,0.6515949982126477,-1.1023424247504052,Estimated (Region),-0.39584025657246885,-1.231731493222399,True,False,False,False,False,False,False
2025,1.013889554129062,6234.0,-0.8525875843875379,0.3600228111598401,-1.298917841652951,-1.3013093104577775,-1.1987308819792744,Official (Quarter),-0.2989798233646293,1.2205846018810202,True,False,False,False,True,False,False
2017,0.7242068243779014,1599.0,-2.0810507880960563,0.7529864058120366,-0.5788827543808531,-0.5482826490636729,-1.8122020705408066,Official (Quarter),-1.525590368898431,1.2205846018810202,False,True,False,False,False,False,False
2022,-0.14484136487558028,2877.0,-1.7300948374856542,0.9689963248956996,-1.298917841652951,-1.3426844017431678,-1.6939251651809395,Interpolated (Month),1.2101403190253712,-0.0055734456706894205,False,False,False,False,False,False,False
2015,1.013889554129062,20240.0,2.4879496578773614,0.9471686865927131,-0.5788827543808531,-0.6972329776910782,1.469337858894107,Estimated (Region),-1.4503505681030555,-1.231731493222399,True,False,False,True,False,False,False
2019,1.013889554129062,10136.0,0.22727687902908447,0.011110130241068706,0.6211757244059766,0.5936698704131012,0.3556320976518441,Estimated (Region),0.8962087363963911,-1.231731493222399,True,False,False,False,False,True,False
2017,0.14484136487558028,5659.0,-1.0704385022246306,0.1283052034595158,-1.298917841652951,-1.3261343652290116,-1.2897109386997085,Official (Quarter),-0.4863586376059856,1.2205846018810202,True,False,False,False,False,False,True
2024,-1.3035722838802226,5081.0,-1.1763121702683037,0.4489034870924167,-1.298917841652951,-1.3178593469719335,-1.3710351599574384,Official (Quarter),-1.2223249649262666,1.2205846018810202,False,False,False,True,False,False,False
2023,-1.5932550136313832,11307.0,0.37845790390741163,0.19049876345707403,-0.5788827543808531,-0.7220580324623124,-0.12347856518965694,Estimated (Region),-0.08680935062364736,-1.231731493222399,False,False,False,False,True,False,False
2015,1.013889554129062,8150.0,-0.4908329891429694,0.7866185438348512,-1.298917841652951,-1.4006095295427143,-0.9611293706374875,Interpolated (Month),-0.619541733266765,-0.0055734456706894205,False,True,False,False,False,True,False
2024,0.7242068243779014,12707.0,0.6221316676088147,0.21722116863336038,0.6211757244059766,0.6267699434414135,1.0018368515942737,Estimated (Region),1.13835981941599,-1.231731493222399,True,False,False,False,False,True,False
2016,-1.013889554129062,4663.0,-1.2488508918325942,-0.052642617782640844,-0.5788827543808531,-0.48208250300704825,-1.2315210798262282,Interpolated (Month),0.19310577034305568,-0.0055734456706894205,False,False,False,False,False,False,True
2018,-1.013889554129062,8163.0,-0.4814428633741292,-0.31389781745559264,0.6211757244059766,0.68469507124096,-0.08559144539758079,Interpolated (Month),-1.5140593649451168,-0.0055734456706894205,True,False,False,True,False,False,False
2016,0.7242068243779014,8660.0,-0.4124254389731538,1.3753827540503665,0.6211757244059766,0.6764200529838819,0.033818109283424456,Interpolated (Month),-1.1839843767814968,-0.0055734456706894205,False,False,True,False,True,False,False
2015,0.14484136487558028,16092.0,1.5205319505426003,-1.2911250014827558,0.6211757244059766,0.5274697243564767,1.7479695918941294,Interpolated (Month),-0.4543601016355386,-0.0055734456706894205,False,False,True,False,False,True,False
2015,1.3035722838802226,8217.0,-0.4506902014811776,0.8312067486923667,-0.2428663803205408,-0.333132174379643,-0.5015002761195648,Interpolated (Month),-1.3281219261979247,-0.0055734456706894205,False,False,True,False,False,True,False
2018,-0.14484136487558028,4979.0,-1.2657531182165065,1.1845713413581058,-0.5788827543808531,-0.6889579594340001,-1.22506497869574,Official (Quarter),0.039166867566310645,1.2205846018810202,False,True,False,False,True,False,False
2024,0.14484136487558028,13917.0,0.8582933306951456,0.17115876814767592,-0.5788827543808531,-0.7220580324623124,0.33436660664747253,Interpolated (Month),0.9333962241458296,-0.0055734456706894205,False,False,False,False,False,False,False
2020,1.5932550136313832,13238.0,0.9146340853081868,-0.11767273693392737,-0.2428663803205408,-0.2007318822663938,0.5694762894827556,Official (Quarter),-0.15484227394820135,1.2205846018810202,False,True,False,False,False,False,False
2022,-1.013889554129062,6140.0,-1.0119849693136003,0.7610005428007736,-0.2428663803205408,-0.09315664492437885,-0.8316675532313796,Official (Quarter),0.11555976875701746,1.2205846018810202,False,False,False,False,False,False,True
2022,-1.5932550136313832,12928.0,0.7672091107373957,1.1499014014230813,-0.2428663803205408,-0.25865701006594033,0.4683590213381337,Estimated (Region),0.2645979948536039,-1.231731493222399,False,True,False,False,True,False,False
2022,-1.3035722838802226,6243.0,-0.9638605747482942,0.7715430793716056,-0.2428663803205408,-0.19245686400931572,-0.842087926985852,Interpolated (Month),-0.5590039625118652,-0.0055734456706894205,True,False,False,False,False,True,False
2025,0.7242068243779014,3139.0,-1.7596737336575008,0.17741738964123654,1.5812225074354402,1.5535719882341577,-1.189669687410168,Interpolated (Month),1.4995685182535585,-0.0055734456706894205,True,False,False,False,True,False,False
2019,1.013889554129062,10998.0,0.12116845784119028,0.0259673978463352,0.6211757244059766,0.7426201990405065,0.6491298529918066,Estimated (Region),1.5281077530380112,-1.231731493222399,False,False,False,False,False,False,True
2021,1.5932550136313832,8179.0,-0.5089089812479868,-0.15485616550403306,-0.5788827543808531,-0.6144827951202975,-0.6270261371347171,Interpolated (Month),1.6869473324949147,-0.0055734456706894205,False,False,True,True,False,False,False
2025,-1.3035722838802226,20012.0,2.3987434630733797,0.32638619985292133,-0.5788827543808531,-0.6393078498915317,1.4885362648874012,Estimated (Region),-1.5183834914276095,-1.231731493222399,False,False,False,False,False,True,False
2022,-0.7242068243779014,5774.0,-1.046728434658309,-0.16843307979231978,-1.298917841652951,-1.3675094565144021,-1.2853785550463546,Interpolated (Month),-0.6460630423593877,-0.0055734456706894205,False,True,False,False,False,False,False
2018,0.14484136487558028,9208.0,-0.2044341531933435,-0.49010047832616216,-1.298917841652951,-1.2682092374294651,-0.749805323546109,Estimated (Region),0.2810296754870767,-1.231731493222399,False,False,False,False,False,False,False
2021,0.43452409462674085,8120.0,-0.5389573837082754,-0.6312037639876882,-1.298917841652951,-1.3426844017431678,-0.9412230588184818,Estimated (Region),0.1262259474138331,-1.231731493222399,True,False,False,False,False,False,False
2024,-0.14484136487558028,8099.0,-0.5159515755746169,1.295020205115617,0.6211757244059766,0.4116194687573836,-0.21493999787157492,Estimated (Region),-1.637441107245579,-1.231731493222399,True,False,False,False,False,True,False
2017,0.7242068243779014,6860.0,-0.8457797432051288,-1.4672034044615376,-0.5788827543808531,-0.5151825760353606,-0.8307331175414405,Estimated (Region),-0.3860389032121518,-1.231731493222399,False,False,True,True,False,False,False
2015,-1.5932550136313832,9446.0,-0.26476571125814174,1.2786131930839753,-0.5788827543808531,-0.5400076308065948,-0.36167471742504165,Estimated (Region),0.7390988075324847,-1.231731493222399,False,False,True,True,False,False,False
2024,-1.5932550136313832,12668.0,0.828714434523299,-1.270916692025546,0.6211757244059766,0.45299456004277394,0.8793125112801373,Estimated (Region),1.4796775364340915,-1.231731493222399,False,False,True,False,True,False,False
2017,1.3035722838802226,7895.0,-0.41805951443445794,-1.141072662454683,-0.5788827543808531,-0.7220580324623124,-0.7219987827121636,Official (Quarter),-1.0029476147144634,1.2205846018810202,False,True,False,False,False,False,True
2021,1.013889554129062,18542.0,2.124317037479025,0.7496915835533954,1.5812225074354402,1.7438974081469534,3.4925893412434537,Estimated (Region),-1.1750478487176783,-1.231731493222399,False,True,False,True,False,False,False
2020,-0.43452409462674085,11711.0,0.6554666140881974,-1.5445350548998023,-0.2428663803205408,-0.2917570830942526,0.20603743856250323,Estimated (Region),-0.04327981069988613,-1.231731493222399,False,False,False,True,False,False,False
2025,-0.14484136487558028,6722.0,-0.7654941678815451,0.7591933360226139,-0.2428663803205408,-0.21728191878054995,-0.7536280150049507,Official (Quarter),1.606230304821715,1.2205846018810202,False,True,False,False,False,False,True
2021,-0.43452409462674085,15795.0,1.642368832393302,-0.15800734563976773,-0.2428663803205408,-0.1428067544668473,1.1334223864775153,Estimated (Region),1.1908258874035698,-1.231731493222399,False,False,True,False,True,False,False
2022,0.7242068243779014,6777.0,-0.8777061708191854,1.6265417514997882,1.5812225074354402,1.7273473716327972,-0.06610987707400204,Interpolated (Month),-1.0029476147144634,-0.0055734456706894205,False,False,False,False,False,False,True
2019,0.7242068243779014,10505.0,0.0786781387371884,-0.45212875769055555,1.5812225074354402,1.7025223168615629,1.0431785518158214,Interpolated (Month),1.0951185545910618,-0.0055734456706894205,False,True,False,True,False,False,False
2025,0.43452409462674085,11494.0,0.3535740706199851,0.2698245045427467,0.6211757244059766,0.7508952172975846,0.7783085080676299,Official (Quarter),-1.0585847087892044,1.2205846018810202,False,False,False,False,False,True,False
2021,1.013889554129062,8427.0,-0.2678175021330148,-1.491940168527057,-0.2428663803205408,-0.18418184575223764,-0.3960223080885606,Official (Quarter),-1.1124921522709486,1.2205846018810202,False,False,False,True,False,False,False
2023,-0.7242068243779014,6542.0,-0.7823963942654575,-0.23291099687250194,-0.2428663803205408,-0.25865701006594033,-0.8037477474653204,Interpolated (Month),0.06395852606593624,-0.0055734456706894205,False,True,False,False,False,False,True
2017,1.013889554129062,8058.0,-0.4807386039414662,0.5882815761843634,-1.298917841652951,-1.2020090913728405,-0.8919244971159372,Interpolated (Month),-1.1231583309277642,-0.0055734456706894205,False,False,True,False,False,False,True
2017,1.3035722838802226,11474.0,0.5512362180540712,-0.44258823675909864,-0.5788827543808531,-0.672407922919844,-0.06494891151983537,Official (Quarter),-0.017335051804929107,1.2205846018810202,False,False,True,False,False,False,True
2020,-1.013889554129062,8652.0,-0.19011421139586218,0.28847114081596986,0.6211757244059766,0.6267699434414135,0.009777627442263995,Interpolated (Month),0.35281017509645785,-0.0055734456706894205,False,True,False,False,False,True,False
2016,-0.7242068243779014,9604.0,0.020224605826158187,-0.6749589439386596,-0.2428663803205408,-0.3827822839221114,-0.25497915137381383,Estimated (Region),-0.31627632929460064,-1.231731493222399,False,True,False,False,False,True,False
2017,0.7242068243779014,10381.0,0.05355955230554088,1.3890541043364117,-1.298917841652951,-1.1937340731157626,-0.5372353622014783,Interpolated (Month),-0.5849487214068223,-0.0055734456706894205,True,False,False,False,False,False,True
2020,1.5932550136313832,14908.0,1.3054980704361598,0.17027256086344628,-0.5788827543808531,-0.5317326125495168,0.6538303476745304,Interpolated (Month),-0.8126860494847784,-0.0055734456706894205,False,False,False,False,False,False,False
2021,-1.3035722838802226,10591.0,0.23056342304817856,0.43846681824538797,-0.5788827543808531,-0.6393078498915317,-0.20409488062167558,Estimated (Region),-0.40247058384562456,-1.231731493222399,False,True,False,False,False,False,False
2017,1.5932550136313832,8177.0,-0.5009273743444727,1.6167383008693088,-1.298917841652951,-1.4088845477997924,-0.9608178920741745,Estimated (Region),0.7667732170204389,-1.231731493222399,True,False,False,False,False,False,False
2020,-0.43452409462674085,7373.0,-0.521116144747479,1.0736368777594891,1.5812225074354402,1.5452969699770795,0.04449332913515289,Interpolated (Month),-0.9366443419829065,-0.0055734456706894205,False,False,True,False,False,True,False
2022,-0.43452409462674085,20337.625,3.0222478141243685,0.23101180649552133,-1.298917841652951,-1.1771840366016064,1.2036749606211188,Official (Quarter),1.4107797878130388,1.2205846018810202,True,False,False,False,False,False,True
2019,-1.5932550136313832,6060.0,-1.0711427616572935,-1.551496976060881,0.6211757244059766,0.7508952172975846,-0.585741069379226,Interpolated (Month),-1.3021771673029676,-0.0055734456706894205,False,False,False,False,False,True,False
2020,-0.14484136487558028,4355.0,-1.3397003586461231,0.47043638567608315,-0.5788827543808531,-0.7055079959481563,-1.3392926627325374,Estimated (Region),1.434418345917333,-1.231731493222399,True,False,False,True,False,False,False
2020,1.3035722838802226,11189.0,0.25474299690294205,-1.5881803908744334,-1.298917841652951,-1.2930342922006994,-0.47210802623602593,Interpolated (Month),0.17321478852358863,-0.0055734456706894205,False,False,True,False,True,False,False
2020,1.3035722838802226,9563.0,0.016233802374401102,0.13186891979598564,0.6211757244059766,0.5191947060993986,0.17987323924420848,Estimated (Region),-1.4970511341139783,-1.231731493222399,True,False,False,False,False,False,True
2024,-0.7242068243779014,10425.0,0.2430053396918918,1.1844843608338544,1.5812225074354402,1.7687224629181875,1.054618309959318,Interpolated (Month),0.05127442171729059,-0.0055734456706894205,False,True,False,False,False,True,False
2021,-1.013889554129062,7304.0,-0.6593857466936509,-0.26983944824865913,-0.5788827543808531,-0.6062077768632194,-0.7822557265967213,Estimated (Region),-0.9098347577914508,-1.231731493222399,False,True,False,True,False,False,False
2023,-0.14484136487558028,6457.0,-0.9833450857186377,-0.8919003001791624,-0.2428663803205408,-0.18418184575223764,-0.7959890996155231,Estimated (Region),-0.9106995830879494,-1.231731493222399,False,True,False,False,False,False,True
2021,-0.43452409462674085,4349.0,-1.4265590220078948,0.49938400117850307,-0.2428663803205408,-0.3248571561225649,-1.255391664269218,Estimated (Region),-1.3321577775815847,-1.231731493222399,True,False,False,False,False,False,False
2021,1.5932550136313832,9243.0,-0.1912879771169672,-1.547361673422188,0.6211757244059766,0.6184949251843354,0.15045267312764113,Interpolated (Month),0.03570756638031637,-0.0055734456706894205,False,False,True,False,False,False,True
2020,0.43452409462674085,9144.0,-0.12297481214865479,1.4599114215809723,-0.2428663803205408,-0.2752070465800964,-0.293177749729203,Official (Quarter),-1.0484950803300546,1.2205846018810202,False,False,False,False,False,False,False
2025,0.7242068243779014,7781.0,-0.6129046241378919,-0.14888880450882272,-0.5788827543808531,-0.43243239346457985,-0.6263465475420341,Interpolated (Month),1.2317609514378354,-0.0055734456706894205,False,True,False,False,True,False,False
2025,1.013889554129062,3475.0,-1.6113097465098256,0.6579092373317932,-0.5788827543808531,-0.5813827220919852,-1.4722656930341742,Estimated (Region),1.3214145071748535,-1.231731493222399,False,False,False,False,False,False,True
2021,1.3035722838802226,8184.0,-0.40561759779074463,0.3673475653649387,-0.2428663803205408,-0.13453173620976921,-0.424508438515189,Estimated (Region),-0.23988342810389382,-1.231731493222399,False,False,True,False,False,False,True
2019,-0.43452409462674085,10109.0,0.05097726771910983,-0.6118781825937372,-0.2428663803205408,-0.3248571561225649,-0.12752778651272656,Official (Quarter),-0.10525895694895014,1.2205846018810202,False,False,False,True,False,False,False
2018,-0.7242068243779014,15421.0,1.6386127820857659,0.23334686079799477,1.5812225074354402,1.5701220247483139,2.4125232648389985,Estimated (Region),-1.4160458313419457,-1.231731493222399,False,True,False,False,True,False,False
2021,0.43452409462674085,10813.0,0.2613160849411302,-0.1696592566684803,-1.298917841652951,-1.2020090913728405,-0.4765253585884655,Estimated (Region),1.5998882526473923,-1.231731493222399,False,True,False,False,False,True,False
2022,0.14484136487558028,1519.0,-2.119785056892522,1.5857294954579153,-1.298917841652951,-1.3840594930285581,-1.8921104801471138,Estimated (Region),1.5632773150956196,-1.231731493222399,False,True,False,False,False,False,False
2022,-1.013889554129062,10773.0,0.04276090767137465,-0.6390215735074002,-0.5788827543808531,-0.5482826490636729,-0.12107168538223799,Estimated (Region),1.5782676202349282,-1.231731493222399,False,False,True,False,False,True,False
2019,1.5932550136313832,8103.0,-0.3368349265339902,0.5273758249772925,-1.298917841652951,-1.3923345112856362,-0.9643007887366747,Interpolated (Month),1.5687545419734439,-0.0055734456706894205,False,False,True,False,False,False,True
2019,-0.43452409462674085,10704.0,0.10825703490903502,-1.263008919792179,0.6211757244059766,0.5191947060993986,0.45270014447339674,Interpolated (Month),-0.3782554755436647,-0.0055734456706894205,False,True,False,False,False,False,False
2017,-0.7242068243779014,12976.0,0.9984409577950855,-1.578748719856183,-1.298917841652951,-1.2268341461440748,-0.16691566665531088,Estimated (Region),-0.4243794913569216,-1.231731493222399,False,False,True,False,True,False,False
2021,1.5932550136313832,8528.0,-0.30443899263149155,-0.5903214264948476,1.5812225074354402,1.5121968969487674,0.3670152233292843,Official (Quarter),-0.803461246322127,1.2205846018810202,False,True,False,False,False,False,True
2025,0.43452409462674085,11732.0,0.2751665204501695,-1.1205268685633771,-0.2428663803205408,-0.22555693703762802,0.25006918092175456,Official (Quarter),-0.04616256168821469,1.2205846018810202,False,False,True,False,False,False,True
2022,-0.7242068243779014,9731.0,-0.2107724880873106,-1.3852374316911604,-1.298917841652951,-1.2930342922006994,-0.6851310473091119,Official (Quarter),0.6765431110857549,1.2205846018810202,False,True,False,False,False,True,False
2023,-1.5932550136313832,8479.0,-0.43918729741434837,-1.1500048167479469,-0.5788827543808531,-0.43243239346457985,-0.49351509840554003,Interpolated (Month),0.42603205020000323,-0.0055734456706894205,False,False,True,False,False,False,True
2015,-0.43452409462674085,11967.0,0.5662604192842156,-0.279845190726969,0.6211757244059766,0.792270308582975,0.9224664504155067,Estimated (Region),1.2856683949195795,-1.231731493222399,False,True,False,False,True,False,False
2019,-0.7242068243779014,17426.0,2.0391016461268,1.7282865984533569,1.5812225074354402,1.4625467874062987,2.9039231728148502,Estimated (Region),0.15159415611112442,-1.231731493222399,False,False,True,False,True,False,False
2017,-0.43452409462674085,13550.0,1.027080841390048,1.2630078929701467,1.5812225074354402,1.4542717691492208,1.783619729276957,Estimated (Region),1.0815696249459175,-1.231731493222399,False,False,True,False,False,False,True
2018,0.43452409462674085,14778.0,1.4160668013642532,0.27291305870102067,-0.2428663803205408,-0.109706681438535,0.9498765639870537,Official (Quarter),0.3548281007882878,1.2205846018810202,False,False,True,False,False,False,True
2021,-1.013889554129062,10254.0,0.10379672516883592,-0.9719407726583983,1.5812225074354402,1.5287469334629233,0.8764525717442632,Interpolated (Month),0.5462427664133042,-0.0055734456706894205,False,False,True,False,False,False,False
2022,1.3035722838802226,8720.0,-0.373691170176688,-1.0048392920880984,-0.5788827543808531,-0.5482826490636729,-0.49951813980757304,Estimated (Region),-1.4024969016968016,-1.231731493222399,False,False,True,True,False,False,False
2019,-0.7242068243779014,4063.0,-1.528676639744032,1.5817611954257849,1.5812225074354402,1.3549715500642838,-0.9610727381714305,Official (Quarter),-1.0213972210397662,1.2205846018810202,False,True,False,False,False,False,True
2015,1.3035722838802226,9802.0,0.011069233201538995,-1.153856811393364,0.6211757244059766,0.8170953633542092,0.38689321891526146,Estimated (Region),-0.9086816573961194,-1.231731493222399,True,False,False,True,False,False,False
2016,0.43452409462674085,7416.0,-0.7176045264604601,-0.5861140542789172,0.6211757244059766,0.7177951442692723,-0.25795235584180176,Estimated (Region),0.08644398377489901,-1.231731493222399,False,False,False,False,False,True,False
2018,0.43452409462674085,19214.0,2.457431749128631,0.6276176484717982,-1.298917841652951,-1.1854590548586845,0.806539792397002,Official (Quarter),1.738548575185996,1.2205846018810202,False,False,False,False,True,False,False
2016,0.43452409462674085,6992.0,-0.8100972652835361,0.08577421225843666,-0.5788827543808531,-0.6393078498915317,-0.8507243780595316,Estimated (Region),1.032562858144332,-1.231731493222399,False,True,False,False,False,True,False
2025,0.14484136487558028,12850.0,0.6589879112515125,0.4260554429820693,-0.2428663803205408,-0.3579572291508772,0.3873462786437167,Official (Quarter),1.216194096100861,1.2205846018810202,False,True,False,False,False,True,False
2019,-0.7242068243779014,14301.0,0.925902236230795,0.24538993567005465,1.5812225074354402,1.7521724264040315,2.217934111467438,Interpolated (Month),0.30697443438203376,-0.0055734456706894205,True,False,False,False,False,False,True
2021,-1.013889554129062,8512.0,-0.2854239879495902,-1.7325109025014684,1.5812225074354402,1.7852724994323437,0.48169596709453727,Interpolated (Month),-1.1410313870554012,-0.0055734456706894205,True,False,False,False,True,False,False
2019,-1.5932550136313832,10197.0,-0.014753612662771542,-1.5512091947835007,-0.2428663803205408,-0.16763180923808152,-0.02802454365072686,Estimated (Region),-1.2906461633496535,-1.231731493222399,False,False,True,False,True,False,False
2021,0.14484136487558028,14261.0,0.972618111930775,1.678213153220767,1.5812225074354402,1.6197721342907823,2.108916614307877,Official (Quarter),1.0348690589349947,1.2205846018810202,False,False,False,False,True,False,False
2022,1.3035722838802226,6579.0,-0.8385023957342777,0.6055141576490424,1.5812225074354402,1.5121968969487674,-0.1983750015499272,Interpolated (Month),-0.8409370091703983,-0.0055734456706894205,False,True,False,False,True,False,False
2023,1.5932550136313832,8304.0,-0.4699399593073,0.3672779809455379,0.6211757244059766,0.7426201990405065,-0.02598577487267784,Estimated (Region),0.9235948707855124,-1.231731493222399,True,False,False,True,False,False,False
2018,-0.43452409462674085,9784.0,-0.0030159554517212974,0.1485562576315011,-1.298917841652951,-1.3923345112856362,-0.7272656020554568,Interpolated (Month),-1.5129062645497853,-0.0055734456706894205,False,False,True,False,False,False,False
2022,-0.7242068243779014,17279.0,2.1222042591810357,-1.4702894734619758,-1.298917841652951,-1.2847592739436213,0.42506350103762225,Official (Quarter),0.6661652075277722,1.2205846018810202,False,False,False,True,False,False,False
2025,-1.013889554129062,8756.0,-0.3145333778329948,1.5336564922306786,-1.298917841652951,-1.3095843287148556,-0.835037184961766,Estimated (Region),-0.4705035071701785,-1.231731493222399,False,False,False,False,False,False,False
2017,-1.3035722838802226,10354.0,0.037596338498512544,-1.3684173864272158,-0.2428663803205408,-0.1428067544668473,0.01719648049571988,Interpolated (Month),0.5179918067276842,-0.0055734456706894205,False,False,True,False,False,True,False
2018,-1.013889554129062,5287.0,-1.1805377268642818,-0.7750089132482452,1.5812225074354402,1.7025223168615629,-0.5215481691037129,Official (Quarter),-0.9274195388202551,1.2205846018810202,False,True,False,False,False,False,False
2022,1.013889554129062,15752.0,1.3986950686918989,-0.36841671302477785,0.6211757244059766,0.6929700894980381,1.8003546229967757,Official (Quarter),1.5341615301135012,1.2205846018810202,False,False,True,False,False,False,True
2015,1.3035722838802226,10329.0,0.26460262896022424,1.0441385512806662,-0.2428663803205408,-0.07660660841022271,0.04715505503982805,Interpolated (Month),-0.49702481626280126,-0.0055734456706894205,False,False,True,False,True,False,False
2024,-1.3035722838802226,11602.0,0.30873622007377316,1.2487321522984465,-0.5788827543808531,-0.7137830142052343,-0.06681778289971348,Official (Quarter),-0.9648953016685263,1.2205846018810202,False,False,True,False,False,True,False
2023,0.7242068243779014,10273.0,0.07562634786231534,0.24583776111205782,-0.5788827543808531,-0.5151825760353606,-0.19576990811130893,Interpolated (Month),0.338396420154815,-0.0055734456706894205,True,False,False,False,False,False,True
2024,-0.14484136487558028,2967.0,-1.7901916424062314,-1.7219748273410094,-0.5788827543808531,-0.564832685577829,-1.5625378439288966,Interpolated (Month),-1.339652930151239,-0.0055734456706894205,False,True,False,False,False,False,True
2022,-0.14484136487558028,5746.0,-1.092505297781405,-0.7039443338401826,1.5812225074354402,1.6776972620903288,-0.391208548473723,Estimated (Region),-0.9153119846692751,-1.231731493222399,False,True,False,True,False,False,False
2016,0.14484136487558028,6006.0,-0.9328731597111216,0.5506871025082238,-1.298917841652951,-1.1771840366016064,-1.193690592500209,Interpolated (Month),-1.471682925416687,-0.0055734456706894205,False,True,False,False,False,False,True
2024,0.7242068243779014,14814.0,1.4510450198531828,-0.7817312651939574,0.6211757244059766,0.6184949251843354,1.511047670145025,Official (Quarter),1.606230304821715,1.2205846018810202,False,True,False,True,False,False,False
2016,0.7242068243779014,11327.0,0.26906293870042336,1.2513554849098674,-0.5788827543808531,-0.6393078498915317,-0.07185807237877884,Estimated (Region),1.440472122992823,-1.231731493222399,False,True,False,False,False,False,True
2022,-1.5932550136313832,4543.0,-1.4077787704702145,0.5877288770816913,-0.5788827543808531,-0.5400076308065948,-1.2675676444714548,Official (Quarter),0.5159738810358543,1.2205846018810202,False,True,False,False,False,False,True
2016,0.43452409462674085,13615.0,0.7244840384891729,0.04810518384722462,0.6211757244059766,0.7426201990405065,1.3049621261639113,Estimated (Region),-0.12169063758242293,-1.231731493222399,False,False,False,True,False,False,False
2021,-0.43452409462674085,8612.0,-0.4164162424249109,-0.1508157958946659,-0.5788827543808531,-0.448982429978736,-0.4755342904324694,Estimated (Region),-1.3488777333138904,-1.231731493222399,False,False,True,False,False,True,False
2019,1.3035722838802226,15709.0,1.3735764822602512,0.22636108212169326,-0.2428663803205408,-0.34140719263672104,0.9556247592918304,Estimated (Region),0.856426772757457,-1.231731493222399,False,False,True,False,False,True,False
2021,-1.013889554129062,7004.0,-0.8281732573885534,-1.6875489299054554,1.5812225074354402,1.4708218056633768,-0.08995214528396347,Estimated (Region),0.7042175205737091,-1.231731493222399,False,True,False,False,True,False,False
2023,-0.14484136487558028,14659.0,1.169810753076419,0.23012261702188888,0.6211757244059766,0.6019448886701793,1.460729724053456,Interpolated (Month),-1.5443282503225666,-0.0055734456706894205,True,False,False,False,False,True,False
2019,1.013889554129062,6022.0,-0.997195521227677,-1.1753365275993455,0.6211757244059766,0.7012451077551162,-0.6106310382112403,Interpolated (Month),0.9149466178205268,-0.0055734456706894205,False,False,False,False,False,True,False
2020,0.7242068243779014,6776.0,-0.8878005560206886,-0.07869850362737803,0.6211757244059766,0.8170953633542092,-0.38299684089547004,Interpolated (Month),0.9550168565582937,-0.0055734456706894205,True,False,False,False,False,True,False
2015,-0.7242068243779014,8239.0,-0.45890656152891274,0.4424997323812482,-0.2428663803205408,-0.24210697355178415,-0.4586861317805371,Estimated (Region),1.252516758553801,-1.231731493222399,False,False,True,False,False,False,False
2023,0.43452409462674085,8590.0,-0.22650094875011795,-0.0950110796612615,-0.2428663803205408,-0.11798169969561308,-0.33375491165898247,Estimated (Region),-0.701700136434129,-1.231731493222399,False,False,True,False,False,True,False
2019,1.5932550136313832,7274.0,-0.759390586131799,-1.2283305303205125,1.5812225074354402,1.6611472255761726,0.058849659280580995,Official (Quarter),0.5133794051463585,1.2205846018810202,False,False,True,False,True,False,False
2017,-1.5932550136313832,10838.0,0.13501889335022957,0.7489937512331155,1.5812225074354402,1.7273473716327972,1.1568399111920495,Official (Quarter),1.0709034462891018,1.2205846018810202,False,False,False,False,False,True,False
2016,0.14484136487558028,11207.0,0.1516863665899209,-0.7532135819971225,-1.298917841652951,-1.350959420000246,-0.502802822838874,Official (Quarter),-0.8559273143097068,1.2205846018810202,False,True,False,False,False,False,False
2024,-0.7242068243779014,2533.0,-1.9063944487956288,-1.5861525020804585,1.5812225074354402,1.4377217326350646,-1.3817953285082525,Interpolated (Month),-1.3148612716516133,-0.0055734456706894205,False,True,False,False,True,False,False
2018,-1.013889554129062,11880.0,0.3270469653230116,-0.1691517874384192,-1.298917841652951,-1.3261343652290116,-0.3913218134058367,Interpolated (Month),1.3018118004542194,-0.0055734456706894205,False,False,True,False,False,False,True
2024,-0.14484136487558028,9127.0,-0.061234735218530505,0.36403634106458144,0.6211757244059766,0.4943696513281643,0.06397489745873165,Estimated (Region),1.4710292834691057,-1.231731493222399,False,False,True,False,False,False,False
2018,-0.7242068243779014,7151.0,-0.6394317294348655,-0.6093711553690293,0.6211757244059766,0.68469507124096,-0.33619010769942986,Interpolated (Month),0.21501467785435271,-0.0055734456706894205,False,False,False,True,False,False,False
2019,-0.14484136487558028,14598.0,0.9343533494227512,-1.5645067773310488,0.6211757244059766,0.6433199799555697,1.4768982931127055,Official (Quarter),1.124522614672013,1.2205846018810202,False,True,False,True,False,False,False
2018,0.43452409462674085,6662.0,-0.8424931991860347,-0.79853242325835,-1.298917841652951,-1.3675094565144021,-1.1590032070403486,Official (Quarter),0.9996994968773864,1.2205846018810202,False,True,False,False,False,False,True
2016,-0.43452409462674085,17304.0,1.8416742518369351,0.48195956552890384,-1.298917841652951,-1.2516592009153091,0.45810854498183207,Official (Quarter),1.3862764044122462,1.2205846018810202,False,True,False,False,False,True,False
2024,1.013889554129062,8801.0,-0.23119601163453804,-0.6092071349518702,-0.5788827543808531,-0.6227578133773755,-0.5182351698393834,Official (Quarter),0.5796826778779154,1.2205846018810202,False,False,True,False,False,False,True
2019,-1.013889554129062,10442.0,-0.01991818183563365,-1.197392800423222,-1.298917841652951,-1.3013093104577775,-0.5856844369131691,Estimated (Region),0.05559854819978343,-1.231731493222399,False,True,False,True,False,False,False
2020,-0.7242068243779014,4948.0,-1.2220890333913996,1.0595475239254701,1.5812225074354402,1.594947079519548,-0.6505286105483368,Estimated (Region),0.8526791964726299,-1.231731493222399,False,True,False,False,True,False,False
2016,1.3035722838802226,14506.0,1.358317527885886,-0.531621004351224,-0.5788827543808531,-0.6806829411769221,0.46850060250327585,Interpolated (Month),-1.6221625270074378,-0.0055734456706894205,False,True,False,False,True,False,False
2018,-0.43452409462674085,3250.0,-1.6631901913826679,-0.19707303275467333,0.6211757244059766,0.6764200529838819,-1.3035575766506242,Official (Quarter),-1.497627684311644,1.2205846018810202,False,True,False,False,True,False,False
2024,0.43452409462674085,11996.0,0.6547623546555343,-1.1727072306091186,-0.5788827543808531,-0.6393078498915317,0.04834433682702315,Interpolated (Month),0.640508723731648,-0.0055734456706894205,False,True,False,False,False,True,False
2019,-1.3035722838802226,10927.0,0.21506971552959223,0.3810969496070267,-0.2428663803205408,-0.25865701006594033,0.0697514089965372,Interpolated (Month),0.8578681482516213,-0.0055734456706894205,False,True,False,False,True,False,False
2023,-0.7242068243779014,6794.0,-0.8422584460418138,0.3197871117358622,-0.5788827543808531,-0.5400076308065948,-0.8516588137494706,Interpolated (Month),-1.1776423246071739,-0.0055734456706894205,False,False,True,True,False,False,False
2015,1.3035722838802226,14261.0,1.2315508300065434,-0.33659874022206304,0.6211757244059766,0.6019448886701793,1.3638598908631028,Estimated (Region),0.4606250620599459,-1.231731493222399,False,False,True,True,False,False,False
2015,0.7242068243779014,5573.0,-1.1800682205758397,0.8742730428912673,1.5812225074354402,1.4211716961209084,-0.5162530335273913,Official (Quarter),1.396366032871396,1.2205846018810202,False,False,True,True,False,False,False
2021,0.14484136487558028,15021.0,1.3993993281245618,-0.9874784764790941,-0.2428663803205408,-0.39933232043626754,0.7768360639501497,Official (Quarter),-1.0144786186677774,1.2205846018810202,False,True,False,False,False,False,False
2025,-1.013889554129062,18467.0,2.1546001930835343,1.3058271624801734,-0.2428663803205408,-0.109706681438535,1.712942411637927,Estimated (Region),-1.6723223942043546,-1.231731493222399,True,False,False,False,False,False,False
2017,1.5932550136313832,7720.0,-0.5239331824781311,-0.7571709473347763,-0.2428663803205408,-0.3496822108937991,-0.6051660052367479,Interpolated (Month),-0.3964168067701346,-0.0055734456706894205,False,False,True,False,False,True,False
2021,-0.7242068243779014,5351.0,-1.1234927128185777,-1.5792457514233336,1.5812225074354402,1.3466965318072057,-0.6000690832916257,Interpolated (Month),-0.12860923995441148,-0.0055734456706894205,False,False,True,False,True,False,False
2019,0.7242068243779014,10142.0,-0.08165825876575793,1.6253543430858652,-0.5788827543808531,-0.672407922919844,-0.30201241443408183,Estimated (Region),0.5315407363728285,-1.231731493222399,True,False,False,False,False,False,False
2019,-0.7242068243779014,8072.0,-0.4551505112213767,-0.32367542244457986,0.6211757244059766,0.47781961481400814,-0.1938160880323455,Official (Quarter),1.6710922020591077,1.2205846018810202,False,False,True,True,False,False,False
2021,0.43452409462674085,14448.0,1.2900043629175735,-0.12601541178855094,0.6211757244059766,0.800545326840053,1.5566651215538698,Estimated (Region),-0.027712955362911917,-1.231731493222399,True,False,False,False,True,False,False
2023,-1.3035722838802226,14650.0,1.1806093977105854,-0.3504385842093722,-1.298917841652951,-1.3344093834860897,0.002472039320922161,Official (Quarter),-0.14878849687271137,1.2205846018810202,False,True,False,False,True,False,False
2024,-0.43452409462674085,12999.0,0.6937313765962212,1.652109055314016,0.6211757244059766,0.5274697243564767,1.0070470384715096,Estimated (Region),1.3660971474939463,-1.231731493222399,False,False,False,False,False,False,True
2015,-1.3035722838802226,13254.0,0.9911636103242344,0.1966614578581742,-0.5788827543808531,-0.564832685577829,0.3250222497480817,Estimated (Region),-0.873512095338511,-1.231731493222399,False,False,False,False,False,False,False
2018,-1.013889554129062,11749.0,0.5789370890721498,-1.6786401360958476,1.5812225074354402,1.7273473716327972,1.4311958930047748,Official (Quarter),-1.571426109612855,1.2205846018810202,False,True,False,False,True,False,False
2025,0.43452409462674085,13723.0,0.9759046559498691,1.1995106191719527,-0.2428663803205408,-0.333132174379643,0.5742900490975932,Official (Quarter),-0.17963393244782697,1.2205846018810202,False,True,False,True,False,False,False
2021,-1.3035722838802226,9542.0,-0.05536590661300538,-1.4298161929489,-0.2428663803205408,-0.2752070465800964,-0.2142320920458635,Estimated (Region),0.7572601387589546,-1.231731493222399,False,True,False,False,False,False,True
2020,1.013889554129062,9818.0,-0.07085961413159171,0.48956166334847256,-1.298917841652951,-1.3840594930285581,-0.7182893561854357,Interpolated (Month),-0.22172209687742392,-0.0055734456706894205,False,False,False,False,True,False,False
2023,1.3035722838802226,6610.0,-0.8422584460418138,-0.7627630494967877,-0.2428663803205408,-0.333132174379643,-0.815470667939102,Estimated (Region),1.3142076297040322,-1.231731493222399,False,True,False,False,False,False,False
2020,0.7242068243779014,5968.0,-1.043676643783436,1.1275598324796605,-1.298917841652951,-1.2847592739436213,-1.232427199283139,Interpolated (Month),-0.1127541095186044,-0.0055734456706894205,False,False,True,False,False,False,True
2023,0.14484136487558028,1351.0,-2.1484249404874847,0.3891051222169574,-0.2428663803205408,-0.2917570830942526,-1.8401218763068656,Estimated (Region),-0.9839214581914948,-1.231731493222399,False,False,True,True,False,False,False
2016,-1.5932550136313832,304.0,-2.4219123535049554,-1.5971622483244123,-0.2428663803205408,-0.2503819918088622,-2.0462640527540366,Interpolated (Month),-1.3471480827208933,-0.0055734456706894205,False,False,True,True,False,False,False
2023,0.43452409462674085,14715.0,1.215352863055294,1.6273464456070044,-1.298917841652951,-1.2682092374294651,0.06185117998159734,Interpolated (Month),1.368403348284609,-0.0055734456706894205,False,False,True,True,False,False,False
2024,1.3035722838802226,10821.0,0.3035716509009111,-0.662032146940206,-1.298917841652951,-1.1937340731157626,-0.4707205308176315,Interpolated (Month),0.9939339949007293,-0.0055734456706894205,False,False,True,False,False,False,True
2017,0.14484136487558028,14291.0,0.9885813257378033,-0.4530900167414247,1.5812225074354402,1.7604474446611094,2.220963948401484,Official (Quarter),0.5952495332148896,1.2205846018810202,False,False,True,False,True,False,False
2025,-1.3035722838802226,889.0,-2.2636887342999983,-1.0541264333814562,-1.298917841652951,-1.2268341461440748,-1.9740293422984416,Estimated (Region),-1.6287928542805934,-1.231731493222399,False,True,False,False,True,False,False
2020,-0.43452409462674085,4010.0,-1.5131829322254458,-0.6339404197964195,1.5812225074354402,1.7025223168615629,-0.9044685883475438,Official (Quarter),-1.5302027704797567,1.2205846018810202,False,True,False,False,False,True,False
2024,-1.013889554129062,12472.0,0.5664951724284365,-0.40904158816583475,1.5812225074354402,1.6197721342907823,1.5800543300353758,Interpolated (Month),0.4470761324148017,-0.0055734456706894205,False,False,False,False,False,False,False
2023,0.43452409462674085,10695.0,0.22938965732707353,-0.7577499891105065,-0.5788827543808531,-0.448982429978736,-0.08091926694788537,Estimated (Region),-0.6581705965103677,-1.231731493222399,True,False,False,False,False,False,True
2017,0.7242068243779014,11041.0,0.23361521392305162,-0.230776743323157,-1.298917841652951,-1.4088845477997924,-0.5593786564297322,Interpolated (Month),-0.8123977743859456,-0.0055734456706894205,True,False,False,True,False,False,False
2021,-0.43452409462674085,8033.0,-0.3821422833686442,-0.943020990923739,-1.298917841652951,-1.2847592739436213,-0.9298116169080134,Official (Quarter),1.078398598858756,1.2205846018810202,True,False,False,False,False,False,True
2020,-0.7242068243779014,3764.0,-1.6061451773369635,1.2745037360867735,-0.2428663803205408,-0.3000321013513307,-1.3651453834875191,Interpolated (Month),-1.09346599574798,-0.0055734456706894205,True,False,False,False,False,True,False
2022,1.3035722838802226,8583.0,-0.4666534152882059,1.6609920034821322,0.6211757244059766,0.800545326840053,0.06946824666625256,Official (Quarter),-1.5010869854976383,1.2205846018810202,False,True,False,False,False,False,False
2017,-0.43452409462674085,12138.0,0.6531190826459873,-0.12859252046422653,0.6211757244059766,0.792270308582975,0.9657619707160188,Estimated (Region),0.6926865166203949,-1.231731493222399,False,False,True,False,False,True,False
2015,1.013889554129062,7750.0,-0.5837952342544873,-1.4163704949943412,-0.5788827543808531,-0.448982429978736,-0.6388340063075838,Estimated (Region),-1.2370269949667423,-1.231731493222399,True,False,False,False,False,False,False
2022,0.14484136487558028,14915.0,1.4719380496888523,0.4351710019236123,-0.2428663803205408,-0.40760733869334564,0.7501621724373428,Interpolated (Month),-1.0657915862600258,-0.0055734456706894205,True,False,False,True,False,False,False
2019,-1.5932550136313832,9647.0,-0.12978265333106392,-1.3640380412890516,-0.2428663803205408,-0.28348206483717453,-0.19749719832604487,Estimated (Region),-1.3661742392438616,-1.231731493222399,False,True,False,False,True,False,False
2023,0.14484136487558028,6115.0,-0.8948431503473189,0.4596170025223486,1.5812225074354402,1.6114971160337042,-0.30181420080288246,Official (Quarter),-0.48722346290248414,1.2205846018810202,True,False,False,False,False,True,False
2025,0.43452409462674085,8158.0,-0.5600851666881659,0.6514945479261472,-0.5788827543808531,-0.5979327586061413,-0.6239113515015867,Official (Quarter),1.2813442684370866,1.2205846018810202,False,True,False,False,False,False,True
2019,0.14484136487558028,8155.0,-0.40327006634853463,-0.6419659885112007,-0.5788827543808531,-0.43243239346457985,-0.555159537708492,Interpolated (Month),-1.5944881175194836,-0.0055734456706894205,False,False,True,False,False,True,False
2016,1.5932550136313832,2907.0,-1.7899568892620104,-1.0279467866764982,-0.5788827543808531,-0.49035752126412635,-1.5624245789967828,Official (Quarter),-0.37306652376467325,1.2205846018810202,False,False,False,False,False,False,False
2018,-1.3035722838802226,10561.0,0.29159924054563985,-0.0509904848534319,-0.5788827543808531,-0.5731077038349071,-0.17359829765002688,Interpolated (Month),-0.6431802913710591,-0.0055734456706894205,True,False,False,False,False,True,False
2024,0.43452409462674085,13280.0,0.970740086777007,-0.7013960529954012,-1.298917841652951,-1.3095843287148556,-0.17787404883732394,Interpolated (Month),-1.0669446866553574,-0.0055734456706894205,False,False,True,False,True,False,False
2015,-1.3035722838802226,7992.0,-0.3992792628967775,-1.0858867505223813,0.6211757244059766,0.7757202720688188,-0.09057510241058929,Official (Quarter),0.15563000749478442,1.2205846018810202,False,False,True,True,False,False,False
2016,1.3035722838802226,11120.0,0.30685819492000516,1.6190246460782018,-0.2428663803205408,-0.28348206483717453,0.09404673693495355,Estimated (Region),-1.575461960996515,-1.231731493222399,False,True,False,False,False,False,False
2019,1.5932550136313832,6711.0,-0.8312250482634265,-1.5567843978722298,-0.2428663803205408,-0.24210697355178415,-0.7643881835557645,Estimated (Region),-1.2837275609776648,-1.231731493222399,False,False,True,False,False,False,False
2024,0.7242068243779014,9132.0,-0.20560791891444852,1.6350166367512733,-1.298917841652951,-1.2185591278869967,-0.7377426082759859,Estimated (Region),1.3969425830690618,-1.231731493222399,False,False,True,False,False,False,False
2018,1.5932550136313832,4668.0,-1.2716219468220316,0.34317692025440344,0.6211757244059766,0.568844815641867,-0.9787987000472448,Estimated (Region),-0.07239559568200457,-1.231731493222399,False,True,False,False,True,False,False
2020,-1.5932550136313832,10058.0,-0.06639930439139262,-1.5978625658025274,-0.2428663803205408,-0.15935679098100344,-0.052093341724915754,Interpolated (Month),1.1527735743576328,-0.0055734456706894205,False,True,False,False,True,False,False
2025,-1.3035722838802226,8064.0,-0.6077400549650298,-1.3830783265634579,1.5812225074354402,1.710797335118641,0.3146301922266379,Estimated (Region),1.6157433830831993,-1.231731493222399,False,False,False,False,False,False,True
2021,-0.7242068243779014,11233.0,0.4887918816912839,0.10831757601812045,-0.5788827543808531,-0.5234575942924387,-0.021964869782636665,Estimated (Region),1.1663225040027771,-1.231731493222399,False,True,False,False,True,False,False
2024,1.5932550136313832,10495.0,-0.010058549778351444,-1.625558655818862,-0.5788827543808531,-0.5151825760353606,-0.15448484035581805,Official (Quarter),-0.19347113719180403,1.2205846018810202,False,False,False,True,False,False,False
2018,-1.013889554129062,13104.0,0.7643920730067436,-0.898142519631007,1.5812225074354402,1.6528722073190945,1.7891413947175063,Estimated (Region),1.1472963474798086,-1.231731493222399,True,False,False,False,False,False,False
2022,-1.5932550136313832,14656.0,0.9456215003453594,0.6838527940423546,-1.298917841652951,-1.3095843287148556,0.022010240110557786,Official (Quarter),0.24614838852830115,1.2205846018810202,True,False,False,False,True,False,False
2015,0.14484136487558028,3489.0,-1.6683547605555298,0.3894769018291859,-0.5788827543808531,-0.6393078498915317,-1.4800809733500284,Interpolated (Month),0.30034410710887804,-0.0055734456706894205,False,False,False,False,True,False,False
2023,1.3035722838802226,10485.0,0.11835142011053822,-0.1996670405036326,-1.298917841652951,-1.4006095295427143,-0.6328592811385793,Interpolated (Month),-0.32146528107359207,-0.0055734456706894205,False,True,False,False,True,False,False
2021,-1.013889554129062,10175.0,0.05027300828644681,-1.6277595115982049,-0.5788827543808531,-0.45725744823581405,-0.18376382530724322,Interpolated (Month),-1.6651155167335332,-0.0055734456706894205,False,False,True,False,False,True,False
2016,-0.43452409462674085,7693.0,-0.6903731617308235,-0.83105767198112,1.5812225074354402,1.6942472986044848,0.19666476543008363,Official (Quarter),-1.235873894571411,1.2205846018810202,False,False,False,False,True,False,False
2020,-1.3035722838802226,8969.0,-0.32603628189982403,0.9804265598454627,1.5812225074354402,1.4211716961209084,0.4530682555027667,Official (Quarter),-1.4333423372719172,1.2205846018810202,False,True,False,False,False,False,True
2016,1.5932550136313832,9327.0,-0.22321440473102386,1.6273747764063324,1.5812225074354402,1.594947079519548,0.6384263169070494,Interpolated (Month),-0.5088440953149483,-0.0055734456706894205,True,False,False,True,False,False,False
2024,-1.5932550136313832,16353.0,1.5231142351290314,0.16286877863917018,-1.298917841652951,-1.37578447477148,0.21297491565447513,Interpolated (Month),-0.1447526454890514,-0.0055734456706894205,True,False,False,False,False,False,False
2021,1.013889554129062,13488.0,0.8632231467237866,1.434619970286513,1.5812225074354402,1.810097554203578,2.012160046049638,Official (Quarter),-1.3431122313372332,1.2205846018810202,False,True,False,False,False,False,True
2019,0.14484136487558028,18300.0,1.8196074562801605,-0.14998774130379278,-0.2428663803205408,-0.109706681438535,1.6783966073432086,Official (Quarter),0.2596973181734454,1.2205846018810202,False,True,False,False,True,False,False
2019,0.7242068243779014,13291.0,0.9820082376996152,0.6079709846854683,0.6211757244059766,0.6598700164697258,1.1673169174125788,Estimated (Region),1.3770516012495948,-1.231731493222399,False,False,False,False,True,False,False
2020,-0.43452409462674085,3471.0,-1.629620491759064,-0.7414105733719965,-1.298917841652951,-1.1771840366016064,-1.5791594727166014,Interpolated (Month),-0.6279017111329178,-0.0055734456706894205,False,False,False,False,False,False,False
2018,0.43452409462674085,2639.0,-1.813901709972553,-1.6516905874933736,-0.2428663803205408,-0.21728191878054995,-1.5756482598210726,Estimated (Region),1.546557359363314,-1.231731493222399,False,False,True,False,True,False,False
