Year,Month,Estimated_Deliveries,Production_Units,Avg_Price_USD,Battery_Capacity_kWh,Range_km,CO2_Saved_tons,Source_Type,Charging_Stations,Data_Reliability,Region_Europe,Region_Middle East,Region_North America,Model_Model 3,Model_Model S,Model_Model X,Model_Model Y,Quarter,is_quarter_end,years_active,lag_1_deliveries,lag_3_deliveries,lag_12_deliveries,rolling_mean_3,rolling_mean_6,rolling_std_3,production_efficiency,price_per_km
2015,-1.5932550136313832,6367.0,-0.904702782404601,0.996795797478002,-0.2428663803205408,-0.341407192636721,-0.8656470328655286,Estimated (Region),0.0685709276472619,-1.231731493222399,False,False,True,False,False,False,False,0,0,12,8795.0,8833.0,10348.0,5774.333333333333,7603.0,3356.4757310806426,66812.0241142004,1.5135236618643644
2015,-1.5932550136313832,8803.0,-0.3079602897948066,0.8937243732717074,-1.298917841652951,-1.359234438257324,-0.8506394293604461,Interpolated (Month),-1.4440085159287328,-0.0055734456706894,False,True,False,False,False,False,False,0,0,12,6367.0,2161.0,12446.0,7988.333333333333,7854.833333333333,1404.1215521931613,12720.36831150898,-2.487858284431855
2015,-1.5932550136313832,11446.0,0.4920784257103779,0.2178021985353588,0.6211757244059766,0.7260701625263504,0.7516912490208795,Estimated (Region),-0.0020564715667877,-1.231731493222399,False,True,False,True,False,False,False,0,0,12,8803.0,8795.0,10835.0,8872.0,7734.166666666667,2540.2029446483207,7671.178540464832,0.1261838616204188
2015,-1.5932550136313832,9446.0,-0.2647657112581417,1.2786131930839753,-0.5788827543808531,-0.5400076308065948,-0.3616747174250416,Estimated (Region),0.7390988075324847,-1.231731493222399,False,False,True,True,False,False,False,0,0,12,11446.0,6367.0,8122.0,9898.333333333334,7836.333333333333,1378.3382506965888,12847.605375103094,2.779640008650618
2015,-1.5932550136313832,13902.0,1.119104073924682,0.4831981681942431,-0.5788827543808531,-0.457257448235814,0.5206874199747232,Official (Quarter),-0.0767197221644974,1.2205846018810202,False,True,False,False,True,False,False,0,0,12,9446.0,8803.0,7597.0,11598.0,9793.166666666666,2231.8853017124334,6560.319604432089,0.8902898190377856
2015,-1.5932550136313832,9537.0,-0.1321301847732739,-0.7909218759021398,-0.2428663803205408,-0.1345317362097692,-0.1463580814766507,Official (Quarter),-0.4759807340480028,1.2205846018810202,False,False,False,False,True,False,False,0,0,12,13902.0,11446.0,7419.0,10961.666666666666,9916.833333333334,2546.809834544647,10988.975342469437,-0.9138658330906062
2015,-1.5932550136313832,4350.0,-1.3897027783651972,-1.573393701751702,-0.2428663803205408,-0.2090069005234718,-1.2293124136500089,Interpolated (Month),-1.1202755799394355,-0.0055734456706894,True,False,False,False,True,False,False,0,0,12,9537.0,9446.0,11325.0,9263.0,9580.666666666666,4781.891153089957,-11162.353058523848,-1.989137076913767
2015,-1.5932550136313832,11986.0,0.6211926550319307,0.3478599516800967,-0.2428663803205408,-0.3579572291508772,0.2196292304161627,Estimated (Region),-1.1707237222351854,-1.231731493222399,False,False,True,False,True,False,False,0,0,12,4350.0,13902.0,7292.0,8624.333333333334,10111.166666666666,3898.9542615082487,7393.322417787494,0.541801835444764
2015,-1.3035722838802226,3797.0,-1.523981576859612,-1.1283456721462235,-0.5788827543808531,-0.5151825760353606,-1.4005689910061196,Official (Quarter),-0.3724899735670075,1.2205846018810202,False,False,False,False,False,True,False,0,0,12,11986.0,9537.0,12170.0,6711.0,8836.333333333334,4576.644076176342,-7246.437981191297,-2.327362046766125
2015,-1.3035722838802226,5325.0,-1.2070648321612554,0.7986203650868374,-0.2428663803205408,-0.2834820648371745,-1.052958914348775,Interpolated (Month),0.4770567426934187,-0.0055734456706894,True,False,False,False,False,False,False,0,0,12,3797.0,4350.0,8833.0,7036.0,8149.5,4354.373778168338,-25716.58327693745,1.114585310283063
2015,-1.3035722838802226,8689.0,-0.4596108209615758,0.0419976599500774,1.5812225074354402,1.5287469334629231,0.4210992284136379,Estimated (Region),-0.9418332937618978,-1.231731493222399,False,False,True,False,False,False,True,0,0,12,5325.0,11986.0,2161.0,5937.0,7280.666666666667,2502.7632728646163,16079.152464639139,0.016608091301791462
2015,-1.3035722838802226,4718.0,-1.287350407484839,-1.4422633544850532,0.6211757244059766,0.4778196148140081,-0.9887376978402336,Estimated (Region),1.3980956834643932,-1.231731493222399,False,True,False,False,False,True,False,0,0,12,8689.0,3797.0,8795.0,6244.0,6477.5,2139.0724625407165,-16418.977934628223,-0.9759400538654849
2015,-1.3035722838802226,7142.0,-0.661029018703198,-0.954722605109166,-1.298917841652951,-1.235109164401153,-1.042170429564933,Official (Quarter),-0.8896555008731509,1.2205846018810202,False,True,False,False,False,False,False,0,0,12,4718.0,5325.0,6367.0,6849.666666666667,6942.833333333333,2001.5754628125658,21069.650188570227,4.060763039760453
2015,-1.3035722838802226,2324.0,-1.9326868009483813,-1.606666982983034,1.5812225074354402,1.6197721342907825,-1.4199089781645562,Interpolated (Month),0.0287889640083278,-0.0055734456706894,True,False,False,True,False,False,False,0,0,12,7142.0,8689.0,8803.0,4728.0,5332.5,2409.0155665748634,-2491.7260517001996,-0.6132850113004147
2015,-1.3035722838802226,9861.0,0.155442416897457,-0.8928411809357789,0.6211757244059766,0.68469507124096,0.3348762988419849,Official (Quarter),0.9244596960820112,1.2205846018810202,True,False,False,False,False,False,True,0,0,12,2324.0,4718.0,11446.0,6442.333333333333,6343.166666666667,3816.902190695137,8534.393281560773,-0.5299719790110771
2015,-1.3035722838802226,18761.0,1.9294719277755907,0.3208423097529228,-0.2428663803205408,-0.1841818457522376,1.7020406619219712,Estimated (Region),-1.6527196874837204,-1.231731493222399,False,False,False,True,False,False,False,0,0,12,9861.0,7142.0,9446.0,10315.333333333334,8582.5,8227.913242939143,6404.225902326914,0.3932767468857817
2015,-1.3035722838802226,7191.0,-0.7558692889684839,-0.2490023938590035,-0.5788827543808531,-0.4738074847499702,-0.7538828611022069,Estimated (Region),1.2672187885942767,-1.231731493222399,False,False,True,False,False,True,False,0,0,12,18761.0,2324.0,13902.0,11937.666666666666,8332.833333333334,6058.104764143098,29455.53211890526,-0.4732153853246764
2015,-1.3035722838802226,8629.0,-0.1894099519631991,-0.6105103517209384,-0.2428663803205408,-0.2338319552947061,-0.3770221157264658,Interpolated (Month),0.7218023016025134,-0.0055734456706894,False,False,True,False,False,False,False,0,0,12,7191.0,9861.0,9537.0,11527.0,8984.666666666666,6305.951791759905,10645.331781334975,-0.79683609351754
2015,-1.3035722838802226,9893.0,-0.1612395746566786,-0.7655325093889511,-0.2428663803205408,-0.1014316631814569,-0.0563690929122128,Official (Quarter),-0.881583798105831,1.2205846018810202,True,False,False,False,False,True,False,0,0,12,8629.0,18761.0,4350.0,8571.0,9443.166666666666,1351.9334303137791,11794.786331210844,-0.8519469004431911
2015,-1.3035722838802226,10274.0,0.2491089214416379,-1.2565390598825794,-0.5788827543808531,-0.6227578133773755,-0.2523174254691386,Interpolated (Month),-1.317744022639942,-0.0055734456706894,False,False,False,False,False,False,True,0,0,12,9893.0,7191.0,11986.0,9598.666666666666,10768.166666666666,861.092523096855,8225.06334206823,-3.3308550963828507
2015,-1.3035722838802226,11172.0,0.1230464829949583,-1.175518441152923,0.6211757244059766,0.6350449616984916,0.6310640963196507,Official (Quarter),0.6831734383589106,1.2205846018810202,False,True,False,False,False,False,True,0,0,12,10274.0,8629.0,3797.0,10446.333333333334,10986.666666666666,656.6843483236837,9947.940863682092,-0.7189517528201729
2015,-1.3035722838802226,5052.0,-1.186406555469807,1.386239911603205,-0.5788827543808531,-0.457257448235814,-1.1520657299483763,Official (Quarter),0.9875919427264064,1.2205846018810202,False,True,False,True,False,False,False,0,0,12,11172.0,9893.0,5325.0,8832.666666666666,8701.833333333334,3304.7967158863667,-27102.051144431425,2.5541389874393094
2015,-1.3035722838802226,13254.0,0.9911636103242344,0.1966614578581742,-0.5788827543808531,-0.564832685577829,0.3250222497480817,Estimated (Region),-0.873512095338511,-1.231731493222399,False,False,False,False,False,False,False,0,0,12,5052.0,10274.0,8689.0,9826.0,9712.333333333334,4263.44790046741,6656.409313266709,0.4519214824746374
2015,-1.3035722838802226,7992.0,-0.3992792628967775,-1.0858867505223813,0.6211757244059766,0.7757202720688188,-0.0905751024105892,Official (Quarter),0.1556300074947844,1.2205846018810202,False,False,True,True,False,False,False,0,0,12,13254.0,11172.0,4718.0,8766.0,9606.166666666666,4155.419112436191,13304.0188333414,-0.6115190368679292
2015,-1.3035722838802226,12347.0,0.4362071773857788,1.1711967189176498,-0.2428663803205408,-0.3000321013513307,0.3264097451664761,Interpolated (Month),-1.0649267609635271,-0.0055734456706894,False,False,False,False,True,False,False,0,0,12,7992.0,5052.0,7142.0,11197.666666666666,10015.166666666666,2812.9853062775296,8596.949099275724,1.6732149019672424
2015,-1.3035722838802226,6790.0,-0.8206611567734813,1.6460398028475398,-1.298917841652951,-1.1771840366016064,-1.074479251450403,Interpolated (Month),-0.8392073585774011,-0.0055734456706894,True,False,False,False,True,False,False,0,0,12,12347.0,13254.0,2324.0,9043.0,9434.5,2923.784020751186,37861.29026952465,-9.290000580292775
2015,-1.3035722838802226,6766.0,-0.6917816805961496,1.0766245345096308,0.6211757244059766,0.6681450347268039,-0.4372507433779949,Interpolated (Month),1.304406276343715,-0.0055734456706894,False,False,True,False,True,False,False,0,0,12,6790.0,7992.0,9861.0,8634.333333333334,8700.166666666666,3215.2860422259955,21951.97226786085,0.6454022354752578
2015,-1.3035722838802226,5076.0,-1.293453989234585,1.3866067208997623,-1.298917841652951,-1.1854590548586843,-1.337253893954489,Interpolated (Month),0.4799394936817472,-0.0055734456706894,False,True,False,False,True,False,False,0,0,12,6766.0,12347.0,18761.0,6210.666666666667,8704.166666666666,982.7234266737128,-17297.430555432937,-7.476619148934659
2015,-1.013889554129062,1899.0,-2.002643237926241,-0.7927196390805236,-1.298917841652951,-1.3013093104577775,-1.8302961434459908,Estimated (Region),-1.4388195641497414,-1.231731493222399,False,True,False,True,False,False,False,0,0,12,5076.0,6790.0,7191.0,4580.333333333333,6811.666666666667,2471.069876254683,-1893.9937239567753,2.630916508607547
2015,-1.013889554129062,5716.0,-0.9704336627864824,1.58392328274289,-1.298917841652951,-1.1854590548586843,-1.240214163365965,Interpolated (Month),-0.4298567182347458,-0.0055734456706894,False,False,True,False,False,False,False,0,0,12,1899.0,6766.0,8629.0,4230.333333333333,6432.333333333333,2044.1957668807893,193327.9715617483,-8.540555131965945
2015,-1.013889554129062,11364.0,0.397003402300871,-0.0214270472393123,-0.5788827543808531,-0.672407922919844,-0.0845154285424994,Official (Quarter),0.7889703996305687,1.2205846018810202,False,False,True,False,False,False,True,0,0,12,5716.0,5076.0,9893.0,6326.333333333333,6268.5,4761.925695906365,8134.55427616242,-0.06540770897236772
2015,-1.013889554129062,20337.625,4.259866390457506,-0.5590452181003268,-1.298917841652951,-1.3178593469719335,1.57337169904066,Official (Quarter),-1.3852003957668302,1.2205846018810202,False,False,False,True,False,False,False,0,0,12,11364.0,1899.0,10274.0,12472.541666666666,8526.4375,7373.5763290419845,3866.566846050822,1.758781748676057
2015,-1.013889554129062,10745.0,0.0303189910276613,1.6142615925701973,0.6211757244059766,0.7508952172975846,0.5902887207586716,Estimated (Region),0.6972989182017206,-1.231731493222399,False,True,False,False,False,True,False,0,0,12,20337.625,5716.0,11172.0,14148.875,9189.604166666666,5368.543580141165,10428.809032514015,0.9219635627663235
2015,-1.013889554129062,5428.0,-1.1587056844517285,-0.7135340608967871,1.5812225074354402,1.719072353375719,-0.474656487208587,Interpolated (Month),1.092235803602733,-0.0055734456706894,True,False,False,False,False,False,False,0,0,12,10745.0,11364.0,5052.0,12170.208333333334,9248.270833333334,7556.298267353418,-34201.67348606197,-0.26241819568020575
2015,-1.013889554129062,10232.0,0.2164782343949182,0.8422925407660947,0.6211757244059766,0.6929700894980381,0.4310948586726836,Official (Quarter),0.7197843759106833,1.2205846018810202,True,False,False,False,False,False,True,0,0,12,5428.0,20337.625,13254.0,8801.666666666666,10637.104166666666,2932.9187396403076,8411.165700050067,0.49752358059428714
2015,-1.013889554129062,8661.0,-0.2671132427003518,-0.7610532609057898,0.6211757244059766,0.800545326840053,0.0892329773201159,Estimated (Region),0.8423012929146471,-1.231731493222399,False,True,False,False,False,False,False,0,0,12,10232.0,10745.0,7992.0,8107.0,11127.9375,2449.4470804652965,11817.651108763126,-0.42267931251774377
2015,-1.013889554129062,10327.0,-0.0661645512471716,-1.6050625650842714,-0.5788827543808531,-0.4738074847499702,-0.1638008810221805,Interpolated (Month),-0.4641614549958557,-0.0055734456706894,False,False,False,False,False,False,True,0,0,12,8661.0,5428.0,12347.0,9740.0,10955.104166666666,935.6479038612504,11058.693492297907,-3.0503333258581176
2015,-1.013889554129062,6717.0,-0.902590004106612,-0.4556402857124744,-0.2428663803205408,-0.3248571561225649,-0.791713348428226,Estimated (Region),-0.8663052178676897,-1.231731493222399,False,False,True,True,False,False,False,0,0,12,10327.0,10232.0,6790.0,8568.333333333334,8685.0,1806.7831450767114,68955.96225413599,-0.674879827053593
2015,-1.013889554129062,5198.0,-1.2528416952843513,-0.8643548107276747,-0.2428663803205408,-0.225556937037628,-1.0626430660445076,Interpolated (Month),0.7618725403402803,-0.0055734456706894,False,True,False,False,False,False,True,0,0,12,6717.0,8661.0,6766.0,7414.0,7760.5,2634.580991353268,-20558.318097631072,-1.1160985901550664
2015,-1.013889554129062,10257.0,0.1843170536366405,-0.98411605792732,0.6211757244059766,0.6681450347268039,0.4242423302797967,Interpolated (Month),-1.4148927309466144,-0.0055734456706894,False,False,False,False,False,False,False,0,0,12,5198.0,10327.0,5076.0,7390.666666666667,8565.333333333334,2595.908383077743,8660.687582353215,-0.5899463400605878
2015,-1.013889554129062,3940.0,-1.4467477924109011,0.686636667849965,-0.5788827543808531,-0.556557667320751,-1.382333336935793,Interpolated (Month),-1.3739576669123488,-0.0055734456706894,True,False,False,False,False,True,False,0,0,12,10257.0,6717.0,1899.0,6465.0,7516.666666666667,3343.664008240059,-8819.293719925408,1.548423813534788
2015,-1.013889554129062,9691.0,0.0777391261603043,0.4608655458190308,-0.2428663803205408,-0.1428067544668473,-0.1188347029729899,Interpolated (Month),0.0285006889094949,-0.0055734456706894,False,False,True,False,False,True,False,0,0,12,3940.0,5198.0,5716.0,7962.666666666667,7688.333333333333,3495.2073376744474,8991.97195756123,0.5376448638864203
2015,-1.013889554129062,8058.0,-0.4779215662108141,0.1529753652950367,1.5812225074354402,1.4625467874062987,0.2101432923516293,Official (Quarter),0.3334957434746565,1.2205846018810202,False,False,False,False,False,True,False,0,0,12,9691.0,10257.0,11364.0,7229.666666666667,7310.166666666667,2963.629925164966,15434.46248395275,0.06212079546157962
2015,-1.013889554129062,6612.0,-0.7511742260840638,-0.6323633386338507,-0.2428663803205408,-0.3579572291508772,-0.8235124781191838,Official (Quarter),0.2158795031508513,1.2205846018810202,True,False,False,True,False,False,False,0,0,12,8058.0,3940.0,20337.625,8120.333333333333,7292.666666666667,1540.4461474953607,26572.80994626309,-0.9849240071615936
2015,-1.013889554129062,11929.0,0.3052149229104581,1.494820433699797,1.5812225074354402,1.5287469334629231,1.3637749421640175,Official (Quarter),1.6336164392108363,1.2205846018810202,True,False,False,False,True,False,False,0,0,12,6612.0,9691.0,10745.0,8866.333333333334,8414.5,2749.1224660486287,9139.490968583084,0.5911308932969248
2015,-1.013889554129062,5689.0,-1.1556538935768552,0.1136949605431232,-1.298917841652951,-1.2764842556865432,-1.2708806437357842,Interpolated (Month),0.4949297988210557,-0.0055734456706894,False,True,False,False,True,False,False,0,0,12,11929.0,8058.0,5428.0,8076.666666666667,7653.166666666667,3367.986985327185,-36549.037542649174,-0.41121676263556173
2015,-1.013889554129062,14634.0,1.268641826793462,1.2196309540417771,-1.298917841652951,-1.2516592009153091,0.0623325559430813,Official (Quarter),0.2556614667897854,1.2205846018810202,False,False,True,False,True,False,False,0,0,12,5689.0,6612.0,10232.0,10750.666666666666,9435.5,4587.440281173508,6450.55549411427,-4.846359479827719
2015,-1.013889554129062,12060.0,0.6686127901645736,0.5263633716750062,-0.2428663803205408,-0.1759068274951595,0.3466841680148516,Official (Quarter),1.042652486603482,1.2205846018810202,False,False,False,False,True,False,False,0,0,12,14634.0,11929.0,8661.0,10794.333333333334,9830.333333333334,4604.855082772234,7227.560564731458,0.6387182775402918
2015,-0.7242068243779014,7633.0,-0.5079699686711028,0.8902163244707582,-0.2428663803205408,-0.3745072656650333,-0.6318115805165263,Estimated (Region),1.4119328882083704,-1.231731493222399,False,False,False,False,False,False,True,0,0,12,12060.0,5689.0,10327.0,11442.333333333334,9759.5,3541.134611015694,15513.280722691752,1.4232240849563975
2015,-0.7242068243779014,8458.0,-0.3795599987822131,0.1633166040811726,1.5812225074354402,1.7852724994323437,0.4652725519380317,Interpolated (Month),-0.3745078992588375,-0.0055734456706894,True,False,False,False,False,True,False,0,0,12,7633.0,14634.0,6717.0,9383.666666666666,10067.166666666666,2354.193350881207,13632.260949324369,0.058635772303951436
2015,-0.7242068243779014,7509.0,-0.5234636761896891,-0.7543701744538822,-0.5788827543808531,-0.6972329776910782,-0.7801603253526154,Official (Quarter),0.6998933940912163,1.2205846018810202,True,False,False,False,False,False,False,0,0,12,8458.0,12060.0,5198.0,7866.666666666667,9330.5,515.8491381531052,15757.455675066269,-2.491586331632171
2015,-0.7242068243779014,10387.0,0.1678843335411702,-0.1747637708631171,1.5812225074354402,1.4625467874062987,0.8798505197076781,Estimated (Region),-0.5734177174535081,-1.231731493222399,False,True,False,True,False,False,False,0,0,12,7509.0,7633.0,10257.0,8784.666666666666,10113.5,1466.545032835096,8893.860206605672,-0.07096871083094779
2015,-0.7242068243779014,11229.0,0.4312773613571377,1.0721512504052753,-0.2428663803205408,-0.0766066084102227,0.2348633637854728,Official (Quarter),-0.2828364178299893,1.2205846018810202,False,False,False,True,False,False,False,0,0,12,10387.0,8458.0,3940.0,9708.333333333334,9546.0,1950.651515092659,7845.439537555921,1.161099115686096
2015,-0.7242068243779014,13098.0,0.6531190826459873,-0.2255390246685241,-1.298917841652951,-1.3178593469719335,-0.2098713921594808,Interpolated (Month),0.4202665482233461,-0.0055734456706894,False,False,True,False,False,False,True,0,0,12,11229.0,7509.0,9691.0,11571.333333333334,9719.0,1387.5425519000391,7923.204164478764,0.7095560562151373
2015,-0.7242068243779014,9951.0,-0.1455111139938712,0.176927316516026,-1.298917841652951,-1.3013093104577775,-0.6572112415430528,Estimated (Region),1.360619920616122,-1.231731493222399,False,True,False,False,False,False,True,0,0,12,13098.0,10387.0,8058.0,11426.0,10105.333333333334,1582.7220223399747,11645.558137696627,-0.5871949865977302
2015,-0.7242068243779014,14129.0,0.8223760996293319,-1.3311628823430075,1.5812225074354402,1.3384215135501278,1.8658500699915976,Official (Quarter),-1.569408183921025,1.2205846018810202,False,False,True,True,False,False,False,0,0,12,9951.0,11229.0,6612.0,12392.666666666666,11050.5,2176.474749068609,7753.064805269239,-0.5692570285679899
2015,-0.7242068243779014,15110.0,1.2268557671221232,1.503305259582625,0.6211757244059766,0.7591702355546627,1.6924414589253238,Estimated (Region),-0.2263344984587496,-1.231731493222399,False,False,False,False,False,True,False,0,0,12,14129.0,13098.0,11929.0,13063.333333333334,12317.333333333334,2739.6266777306105,6785.351895299176,0.854553601009874
2015,-0.7242068243779014,10279.0,0.251691206028069,0.2671966986472215,1.5812225074354402,1.5121968969487674,0.8749801276267835,Estimated (Region),0.5151090557393557,-1.231731493222399,True,False,False,True,False,False,False,0,0,12,15110.0,9951.0,5689.0,13172.666666666666,12299.333333333334,2553.5407444043776,8212.089332014924,0.10635977576906888
2015,-0.7242068243779014,12380.0,0.6977221800479783,0.882672379344546,0.6211757244059766,0.7343451807834285,0.9901988798195772,Interpolated (Month),1.0213201292898506,-0.0055734456706894,False,True,False,False,False,True,False,0,0,12,10279.0,14129.0,14634.0,12589.666666666666,12491.166666666666,2422.3150772212243,7292.1236145069015,0.508936968905942
2015,-0.7242068243779014,11123.0,0.1373664247924396,-0.6252185098560604,0.6211757244059766,0.7591702355546627,0.6899052285527854,Official (Quarter),-1.629657679577092,1.2205846018810202,True,False,False,False,False,False,True,0,0,12,12380.0,15110.0,12060.0,11260.666666666666,12162.0,1057.243743577269,9779.609945871103,-0.3554053480554316
2015,-0.7242068243779014,15221.0,1.2430537340733725,1.3807183879237288,-1.298917841652951,-1.3178593469719335,0.0976145822965391,Estimated (Region),-1.6726106693031877,-1.231731493222399,False,False,False,False,False,False,False,0,0,12,11123.0,10279.0,7633.0,12908.0,13040.333333333334,2099.4020577297556,6785.8383278044585,-4.343803009340619
2015,-0.7242068243779014,11775.0,0.4592129855194373,-1.3946184054895612,-0.2428663803205408,-0.2421069735517841,0.2486816855033601,Interpolated (Month),-0.0723955956820045,-0.0055734456706894,False,False,True,False,False,True,False,0,0,12,15221.0,12380.0,8458.0,12706.333333333334,12648.0,2202.0302752989724,8069.418321279839,-1.8401256599830325
2015,-0.7242068243779014,6410.0,-0.9176142053367564,-1.327703045604072,-0.2428663803205408,-0.3662322474079552,-0.8654488192343295,Estimated (Region),0.9241714209831782,-1.231731493222399,False,True,False,False,False,False,False,0,0,12,11775.0,11123.0,7509.0,11135.333333333334,11198.0,4440.192600927721,77804.67526229763,-2.094936260442257
2015,-0.7242068243779014,8239.0,-0.4589065615289127,0.4424997323812482,-0.2428663803205408,-0.2421069735517841,-0.4586861317805371,Estimated (Region),1.252516758553801,-1.231731493222399,False,False,True,False,False,False,False,0,0,12,6410.0,15221.0,10387.0,8808.0,10858.0,2727.384644673348,15226.575327322587,0.5838551311851694
2015,-0.7242068243779014,13598.0,1.0425745489086344,1.0604829373348474,0.6211757244059766,0.5274697243564767,1.150525391226704,Official (Quarter),-1.0963487467363089,1.2205846018810202,False,False,False,False,True,False,False,0,0,12,8239.0,11775.0,11229.0,9415.666666666666,11061.0,3735.6718717431936,6657.284556524771,0.6942742762260832
2015,-0.7242068243779014,10522.0,0.2124874309431611,-1.1681201262758854,-0.2428663803205408,-0.3910573021791895,-0.0824200272983935,Estimated (Region),0.5122263047510272,-1.231731493222399,True,False,False,False,True,False,False,0,0,12,13598.0,6410.0,13098.0,10786.333333333334,10960.833333333334,2689.2609269710683,8678.028102786371,-1.9182759403408105
2015,-0.7242068243779014,18488.0,2.1116403676910904,-0.8730941167728844,1.5812225074354402,1.4956468604346111,3.2407164484553244,Interpolated (Month),0.9114873166345324,-0.0055734456706894,False,False,True,False,True,False,False,0,0,12,10522.0,8239.0,9951.0,14202.666666666666,11505.333333333334,4017.275859750397,5941.560661047255,-0.3498468195219082
2015,-0.7242068243779014,10084.0,0.1871340913672926,-1.4173983562752088,0.6211757244059766,0.5357447426135546,0.3130161669440157,Estimated (Region),1.5762496945430982,-1.231731493222399,False,True,False,False,True,False,False,0,0,12,18488.0,13598.0,14129.0,13031.333333333334,11223.5,4730.683812445437,8494.40688573408,-0.9229387651121357
2015,-0.4345240946267408,7896.0,-0.4539767455002717,0.1301929293515536,0.6211757244059766,0.5357447426135546,-0.212051742102672,Interpolated (Month),1.1049199079513787,-0.0055734456706894,False,False,False,False,False,False,True,0,0,12,10084.0,10522.0,15110.0,12156.0,11471.166666666666,5591.735329931125,14460.922561319096,0.08477510991181335
2015,-0.4345240946267408,14717.0,1.4648954553622222,-1.2116715232843251,0.6211757244059766,0.6515949982126477,1.512350216864334,Official (Quarter),-0.3926692304853074,1.2205846018810202,False,True,False,True,False,False,False,0,0,12,7896.0,18488.0,10279.0,10899.0,12550.833333333334,3482.768869735681,5970.638619980458,-0.733637195920061
2015,-0.4345240946267408,13430.0,0.7038257617977244,-0.0210532795008156,0.6211757244059766,0.4116194687573836,1.030407930719987,Interpolated (Month),-0.0891155514143102,-0.0055734456706894,False,False,True,False,False,False,False,0,0,12,14717.0,10084.0,12380.0,12014.333333333334,12522.833333333334,3624.1680884491666,7882.261379725745,-0.014914273971687512
2015,-0.4345240946267408,7602.0,-0.4502206951927356,0.1974646608706898,1.5812225074354402,1.7025223168615629,0.1726525998219516,Official (Quarter),1.5580883633166285,1.2205846018810202,False,True,False,False,False,False,False,0,0,12,13430.0,7896.0,11123.0,11916.333333333334,12036.166666666666,3791.3317361229797,13827.366606069369,0.0730668012022211
2015,-0.4345240946267408,16130.0,1.411841244768275,1.6162591624385758,-0.5788827543808531,-0.7303330507193905,0.7157013168417102,Interpolated (Month),1.6448591680653175,-0.0055734456706894,True,False,False,False,False,True,False,0,0,12,7602.0,14717.0,15221.0,12387.333333333334,11643.166666666666,4358.561842320617,6687.836537744316,5.993538202402148
2015,-0.4345240946267408,4370.0,-1.4178731556717177,-1.4444875707480522,1.5812225074354402,1.7025223168615629,-0.7965271080430639,Official (Quarter),0.2213567300286755,1.2205846018810202,False,False,True,False,False,False,True,0,0,12,16130.0,13430.0,11775.0,9367.333333333334,10690.833333333334,6075.500089155896,-10457.718905095411,-0.5344960749206817
2015,-0.4345240946267408,10733.0,0.1901858822421657,0.4225732398226121,1.5812225074354402,1.4542717691492208,0.974794849052096,Official (Quarter),-1.059449534085703,1.2205846018810202,False,False,False,True,False,False,False,0,0,12,4370.0,7602.0,6410.0,10411.0,11163.666666666666,5886.6087860499065,9017.919099981536,0.17217866624815475
2015,-0.4345240946267408,10974.0,0.3474704888702389,-1.4519748542756092,1.5812225074354402,1.363246568321362,0.9927190245591102,Estimated (Region),1.702802462930722,-1.231731493222399,False,False,True,True,False,False,False,0,0,12,10733.0,16130.0,8239.0,8692.333333333334,10539.833333333334,3745.189492313211,8144.14867757211,-0.6143983762587083
2015,-0.4345240946267408,12077.0,0.7427947837384112,-0.4307474537348694,-0.5788827543808531,-0.6393078498915317,0.0628988806036502,Interpolated (Month),1.294604922983398,-0.0055734456706894,True,False,False,True,False,False,False,0,0,12,10974.0,4370.0,13598.0,11261.333333333334,10314.333333333334,716.5921666703346,6929.674172018135,-1.1942246417210185
2015,-0.4345240946267408,10896.0,0.0845469673427135,0.1919764383062126,-0.2428663803205408,-0.0848816266673007,0.160788098183028,Official (Quarter),0.0994163632223775,1.2205846018810202,True,False,False,False,False,False,True,0,0,12,12077.0,10733.0,10522.0,11315.666666666666,10863.333333333334,660.4864369033509,10046.591183318387,0.20978317548916472
2015,-0.4345240946267408,1504.0,-2.117672278594533,-1.4645492558929532,-1.298917841652951,-1.1689090183445283,-1.8776125688365437,Official (Quarter),1.7013610874365577,1.2205846018810202,False,False,False,False,False,True,False,0,0,12,10896.0,10974.0,18488.0,8159.0,8425.666666666666,5793.570488049658,-1345.6538457688796,8.670639793226862
2015,-0.4345240946267408,8123.0,-0.3173504155636468,1.1949125801442424,1.5812225074354402,1.7356223898898753,0.3426915791578392,Interpolated (Month),-0.0888272763154773,-0.0055734456706894,False,True,False,False,False,True,False,0,0,12,1504.0,12077.0,10084.0,6841.0,9051.166666666666,4825.459459989271,11899.223533120525,0.4367973389018594
2015,-0.4345240946267408,6406.0,-0.7922560263227397,1.1267839662033383,-0.5788827543808531,-0.4324323934645798,-0.8879885407249816,Interpolated (Month),0.8002131284850501,-0.0055734456706894,False,False,False,False,False,False,False,0,0,12,8123.0,10896.0,7896.0,5344.333333333333,8330.0,3434.842402983473,30836.032865877558,1.9852858993865412
2015,-0.4345240946267408,4207.0,-1.3936935818169542,1.5606820866629263,-0.5788827543808531,-0.4241573752075017,-1.3046335935057056,Official (Quarter),0.8959204612975583,1.2205846018810202,False,False,True,False,False,True,False,0,0,12,6406.0,1504.0,14717.0,6245.333333333333,7202.166666666667,1962.9376794318466,-10685.975576701228,2.71025801055507
2015,-0.4345240946267408,10050.0,0.0803214107467354,0.6856585097258129,-0.5788827543808531,-0.5896577403490633,-0.2756783177176161,Estimated (Region),0.4606250620599459,-1.231731493222399,True,False,False,False,False,False,False,0,0,12,4207.0,8123.0,13430.0,6887.666666666667,6864.333333333333,2951.129331854719,9302.787022478135,1.6709429594433625
2015,-0.4345240946267408,3622.0,-1.6441751867007663,1.273555399856651,-1.298917841652951,-1.2102841096299186,-1.5623396302976973,Interpolated (Month),1.7480616534474802,-0.0055734456706894,False,True,False,False,False,False,True,0,0,12,10050.0,6406.0,7602.0,5959.666666666667,5652.0,3554.3883205599923,-5622.694066424045,-6.056355861115685
2015,-0.4345240946267408,9360.0,-0.2856587410938112,-1.321611426717074,1.5812225074354402,1.379796604835518,0.5447845342819405,Interpolated (Month),0.5355765877564884,-0.0055734456706894,True,False,False,False,True,False,False,0,0,12,3622.0,4207.0,16130.0,7677.333333333333,6961.333333333333,3528.9263711975177,13102.981079844369,-0.5553463787752645
2015,-0.4345240946267408,6711.0,-0.906346054414148,0.7038215342841979,0.6211757244059766,0.4364445235286178,-0.5306376799058479,Estimated (Region),1.1328825925381658,-1.231731493222399,False,False,True,False,True,False,False,0,0,12,9360.0,10050.0,4370.0,6564.333333333333,6726.0,2871.810288534617,71657.41878806445,0.48997474163169513
2015,-0.4345240946267408,13489.0,0.68645402912537,-0.7574721484644694,1.5812225074354402,1.7935475176894218,2.0010034502364253,Interpolated (Month),1.3695564486799403,-0.0055734456706894,False,False,False,False,True,False,False,0,0,12,6711.0,3622.0,10733.0,9853.333333333334,7906.5,3415.824107493429,7998.4391907769195,-0.27115062252135386
2015,-0.4345240946267408,11967.0,0.5662604192842156,-0.279845190726969,0.6211757244059766,0.792270308582975,0.9224664504155068,Estimated (Region),1.2856683949195795,-1.231731493222399,False,True,False,False,True,False,False,0,0,12,13489.0,9360.0,10974.0,10722.333333333334,9199.833333333334,3556.292638877357,7640.491870099702,-0.1561400584425367
2015,-0.1448413648755802,12581.0,0.7636878135740807,-0.9940556952071984,0.6211757244059766,0.461269578299852,0.8641633266099128,Estimated (Region),-1.6599265649545418,-1.231731493222399,False,False,True,False,False,False,False,0,0,12,11967.0,6711.0,12077.0,12679.0,9621.666666666666,765.717963743794,7133.348602383796,-0.6802685212702201
2015,-0.1448413648755802,6240.0,-0.8901480874628988,-1.1354661463772238,1.5812225074354402,1.4128966778638303,-0.3285164085487181,Estimated (Region),-1.5688316337233594,-1.231731493222399,False,False,False,True,False,False,False,0,0,12,12581.0,13489.0,10896.0,10262.666666666666,10058.0,3497.2323819462263,56803.74474948272,-0.4705821665693813
2015,-0.1448413648755802,9777.0,0.011538739489981,-0.8994854989254482,-0.2428663803205408,-0.3827822839221114,-0.2216226288662909,Estimated (Region),-1.2644131293558636,-1.231731493222399,True,False,False,False,False,False,False,0,0,12,6240.0,11967.0,1504.0,9532.666666666666,10127.5,3177.5531991350317,9665.472629283158,-1.4573228789368373
2015,-0.1448413648755802,20337.625,2.8210643695269675,-0.1783583031567508,-0.2428663803205408,-0.2338319552947061,2.366735916031983,Interpolated (Month),-0.871494169646681,-0.0055734456706894,False,True,False,False,False,False,True,0,0,12,9777.0,12581.0,8123.0,12118.208333333334,12398.604166666666,7334.623371735476,5322.5025891196165,-0.23279266786094718
2015,-0.1448413648755802,12491.0,0.5312822007952858,0.6019902038379447,-1.298917841652951,-1.259934219172387,-0.2606423979795053,Estimated (Region),-0.4713683324666771,-1.231731493222399,False,False,True,True,False,False,False,0,0,12,20337.625,6240.0,6406.0,14201.875,12232.270833333334,5484.252004318817,8157.216216261563,-2.3159328762278424
2015,-0.1448413648755802,12870.0,0.9104085287122088,1.5685868767068905,1.5812225074354402,1.3880716230925962,1.5446307225167752,Estimated (Region),1.4952443917710656,-1.231731493222399,True,False,False,False,False,True,False,0,0,12,12491.0,9777.0,4207.0,15232.875,12382.770833333334,4424.902786714638,6736.778969823572,0.656842475551693
2015,-0.1448413648755802,6828.0,-0.8490662872242228,-0.467629681175282,0.6211757244059766,0.6184949251843354,-0.4393744608551292,Interpolated (Month),0.6779844865799193,-0.0055734456706894,False,False,False,False,False,False,True,0,0,12,12870.0,20337.625,10050.0,10729.666666666666,11423.9375,3384.2521084182354,45238.402172902766,-0.288928728721236
2015,-0.1448413648755802,7878.0,-0.6030449920806098,-1.4263891602933965,-0.5788827543808531,-0.6889579594340001,-0.7116067251907198,Official (Quarter),-0.1162134107045986,1.2205846018810202,False,False,False,False,False,True,False,0,0,12,6828.0,12491.0,3622.0,9192.0,11696.9375,3228.2174647938336,19846.077874900595,-4.5858404146841725
2015,-0.1448413648755802,3186.0,-1.7021592133233543,1.67474486694519,-1.298917841652951,-1.2930342922006994,-1.6414268691461793,Official (Quarter),-0.5728411672558423,1.2205846018810202,True,False,False,False,False,False,True,0,0,12,7878.0,12870.0,9360.0,5964.0,10598.4375,2462.4353798627712,-4537.4324505698705,-5.715183893215324
2015,-0.1448413648755802,8922.0,-0.2457507065762403,0.9914969439406092,-0.5788827543808531,-0.6062077768632194,-0.4888146037228158,Official (Quarter),0.4418871806358103,1.2205846018810202,True,False,False,True,False,False,False,0,0,12,3186.0,6828.0,6711.0,6662.0,8695.833333333334,3055.227651092454,11828.980255984616,2.517817482637844
2015,-0.1448413648755802,11329.0,0.3655464809752564,0.9520614653397432,-0.2428663803205408,-0.2338319552947061,0.1642709948455284,Estimated (Region),1.2378147285133254,-1.231731493222399,False,False,True,False,False,True,False,0,0,12,8922.0,7878.0,13489.0,7812.333333333333,8502.166666666666,4183.37571027672,8296.312251421108,1.2426274782915974
2015,-0.1448413648755802,792.0,-2.3146301665959563,-0.8567209028878084,-0.5788827543808531,-0.5069075577782824,-1.959276584890615,Interpolated (Month),1.3865646795110789,-0.0055734456706894,False,True,False,False,False,True,False,0,0,12,11329.0,3186.0,11967.0,7014.333333333333,6489.166666666667,5521.4569031491355,-602.4508033698701,-1.7374448065512762
2015,-0.1448413648755802,7201.0,-0.5896640628600125,1.468913657325205,-0.5788827543808531,-0.7137830142052343,-0.8407004315674576,Estimated (Region),-0.7524365538287116,-1.231731493222399,False,False,False,False,False,False,False,0,0,12,792.0,8922.0,12581.0,6440.666666666667,6551.333333333333,5309.488895678494,17549.03567596458,5.13216800619409
2015,-0.1448413648755802,8899.0,-0.2187540949908247,-0.4514731730534837,0.6211757244059766,0.6019448886701793,0.0588779755136094,Estimated (Region),0.8754529292804255,-1.231731493222399,False,True,False,True,False,False,False,0,0,12,7201.0,11329.0,6240.0,5630.666666666667,6721.5,4275.54936041361,11390.779705777128,-0.2818281554169224
2015,-0.1448413648755802,14478.0,1.0343581888608993,-0.4223501054078597,-0.5788827543808531,-0.7220580324623124,0.4327655164213624,Official (Quarter),-0.5961914502613037,1.2205846018810202,False,True,False,False,False,False,False,0,0,12,8899.0,792.0,9777.0,10192.666666666666,8603.5,3807.0805525143905,7116.740837122043,-1.5195621918830629
2015,-0.1448413648755802,7006.0,-0.7208910704795543,0.2166222455949437,-0.5788827543808531,-0.457257448235814,-0.7827371025582051,Official (Quarter),-0.3145466787016035,1.2205846018810202,False,False,True,False,False,False,True,0,0,12,14478.0,7201.0,20337.625,10127.666666666666,8284.166666666666,3884.5736359777343,25101.310846763092,0.3991252296154274
2015,-0.1448413648755802,8199.0,-0.4466993980294205,-1.2856308145394728,1.5812225074354402,1.7935475176894218,0.389979688315363,Estimated (Region),0.3868266367587348,-1.231731493222399,False,False,True,False,True,False,False,0,0,12,7006.0,8899.0,12491.0,9894.333333333334,7762.5,4014.139052565727,14818.346430130872,-0.46021440709296907
2015,-0.1448413648755802,15474.0,1.3219307905316302,0.3174490752439859,-0.2428663803205408,-0.2752070465800964,0.962392338985632,Official (Quarter),-0.1969304383777983,1.2205846018810202,True,False,False,False,True,False,False,0,0,12,8199.0,14478.0,12870.0,10226.333333333334,10209.5,4583.592077544999,6664.2813227249835,0.4379858740984118
2015,-0.1448413648755802,10855.0,0.3547478363410901,0.8683558820843389,0.6211757244059766,0.4860946330710862,0.4703694738831542,Estimated (Region),-0.9859393838833248,-1.231731493222399,False,True,False,False,True,False,False,0,0,12,15474.0,7006.0,6828.0,11509.333333333334,10818.5,3681.3747884904756,8012.561237460426,0.5843207173757431
2015,-0.1448413648755802,11466.0,0.2634288632391192,-0.5323521377865021,1.5812225074354402,1.7604474446611094,1.3654455999126962,Estimated (Region),-0.0706659450890074,-1.231731493222399,False,False,False,False,True,False,False,0,0,12,10855.0,8199.0,7878.0,12598.333333333334,11246.333333333334,2509.068419420505,9075.30319562592,-0.19284994496675056
2015,0.1448413648755802,4405.0,-1.4516776084395424,-1.203174271612318,-1.298917841652951,-1.350959420000246,-1.4764281792893574,Official (Quarter),-1.1542920416017126,1.2205846018810202,False,False,True,False,False,False,False,1,0,12,11466.0,15474.0,3186.0,8908.666666666666,9567.5,3912.235976182068,-9752.531269412295,3.428243275565804
2015,0.1448413648755802,113.0,-2.4737927983777976,1.499032279199831,1.5812225074354402,1.7273473716327972,-2.0729096280338157,Interpolated (Month),1.6281392123330125,-0.0055734456706894,False,False,False,False,False,False,False,1,0,12,4405.0,10855.0,8922.0,5328.0,8418.666666666666,5732.503728738419,-76.67292181396122,0.5496301258839633
2015,0.1448413648755802,12155.0,0.6282352493585608,0.2508587740034129,-0.5788827543808531,-0.6227578133773755,0.0872225247750953,Interpolated (Month),1.702514187831889,-0.0055734456706894,False,False,True,False,False,False,True,1,0,12,113.0,11466.0,11329.0,5557.666666666667,9078.0,6103.189439410612,7465.137488448571,0.6649807017855092
2015,0.1448413648755802,12003.0,0.7089903309705865,0.202096001013399,1.5812225074354402,1.603222097776626,1.4311958930047748,Estimated (Region),-0.7417703751718959,-1.231731493222399,True,False,False,False,False,False,True,1,0,12,12155.0,4405.0,792.0,8090.333333333333,8499.5,6908.991339792898,7023.445236921346,0.07763302300868076
2015,0.1448413648755802,5673.0,-1.012219722457821,-0.000814651118009,0.6211757244059766,0.4447195417856959,-0.772033566473448,Estimated (Region),0.1478465798262973,-1.231731493222399,False,False,True,True,False,False,False,1,0,12,12003.0,113.0,7201.0,9943.666666666666,7635.833333333333,3699.286597890635,-464249.4966298565,-0.000563881843116816
2015,0.1448413648755802,10346.0,0.1364274122155556,1.193903109031359,-1.298917841652951,-1.37578447477148,-0.6392304335699822,Official (Quarter),1.0409228360104847,1.2205846018810202,False,True,False,True,False,False,False,1,0,12,5673.0,12155.0,8899.0,9340.666666666666,7449.166666666667,3282.5670340959164,9103.969060223259,-3.177095354344771
2015,0.1448413648755802,10194.0,0.0387701042196175,1.6829071193409375,-1.298917841652951,-1.384059493028558,-0.6651114705579925,Interpolated (Month),-0.3338611103234048,-0.0055734456706894,True,False,False,True,False,False,False,1,0,12,10346.0,12003.0,14478.0,8737.666666666666,8414.0,2655.167100830615,9813.528478140315,-4.38189173784021
2015,0.1448413648755802,6089.0,-0.907285066991032,-1.08423859384571,1.5812225074354402,1.479096823920455,-0.3508862326411994,Official (Quarter),-0.2384420526097295,1.2205846018810202,True,False,False,False,False,False,False,1,0,12,10194.0,5673.0,7006.0,8876.333333333334,9410.0,2415.0975825695436,65674.42592458142,-0.4373522580417373
2015,0.1448413648755802,10192.0,-0.0537226346034583,-0.0610121323418902,1.5812225074354402,1.5783970430053915,0.8843811169922318,Estimated (Region),-1.5310675957762552,-1.231731493222399,False,False,False,True,False,False,False,1,0,12,6089.0,10346.0,8199.0,8825.0,9082.833333333334,2369.445715774033,10770.626428044168,-0.02366281504526323
2015,0.1448413648755802,11159.0,0.2589685534989201,1.316969616152556,-0.2428663803205408,-0.2752070465800964,0.1065058794674751,Estimated (Region),1.114721261311696,-1.231731493222399,False,True,False,False,False,False,True,1,0,12,10192.0,10194.0,15474.0,9146.666666666666,8942.166666666666,2691.79611659822,8863.605027295522,1.817028725153153
2015,0.1448413648755802,18301.0,2.077601161779045,-0.4235320464745438,-0.5788827543808531,-0.5896577403490633,1.227772074928336,Estimated (Region),-0.667683674771852,-1.231731493222399,False,True,False,False,False,False,False,1,0,12,11159.0,6089.0,10855.0,13217.333333333334,11046.833333333334,4429.054338494092,5946.514521531076,-1.0321433791265544
2015,0.1448413648755802,9377.0,-0.2337782962209691,-1.165609619830208,-0.2428663803205408,-0.3579572291508772,-0.2868065972978001,Official (Quarter),1.1075143838408743,1.2205846018810202,False,True,False,False,False,True,False,1,0,12,18301.0,10192.0,11466.0,12945.666666666666,10885.333333333334,4722.66633728589,12237.972317610327,-1.8154703592233439
2015,0.1448413648755802,6558.0,-0.947427854652824,1.709285578672756,0.6211757244059766,0.5440197608706328,-0.5303828338085916,Official (Quarter),1.0913709783062346,1.2205846018810202,False,False,False,False,False,True,False,1,0,12,9377.0,11159.0,4405.0,11412.0,10279.333333333334,6130.288003022367,124742.86443309985,1.10703607686273
2015,0.1448413648755802,8461.0,-0.4394220505585693,0.6360935277864179,0.6211757244059766,0.7260701625263504,0.0061814658476499,Official (Quarter),0.3502156992069621,1.2205846018810202,False,False,False,False,False,False,True,1,0,12,6558.0,18301.0,113.0,8132.0,10674.666666666666,1438.0093880082604,15093.351439225682,0.36852124646857004
2015,0.1448413648755802,6676.0,-0.706571128682073,1.2762855942550086,0.6211757244059766,0.7426201990405065,-0.4339377441136651,Estimated (Region),-0.8181632763626027,-1.231731493222399,True,False,False,False,False,True,False,1,0,12,8461.0,9377.0,12155.0,7231.666666666667,10088.666666666666,1066.2674773869855,22751.680739577343,0.7323945831442426
2015,0.1448413648755802,16092.0,1.5205319505426005,-1.2911250014827558,0.6211757244059766,0.5274697243564767,1.7479695918941294,Interpolated (Month),-0.4543601016355386,-0.0055734456706894,False,False,True,False,False,True,False,1,0,12,6676.0,6558.0,12003.0,10409.666666666666,10910.833333333334,5001.323858073308,6384.366600286833,-0.845270437046932
2015,0.1448413648755802,6812.0,-0.8725416016463233,0.8078442769100189,1.5812225074354402,1.7852724994323437,-0.0353018155390402,Estimated (Region),-1.08337636728883,-1.231731493222399,False,True,False,False,True,False,False,1,0,12,16092.0,8461.0,5673.0,9860.0,8996.0,5397.498679944251,53444.88937557327,0.29004137910192374
2015,0.1448413648755802,7413.0,-0.7300464431041734,1.363336199957337,-0.2428663803205408,-0.2090069005234718,-0.6113389440369518,Official (Quarter),0.6390673482374837,1.2205846018810202,False,False,True,False,True,False,False,1,0,12,6812.0,6676.0,10346.0,10105.666666666666,8668.666666666666,5193.018422202378,27460.27903925945,1.7235753394809388
2015,0.1448413648755802,12251.0,0.4547526757792382,-0.7430960074162044,-0.2428663803205408,-0.3496822108937991,0.2762616964730777,Estimated (Region),1.3920419063889031,-1.231731493222399,True,False,False,False,True,False,False,1,0,12,7413.0,16092.0,10194.0,8825.333333333334,9617.5,2981.8944202190064,8421.362753938743,-1.142665970182852
2015,0.1448413648755802,3489.0,-1.6683547605555298,0.3894769018291859,-0.5788827543808531,-0.6393078498915317,-1.4800809733500284,Interpolated (Month),0.300344107108878,-0.0055734456706894,False,False,False,False,True,False,False,1,0,12,12251.0,6812.0,6089.0,7717.666666666667,8788.833333333334,4388.938064422101,-5220.281512022116,1.0798042089689541
2015,0.4345240946267408,16705.0,1.9531819953419125,0.4368569329993871,-0.2428663803205408,-0.3745072656650333,1.1214446199064776,Estimated (Region),1.5407918573866568,-1.231731493222399,False,False,True,True,False,False,False,1,0,12,3489.0,7413.0,10192.0,10815.0,10460.333333333334,6724.004461628499,5656.610404082438,0.6984204756013033
2015,0.4345240946267408,10293.0,-0.0039549680286053,-0.1608677623087197,0.6211757244059766,0.4695445965569301,0.3281936678472689,Official (Quarter),-1.1000963230211358,1.2205846018810202,False,True,False,False,False,True,False,1,0,12,16705.0,12251.0,11159.0,10162.333333333334,9493.833333333334,6608.968855527561,10333.870125959931,-0.10946776483383006
2015,0.4345240946267408,5021.0,-1.241338791217522,1.5608028653337445,-0.5788827543808531,-0.6806829411769221,-1.215494091932121,Official (Quarter),0.3176406130388494,1.2205846018810202,True,False,False,False,False,False,False,1,0,12,10293.0,3489.0,18301.0,10673.0,9195.333333333334,5851.261744273618,-20804.778107446902,4.88794075420358
2015,0.4345240946267408,10516.0,0.2249293475868744,1.4745743498434836,0.6211757244059766,0.7012451077551162,0.506019611265982,Interpolated (Month),-1.1825430012873326,-0.0055734456706894,False,False,False,True,False,False,False,1,0,12,5021.0,16705.0,9377.0,8610.0,9712.5,3110.1644651046836,8584.984938695972,0.8667618458513973
2015,0.4345240946267408,787.0,-2.2916243584622977,-0.4741566997151036,-0.5788827543808531,-0.5482826490636729,-1.961881678329233,Estimated (Region),0.4770567426934187,-1.231731493222399,False,True,False,False,False,False,True,1,0,12,10516.0,10293.0,6558.0,5441.333333333333,7801.833333333333,4878.101099129985,-609.3102803797675,-1.0496756406019467
2015,0.4345240946267408,17528.0,1.8750091983163175,0.8272473952284454,0.6211757244059766,0.792270308582975,2.3302079754252727,Interpolated (Month),1.4914968154862385,-0.0055734456706894,False,False,False,False,False,True,False,1,0,12,787.0,5021.0,8461.0,9610.333333333334,10141.666666666666,8407.16624870314,6096.676146380633,0.4615639679276353
2015,0.4345240946267408,9782.0,-0.2006781028858074,0.573588328996256,0.6211757244059766,0.4778196148140081,0.2114458390709385,Interpolated (Month),1.614302007589035,-0.0055734456706894,False,True,False,False,False,False,False,1,0,12,17528.0,10516.0,6676.0,9365.666666666666,8987.833333333334,8378.261772786362,12237.87317139208,0.38813148996431834
2015,0.4345240946267408,6904.0,-0.8366243705805096,1.425695271466756,-0.5788827543808531,-0.5482826490636729,-0.8342726466699978,Estimated (Region),-0.323483206765422,-1.231731493222399,True,False,False,False,False,False,True,1,0,12,9782.0,787.0,16092.0,11404.666666666666,8423.0,5494.736511729502,42258.444692953504,3.156166723530879
2015,0.4345240946267408,6084.0,-0.9190227242020824,0.4956890685083054,-1.298917841652951,-1.243384182658231,-1.2024969409720592,Official (Quarter),0.1671610114480986,1.2205846018810202,True,False,False,False,False,True,False,1,0,12,6904.0,17528.0,6812.0,7590.0,8600.166666666666,1942.0988646307064,75132.18912405617,-2.0366527647541095
2015,0.4345240946267408,13292.0,0.780824793102214,-0.5278783566505796,1.5812225074354402,1.6859722803474069,1.8676339926723908,Interpolated (Month),-0.1459057458843828,-0.0055734456706894,False,True,False,True,False,False,False,1,0,12,6084.0,9782.0,7413.0,8760.0,9062.833333333334,3946.1839794920743,7463.957179552294,-0.19653157276154135
2015,0.4345240946267408,4085.0,-1.5225730579942858,1.02758392087358,-1.298917841652951,-1.259934219172387,-1.5031303870351929,Estimated (Region),0.1351624754776516,-1.231731493222399,False,False,True,False,False,True,False,1,0,12,13292.0,6904.0,12251.0,7820.333333333333,9612.5,4842.866127959064,-7817.088802241061,-3.9532460333438886
2015,0.4345240946267408,13321.0,0.641381425434937,0.2477672376557362,-1.298917841652951,-1.2268341461440748,-0.1153234900774611,Interpolated (Month),1.3228558826690178,-0.0055734456706894,False,False,True,False,False,False,False,1,0,12,4085.0,6084.0,3489.0,10232.666666666666,8911.333333333334,5324.055252655937,8115.724836151458,-1.0922836877405822
2015,0.4345240946267408,14575.0,1.378741051433113,1.008698709448125,1.5812225074354402,1.3963466413496743,2.034586502608176,Estimated (Region),-0.6319375625165778,-1.231731493222399,False,False,True,False,False,False,True,1,0,12,13321.0,13292.0,16705.0,10660.333333333334,9710.166666666666,5728.820588335201,6127.190679800578,0.4209318852467872
2015,0.4345240946267408,15381.0,1.3533877118572448,-1.3410249826984102,-1.298917841652951,-1.1689090183445283,0.23840289291403,Estimated (Region),1.1916907127000684,-1.231731493222399,False,False,False,False,False,False,True,1,0,12,14575.0,4085.0,10293.0,14425.666666666666,11123.0,1038.0873437882553,6535.6846738447675,7.939333233013557
2015,0.4345240946267408,10222.0,0.110839319495466,-0.3467863962539496,-1.298917841652951,-1.4006095295427143,-0.669840281473745,Official (Quarter),-0.5506439846457124,1.2205846018810202,False,False,False,False,False,False,False,1,0,12,15381.0,13321.0,5021.0,13392.666666666666,11812.666666666666,2775.293558046307,9202.050936262094,0.8656468972413051
2015,0.4345240946267408,8920.0,-0.1572487712049215,-1.2134091456430836,0.6211757244059766,0.5026446695852423,0.0185273434480574,Interpolated (Month),0.788393849432903,-0.0055734456706894,True,False,False,True,False,False,False,1,0,12,10222.0,14575.0,10516.0,11507.666666666666,11084.0,3416.992000771042,10584.380888715343,-0.8075156889738988
2015,0.4345240946267408,6575.0,-0.8788799365402905,1.1223305633616685,-1.298917841652951,-1.384059493028558,-1.176984015013419,Estimated (Region),1.2179237466938584,-1.231731493222399,True,False,False,False,True,False,False,1,0,12,8920.0,15381.0,787.0,8572.333333333334,11499.0,1848.190015483588,54284.97816290502,-2.9222830934638924
2015,0.4345240946267408,19783.0,2.1550696993719765,1.2993066053507245,-0.2428663803205408,-0.0931566449243788,2.0019662021593927,Estimated (Region),0.2447070130341369,-1.231731493222399,False,False,False,False,True,False,False,1,0,12,6575.0,10222.0,17528.0,11759.333333333334,12576.0,7046.9267296697,6270.225980724879,1.4327795402353432
2015,0.4345240946267408,14376.0,1.2796752245718492,-1.7188892553721384,-1.298917841652951,-1.3261343652290116,-0.0308561669535726,Interpolated (Month),-0.3327080099280734,-0.0055734456706894,False,True,False,False,True,False,False,1,0,12,19783.0,8920.0,9782.0,13578.0,12542.833333333334,6640.061671400349,6306.161441351799,5.270494123381122
2015,0.4345240946267408,10073.0,-0.0546616471803423,1.3948137061365533,1.5812225074354402,1.5121968969487674,0.8152328759367383,Interpolated (Month),0.1700437624364272,-0.0055734456706894,False,False,True,False,True,False,False,1,0,12,14376.0,6575.0,6904.0,14744.0,11658.166666666666,4865.448900152997,10655.444127444205,0.5552167140364869
2015,0.7242068243779014,14196.0,1.1430488946352244,-0.3105711851766531,1.5812225074354402,1.594947079519548,2.07159581917637,Estimated (Region),-0.201542839959124,-1.231731493222399,False,False,False,False,False,False,True,1,0,12,10073.0,19783.0,6084.0,12881.666666666666,12320.5,2434.0411527608376,6624.207238359043,-0.11968305158429478
2015,0.7242068243779014,5111.0,-1.2838291103215238,-0.8889553881437949,-0.5788827543808531,-0.5069075577782824,-1.1539346013282548,Interpolated (Month),1.2499222826643053,-0.0055734456706894,True,False,False,False,False,False,True,1,0,12,14196.0,14376.0,13292.0,9793.333333333334,11685.666666666666,4548.952223681102,-18007.314310396912,-1.8028169000896566
2015,0.7242068243779014,10783.0,0.1338451276291245,0.1931027118373761,-0.2428663803205408,-0.1924568640093157,0.0777082704775336,Estimated (Region),1.1599804518284542,-1.231731493222399,False,True,False,False,False,False,True,1,0,12,5111.0,10073.0,4085.0,10030.0,12387.0,4589.069949347026,9510.11715554778,0.23912371145410083
2015,0.7242068243779014,7812.0,-0.4544462517887137,-0.1579129096420094,0.6211757244059766,0.6267699434414135,-0.195713275645252,Estimated (Region),-0.1853994344244841,-1.231731493222399,False,False,True,False,False,False,True,1,0,12,10783.0,14196.0,13321.0,7902.0,10391.833333333334,2837.0708486042195,14319.395706863528,-0.09707144533783704
2015,0.7242068243779014,6086.0,-1.0286524425532917,-1.696747990150279,1.5812225074354402,1.3880716230925962,-0.3801652175926243,Official (Quarter),1.4032846352433843,1.2205846018810202,False,True,False,False,False,False,False,1,0,12,7812.0,5111.0,14575.0,8227.0,9010.166666666666,2375.8411142161576,-212407.72016837425,-0.7105096738903331
2015,0.7242068243779014,13742.0,0.7373954614213281,-0.9627148727089482,-0.5788827543808531,-0.6558578864056878,0.3503652783085509,Interpolated (Month),0.6139874146390253,-0.0055734456706894,True,False,False,True,False,False,False,1,0,12,6086.0,10783.0,15381.0,9213.333333333334,9621.666666666666,4015.7670915197787,7909.540634322797,-2.7974340677288714
2015,0.7242068243779014,10844.0,0.3357328316591887,-1.2475204220966314,-1.298917841652951,-1.1937340731157626,-0.4672376341551312,Interpolated (Month),-0.0239653790780847,-0.0055734456706894,False,False,False,False,False,False,False,1,0,12,13742.0,7812.0,10222.0,10224.0,9063.0,3865.473321599816,8118.3899526749365,6.439344416979226
2015,0.7242068243779014,3159.0,-1.6505135215947335,0.0939871618740331,-0.2428663803205408,-0.3496822108937991,-1.492426850950436,Interpolated (Month),-0.7682916842645187,-0.0055734456706894,False,True,False,False,False,True,False,1,0,12,10844.0,6086.0,8920.0,9248.333333333334,8737.666666666666,5468.965746220507,-4856.163469524374,0.14452497447933785
2015,0.7242068243779014,7705.0,-0.6828610611157514,-0.0925796012347607,-0.2428663803205408,-0.2172819187805499,-0.5556975461360325,Official (Quarter),-1.4829256542711684,1.2205846018810202,False,False,True,False,False,True,False,1,0,12,3159.0,13742.0,6575.0,7236.0,8224.666666666666,3863.906960577577,24295.345210864252,-0.11827962513722003
2015,0.7242068243779014,12851.0,0.8909240177418652,-0.3531155962300454,1.5812225074354402,1.6528722073190945,1.7139051635608944,Estimated (Region),-1.0012179641214662,-1.231731493222399,True,False,False,False,False,False,False,1,0,12,7705.0,10844.0,19783.0,7905.0,9064.5,4849.094348432484,6796.148274295346,-0.13310690023282065
2015,0.7242068243779014,15086.0,1.0503214026679275,-1.3727882820287385,0.6211757244059766,0.7343451807834285,1.6671833790639394,Official (Quarter),-1.0926011704514815,1.2205846018810202,True,False,False,False,False,True,False,1,0,12,12851.0,3159.0,14376.0,11880.666666666666,10564.5,3784.96371625056,7357.870810093351,-0.7915311768610159
2015,0.7242068243779014,14984.0,1.0977415378005706,-1.1020367972338063,-1.298917841652951,-1.2020090913728405,0.1524064932066045,Interpolated (Month),1.5627007648979538,-0.0055734456706894,False,False,True,False,False,False,False,1,0,12,15086.0,7705.0,10073.0,14307.0,10771.5,1261.9639456022312,7142.920007061666,5.4553821798040705
2015,0.7242068243779014,11231.0,0.3855004982340417,-0.8377566634431761,-0.2428663803205408,-0.3662322474079552,0.0683072811120859,Interpolated (Month),1.178141783054924,-0.0055734456706894,False,True,False,True,False,False,False,1,0,12,14984.0,12851.0,14196.0,13767.0,10836.0,2196.8324924763706,8106.095966269971,-1.3218669773222724
2015,0.7242068243779014,8761.0,-0.3889501245510533,0.2935254548223247,-0.5788827543808531,-0.5979327586061413,-0.5142708972153992,Estimated (Region),1.3779164265460933,-1.231731493222399,False,False,False,True,False,False,False,1,0,12,11231.0,15086.0,5111.0,11658.666666666666,11769.666666666666,3133.465546855948,14337.618502193744,0.7300407111127758
2015,0.7242068243779014,7909.0,-0.5727618364761001,-0.4139711472488343,-0.2428663803205408,-0.2090069005234718,-0.5112693765143829,Official (Quarter),-0.7829937143049943,1.2205846018810202,False,False,False,False,False,True,False,1,0,12,8761.0,14984.0,10783.0,9300.333333333334,11803.666666666666,1725.4220739671825,18511.923033199648,-0.5233562056644951
2015,0.7242068243779014,5573.0,-1.1800682205758397,0.8742730428912673,1.5812225074354402,1.4211716961209084,-0.5162530335273913,Official (Quarter),1.396366032871396,1.2205846018810202,False,False,True,True,False,False,False,1,0,12,7909.0,11231.0,7812.0,7414.333333333333,10590.666666666666,1650.5627323228844,-30949.38119662713,0.3610950203539831
2015,0.7242068243779014,9613.0,0.0577851089015189,1.0478682761605642,-0.5788827543808531,-0.5979327586061413,-0.3594094187827651,Official (Quarter),-1.6325404305654203,1.2205846018810202,False,True,False,False,True,False,False,1,0,12,5573.0,8761.0,6086.0,7698.333333333333,9678.5,2028.2222100482952,9087.857182998954,2.606201570980733
2015,0.7242068243779014,12372.0,0.4085063063677002,-1.4375017920717503,0.6211757244059766,0.4943696513281643,0.8358187773484269,Interpolated (Month),-1.6184149507226109,-0.0055734456706894,False,False,False,False,True,False,False,1,0,12,9613.0,7909.0,13742.0,9186.0,9243.166666666666,3419.553625840642,8783.773238406931,-0.9619452528322754
2015,0.7242068243779014,1706.0,-2.0787032566538466,-0.7930243194311865,0.6211757244059766,0.6764200529838819,-1.6852320816412032,Estimated (Region),-0.2963853474751335,-1.231731493222399,True,False,False,False,True,False,False,1,0,12,12372.0,5573.0,10844.0,7897.0,7655.666666666667,5536.188309658538,-1581.5285524325172,-0.473046309616538
2015,0.7242068243779014,8924.0,-0.3797947519264341,1.7333409124597117,1.5812225074354402,1.570122024748314,0.508426491073401,Official (Quarter),0.3493508739104635,1.2205846018810202,False,False,True,False,True,False,False,1,0,12,1706.0,9613.0,3159.0,7667.333333333333,7682.833333333333,5442.91257814538,14388.785047722582,0.6744196951619267
2015,1.013889554129062,5675.0,-0.9847536045839635,1.6435213438967875,1.5812225074354402,1.7852724994323437,-0.3810996532825635,Estimated (Region),-0.0698011197925088,-1.231731493222399,False,False,False,False,False,False,False,1,0,12,8924.0,12372.0,7705.0,5435.0,7310.5,3614.980082932659,372219.1275474153,0.5900756009445208
2015,1.013889554129062,12831.0,0.8716742599157429,0.6819973752021812,-1.298917841652951,-1.3426844017431678,-0.2648898329337739,Official (Quarter),0.3314778177828265,1.2205846018810202,True,False,False,False,False,False,True,1,0,12,5675.0,1706.0,12851.0,9143.333333333334,8520.166666666666,3583.038421972784,6855.359543480399,-1.9901617106964755
2015,1.013889554129062,10384.0,0.0202246058261581,-1.3155262692404488,1.5812225074354402,1.3549715500642838,0.8216606608341981,Official (Quarter),0.698452018597052,1.2205846018810202,False,True,False,True,False,False,False,1,0,12,12831.0,8924.0,15086.0,9630.0,8648.666666666666,3637.0965068306746,10178.150909809941,-0.5586166292346669
2015,1.013889554129062,10786.0,0.1188209263989802,-1.650109530078267,-0.5788827543808531,-0.457257448235814,-0.0682619107841647,Official (Quarter),-1.6365762819490806,1.2205846018810202,False,True,False,False,False,False,False,1,0,12,10384.0,5675.0,14984.0,11333.666666666666,8384.333333333334,1312.2142863622792,9640.50613060631,-3.0403172272278676
2015,1.013889554129062,9719.0,-0.1443373482727662,1.7013102101462565,-0.2428663803205408,-0.0931566449243788,-0.0883098037683128,Interpolated (Month),-1.573732310403518,-0.0055734456706894,False,False,False,False,False,True,False,1,0,12,10786.0,12831.0,11231.0,10296.333333333334,9719.833333333334,538.8750628236965,11358.44830948424,1.876079480126295
2015,1.013889554129062,6202.0,-0.9007119789528439,1.5244325804074972,-1.298917841652951,-1.235109164401153,-1.182307466822769,Estimated (Region),-0.9666249522615236,-1.231731493222399,False,False,True,False,False,False,False,1,0,12,9719.0,10384.0,8761.0,8902.333333333334,9266.166666666666,2398.63968393196,62464.73577164368,-6.48393517237145
2015,1.013889554129062,15787.0,1.3815580891637655,0.4426095763575881,-0.2428663803205408,-0.109706681438535,1.1585955176398142,Estimated (Region),0.4202665482233461,-1.231731493222399,False,True,False,False,False,False,True,1,0,12,6202.0,10786.0,7909.0,10569.333333333334,10951.5,4848.747913980809,6628.853636546517,0.4971502842150452
2015,1.013889554129062,12482.0,0.783172324544424,0.5570481125046174,-1.298917841652951,-1.243384182658231,-0.2513829897791997,Official (Quarter),1.2274368249553425,1.2205846018810202,False,False,False,True,False,False,False,1,0,12,15787.0,9719.0,5573.0,11490.333333333334,10893.333333333334,4868.840553287124,6999.884323120021,-2.288760536615663
2015,1.013889554129062,12070.0,0.3669549998405824,0.3634945766563868,-0.2428663803205408,-0.3248571561225649,0.2564403333531575,Official (Quarter),-0.363553445503189,1.2205846018810202,False,False,True,False,False,True,False,1,0,12,12482.0,6202.0,9613.0,13446.333333333334,11174.333333333334,2037.5171982914176,8829.844436289148,0.5383965481568154
2015,1.013889554129062,9615.0,0.0021486137211408,-0.0110813351690723,-0.2428663803205408,-0.1759068274951595,-0.1507470975960615,Official (Quarter),-0.2061552415404497,1.2205846018810202,True,False,False,False,False,True,False,1,0,12,12070.0,15787.0,12372.0,11389.0,10979.166666666666,1550.0783851147435,9594.385371943928,-0.013446701827889748
2015,1.013889554129062,13930.0,0.974026630796101,-0.4019812547544599,1.5812225074354402,1.5783970430053915,1.9814652494467893,Estimated (Region),-1.5477875515085608,-1.231731493222399,False,False,True,True,False,False,False,1,0,12,9615.0,12482.0,1706.0,11871.666666666666,11681.0,2164.326300106635,7056.64238905541,-0.155903550946486
2015,1.013889554129062,3356.0,-1.6303247511917272,1.4841382312585958,0.6211757244059766,0.4860946330710862,-1.3101269427132265,Interpolated (Month),0.2545083663944539,-0.0055734456706894,False,False,False,False,False,False,True,1,0,12,13930.0,12070.0,8924.0,8967.0,11206.666666666666,5316.699822258153,-5324.239598167388,0.9986835281085381
2015,1.013889554129062,7097.0,-0.7633813895835561,-0.4975410408864069,0.6211757244059766,0.7012451077551162,-0.3435240120538004,Official (Quarter),-0.6823857048123276,1.2205846018810202,False,False,True,False,False,False,True,1,0,12,3356.0,9615.0,5675.0,8127.666666666667,9758.333333333334,5361.816327825226,29993.41424374619,-0.2924570002396297
2015,1.013889554129062,20240.0,2.487949657877361,0.9471686865927132,-0.5788827543808531,-0.6972329776910782,1.469337858894107,Estimated (Region),-1.4503505681030555,-1.231731493222399,True,False,False,True,False,False,False,1,0,12,7097.0,13930.0,12831.0,10231.0,11051.333333333334,8867.571877351766,5802.836045608906,3.1283746802063868
2015,1.013889554129062,8150.0,-0.4908329891429694,0.7866185438348512,-1.298917841652951,-1.4006095295427143,-0.9611293706374876,Interpolated (Month),-0.619541733266765,-0.0055734456706894,False,True,False,False,False,True,False,1,0,12,20240.0,3356.0,10384.0,11829.0,10398.0,7303.142679696182,16006.53582462444,-1.9635542487787456
2015,1.013889554129062,7750.0,-0.5837952342544873,-1.4163704949943412,-0.5788827543808531,-0.448982429978736,-0.6388340063075838,Estimated (Region),-1.2370269949667425,-1.231731493222399,True,False,False,False,False,False,False,1,0,12,8150.0,7097.0,10786.0,12046.666666666666,10087.166666666666,7098.452883081867,18620.642140216907,-2.570463397273671
2015,1.013889554129062,20337.625,2.340289930162349,-0.8225305984150839,1.5812225074354402,1.6114971160337042,3.9531528714513153,Estimated (Region),-1.5322206961715867,-1.231731493222399,True,False,False,False,True,False,False,1,0,12,7750.0,20240.0,9719.0,12079.208333333334,11155.104166666666,7154.7945030034425,6088.580759518538,-0.31496515671605596
2015,1.013889554129062,14212.0,1.266059542207031,1.2033690752277433,0.6211757244059766,0.5357447426135546,1.3036595794446022,Official (Quarter),1.1570977008401258,1.2205846018810202,False,True,False,False,True,False,False,1,0,12,20337.625,8150.0,6202.0,14099.875,12964.4375,6294.561525386419,6271.679863344723,0.7835736251193872
2015,1.013889554129062,9702.0,-0.1607700683682365,0.1503883159880183,0.6211757244059766,0.7674452538117407,0.3367168539888346,Estimated (Region),0.8226985861940129,-1.231731493222399,False,False,False,False,True,False,False,1,0,12,14212.0,7750.0,15787.0,14750.541666666666,13398.604166666666,5338.22537274405,11560.598155902087,0.08508796278905106
2015,1.013889554129062,11024.0,0.3195348647079394,0.5788046752935024,0.6211757244059766,0.4778196148140081,0.5058213976347831,Interpolated (Month),1.4528679522426358,-0.0055734456706894,False,False,True,False,True,False,False,1,0,12,9702.0,20337.625,12482.0,11646.0,11862.604166666666,2318.445168642107,8354.459055873456,0.39166124843074857
2015,1.3035722838802226,7717.0,-0.6291025910891413,0.1332476853632617,-0.2428663803205408,-0.2090069005234718,-0.5500059832973125,Interpolated (Month),0.2965965308240509,-0.0055734456706894,False,False,False,True,False,False,False,1,0,12,11024.0,14212.0,12070.0,9481.0,11790.4375,1664.5398763621938,20806.29256122601,0.16845619190792407
2015,1.3035722838802226,7548.0,-0.4934152737294004,1.589917483442727,-0.2428663803205408,-0.117981699695613,-0.5488450177431459,Interpolated (Month),1.090217877910903,-0.0055734456706894,False,False,False,False,False,True,False,1,0,12,7717.0,9702.0,9615.0,8763.0,11756.770833333334,1959.905865086343,14899.778079704927,1.8025901309463104
2015,1.3035722838802226,13281.0,0.9423349563262652,0.631354828825204,-0.2428663803205408,-0.2007318822663938,0.5781693730224918,Interpolated (Month),0.8936142605068954,-0.0055734456706894,False,True,False,False,False,False,True,1,0,12,7548.0,11024.0,13930.0,9515.333333333334,10580.666666666666,3262.2575516554784,6837.646594756087,0.7899161930985877
2015,1.3035722838802226,7449.0,-0.6950682246152436,-1.086345013627294,0.6211757244059766,0.7260701625263504,-0.2465692301643618,Interpolated (Month),-0.4990427419546313,-0.0055734456706894,True,False,False,False,False,False,True,1,0,12,13281.0,7717.0,3356.0,9426.0,9453.5,3338.894877051367,24428.415144997638,-0.6293747712070249
2015,1.3035722838802226,12029.0,0.3894913016857989,1.3297388541442228,0.6211757244059766,0.7674452538117407,0.9228345614448769,Interpolated (Month),-1.6091901475599593,-0.0055734456706894,False,True,False,False,False,False,False,1,0,12,7449.0,7548.0,7097.0,10919.666666666666,9841.333333333334,3070.1826221469687,8657.125082687333,0.7523508019705033
2015,1.3035722838802226,15813.0,1.408085194460739,-0.7356370546879754,0.6211757244059766,0.5274697243564767,1.6811432819469692,Interpolated (Month),-0.9020513301229638,-0.0055734456706894,False,False,True,False,False,False,True,1,0,12,12029.0,13281.0,20240.0,11763.666666666666,10639.5,4188.308170769345,6566.6281393923555,-0.4816049987490911
2015,1.3035722838802226,12699.0,0.9010184029433684,0.5252594645643651,-0.2428663803205408,-0.2090069005234718,0.4551070242808154,Official (Quarter),0.0633819758682705,1.2205846018810202,True,False,False,False,False,True,False,1,0,12,15813.0,7449.0,8150.0,13513.666666666666,11469.833333333334,2019.263562126874,6680.103664613658,0.6640506281432504
2015,1.3035722838802226,7876.0,-0.6366146917042135,1.6367169817424951,0.6211757244059766,0.7757202720688188,-0.1198540873620144,Interpolated (Month),1.4992802431547256,-0.0055734456706894,True,False,False,False,False,False,False,1,0,12,12699.0,12029.0,7750.0,12129.333333333334,11524.5,3999.0476783020817,21673.963751966367,0.9217200521316476
2015,1.3035722838802226,4482.0,-1.335240048905924,-0.0097438232218698,-0.2428663803205408,-0.3827822839221114,-1.2426776756394404,Interpolated (Month),-0.9484636210350536,-0.0055734456706894,False,False,False,False,False,False,False,1,0,12,7876.0,15813.0,20337.625,8352.333333333334,10058.0,4129.157581557424,-13369.524359119014,-0.015786687530272053
2015,1.3035722838802226,7876.0,-0.5786306650816253,1.3219429140134658,-0.2428663803205408,-0.1428067544668473,-0.4911648510641779,Official (Quarter),0.5675751237269354,1.2205846018810202,False,True,False,False,False,True,False,1,0,12,4482.0,12699.0,14212.0,6744.666666666667,10129.166666666666,1959.5268136295322,18691.44085087657,1.542176073950805
2015,1.3035722838802226,8449.0,-0.3232192441691719,0.1815497100905268,1.5812225074354402,1.363246568321362,0.2795180632713503,Estimated (Region),-0.2972501727716321,-1.231731493222399,False,False,False,False,False,False,True,1,0,12,7876.0,7876.0,9702.0,6935.666666666667,9532.5,2144.1647169313073,12484.102018574475,0.07682216173468663
2015,1.3035722838802226,9861.0,-0.0532531283150163,0.6296380817922653,1.5812225074354402,1.4294467143779863,0.7118503091498399,Estimated (Region),1.5759614194442653,-1.231731493222399,False,False,True,False,False,False,False,1,0,12,8449.0,4482.0,11024.0,8728.666666666666,8540.5,1021.6243601897772,10415.666842869807,0.25916933187541513
2015,1.3035722838802226,20107.0,2.802518871133508,-0.5249001435002131,1.5812225074354402,1.6528722073190945,3.871262325533016,Interpolated (Month),0.2467249387259668,-0.0055734456706894,False,True,False,True,False,False,False,1,0,12,9861.0,7876.0,7717.0,12805.666666666666,9775.166666666666,6362.431715416152,5287.810706908135,-0.19786107376452178
2015,1.3035722838802226,8217.0,-0.4506902014811776,0.8312067486923667,-0.2428663803205408,-0.333132174379643,-0.5015002761195648,Interpolated (Month),-1.328121926197925,-0.0055734456706894,False,False,True,False,False,True,False,1,0,12,20107.0,8449.0,7548.0,12728.333333333334,9832.0,6442.76534830606,14958.771939180035,1.246434025991781
2015,1.3035722838802226,9802.0,0.0110692332015389,-1.153856811393364,0.6211757244059766,0.8170953633542092,0.3868932189152614,Estimated (Region),-0.9086816573961194,-1.231731493222399,True,False,False,True,False,False,False,1,0,12,8217.0,9861.0,13281.0,12708.666666666666,10718.666666666666,6455.970750656582,9694.687246057405,-0.6350006910278165
2015,1.3035722838802226,14261.0,1.2315508300065434,-0.336598740222063,0.6211757244059766,0.6019448886701793,1.3638598908631028,Estimated (Region),0.4606250620599459,-1.231731493222399,False,False,True,True,False,False,False,1,0,12,9802.0,20107.0,7449.0,10760.0,11782.833333333334,3133.8166825773196,6390.62297315369,-0.21011880159091073
2015,1.3035722838802226,15682.0,1.5641960353677071,-1.199567313529506,-0.2428663803205408,-0.1345317362097692,1.1168857063888962,Interpolated (Month),-0.933761590994578,-0.0055734456706894,False,False,False,False,True,False,False,1,0,12,14261.0,8217.0,12029.0,13248.333333333334,12988.333333333334,3068.0156996556166,6115.7570574557085,-1.3860326989647456
2015,1.3035722838802226,10936.0,0.3683635187059084,-1.4239243807518966,-0.5788827543808531,-0.5979327586061413,-0.1188913354390468,Interpolated (Month),1.3309275854363378,-0.0055734456706894,True,False,False,False,True,False,False,1,0,12,15682.0,9802.0,15813.0,13626.333333333334,13167.5,2435.8223115271267,7992.028324711855,-3.5415080716736203
2015,1.3035722838802226,7076.0,-0.6701843913278172,-1.470128932265786,-0.2428663803205408,-0.1262567179526911,-0.6492826962950848,Interpolated (Month),0.0025559300145379,-0.0055734456706894,False,True,False,False,True,False,False,1,0,12,10936.0,14261.0,12699.0,11231.333333333334,10995.666666666666,4310.59454522613,21454.412144069036,-1.682563932075172
2015,1.3035722838802226,10329.0,0.2646026289602242,1.0441385512806662,-0.2428663803205408,-0.0766066084102227,0.047155055039828,Interpolated (Month),-0.4970248162628012,-0.0055734456706894,False,False,True,False,True,False,False,1,0,12,7076.0,15682.0,7876.0,9447.0,11347.666666666666,2075.6548364311134,8167.783114995312,1.1307624256255568
2015,1.5932550136313832,5719.0,-0.9788847759784386,-0.9349422398312724,-0.2428663803205408,-0.341407192636721,-0.991994064638506,Official (Quarter),-1.6025598202868034,1.2205846018810202,False,False,False,False,False,False,True,1,0,12,10329.0,10936.0,4482.0,7708.0,10667.166666666666,2369.0911759575247,270847.23298034404,-1.4196059072894787
2015,1.5932550136313832,10586.0,0.2937120188436288,0.0305873062630008,1.5812225074354402,1.3218714770359716,0.8606237974813556,Interpolated (Month),-0.7172669917711032,-0.0055734456706894,False,False,True,True,False,False,False,1,0,12,5719.0,7076.0,7876.0,8878.0,10054.666666666666,2738.7904264473855,8182.655680560336,0.013173557005854432
2015,1.5932550136313832,17203.0,1.6998833527274482,1.0398794877817523,0.6211757244059766,0.5357447426135546,2.0214194542499437,Interpolated (Month),-0.1355278423264,-0.0055734456706894,False,True,False,False,False,False,False,1,0,12,10586.0,10329.0,8449.0,11169.333333333334,10308.166666666666,5764.180109376638,6371.7567585360175,0.6771174003904249
2015,1.5932550136313832,10531.0,0.0988669091401948,0.4252974698421646,-1.298917841652951,-1.4006095295427143,-0.626403180008091,Official (Quarter),1.304694551442548,1.2205846018810202,True,False,False,True,False,False,False,1,0,12,17203.0,5719.0,9861.0,12773.333333333334,10240.666666666666,3836.3024298578607,9583.508168646147,-1.0616259436654714
2015,1.5932550136313832,12833.0,0.9406916843167183,-1.20944134264252,-0.2428663803205408,-0.2669320283230184,0.4440070609336601,Official (Quarter),1.5540525119329682,1.2205846018810202,False,False,False,True,False,False,False,1,0,12,10531.0,10586.0,20107.0,13522.333333333334,11200.166666666666,3388.994147727811,6612.59081167149,-1.649835198604812
2015,1.5932550136313832,15316.0,1.5233489882732525,-0.0596825728997623,-0.5788827543808531,-0.6972329776910782,0.5992932828617212,Interpolated (Month),-1.2770972337045092,-0.0055734456706894,False,True,False,False,False,True,False,1,0,12,12833.0,17203.0,8217.0,12893.333333333334,12031.333333333334,2393.0704823162505,6069.711352325015,-0.19712375688943584
2015,1.5932550136313832,9736.0,-0.0699206015547076,-0.1645298908954859,-1.298917841652951,-1.37578447477148,-0.7257648417049486,Official (Quarter),1.0391931854174876,1.2205846018810202,True,False,False,False,False,False,False,1,0,12,15316.0,10531.0,9802.0,12628.333333333334,12700.833333333334,2795.6244979133594,10467.923508761252,0.4378304638464346
2015,1.5932550136313832,10764.0,0.2648373821044452,-0.831090973096119,-1.298917841652951,-1.2516592009153091,-0.5113260089804397,Estimated (Region),0.1576479331866144,-1.231731493222399,False,False,True,False,False,True,False,1,0,12,9736.0,12833.0,14261.0,11938.666666666666,12730.5,2969.6769745770835,8510.184907794852,3.302446205317985
2015,1.5932550136313832,12570.0,0.5073373800847433,-1.6218393686018735,1.5812225074354402,1.7769974811752656,1.7104505831314232,Estimated (Region),0.4228610241128418,-1.231731493222399,False,True,False,True,False,False,False,1,0,12,10764.0,15316.0,15682.0,11023.333333333334,11958.333333333334,1434.6878870797182,8339.208040666588,-0.5840262296224653
2015,1.5932550136313832,9618.0,-0.0295430607486948,1.5077268524039973,-1.298917841652951,-1.384059493028558,-0.7465772729808647,Official (Quarter),1.5318553293228383,1.2205846018810202,False,False,True,False,False,False,False,1,0,12,12570.0,9736.0,10936.0,10984.0,11806.166666666666,1488.2459474159273,9910.795225412228,-3.9257637938190104
2015,1.5932550136313832,16262.0,1.7071607001982991,-0.1836109327583983,-0.5788827543808531,-0.6475828681486098,0.8078706553493397,Official (Quarter),1.7391251253836617,1.2205846018810202,True,False,False,False,False,False,True,1,0,12,9618.0,10764.0,7076.0,12816.666666666666,12377.666666666666,3328.86126675975,6007.031647145591,-0.5210045601183335
2015,1.5932550136313832,7199.0,-0.564780229572586,1.6359351510873674,0.6211757244059766,0.7177951442692723,-0.3120646771591841,Official (Quarter),-1.260089002873371,1.2205846018810202,True,False,False,False,False,True,False,1,0,12,16262.0,12570.0,10329.0,11026.333333333334,11024.833333333334,4692.765105279963,16541.068419134812,0.9523458932486812
2015,1.5932550136313832,7294.0,-0.7377932968634665,-0.0246388652262402,-0.2428663803205408,-0.3910573021791895,-0.7035082825445809,Interpolated (Month),0.3029385829983738,-0.0055734456706894,False,True,False,False,False,False,True,1,0,12,7199.0,9618.0,5719.0,10251.666666666666,10617.833333333334,5205.318081859478,27817.748031414536,-0.04046171390906556
2015,1.5932550136313832,17386.0,1.823128753443476,-0.7809499315703966,1.5812225074354402,1.810097554203578,3.2025744825659914,Interpolated (Month),-0.2940791466844707,-0.0055734456706894,False,False,False,False,False,True,False,1,0,12,7294.0,16262.0,10586.0,10626.333333333334,11721.5,5854.235759971856,6158.415544736897,-0.27790847702144245
2015,1.5932550136313832,10185.0,0.1690580992622752,-1.3627959594027423,-0.5788827543808531,-0.4903575212641263,-0.1991678560747239,Official (Quarter),0.1622603347679401,1.2205846018810202,False,False,True,False,False,False,True,1,0,12,17386.0,7199.0,17203.0,11621.666666666666,11324.0,5197.126545826385,8712.141857130251,-2.674023489531417
2015,1.5932550136313832,4993.0,-1.1774859359894088,-0.0886033486975556,0.6211757244059766,0.8088203450971311,-0.8387466114884939,Official (Quarter),-1.0683860621495216,1.2205846018810202,False,False,False,False,False,False,False,1,0,12,10185.0,7294.0,10531.0,10854.666666666666,10553.166666666666,6223.580346820732,-28131.806456472983,-0.048984051366802665
2015,1.5932550136313832,9331.0,-0.2009128560300284,0.8518246121609094,-0.2428663803205408,-0.3579572291508772,-0.2957262107017641,Estimated (Region),1.1193336628930215,-1.231731493222399,False,False,True,False,True,False,False,1,0,12,4993.0,17386.0,12833.0,8169.666666666667,9398.0,2784.0146072413427,11677.074359677903,1.3267412247852948
2015,1.5932550136313832,5915.0,-1.095791841800499,0.6326023780587516,-0.2428663803205408,-0.1924568640093157,-0.9085461259036416,Official (Quarter),-0.7648323830785244,1.2205846018810202,False,False,False,False,True,False,False,1,0,12,9331.0,10185.0,15316.0,6746.333333333333,9184.0,2285.3659079747204,-61748.47344848927,0.7833666709118673
2015,1.5932550136313832,15775.0,1.6841548920646408,0.9669470637443378,-0.2428663803205408,-0.1510817727239253,1.1226055854606445,Interpolated (Month),1.2121582447172012,-0.0055734456706894,False,True,False,False,True,False,False,1,0,12,5915.0,4993.0,9736.0,10340.333333333334,10597.5,5006.891783665114,5877.08259558223,1.1390344001058648
2015,1.5932550136313832,11116.0,0.3770493850420855,-1.4989850939598504,-1.298917841652951,-1.3344093834860895,-0.5063706682004596,Official (Quarter),0.7396753577301504,1.2205846018810202,True,False,False,False,True,False,False,1,0,12,15775.0,9331.0,10764.0,10935.333333333334,9552.5,4932.482167563635,8072.332133288213,4.482485145403236
2016,-1.5932550136313832,8067.0,-0.5096132406806498,-0.4440793314605505,-0.5788827543808531,-0.4241573752075017,-0.5684964834648956,Interpolated (Month),-1.571426109612855,-0.0055734456706894,False,False,False,False,False,False,False,0,0,13,11116.0,5915.0,12570.0,11652.666666666666,9199.5,3881.9227624121113,16450.281021446994,-0.7711817644978469
2016,-1.5932550136313832,10238.0,0.157320442051225,1.2952890991934456,-0.5788827543808531,-0.5069075577782824,-0.1979502580545004,Estimated (Region),1.063120018620615,-1.231731493222399,True,False,False,True,False,False,False,0,0,13,8067.0,15775.0,9618.0,9807.0,10073.666666666666,1569.5289102147467,8846.296693640228,2.626868692931665
2016,-1.5932550136313832,11583.0,0.6136805544168585,-1.1053460334078955,1.5812225074354402,1.7438974081469534,1.3910434745704217,Estimated (Region),-0.0072454233457791,-1.231731493222399,False,True,False,False,False,False,False,0,0,13,10238.0,11116.0,16262.0,9962.666666666666,10449.0,1774.0970473266757,7178.000607552583,-0.4028379596576729
2016,-1.5932550136313832,11696.0,0.5153189869882575,-0.0016720305713439,0.6211757244059766,0.6350449616984916,0.7594782131037053,Interpolated (Month),0.7777276707760874,-0.0055734456706894,False,False,False,True,False,False,False,0,0,13,11583.0,8067.0,7199.0,11172.333333333334,11412.5,811.1265828052146,7718.506862536023,-0.0010226205459249191
2016,-1.5932550136313832,10152.0,-0.0471495465652702,0.6316595091758668,-1.298917841652951,-1.3923345112856362,-0.6753619469142941,Official (Quarter),-1.6042894708798006,1.2205846018810202,False,False,False,False,False,True,False,0,0,13,11696.0,10238.0,7294.0,11143.666666666666,10475.333333333334,860.6650529289919,10654.347661173057,-1.6100024112229876
2016,-1.5932550136313832,7412.0,-0.6730014290584692,1.0999517170507114,-1.298917841652951,-1.3923345112856362,-1.061736946587597,Interpolated (Month),1.3851233040169146,-0.0055734456706894,True,False,False,False,False,True,False,0,0,13,10152.0,11583.0,17386.0,9753.333333333334,9858.0,2169.6463613532096,22666.765725178986,-2.803606833990446
2016,-1.5932550136313832,9845.0,0.1258635207256103,-1.0020648618802637,0.6211757244059766,0.6681450347268039,0.3225587374746059,Estimated (Region),0.474462266803923,-1.231731493222399,False,True,False,False,False,True,False,0,0,13,7412.0,11696.0,10185.0,9136.333333333334,10154.333333333334,1501.1849763880548,8744.399137876831,-0.6007060783203267
2016,-1.5932550136313832,14314.0,1.31254066476279,-0.2677449572246864,0.6211757244059766,0.5191947060993986,1.315977140811981,Interpolated (Month),0.3389729703524807,-0.0055734456706894,False,True,False,True,False,False,False,0,0,13,9845.0,10152.0,4993.0,10523.666666666666,10833.666666666666,3500.6916935561812,6189.728992924873,-0.17624137060886272
2016,-1.5932550136313832,5993.0,-0.9748939725266816,0.6637960792131253,0.6211757244059766,0.7426201990405065,-0.605109372770691,Estimated (Region),-1.017937919853772,-1.231731493222399,False,False,True,False,False,False,False,0,0,13,14314.0,7412.0,9331.0,10050.666666666666,9902.0,4164.310787313218,238707.61737869962,0.3809183892041502
2016,-1.5932550136313832,5366.0,-1.1803029737200608,0.0662284458802382,-1.298917841652951,-1.3923345112856362,-1.3502510449145506,Interpolated (Month),-0.4973130913616341,-0.0055734456706894,False,False,True,False,False,False,True,0,0,13,5993.0,9845.0,5915.0,8557.666666666666,8847.0,4994.978712000001,-29761.017743008924,-0.16880606720834984
2016,-1.5932550136313832,7497.0,-0.5528078192173147,1.4277201780713278,-0.5788827543808531,-0.672407922919844,-0.7727131560661311,Official (Quarter),-0.8885024004778196,1.2205846018810202,False,True,False,False,False,False,True,0,0,13,5366.0,14314.0,15775.0,6285.333333333333,8404.5,1095.1640668562495,16764.604396433297,4.358225604222992
2016,-1.5932550136313832,9985.0,0.059663134055287,0.7090259518238325,-0.5788827543808531,-0.556557667320751,-0.2705530795394654,Official (Quarter),-1.6763582455880146,1.2205846018810202,False,False,True,False,False,True,False,0,0,13,7497.0,5993.0,11116.0,7616.0,8833.333333333334,2311.798217838189,9422.805870189915,1.5989135442706721
2016,-1.5932550136313832,15269.0,1.3259215939833873,0.5041440724971048,-0.2428663803205408,-0.2338319552947061,0.9541806314073792,Estimated (Region),0.8206806605021829,-1.231731493222399,True,False,False,False,False,False,True,0,0,13,9985.0,5366.0,8067.0,10917.0,9737.333333333334,3968.937389276873,6564.7096787343635,0.6580071773823764
2016,-1.5932550136313832,10790.0,0.062480171785939,-1.52502656588914,1.5812225074354402,1.4377217326350646,0.9819871722413244,Official (Quarter),-1.1583278929853726,1.2205846018810202,True,False,False,False,False,False,False,0,0,13,15269.0,7497.0,10238.0,12014.666666666666,9150.0,2846.931740195624,10155.483637744435,-0.6255950158185843
2016,-1.5932550136313832,10480.0,0.0537943054497618,-0.1254373640759545,-0.2428663803205408,-0.117981699695613,0.0563861470071051,Interpolated (Month),0.8054020802640416,-0.0055734456706894,False,False,False,False,False,False,True,0,0,13,10790.0,9985.0,11583.0,12179.666666666666,9897.833333333334,2679.927300008955,9945.01483430119,-0.14221628285112192
2016,-1.5932550136313832,304.0,-2.421912353504956,-1.5971622483244123,-0.2428663803205408,-0.2503819918088622,-2.046264052754037,Interpolated (Month),-1.3471480827208933,-0.0055734456706894,False,False,True,True,False,False,False,0,0,13,10480.0,15269.0,11696.0,7191.333333333333,9054.166666666666,5966.619254932658,-213.7965812383952,-2.1306348445102556
2016,-1.5932550136313832,8190.0,-0.4058523509349657,-0.7202464722111557,1.5812225074354402,1.6611472255761726,0.3315916158106836,Estimated (Region),1.2652008629024467,-1.231731493222399,False,False,True,False,True,False,False,0,0,13,304.0,10790.0,10152.0,6324.666666666667,9169.666666666666,5338.290487912129,13784.452421696844,-0.2706526212788596
2016,-1.5932550136313832,8718.0,-0.1553707460511534,-0.5628698760095507,-0.5788827543808531,-0.672407922919844,-0.5554143838057481,Interpolated (Month),1.0216084043886835,-0.0055734456706894,False,False,False,False,True,False,False,0,0,13,8190.0,10480.0,7412.0,5737.333333333333,8958.5,4712.8048265691095,10321.688432221872,-1.7182035689826112
2016,-1.5932550136313832,16295.0,1.821250728289708,0.2783346790354998,0.6211757244059766,0.5853948521560232,1.84506595494871,Interpolated (Month),0.7987717529908859,-0.0055734456706894,False,True,False,False,True,False,False,0,0,13,8718.0,304.0,9845.0,11067.666666666666,9129.5,4534.694734304976,5775.8071044888375,0.1755617401286403
2016,-1.5932550136313832,8875.0,-0.3659443164173948,-1.3711903255403493,-0.2428663803205408,-0.1924568640093157,-0.3088366265939399,Official (Quarter),0.7336215806546604,1.2205846018810202,True,False,False,False,True,False,False,0,0,13,16295.0,8190.0,14314.0,11296.0,8810.333333333334,4329.972632707965,13997.193353513656,-1.6979778100128229
2016,-1.3035722838802226,8517.0,-0.4532724860676086,-0.3743458025893174,-0.5788827543808531,-0.4324323934645798,-0.4862944589832831,Estimated (Region),-0.8172984510661041,-1.231731493222399,False,False,True,True,False,False,False,0,0,13,8875.0,8718.0,5993.0,11229.0,8483.166666666666,4390.934752418891,15578.144108279168,-0.6595616068972314
2016,-1.3035722838802226,11687.0,0.3765798787536435,0.5877000492507966,-1.298917841652951,-1.2102841096299186,-0.349696950854004,Estimated (Region),0.926765896872674,-1.231731493222399,False,True,False,False,False,False,False,0,0,13,8517.0,16295.0,5366.0,9693.0,10380.333333333334,1736.1071395509816,8489.881466654459,-2.7947905825366286
2016,-1.3035722838802226,8713.0,-0.1971568057224923,1.068099449069864,-0.5788827543808531,-0.5482826490636729,-0.5007923702938534,Official (Quarter),1.2934518225880665,1.2205846018810202,True,False,False,True,False,False,False,0,0,13,11687.0,8875.0,7497.0,9639.0,10467.5,1776.325420636627,10852.679654139658,2.3645304898204373
2016,-1.3035722838802226,11285.0,0.3728238284461075,0.8342227362418371,-0.2428663803205408,-0.109706681438535,0.2273595620329316,Estimated (Region),-0.3122404779109407,-1.231731493222399,False,True,False,False,False,False,True,0,0,13,8713.0,8517.0,9985.0,10561.666666666666,10895.333333333334,1613.5604523330562,8220.282723948225,0.9370201020825061
2016,-1.3035722838802226,14643.0,1.057598750138779,-1.4792936973324766,0.6211757244059766,0.4778196148140081,1.3635484122997894,Estimated (Region),0.0878853592690632,-1.231731493222399,False,False,True,False,False,False,True,0,0,13,11285.0,11687.0,15269.0,11547.0,10620.0,2973.6691140743887,7116.5478687292025,-1.0009974712094034
2016,-1.3035722838802226,5786.0,-0.9664428593347252,-1.118661509091861,-1.298917841652951,-1.243384182658231,-1.2468118456615953,Estimated (Region),1.1890962368105726,-1.231731493222399,False,False,False,False,False,False,True,0,0,13,14643.0,8713.0,10790.0,10571.333333333334,10105.166666666666,4471.42061691061,172422.3186270276,4.59627859491069
2016,-1.3035722838802226,12451.0,0.8465556734840953,-1.4083036726594864,1.5812225074354402,1.6528722073190945,1.5949769848413728,Interpolated (Month),-0.1750215308665012,-0.0055734456706894,False,False,False,False,False,True,False,0,0,13,5786.0,11285.0,10480.0,10960.0,10760.833333333334,4612.908301711615,6742.824047382963,-0.5308599746245115
2016,-1.3035722838802226,5427.0,-1.0366340494568058,-1.5672648054971678,-0.2428663803205408,-0.0766066084102227,-0.975145905986574,Official (Quarter),-0.3027273996494564,1.2205846018810202,False,True,False,False,False,True,False,0,0,13,12451.0,14643.0,304.0,7888.0,9717.5,3955.748601718748,-148140.87114226408,-1.697288306123631
2016,-1.3035722838802226,11385.0,0.2270421258848634,-1.6307203286437213,-0.5788827543808531,-0.6310328316344536,-0.0565956227764402,Official (Quarter),0.7275678035791705,1.2205846018810202,False,False,False,True,False,False,False,0,0,13,5427.0,5786.0,8190.0,9754.333333333334,10162.833333333334,3785.2938239102696,9278.410056044224,-4.419689523779307
2016,-1.3035722838802226,10601.0,0.1725793964255903,0.4146222258429035,0.6211757244059766,0.7674452538117407,0.5631617695174095,Official (Quarter),0.2637331695571053,1.2205846018810202,False,False,False,False,False,False,False,0,0,13,11385.0,12451.0,8718.0,9137.666666666666,10048.833333333334,3237.3522102689426,9040.75240645994,0.23458844054644024
2016,-1.3035722838802226,10207.0,0.0082521954708869,0.0297771448085452,-1.298917841652951,-1.4006095295427143,-0.6719356827178509,Official (Quarter),-1.1969567562289751,1.2205846018810202,True,False,False,False,False,False,False,0,0,13,10601.0,5427.0,16295.0,10731.0,9309.5,599.6632388265356,10123.459235546712,-0.07432959680848096
2016,-1.3035722838802226,12554.0,0.6195493830223836,0.5307785030860053,-1.298917841652951,-1.384059493028558,-0.331319715618535,Interpolated (Month),0.5655571980351054,-0.0055734456706894,False,True,False,True,False,False,False,0,0,13,10207.0,11385.0,8875.0,11120.666666666666,10437.5,1256.8382287841491,7751.538873468542,-1.3820215688472453
2016,-1.3035722838802226,18306.0,1.9285329151987067,-1.3456120870316437,1.5812225074354402,1.4542717691492208,3.149198383307349,Estimated (Region),-1.5126179894509524,-1.231731493222399,True,False,False,False,False,True,False,0,0,13,12554.0,10601.0,8517.0,13689.0,11413.333333333334,4167.0875920719545,6250.9114734528775,-0.5482734650442168
2016,-1.3035722838802226,13985.0,0.9935111417664444,-0.8696730484961865,0.6211757244059766,0.6598700164697258,1.338262016205377,Interpolated (Month),0.7347746810499919,-0.0055734456706894,False,False,True,False,False,False,False,0,0,13,18306.0,10207.0,11687.0,14948.333333333334,12839.666666666666,2994.5591216961166,7015.2605154781995,-0.523940453087911
2016,-1.3035722838802226,12910.0,0.5470106614580931,-1.3101578312836548,-1.298917841652951,-1.3013093104577775,-0.2261249099178154,Interpolated (Month),1.520324325369524,-0.0055734456706894,True,False,False,False,False,False,True,0,0,13,13985.0,12554.0,8713.0,15067.0,13093.833333333334,2856.089459383247,8345.126715437133,4.348215557272821
2016,-1.3035722838802226,4821.0,-1.23852175348687,-1.2796664357336651,-0.2428663803205408,-0.0848816266673007,-1.1035883390036572,Estimated (Region),-0.1404285190065585,-1.231731493222399,False,False,True,False,False,True,False,0,0,13,12910.0,18306.0,11285.0,10572.0,12130.5,5009.43180410712,-20211.992950426567,-1.3983616470002085
2016,-1.3035722838802226,11459.0,0.2007497737321109,1.5039712818826072,1.5812225074354402,1.6611472255761726,1.3049054936978544,Official (Quarter),0.6301308201736652,1.2205846018810202,False,True,False,False,True,False,False,0,0,13,4821.0,13985.0,14643.0,9730.0,12339.166666666666,4312.778802581914,9543.20396362325,0.5651589913658303
2016,-1.3035722838802226,13665.0,0.925197976798132,0.0588674083707371,1.5812225074354402,1.5618470064912358,1.8920992180089775,Estimated (Region),0.5966909087090538,-1.231731493222399,False,False,False,False,True,False,False,0,0,13,11459.0,12910.0,5786.0,9981.666666666666,12524.333333333334,4603.365001097917,7097.971307203827,0.022978502705890795
2016,-1.3035722838802226,8024.0,-0.5706490581781111,-1.151820473062748,1.5812225074354402,1.3384215135501278,0.1492350751074173,Official (Quarter),0.8371123411356557,1.2205846018810202,True,False,False,False,True,False,False,0,0,13,13665.0,4821.0,12451.0,11049.333333333334,10810.666666666666,2842.725863204764,18688.67450471009,-0.4925632382307693
2016,-1.3035722838802226,12174.0,0.5472454146023141,0.0561580892981993,1.5812225074354402,1.4956468604346111,1.414376050585871,Estimated (Region),0.3409908960443107,-1.231731493222399,False,False,True,False,True,False,False,0,0,13,8024.0,11459.0,5427.0,11287.666666666666,10508.833333333334,2923.0823343404613,7868.176492950903,0.022502418186048763
2016,-1.013889554129062,5249.0,-1.1331175917316387,1.2668569054261614,1.5812225074354402,1.4294467143779863,-0.6064968681890854,Estimated (Region),-1.37914661869134,-1.231731493222399,False,True,False,False,False,False,True,0,0,13,12174.0,13665.0,11385.0,8482.333333333334,9232.0,3485.1769443362787,-39431.30229235092,0.5214590210720123
2016,-1.013889554129062,9749.0,-0.0462105339883862,-0.8416225749724736,-0.2428663803205408,-0.3165821378654868,-0.1938727204984023,Interpolated (Month),-0.6472161427547192,-0.0055734456706894,True,False,False,False,False,False,False,0,0,13,5249.0,8024.0,10601.0,9057.333333333334,10053.333333333334,3513.930610204645,10221.333268406312,-1.2314904564300395
2016,-1.013889554129062,6034.0,-1.0345212711588168,-0.4363793184222531,-1.298917841652951,-1.359234438257324,-1.2458207775055994,Estimated (Region),-1.4569808953762111,-1.231731493222399,False,False,True,False,False,True,False,0,0,13,9749.0,12174.0,10207.0,7010.666666666667,9149.166666666666,2403.7280073529746,-174790.78253637574,1.214748008401325
2016,-1.013889554129062,5024.0,-1.1840590240275968,-0.7788942090086616,-1.298917841652951,-1.2102841096299186,-1.3515535916338597,Estimated (Region),-0.2444958296852195,-1.231731493222399,False,True,False,True,False,False,False,0,0,13,6034.0,5249.0,12554.0,6935.666666666667,7709.0,2488.2038367732453,-27295.59187082688,3.7040088781765124
2016,-1.013889554129062,15568.0,1.379680064009997,-1.310936182717813,-1.298917841652951,-1.367509456514402,0.1082048534491823,Estimated (Region),0.6459859506094723,-1.231731493222399,False,False,False,True,False,False,False,0,0,13,5024.0,9749.0,18306.0,8875.333333333334,8966.333333333334,5817.977770096168,6542.055898794385,3.567081498123138
2016,-1.013889554129062,11239.0,0.1460522911286167,0.49855594658763,-0.2428663803205408,-0.2090069005234718,0.1605615683188003,Official (Quarter),0.1809982161920757,1.2205846018810202,False,True,False,False,False,False,False,0,0,13,15568.0,6034.0,13985.0,10610.333333333334,8810.5,5300.037767161028,9806.707850068506,0.6302911452926323
2016,-1.013889554129062,15502.0,1.314653443060779,-0.4600042228720571,0.6211757244059766,0.568844815641867,1.6395750518611931,Estimated (Region),0.6955692676087234,-1.231731493222399,False,False,True,True,False,False,False,0,0,13,11239.0,5024.0,12910.0,14103.0,10519.333333333334,2480.5162769069007,6697.330888334173,-0.2932120616938483
2016,-1.013889554129062,1386.0,-2.1467816684779377,0.5898551781259617,0.6211757244059766,0.6598700164697258,-1.76550860227688,Estimated (Region),-0.1069886075419472,-1.231731493222399,False,False,True,False,False,False,True,0,0,13,15502.0,15568.0,4821.0,9375.666666666666,9125.5,7240.122397676243,-1208.5997170146293,0.35536227070387594
2016,-1.013889554129062,15537.0,1.5904883875204598,0.7635040908045111,0.6211757244059766,0.800545326840053,1.832805026047388,Interpolated (Month),-1.6472424606058962,-0.0055734456706894,True,False,False,True,False,False,False,0,0,13,1386.0,11239.0,11459.0,10808.333333333334,10709.333333333334,8159.998794934547,5997.7107308601235,0.4240404723076073
2016,-1.013889554129062,7228.0,-0.6349714196946664,-1.402616637468149,1.5812225074354402,1.6280471525478604,0.0328836735934855,Interpolated (Month),-0.1473471213785471,-0.0055734456706894,False,True,False,False,False,True,False,0,0,13,15537.0,15502.0,13665.0,8050.333333333333,11076.666666666666,7111.249843264764,19801.18924921997,-0.5337106056519302
2016,-1.013889554129062,12255.0,0.4596824918078793,-1.708692155740476,-0.5788827543808531,-0.5317326125495168,0.1625437046307924,Estimated (Region),1.396366032871396,-1.231731493222399,True,False,False,False,False,True,False,0,0,13,7228.0,1386.0,8024.0,11673.333333333334,10524.5,4184.927996194593,8395.661432385654,-3.648966811555206
2016,-1.013889554129062,10500.0,0.3150745549677403,0.3581355822993691,-0.2428663803205408,-0.1345317362097692,0.0516007036252957,Official (Quarter),1.348512366465142,1.2205846018810202,False,False,False,False,False,False,False,0,0,13,12255.0,15537.0,12174.0,9994.333333333334,10401.333333333334,2551.363622326936,7984.338196139437,0.41380556316525174
2016,-1.013889554129062,10421.0,0.204975330328089,-1.3631568043204938,1.5812225074354402,1.603222097776626,0.964884167492136,Official (Quarter),-0.8227756779439284,1.2205846018810202,False,False,False,False,False,True,False,0,0,13,10500.0,7228.0,5249.0,11058.666666666666,9554.5,1036.8077610305913,8648.30983482673,-0.5236421454338245
2016,-1.013889554129062,10416.0,-0.0342381236331149,1.5161043194683212,-0.2428663803205408,-0.2917570830942526,-0.0497147781505252,Interpolated (Month),-1.3592556368718731,-0.0055734456706894,True,False,False,False,False,False,True,0,0,13,10421.0,12255.0,9749.0,10445.666666666666,11059.5,47.12041312680176,10785.267315773652,2.1406558163575444
2016,-1.013889554129062,13927.0,1.022385778505628,-0.0678254410643911,-0.5788827543808531,-0.7220580324623124,0.3361222130952369,Estimated (Region),-0.5298881775297468,-1.231731493222399,False,False,True,False,False,False,False,0,0,13,10416.0,10500.0,6034.0,11588.0,10791.166666666666,2025.6349621785157,6886.4210518187465,-0.24402734738212678
2016,-1.013889554129062,4663.0,-1.2488508918325942,-0.0526426177826408,-0.5788827543808531,-0.4820825030070482,-1.2315210798262282,Interpolated (Month),0.1931057703430556,-0.0055734456706894,False,False,False,False,False,False,True,0,0,13,13927.0,10421.0,5024.0,9668.666666666666,10363.666666666666,4676.997362981211,-18738.12854621743,-0.1016428641401107
2016,-1.013889554129062,10719.0,0.1322018556195775,0.3884808505686163,1.5812225074354402,1.6694222438332509,1.089135798021008,Estimated (Region),-0.7671385838691872,-1.231731493222399,False,False,False,False,True,False,False,0,0,13,4663.0,10416.0,15568.0,9769.666666666666,10107.666666666666,4704.396808660299,9467.393068468535,0.14552993684909268
2016,-1.013889554129062,8700.0,-0.3427037551395153,-0.3474126560285596,-1.298917841652951,-1.2682092374294651,-0.8247017599063791,Official (Quarter),0.1357390256753173,1.2205846018810202,True,False,False,False,True,False,False,0,0,13,10719.0,13927.0,11239.0,8027.333333333333,9807.666666666666,3083.5279037707974,13236.04092983466,1.2953045889029968
2016,-1.013889554129062,8282.0,-0.4908329891429694,-0.9972540933418128,0.6211757244059766,0.6598700164697258,-0.0666762017345713,Interpolated (Month),-0.2883136447078136,-0.0055734456706894,False,True,False,False,True,False,False,0,0,13,8700.0,4663.0,15502.0,9233.666666666666,9451.166666666666,1303.2046398525367,16265.782785219584,-0.6008025227558544
2016,-1.013889554129062,8809.0,-0.1800198261943589,-1.3167713333161613,-1.298917841652951,-1.2764842556865432,-0.8123558823059716,Interpolated (Month),-1.6901954503319916,-0.0055734456706894,False,False,True,False,True,False,False,0,0,13,8282.0,10719.0,1386.0,8597.0,9183.333333333334,278.18878482034125,10742.94267276758,4.762554489934559
2016,-0.7242068243779014,12146.0,0.4977125011716821,1.6593582607209083,1.5812225074354402,1.6363221708049382,1.4940012978618935,Official (Quarter),1.1349005182299958,1.2205846018810202,False,True,False,False,False,False,True,0,0,13,8809.0,8700.0,15537.0,9745.666666666666,8886.5,2095.383576659224,8109.700620444851,0.6294216538088222
2016,-0.7242068243779014,16513.0,1.4864927446305547,-0.6099238544717013,-0.5788827543808531,-0.6641329046627659,0.8388486142824716,Interpolated (Month),-0.4823227862223256,-0.0055734456706894,False,False,True,False,False,False,True,0,0,13,12146.0,8282.0,7228.0,12489.333333333334,10861.5,3863.4585973365006,6641.081111400354,-1.8159678722302193
2016,-0.7242068243779014,5161.0,-1.2054215601517082,-1.5257567052612844,0.6211757244059766,0.6433199799555697,-0.8399075770426608,Official (Quarter),1.602482728536888,1.2205846018810202,True,False,False,False,False,True,False,0,0,13,16513.0,8809.0,12255.0,11273.333333333334,9935.166666666666,5726.092588609904,-25123.94510190893,-0.9284599006107966
2016,-0.7242068243779014,8734.0,-0.2910580634108943,0.4345874868637772,-1.298917841652951,-1.3923345112856362,-0.8753311845612611,Official (Quarter),0.902550788570714,1.2205846018810202,False,False,False,True,False,False,False,0,0,13,5161.0,12146.0,10500.0,10136.0,9940.833333333334,5804.410305965619,12319.767740107782,-1.107696300893038
2016,-0.7242068243779014,14910.0,1.5205319505426005,0.5676796177259698,0.6211757244059766,0.6350449616984916,1.5471508672563083,Estimated (Region),0.8172213593161887,-1.231731493222399,True,False,False,True,False,False,False,0,0,13,8734.0,16513.0,10421.0,9601.666666666666,11045.5,4932.077081041333,5915.417972301559,0.34719511146425097
2016,-0.7242068243779014,9390.0,-0.2103029817988686,-0.4820107925392181,-0.5788827543808531,-0.7055079959481563,-0.4517769709215936,Interpolated (Month),1.5309905040263398,-0.0055734456706894,False,False,False,False,False,False,True,0,0,13,14910.0,5161.0,10416.0,11011.333333333334,11142.333333333334,3392.2389852917595,11890.636261220401,-1.6367534123417582
2016,-0.7242068243779014,10327.0,0.061071652920613,1.3196615391202438,1.5812225074354402,1.7521724264040317,1.016108233040616,Estimated (Region),1.0778220486610903,-1.231731493222399,False,True,False,True,False,False,False,0,0,13,9390.0,8734.0,13927.0,11542.333333333334,10839.166666666666,2953.8747998744443,9732.613223220886,0.47949813262408986
2016,-0.7242068243779014,10136.0,-0.0980909788612282,1.0496123599296965,-0.2428663803205408,-0.333132174379643,-0.1265650345897589,Official (Quarter),0.1579362082854472,1.2205846018810202,False,False,True,False,False,False,False,0,0,13,10327.0,14910.0,4663.0,9951.0,9776.333333333334,495.1373546803823,11238.384096881573,1.5739436206167083
2016,-0.7242068243779014,6317.0,-0.850474806089549,-0.5257267069963848,0.6211757244059766,0.68469507124096,-0.5427003951759707,Official (Quarter),1.0414993862081503,1.2205846018810202,True,False,False,False,False,False,False,0,0,13,10136.0,9390.0,10719.0,8926.666666666666,9969.0,2262.0544496835555,42247.06107910604,-0.31206045293949264
2016,-0.7242068243779014,12155.0,0.4378504493953258,0.1292580129737434,0.6211757244059766,0.4447195417856959,0.7532203256044164,Estimated (Region),-0.1522477980587056,-1.231731493222399,True,False,False,False,False,False,True,0,0,13,6317.0,10327.0,8700.0,9536.0,10539.166666666666,2964.888024867021,8453.591265427964,0.08946927707088288
2016,-0.7242068243779014,10534.0,0.2613160849411302,0.7308744654526399,-0.2428663803205408,-0.3993323204362675,-0.0845720610085562,Interpolated (Month),-0.6616298976963619,-0.0055734456706894,False,False,False,False,False,True,False,0,0,13,12155.0,10136.0,8282.0,9668.666666666666,9809.833333333334,3013.662611065347,8351.594121224305,1.2167700882182926
2016,-0.7242068243779014,6406.0,-0.9678513782000512,1.2641336694697427,0.6211757244059766,0.792270308582975,-0.4852750745942586,Interpolated (Month),-0.025406754572249,-0.0055734456706894,False,True,False,False,False,False,False,0,0,13,10534.0,6317.0,8809.0,9698.333333333334,9312.5,2964.203827899358,199262.04114946534,0.7053253426204479
2016,-0.7242068243779014,2655.0,-1.8411330747021892,-0.1790884425288952,1.5812225074354402,1.6197721342907825,-1.3220763930512354,Official (Quarter),0.0737598794262533,1.2205846018810202,False,False,False,False,False,False,False,0,0,13,6406.0,12155.0,12146.0,6531.666666666667,8033.833333333333,3941.0029603304124,-3156.4565463556723,-0.06836031278627885
2016,-0.7242068243779014,12275.0,0.4984167606043451,-1.4586872655899783,0.6211757244059766,0.4447195417856959,0.7814516099337883,Official (Quarter),1.3831053783250846,1.2205846018810202,False,False,True,False,False,True,False,0,0,13,2655.0,10534.0,16513.0,7112.0,8390.333333333334,4848.703641180781,8191.9799102148445,-1.009668121320639
2016,-0.7242068243779014,4520.0,-1.3298407265888408,-0.3282908575771406,-0.2428663803205408,-0.2669320283230184,-1.2084716661410635,Interpolated (Month),0.7722504438982631,-0.0055734456706894,False,False,True,True,False,False,False,0,0,13,12275.0,6406.0,5161.0,6483.333333333333,8090.833333333333,5101.677011859245,-13703.583686420734,-0.4478314020814953
2016,-0.7242068243779014,9604.0,0.0202246058261581,-0.6749589439386596,-0.2428663803205408,-0.3827822839221114,-0.2549791513738138,Estimated (Region),-0.3162763292946006,-1.231731493222399,False,True,False,False,False,True,False,0,0,13,4520.0,2655.0,8734.0,8799.666666666666,7665.666666666667,3939.5710849448033,9413.613379989856,-1.0935508271338803
2016,-0.7242068243779014,12031.0,0.7122768749896805,-0.0059594248695849,0.6211757244059766,0.8170953633542092,0.9540107340092084,Estimated (Region),1.2352202526238296,-1.231731493222399,False,True,False,False,True,False,False,0,0,13,9604.0,12275.0,14910.0,8718.333333333334,7915.166666666667,3833.02548039185,7026.316932576987,-0.003279643429712071
2016,-0.7242068243779014,7770.0,-0.5150125629977329,-0.0066433403059847,-0.2428663803205408,-0.0766066084102227,-0.4865209888475109,Interpolated (Month),-1.2381800953620736,-0.0055734456706894,False,False,True,False,True,False,False,0,0,13,12031.0,4520.0,9390.0,9801.666666666666,8142.5,2137.366214136741,16021.0335509447,-0.007194485434368412
2016,-0.7242068243779014,6920.0,-0.662672290712745,0.5295413915153674,-0.2428663803205408,-0.2338319552947061,-0.7196202191377732,Estimated (Region),-0.5881197474939838,-1.231731493222399,True,False,False,False,True,False,False,0,0,13,7770.0,9604.0,10327.0,8907.0,8853.333333333334,2738.641451522972,20514.176005942045,0.6911556742346977
2016,-0.7242068243779014,5630.0,-0.9831103325744166,1.490236311555967,-1.298917841652951,-1.2764842556865432,-1.2795454110424922,Interpolated (Month),1.202645166455717,-0.0055734456706894,False,False,False,False,True,False,False,0,0,13,6920.0,12031.0,10136.0,6773.333333333333,7745.833333333333,1077.512567598676,333339.896999513,-5.389949991385706
2016,-0.4345240946267408,12231.0,0.5279956567761918,-1.4978185608717478,0.6211757244059766,0.4198944870144616,0.7555139404797213,Estimated (Region),-1.2427924969433994,-1.231731493222399,False,False,True,True,False,False,False,0,0,13,5630.0,7770.0,6317.0,8260.333333333334,9031.0,3498.6669366107362,8004.603904310375,-1.0548801862180148
2016,-0.4345240946267408,16123.0,1.369585678808494,-1.5215562914872944,-0.5788827543808531,-0.4903575212641263,0.9130937772830874,Official (Quarter),-0.1196727118905929,1.2205846018810202,False,False,True,False,False,False,False,0,0,13,12231.0,6920.0,12155.0,11328.0,10117.5,5304.462178204304,6804.143080450747,-2.9855366359205173
2016,-0.4345240946267408,10226.0,0.2467613899994279,-0.2302493928304101,1.5812225074354402,1.4708218056633768,0.8378858623595044,Estimated (Region),0.0406082430604749,-1.231731493222399,False,False,True,False,False,True,False,0,0,13,16123.0,5630.0,10534.0,12860.0,9816.666666666666,2998.3967382586347,8202.050594464345,-0.09318737284196492
2016,-0.4345240946267408,9938.0,-0.1302521596195059,0.1714669277193091,-1.298917841652951,-1.3013093104577775,-0.6591084291559595,Estimated (Region),1.2107168692230368,-1.231731493222399,False,False,False,False,False,True,False,0,0,13,10226.0,12231.0,6406.0,12095.666666666666,10178.0,3490.74438097855,11426.300289118693,-0.5690727825794708
2016,-0.4345240946267408,364.0,-2.409235683717021,-0.986270192739351,1.5812225074354402,1.3218714770359716,-2.00489403629946,Interpolated (Month),-0.8758182961291738,-0.0055734456706894,False,False,False,True,False,False,False,0,0,13,9938.0,16123.0,2655.0,6842.666666666667,9085.333333333334,5612.537512866447,-258.2960424617607,-0.4247738096160226
2016,-0.4345240946267408,16246.0,1.605277835606383,0.6316575210495985,-0.5788827543808531,-0.7137830142052343,0.7498223776410013,Official (Quarter),-1.4169106566384444,1.2205846018810202,False,True,False,False,False,False,False,0,0,13,364.0,10226.0,12275.0,8849.333333333334,10854.666666666666,7996.772932460517,6235.803252139023,2.206918360542493
2016,-0.4345240946267408,9308.0,-0.1934007554149562,-0.3625348414591175,0.6211757244059766,0.5936698704131012,0.1544735782176819,Interpolated (Month),1.0054649988540436,-0.0055734456706894,False,False,False,False,False,False,False,0,0,13,16246.0,9938.0,4520.0,8639.333333333334,10367.5,7962.086242520434,11539.807484928298,-0.2274842790151661
2016,-0.4345240946267408,15206.0,1.1038451195503167,0.0686509777385299,1.5812225074354402,1.3963466413496743,2.213884890144369,Estimated (Region),0.8408599174204828,-1.231731493222399,False,True,False,False,False,False,True,0,0,13,9308.0,364.0,9604.0,13586.666666666666,10214.666666666666,3741.743087564058,7227.718361345052,0.028648183261109583
2016,-0.4345240946267408,13737.0,0.9010184029433684,-0.2941562206399367,0.6211757244059766,0.7508952172975846,1.3413768018385073,Estimated (Region),0.8275992628741714,-1.231731493222399,True,False,False,False,False,False,False,0,0,13,15206.0,16246.0,12031.0,12750.333333333334,10799.833333333334,3070.2987368224235,7226.126784849029,-0.16800332637492232
2016,-0.4345240946267408,8790.0,-0.1861234079441051,0.4054793301651678,0.6211757244059766,0.5357447426135546,0.0024720393209221,Interpolated (Month),0.4479409577113002,-0.0055734456706894,True,False,False,False,False,True,False,0,0,13,13737.0,9308.0,7770.0,12577.666666666666,10608.5,3361.443787025652,10800.163176822667,0.2640278158954441
2016,-0.4345240946267408,7546.0,-0.5462347311791266,-1.5182778712703688,-1.298917841652951,-1.284759273943621,-1.0011685241397263,Estimated (Region),1.7376837498894977,-1.231731493222399,True,False,False,True,False,False,False,0,0,13,8790.0,15206.0,6920.0,10024.333333333334,11805.5,3274.874704982352,16629.743434548378,5.331794291521369
2016,-0.4345240946267408,12118.0,0.5305779413626228,-1.3673741171677667,0.6211757244059766,0.6764200529838819,0.8886285519465004,Estimated (Region),-0.9628773759766964,-1.231731493222399,False,False,True,False,False,False,True,0,0,13,7546.0,13737.0,5630.0,9484.666666666666,11117.5,2363.8353016513697,7917.270772380102,-0.8156512532368959
2016,-0.4345240946267408,12317.0,0.4324511270782427,-0.0363061842335336,-0.2428663803205408,-0.3579572291508772,0.2838787631577329,Interpolated (Month),-0.5869666470986523,-0.0055734456706894,False,False,False,False,False,False,True,0,0,13,12118.0,8790.0,12231.0,10660.333333333334,11619.0,2698.9265149931875,8598.548157885756,-0.056547921543478284
2016,-0.4345240946267408,215.0,-2.4500827308114763,1.3496872160918136,-1.298917841652951,-1.3013093104577775,-2.0756279864045477,Official (Quarter),-1.0369640763767405,1.2205846018810202,True,False,False,False,False,False,True,0,0,13,12317.0,7546.0,16123.0,8216.666666666666,9120.5,6930.360909312961,-148.2674025637727,-4.479407602908923
2016,-0.4345240946267408,7577.0,-0.6549254369534518,1.1905729975314496,-1.298917841652951,-1.4006095295427143,-1.041689053603449,Official (Quarter),1.4093384123188746,1.2205846018810202,False,True,False,True,False,False,False,0,0,13,215.0,12118.0,10226.0,6703.0,8093.833333333333,6098.156114761229,21957.57326505088,-2.971903835863462
2016,-0.4345240946267408,17304.0,1.8416742518369351,0.4819595655289038,-1.298917841652951,-1.2516592009153091,0.458108544981832,Official (Quarter),1.3862764044122462,1.2205846018810202,False,True,False,False,False,True,False,0,0,13,7577.0,12317.0,9938.0,8365.333333333334,9512.833333333334,8571.731583136116,6089.367910067182,-1.9151279340312999
2016,-0.4345240946267408,15560.0,1.2470445375251296,0.0135336561624956,-0.5788827543808531,-0.6062077768632194,0.7151066759481125,Interpolated (Month),-1.2038753586009638,-0.0055734456706894,False,False,True,False,True,False,False,0,0,13,17304.0,215.0,364.0,13480.333333333334,10848.5,5186.269597054652,6924.651354324118,0.0343675049108189
2016,-0.4345240946267408,14875.0,1.020742506496081,1.7263546367518428,-0.2428663803205408,-0.3910573021791895,0.7551458294503514,Official (Quarter),0.6941278921145592,1.2205846018810202,True,False,False,False,True,False,False,0,0,13,15560.0,7577.0,16246.0,15913.0,11308.0,1252.384525615115,7361.155591165791,2.835003429599948
2016,-0.4345240946267408,16846.0,1.982291385225317,1.5888155644583533,-1.298917841652951,-1.2185591278869967,0.4188622460043898,Interpolated (Month),-0.6192534581679322,-0.0055734456706894,False,True,False,False,True,False,False,0,0,13,14875.0,17304.0,9308.0,15760.333333333334,12062.833333333334,1000.654952185579,5648.6767468321195,-7.269499928091911
2016,-0.4345240946267408,7693.0,-0.6903731617308235,-0.83105767198112,1.5812225074354402,1.6942472986044848,0.1966647654300836,Official (Quarter),-1.235873894571411,1.2205846018810202,False,False,False,False,True,False,False,0,0,13,16846.0,15560.0,15206.0,13138.0,13309.166666666666,4817.388192786634,24846.037388115663,-0.30845634415652023
2016,-0.1448413648755802,7885.0,-0.5100827469690918,1.1899865002822123,-0.2428663803205408,-0.1593567909810034,-0.4960352431450727,Estimated (Region),0.1654313608551015,-1.231731493222399,False,False,False,False,False,False,False,0,0,13,7693.0,14875.0,13737.0,10808.0,13360.5,5229.942542705414,16094.55464411364,1.4155666607607382
2016,-0.1448413648755802,13711.0,1.1090096887231788,0.5490290052002094,-0.2428663803205408,-0.3662322474079552,0.5486355419738108,Estimated (Region),-0.5399778059888968,-1.231731493222399,True,False,False,False,False,True,False,0,0,13,7885.0,16846.0,8790.0,9763.0,12761.666666666666,3420.4157642017626,6501.1555296840825,0.8662936903222628
2016,-0.1448413648755802,14693.0,0.970035827344344,-1.1615776997574818,-0.5788827543808531,-0.6889579594340001,0.4954576563463673,Interpolated (Month),0.8010779537815487,-0.0055734456706894,False,False,False,False,False,False,True,0,0,13,13711.0,7693.0,7546.0,12096.333333333334,12617.166666666666,3680.0240941240263,7458.239995465728,-3.7344717056375116
2016,-0.1448413648755802,5812.0,-1.101660670406024,-1.3926645743990922,0.6211757244059766,0.68469507124096,-0.6677448802296391,Official (Quarter),0.9339727743434952,1.2205846018810202,False,False,True,False,False,True,False,0,0,13,14693.0,7885.0,12118.0,11405.333333333334,11106.666666666666,4868.789822259052,-57170.58501372632,-0.8266567630979322
2016,-0.1448413648755802,13984.0,1.0888209183201725,-0.4061528406975548,0.6211757244059766,0.4943696513281643,1.2192488887867703,Official (Quarter),-1.2903578882508209,1.2205846018810202,False,False,True,False,False,False,False,0,0,13,5812.0,13711.0,12317.0,11496.333333333334,10629.666666666666,4935.524727253764,6694.68592417483,-0.2717887373693481
2016,-0.1448413648755802,7667.0,-0.4978755834695996,-0.1326865694828467,-1.298917841652951,-1.2020090913728405,-0.950878894281186,Estimated (Region),0.8097262067465344,-1.231731493222399,False,False,False,True,False,False,False,0,0,13,13984.0,14693.0,215.0,9154.333333333334,10625.333333333334,4284.217120237166,15269.124040965278,0.6568346433376712
2016,-0.1448413648755802,9163.0,-0.0924569033999241,-1.0251201681541129,0.6211757244059766,0.6350449616984916,0.138701436420831,Estimated (Region),0.8255813371823415,-1.231731493222399,False,True,False,False,False,False,True,0,0,13,7667.0,5812.0,7577.0,10271.333333333334,10838.333333333334,3301.1247073282893,10096.49022104548,-0.6269675710258229
2016,-0.1448413648755802,12146.0,0.4629690358269734,-1.6621327236876409,-0.5788827543808531,-0.7055079959481563,0.0340163229146238,Official (Quarter),1.6379405656933292,1.2205846018810202,False,False,True,False,False,False,True,0,0,13,9163.0,13984.0,17304.0,9658.666666666666,10577.5,2280.2684783448767,8302.294650504495,-5.644067413779531
2016,-0.1448413648755802,12651.0,0.5472454146023141,0.1612638637088411,-0.5788827543808531,-0.4241573752075017,0.3057105788226735,Official (Quarter),1.532431879520504,1.2205846018810202,False,False,False,False,False,True,False,0,0,13,12146.0,7667.0,15560.0,11320.0,10237.166666666666,1885.0047745297625,8176.4663062528225,0.28004850069400755
2016,-0.1448413648755802,5820.0,-1.045319915792983,0.3975472033850111,-0.2428663803205408,-0.0931566449243788,-0.8981257521491695,Official (Quarter),-0.877547946722171,1.2205846018810202,True,False,False,False,False,False,True,0,0,13,12651.0,9163.0,14875.0,10205.666666666666,10238.5,3806.4826721440995,-128420.36217775011,0.4383857489388119
2016,-0.1448413648755802,10738.0,0.1526253791668049,-0.7032922284240806,-0.5788827543808531,-0.6227578133773755,-0.1685580081709615,Official (Quarter),0.9694306114999364,1.2205846018810202,False,False,True,True,False,False,False,0,0,13,5820.0,12146.0,16846.0,9736.333333333334,9697.5,3523.938469004994,9316.123168971126,-1.864298992433795
2016,-0.1448413648755802,7425.0,-0.5023358932097987,0.3590739778981497,-0.5788827543808531,-0.5482826490636729,-0.7382239842374698,Official (Quarter),0.8774708549722555,1.2205846018810202,True,False,False,True,False,False,False,0,0,13,10738.0,12651.0,7693.0,7994.333333333333,9657.166666666666,2507.9446431955366,14919.701659597753,0.7949085355119861
2016,-0.1448413648755802,2134.0,-1.9916098401478537,-1.0479617508540868,1.5812225074354402,1.7604474446611094,-1.460684353725535,Interpolated (Month),0.5237573087043413,-0.0055734456706894,True,False,False,False,False,False,False,0,0,13,7425.0,5820.0,7885.0,6765.666666666667,8485.666666666666,4339.72860134515,-2152.056094644856,-0.3796347410565324
2016,-0.1448413648755802,6597.0,-0.809862512139315,-1.0808254780740862,-1.298917841652951,-1.3261343652290116,-1.1542460798915677,Interpolated (Month),1.0011408723715507,-0.0055734456706894,False,True,False,False,False,False,False,0,0,13,2134.0,10738.0,13711.0,5385.333333333333,7560.833333333333,2846.009896914111,34695.94594009608,3.314049647344371
2016,-0.1448413648755802,11524.0,0.20755761491452,-0.8767547542649484,-0.2428663803205408,-0.1676318092380815,0.2425370629361849,Estimated (Region),1.720675519058359,-1.231731493222399,False,True,False,False,False,True,False,0,0,13,6597.0,7425.0,14693.0,6751.666666666667,7373.0,4696.910296496318,9543.229952482023,-1.0533256364138568
2016,-0.1448413648755802,13013.0,0.8449124014745483,0.9131051251696116,1.5812225074354402,1.3963466413496743,1.590729549887104,Interpolated (Month),-0.1136189348151029,-0.0055734456706894,False,True,False,True,False,False,False,0,0,13,11524.0,2134.0,5812.0,10378.0,8571.833333333334,3358.0129541143756,7053.451421107769,0.3810405011586016
2016,-0.1448413648755802,13441.0,1.061354800446315,1.2102052474023326,-0.2428663803205408,-0.1014316631814569,0.6790317950698576,Interpolated (Month),-0.8377659830832369,-0.0055734456706894,False,False,False,False,True,False,False,0,0,13,13013.0,6597.0,13984.0,12659.333333333334,9022.333333333334,1006.2466563091712,6520.468963950221,1.3468149252700872
2016,-0.1448413648755802,8538.0,-0.4758087879128251,-1.6928771083053105,-1.298917841652951,-1.1771840366016064,-0.8086747720122721,Estimated (Region),0.8411481925193157,-1.231731493222399,False,False,True,False,True,False,False,0,0,13,13441.0,11524.0,7667.0,11664.0,9207.833333333334,2715.640440117213,16287.949517513276,9.554343273664657
2016,-0.1448413648755802,12345.0,0.6531190826459873,0.0336937535576922,-1.298917841652951,-1.3426844017431678,-0.3346610311158932,Official (Quarter),0.244418737935304,1.2205846018810202,False,True,False,False,True,False,False,0,0,13,8538.0,13013.0,9163.0,11441.333333333334,10909.666666666666,2573.385383756839,7467.701588829618,-0.09832298577437062
2016,-0.1448413648755802,6972.0,-0.713848476152924,0.960116855948554,1.5812225074354402,1.6363221708049382,-0.0399456777557072,Official (Quarter),0.1242080217220031,1.2205846018810202,True,False,False,False,True,False,False,0,0,13,12345.0,13441.0,12146.0,9285.0,10972.166666666666,2763.2931440583548,24364.71386301598,0.364187983768086
2016,0.1448413648755802,14833.0,1.2407062026311626,-1.4669022033318442,-0.2428663803205408,-0.3910573021791895,0.7470473868042125,Interpolated (Month),-0.5541032858317068,-0.0055734456706894,True,False,False,False,False,True,False,1,0,13,6972.0,8538.0,12651.0,11383.333333333334,11523.666666666666,4017.7645940663733,6619.787985851184,-2.4089330713404817
2016,0.1448413648755802,12785.0,0.8547720335318305,0.0646881450536381,-0.2428663803205408,-0.2586570100659403,0.4398728909115052,Estimated (Region),-1.2001277823161367,-1.231731493222399,True,False,False,False,False,False,True,1,0,13,14833.0,12345.0,5820.0,11530.0,11485.666666666666,4078.0018391364174,6893.030393419824,0.08725805184910686
2016,0.1448413648755802,10058.0,0.1988717485783429,-0.4548579580257791,1.5812225074354402,1.479096823920455,0.7937974875341961,Official (Quarter),-1.1952271056359782,1.2205846018810202,False,False,True,True,False,False,False,1,0,13,12785.0,6972.0,10738.0,12558.666666666666,10921.833333333334,2395.5325782241785,8389.554605759182,-0.1834772864201668
2016,0.1448413648755802,18246.0,2.2163402700136587,1.0657296025576892,-0.5788827543808531,-0.6475828681486098,1.1634942259537373,Estimated (Region),1.1438370462938143,-1.231731493222399,True,False,False,True,False,False,False,1,0,13,10058.0,14833.0,7425.0,13696.333333333334,12539.833333333334,4169.380329657326,5672.9072387364395,3.0240573066325664
2016,0.1448413648755802,10563.0,0.0892420302271336,1.5378260900475051,1.5812225074354402,1.4459967508921427,0.9214753822595108,Estimated (Region),-0.2240282976680867,-1.231731493222399,False,False,False,False,False,False,False,1,0,13,18246.0,12785.0,2134.0,12955.666666666666,12242.833333333334,4588.515700456237,9697.569233347851,0.6287114197868844
2016,0.1448413648755802,1489.0,-2.1291751826613625,0.8031155185801478,0.6211757244059766,0.7260701625263504,-1.7350686517712883,Estimated (Region),-1.1606340937760355,-1.231731493222399,False,True,False,False,False,True,False,1,0,13,10563.0,10058.0,6597.0,10099.333333333334,11329.0,8388.116733411216,-1318.661641580329,0.4652855579200057
2016,0.1448413648755802,5320.0,-1.2277231088527036,-1.4545743293718072,0.6211757244059766,0.7095201260121942,-0.782793735024262,Estimated (Region),0.0071683315958636,-1.231731493222399,False,True,False,True,False,False,False,1,0,13,1489.0,18246.0,11524.0,5790.666666666667,9743.5,4555.273244640001,-23361.70460171038,-0.8508670399598628
2016,0.1448413648755802,8508.0,-0.2389428653938312,0.3283271081226446,-1.298917841652951,-1.3178593469719335,-0.8746799112016066,Interpolated (Month),-0.2828364178299893,-0.0055734456706894,False,False,True,False,False,False,True,1,0,13,5320.0,10563.0,13013.0,5105.666666666667,9030.666666666666,3514.4052602585566,11179.18696656423,-1.0329320539113653
2016,0.1448413648755802,12523.0,0.7188499630278687,0.998450415565046,1.5812225074354402,1.379796604835518,1.4408800447005077,Estimated (Region),-0.2923494960914736,-1.231731493222399,False,False,False,True,False,False,False,1,0,13,8508.0,1489.0,13441.0,8783.666666666666,9441.5,3609.403875064854,7285.685353211343,0.41955283637950014
2016,0.1448413648755802,12889.0,0.9763741622383112,-0.4535746225193965,1.5812225074354402,1.5370219517200014,1.648579613964243,Estimated (Region),0.7875290241364045,-1.231731493222399,False,False,True,False,False,True,False,1,0,13,12523.0,5320.0,8538.0,11306.666666666666,8548.666666666666,2430.6152170455316,6521.538404146494,-0.1787823011195826
2016,0.1448413648755802,3897.0,-1.477735207448074,-1.4114702607738034,-0.2428663803205408,-0.2090069005234718,-1.3207172138658694,Official (Quarter),-0.0464508367870475,1.2205846018810202,False,False,True,False,False,False,False,1,0,13,12889.0,8508.0,12345.0,9769.666666666666,7437.666666666667,5089.16980786977,-8157.238443481418,-1.7844280332001647
2016,0.1448413648755802,14354.0,1.0371752265915513,-1.6438608492160498,-1.298917841652951,-1.4088845477997924,-0.0950207509960572,Estimated (Region),1.1668990542004427,-1.231731493222399,False,False,False,False,False,False,True,1,0,13,3897.0,12523.0,6972.0,10380.0,9581.833333333334,5662.024637883513,7046.0310986679515,4.020354542771705
2016,0.1448413648755802,8511.0,-0.3321398636495701,0.3099747145371746,-0.2428663803205408,-0.3496822108937991,-0.4512672787270811,Interpolated (Month),-0.4572428526238671,-0.0055734456706894,False,False,False,False,False,True,False,1,0,13,14354.0,12889.0,14833.0,8920.666666666666,10113.666666666666,5240.523097299848,12743.686195299775,0.47665113845832974
2016,0.1448413648755802,13821.0,0.9026616749529156,-0.2249555096086891,0.6211757244059766,0.4447195417856959,1.1452585718834103,Estimated (Region),-0.9470222455408892,-1.231731493222399,True,False,False,False,False,False,False,1,0,13,8511.0,3897.0,12785.0,12228.666666666666,10999.166666666666,3230.604638969822,7264.03447441176,-0.1557087746806834
2016,0.1448413648755802,6006.0,-0.9328731597111216,0.5506871025082238,-1.298917841652951,-1.1771840366016064,-1.193690592500209,Interpolated (Month),-1.471682925416687,-0.0055734456706894,False,True,False,False,False,False,True,1,0,13,13821.0,14354.0,10058.0,9446.0,9913.0,3990.516883813409,89472.40737316631,-3.1079950150725435
2016,0.1448413648755802,11207.0,0.1516863665899209,-0.7532135819971225,-1.298917841652951,-1.350959420000246,-0.502802822838874,Official (Quarter),-0.8559273143097068,1.2205846018810202,False,True,False,False,False,False,False,1,0,13,6006.0,8511.0,18246.0,10344.666666666666,9632.666666666666,3978.2245202267372,9730.947873580637,2.14615576352558
2016,0.1448413648755802,9463.0,-0.0264912698738217,-1.612149241168705,-0.5788827543808531,-0.4986325395212044,-0.3384270901086782,Official (Quarter),-1.009866217086452,1.2205846018810202,False,False,True,False,True,False,False,1,0,13,11207.0,13821.0,10563.0,8892.0,10560.333333333334,2647.098600354708,9720.508617086036,-3.215504332150187
2016,0.1448413648755802,15050.0,1.3719332102507042,-1.509365101208224,0.6211757244059766,0.6433199799555697,1.5878412941182014,Estimated (Region),0.2320229086854912,-1.231731493222399,True,False,False,False,True,False,False,1,0,13,9463.0,6006.0,1489.0,11906.666666666666,10676.333333333334,2858.4597834031742,6345.035321803717,-0.9184852126297599
2016,0.1448413648755802,16053.0,1.8311103603469896,1.511502304188073,0.6211757244059766,0.6764200529838819,1.8613761051731013,Official (Quarter),-0.2531440826502052,1.2205846018810202,False,False,False,False,True,False,False,1,0,13,15050.0,11207.0,5320.0,13522.0,11933.333333333334,3550.7904753730627,5670.2134345735985,0.9016250440918613
2016,0.1448413648755802,2926.0,-1.724695515168571,1.194267930201648,1.5812225074354402,1.4128966778638303,-1.273032677445947,Interpolated (Month),1.066291044707776,-0.0055734456706894,False,True,False,False,True,False,False,1,0,13,16053.0,9463.0,8508.0,11343.0,10117.5,7306.566840863085,-4037.557758749735,0.49495195594489744
2016,0.4345240946267408,6803.0,-0.85540462211819,1.319160034268989,-0.5788827543808531,-0.457257448235814,-0.8211055983117649,Estimated (Region),1.3012352502565536,-1.231731493222399,False,False,False,False,False,False,True,1,0,13,2926.0,15050.0,12523.0,8594.0,10250.333333333334,6744.278538138816,47048.530178887646,2.430544702973917
2016,0.4345240946267408,14658.0,1.3785062982888925,0.2176133265398422,1.5812225074354402,1.5783970430053915,2.19513954387953,Estimated (Region),-1.313131621058616,-1.231731493222399,True,False,False,False,False,True,False,1,0,13,6803.0,16053.0,12889.0,8129.0,10825.5,5977.3458156609795,6162.691269955866,0.0843986875994052
2016,0.4345240946267408,13536.0,1.1353020408759311,0.213943742479569,0.6211757244059766,0.792270308582975,1.3196582511056802,Interpolated (Month),-1.529337945183258,-0.0055734456706894,False,False,True,False,False,False,True,1,0,13,14658.0,2926.0,3897.0,11665.666666666666,11504.333333333334,4248.395736431966,6339.150031649546,0.11937024312405176
2016,0.4345240946267408,11469.0,0.2171824938275812,-0.0386372622834704,1.5812225074354402,1.3384215135501278,1.1179050907779204,Official (Quarter),-1.493591832927984,1.2205846018810202,False,False,True,True,False,False,False,1,0,13,13536.0,6803.0,14354.0,13221.0,10907.5,1617.667765642885,9422.580474300372,-0.016522796279278305
2016,0.4345240946267408,303.0,-2.4268421695335967,1.3957138303046632,-1.298917841652951,-1.4088845477997924,-2.0644713905913346,Official (Quarter),0.5860247300522382,1.2205846018810202,False,False,True,False,False,True,False,1,0,13,11469.0,14658.0,8511.0,8436.0,8282.5,7118.805307072236,-212.35705424871486,-3.413466803318929
2016,0.4345240946267408,8832.0,-0.1220357995717707,0.9509968237229068,-0.5788827543808531,-0.7220580324623124,-0.5576513662149962,Interpolated (Month),-1.4846553048641655,-0.0055734456706894,False,False,False,False,False,False,False,1,0,13,303.0,13536.0,13821.0,6868.0,9266.833333333334,5836.3396919644565,10059.63568411123,3.4215661353622537
2016,0.4345240946267408,3539.0,-1.6566171033444796,-1.20878376987918,1.5812225074354402,1.4294467143779863,-1.0953199989593476,Official (Quarter),-0.8420901095657297,1.2205846018810202,True,False,False,True,False,False,False,1,0,13,8832.0,11469.0,6006.0,4224.666666666667,8722.833333333334,4305.643312367269,-5389.746904206579,-0.4975551687243595
2016,0.4345240946267408,17493.0,2.0963814133167253,-0.3573363882982892,-1.298917841652951,-1.1854590548586843,0.5455773888067372,Interpolated (Month),0.1337210999834873,-0.0055734456706894,False,True,False,False,False,False,True,1,0,13,3539.0,303.0,11207.0,9954.666666666666,9195.333333333334,7044.417245829015,5649.497805653783,1.9267670083327644
2016,0.4345240946267408,11715.0,0.2763402861712745,0.7277098654645919,0.6211757244059766,0.6350449616984916,0.7641220753203722,Interpolated (Month),-1.42757683529526,-0.0055734456706894,True,False,False,False,False,False,True,1,0,13,17493.0,8832.0,9463.0,10915.666666666666,8891.833333333334,7011.257328991233,9178.58671933195,0.44507024730906714
2016,0.4345240946267408,3749.0,-1.525155342580717,1.6791445903776077,1.5812225074354402,1.4459967508921427,-1.032089850606802,Official (Quarter),0.5528730936864598,1.2205846018810202,False,False,True,False,False,False,False,1,0,13,11715.0,3539.0,15050.0,10985.666666666666,7605.166666666667,6900.965826124144,-7138.840065068508,0.6864868441731018
2016,0.4345240946267408,12772.0,0.7028867492208404,-0.0486395255408092,1.5812225074354402,1.3963466413496743,1.5222608984242942,Estimated (Region),1.5612593894037896,-1.231731493222399,True,False,False,False,False,False,False,1,0,13,3749.0,17493.0,16053.0,9412.0,9683.333333333334,4932.695916028058,7500.2051697471115,-0.020297366291470408
2016,0.4345240946267408,11195.0,0.4505271191832601,-0.4114397654773365,-1.298917841652951,-1.2185591278869967,-0.4284160786731161,Interpolated (Month),1.6261212866411825,-0.0055734456706894,False,True,False,True,False,False,False,1,0,13,12772.0,11715.0,2926.0,9238.666666666666,10077.166666666666,4819.135019205542,7717.883969176325,1.882510099006555
2016,0.4345240946267408,14320.0,0.9397526717398342,0.6861818839660224,-1.298917841652951,-1.2185591278869967,0.0401043130157421,Estimated (Region),-0.6143527814877736,-1.231731493222399,False,True,False,False,False,False,False,1,0,13,11195.0,3749.0,6803.0,12762.333333333334,11874.0,1562.5224265057327,7382.3844702612905,-3.1395709280136046
2016,0.4345240946267408,7416.0,-0.7176045264604601,-0.5861140542789172,0.6211757244059766,0.7177951442692723,-0.2579523558418017,Estimated (Region),0.086443983774899,-1.231731493222399,False,False,False,False,False,True,False,1,0,13,14320.0,12772.0,14658.0,10977.0,10194.5,3457.1588045676976,26261.044155729505,-0.341201368646459
2016,0.4345240946267408,6992.0,-0.8100972652835361,0.0857742122584366,-0.5788827543808531,-0.6393078498915317,-0.8507243780595316,Estimated (Region),1.032562858144332,-1.231731493222399,False,True,False,False,False,True,False,1,0,13,7416.0,11195.0,13536.0,9576.0,9407.333333333334,4113.890615949807,36818.84839857347,0.237804488488708
2016,0.4345240946267408,13615.0,0.7244840384891729,0.0481051838472246,0.6211757244059766,0.7426201990405065,1.3049621261639113,Estimated (Region),-0.1216906375824229,-1.231731493222399,False,False,False,True,False,False,False,1,0,13,6992.0,14320.0,11469.0,9341.0,11051.666666666666,3707.4588332171506,7895.115116245526,0.027605087943839687
2016,0.4345240946267408,9094.0,-0.279789912488286,0.907109433375074,1.5812225074354402,1.5370219517200014,0.5428023979699484,Official (Quarter),0.976637488970758,1.2205846018810202,False,False,True,False,True,False,False,1,0,13,13615.0,7416.0,303.0,9900.333333333334,10438.666666666666,3384.325979177129,12626.871183406034,0.35754890995723915
2016,0.4345240946267408,7883.0,-0.5960023977539796,0.2319039781585565,-0.2428663803205408,-0.2503819918088622,-0.5332710895774943,Interpolated (Month),1.652354320634972,-0.0055734456706894,True,False,False,False,True,False,False,1,0,13,9094.0,6992.0,8832.0,10197.333333333334,9886.666666666666,3021.0866146691733,19512.492044939238,0.3093628696543074
2016,0.4345240946267408,11746.0,0.447005822019945,-0.3023815960447127,1.5812225074354402,1.6445971890620164,1.3803965709517216,Official (Quarter),0.1766740897095829,1.2205846018810202,False,False,False,False,True,False,False,1,0,13,7883.0,13615.0,3539.0,9574.333333333334,9457.666666666666,1975.7865100595307,8117.451789933502,-0.11433937739000667
2016,0.4345240946267408,3747.0,-1.5608378205023097,1.4283727805189967,1.5812225074354402,1.5866720612624698,-1.0056141727251942,Estimated (Region),0.0117807331771893,-1.231731493222399,False,True,False,False,True,False,False,1,0,13,11746.0,9094.0,17493.0,7792.0,8846.166666666666,4000.276365452743,-6681.075817326355,0.5522048202050996
2016,0.7242068243779014,14559.0,1.169575999932198,1.1466572763842888,-1.298917841652951,-1.3261343652290116,-0.0044371215380216,Official (Quarter),-1.1090328510849543,1.2205846018810202,True,False,False,False,False,True,False,1,0,13,3747.0,7883.0,11715.0,10017.333333333334,10107.333333333334,5609.460966379323,6710.5277715346165,-3.515904481820264
2016,0.7242068243779014,10096.0,0.2122526777989401,-0.2815221752345347,0.6211757244059766,0.8170953633542092,0.4617047065764461,Official (Quarter),0.600438484993881,1.2205846018810202,False,False,True,False,False,True,False,1,0,13,14559.0,11746.0,3749.0,9467.333333333334,9520.833333333334,5433.346329227801,8328.296719732622,-0.15492977468990282
2016,0.7242068243779014,13362.0,0.682463225673613,-0.9004298589030344,-0.5788827543808531,-0.6889579594340001,0.25969670015143,Interpolated (Month),-0.5065378945242855,-0.0055734456706894,True,False,False,False,False,False,True,1,0,13,10096.0,3747.0,12772.0,12672.333333333334,10232.166666666666,2310.048123596855,7941.92692957685,-2.894881531977258
2016,0.7242068243779014,12055.0,0.6981916863364203,0.9303034114561576,0.6211757244059766,0.7343451807834285,0.9089029747948756,Official (Quarter),0.5900605814358982,1.2205846018810202,False,False,False,False,False,False,False,1,0,13,13362.0,14559.0,11195.0,11837.666666666666,10927.5,1643.8109177558458,7098.727485827442,0.5364003785197629
2016,0.7242068243779014,8273.0,-0.3624230192540797,-0.6038963526568654,1.5812225074354402,1.6611472255761726,0.3563116872445271,Official (Quarter),-1.469376724626024,1.2205846018810202,False,False,False,True,False,False,False,1,0,13,12055.0,10096.0,14320.0,11230.0,10348.666666666666,2642.9054088256653,12975.68803428438,-0.22693083150486498
2016,0.7242068243779014,5973.0,-1.00024731210255,1.123651176235588,-1.298917841652951,-1.3013093104577775,-1.2367595829364928,Official (Quarter),-0.4725214328620085,1.2205846018810202,True,False,False,True,False,False,False,1,0,13,8273.0,13362.0,7416.0,8767.0,10719.666666666666,3070.9457826539124,-24151668.83632203,-3.729228195864347
2016,0.7242068243779014,9469.0,-0.1253223435908648,1.2730027007539786,-1.298917841652951,-1.2764842556865432,-0.7153727841835046,Estimated (Region),-0.3943988810783045,-1.231731493222399,False,True,False,True,False,False,False,1,0,13,5973.0,12055.0,6992.0,7905.0,9871.333333333334,1776.8151282561205,10825.702395181368,-4.604250240553343
2016,0.7242068243779014,12186.0,0.5524099837751762,0.8703271092796584,-0.5788827543808531,-0.5317326125495168,0.1497447673019297,Interpolated (Month),0.4378513292521503,-0.0055734456706894,True,False,False,False,False,False,False,1,0,13,9469.0,8273.0,13615.0,9209.333333333334,10219.666666666666,3114.6287633252864,7849.730501195234,1.858611410071112
2016,0.7242068243779014,8964.0,-0.1781418010405909,0.0486340254346728,-0.2428663803205408,-0.3083071196084087,-0.3441186529473981,Interpolated (Month),-0.9746966550288434,-0.0055734456706894,False,False,False,False,False,False,True,1,0,13,12186.0,5973.0,9094.0,10206.333333333334,9486.666666666666,1732.9357556854918,10906.9910251546,0.0703115888761778
2016,0.7242068243779014,10761.0,0.3103794920833202,1.0654433123750109,1.5812225074354402,1.3301464952930495,0.9142547428372544,Interpolated (Month),1.6203557846645251,-0.0055734456706894,False,True,False,False,False,False,False,1,0,13,8964.0,9469.0,7883.0,10637.0,9271.0,1614.5751763234598,8212.124857732255,0.45724305940730825
2016,0.7242068243779014,8385.0,-0.4032700663485346,0.4057526975271007,0.6211757244059766,0.4447195417856959,-0.1338989389441295,Interpolated (Month),1.3421703142908192,-0.0055734456706894,False,False,True,True,False,False,False,1,0,13,10761.0,12186.0,11746.0,9370.0,9289.666666666666,1238.9394658335314,14051.582679439478,0.28085222480315036
2016,0.7242068243779014,14749.0,1.3343727071753435,1.3623992954532578,-0.5788827543808531,-0.7055079959481563,0.4928525629077493,Interpolated (Month),0.8201041103045171,-0.0055734456706894,False,False,True,False,False,False,False,1,0,13,8385.0,8964.0,3747.0,11298.333333333334,10752.333333333334,3215.846596672996,6318.185589929512,4.626269225338338
2016,0.7242068243779014,11133.0,0.2009845268763319,1.1772460901214403,0.6211757244059766,0.5191947060993986,0.555289856735498,Estimated (Region),0.5136676802451914,-1.231731493222399,False,False,False,False,False,True,False,1,0,13,14749.0,10761.0,14559.0,11422.333333333334,11029.666666666666,3191.8504559789917,9269.894616341206,0.7749145553199518
2016,0.7242068243779014,6101.0,-0.8596301787141681,-1.3497836729747388,-1.298917841652951,-1.3095843287148556,-1.2207042788093574,Estimated (Region),-1.5647957823396994,-1.231731493222399,False,True,False,False,False,True,False,1,0,13,11133.0,8385.0,10096.0,10661.0,10015.5,4343.278024718188,43463.75840699172,4.359987078732155
2016,0.7242068243779014,15648.0,1.5214709631194845,-1.15761138785162,-0.2428663803205408,-0.109706681438535,1.1298545411159295,Estimated (Region),-0.231523450237741,-1.231731493222399,False,False,True,False,False,False,True,1,0,13,6101.0,14749.0,13362.0,10960.666666666666,11129.5,4775.832527772857,6205.901328580357,-1.3002584246303088
2016,0.7242068243779014,11327.0,0.2690629387004233,1.2513554849098674,-0.5788827543808531,-0.6393078498915317,-0.0718580723787788,Estimated (Region),1.440472122992823,-1.231731493222399,False,True,False,False,False,False,True,1,0,13,15648.0,11133.0,12055.0,11025.333333333334,11223.833333333334,4780.643715372782,8925.483247977716,3.4693172128463465
2016,0.7242068243779014,13993.0,1.0155779373232188,1.6715176409796813,-1.298917841652951,-1.2516592009153091,-0.0326967221004222,Interpolated (Month),-1.273349657419682,-0.0055734456706894,False,False,False,False,True,False,False,1,0,13,11327.0,6101.0,8273.0,13656.0,12158.5,2180.123161658547,6942.42566406703,-6.641988987091304
2016,0.7242068243779014,10718.0,0.1127173446492341,1.421326861023069,-1.298917841652951,-1.243384182658231,-0.5136196238557446,Official (Quarter),0.2285636074994969,1.2205846018810202,False,True,False,False,True,False,False,1,0,13,13993.0,15648.0,5973.0,12012.666666666666,11486.666666666666,1741.8410757969054,9632.275484461577,-5.839848939645138
2016,0.7242068243779014,20337.625,2.411889639149756,1.2507824075129428,0.6211757244059766,0.7426201990405065,2.9947333321371143,Estimated (Region),0.1605306841749429,-1.231731493222399,True,False,False,False,True,False,False,1,0,13,10718.0,11327.0,9469.0,15016.208333333334,13020.770833333334,4890.757891698224,5960.80974209592,0.7177596175010645
2016,0.7242068243779014,8660.0,-0.4124254389731538,1.3753827540503665,0.6211757244059766,0.6764200529838819,0.0338181092834244,Interpolated (Month),-1.1839843767814968,-0.0055734456706894,False,False,True,False,True,False,False,1,0,13,20337.625,13993.0,12186.0,13238.541666666666,13447.270833333334,6233.504562459899,14738.555026728474,0.8204284788900638
2016,1.013889554129062,9922.0,-0.0671035638240556,0.3468127061681107,1.5812225074354402,1.4625467874062987,0.746141267347302,Official (Quarter),-0.6725843514520105,1.2205846018810202,False,False,True,False,False,True,False,1,0,13,8660.0,10718.0,8964.0,12973.208333333334,12492.9375,6408.91064301948,10635.692897136021,0.14083497131577125
2016,1.013889554129062,12205.0,0.4728286678842556,-0.476037964196769,-0.5788827543808531,-0.5813827220919852,0.122164756332212,Official (Quarter),-1.5523999530898869,1.2205846018810202,False,False,False,False,False,False,True,1,0,13,9922.0,20337.625,10761.0,10262.333333333334,12639.270833333334,1796.8378706308615,8286.77514644843,-1.137167501961951
2016,1.013889554129062,6815.0,-0.663611303289629,-1.2775252237423806,-1.298917841652951,-1.3426844017431678,-1.1285632565347568,Estimated (Region),-0.345392114276719,-1.231731493222399,False,True,False,False,False,False,False,1,0,13,12205.0,8660.0,8385.0,9647.333333333334,11442.9375,2705.477099022134,20259.30141721641,3.7279935043552093
2016,1.013889554129062,8763.0,-0.1969220525782713,0.2552788757300838,-0.5788827543808531,-0.5731077038349071,-0.5027461903728171,Estimated (Region),-0.6950698091609733,-1.231731493222399,False,True,False,True,False,False,False,1,0,13,6815.0,9922.0,14749.0,9261.0,11117.104166666666,2729.290750359857,10911.767690961378,0.5979936345146862
2016,1.013889554129062,10492.0,0.2361974985094826,0.0264062767201292,-0.5788827543808531,-0.5317326125495168,-0.1639424621873229,Interpolated (Month),-1.4647643230446985,-0.0055734456706894,False,False,False,False,False,True,False,1,0,13,8763.0,12205.0,11133.0,8690.0,9476.166666666666,1839.5866383510852,8487.316964037294,0.056391449474839886
2016,1.013889554129062,8723.0,-0.2981006577375244,1.3066084961037343,-0.5788827543808531,-0.5731077038349071,-0.5100800947271874,Interpolated (Month),0.7192078257130177,-0.0055734456706894,False,True,False,False,False,False,True,1,0,13,10492.0,6815.0,6101.0,9326.0,9486.666666666666,1009.9836632341506,12427.707898803004,3.060745082170391
2016,1.013889554129062,10280.0,-0.0652255386702875,1.157527356757873,0.6211757244059766,0.6515949982126477,0.4211841771127235,Estimated (Region),-1.3125550708609506,-1.231731493222399,True,False,False,True,False,False,False,1,0,13,8723.0,8763.0,15648.0,9831.666666666666,9546.333333333334,965.9670456766264,10997.305152492876,0.7008542396958979
2016,1.013889554129062,8787.0,-0.2088944629335425,-1.5675053687756686,1.5812225074354402,1.7687224629181877,0.5578666339410879,Official (Quarter),1.238103003612158,1.2205846018810202,False,False,True,False,False,False,True,1,0,13,10280.0,10492.0,11327.0,9263.333333333334,8976.666666666666,881.040483367935,11107.241181225409,-0.5661475246325498
2016,1.013889554129062,14647.0,0.9852947817187092,1.4297878293906747,-0.5788827543808531,-0.5234575942924387,0.6117241091612141,Interpolated (Month),1.15853907633429,-0.0055734456706894,True,False,False,False,False,True,False,1,0,13,8787.0,8723.0,13993.0,11238.0,10282.0,3045.196709573941,7377.745680326526,3.0003370366751563
2016,1.013889554129062,14004.0,1.167463221634209,0.3592196081473245,-0.2428663803205408,-0.109706681438535,0.7897765824441549,Estimated (Region),-0.1764629063606655,-1.231731493222399,True,False,False,False,False,False,False,1,0,13,14647.0,10280.0,10718.0,12479.333333333334,11155.5,3213.7760241394144,6461.0092850578385,0.40348456026576857
2016,1.013889554129062,15259.0,1.1364758065970364,-0.3972052784257097,1.5812225074354402,1.5618470064912358,2.358580840919787,Official (Quarter),0.5459544913144713,1.2205846018810202,False,False,False,True,False,False,False,1,0,13,14004.0,8787.0,20337.625,14636.666666666666,11950.0,627.5638081768551,7142.135638926064,-0.15504644790234023
2016,1.013889554129062,10758.0,0.2199995315582333,-0.2374528713331246,-0.2428663803205408,-0.3083071196084087,0.0086732943541541,Estimated (Region),-0.2067317917381154,-1.231731493222399,True,False,False,False,False,False,True,1,0,13,15259.0,14647.0,8660.0,13340.333333333334,12289.166666666666,2322.7333754293413,8818.03617273479,-0.34329234558362703
2016,1.013889554129062,14343.0,1.220752185372377,0.146204304255744,-0.2428663803205408,-0.3827822839221114,0.6588706371535958,Official (Quarter),-0.873512095338511,1.2205846018810202,False,False,True,True,False,False,False,1,0,13,10758.0,14004.0,9922.0,13453.333333333334,12966.333333333334,2378.7350279788175,6458.622485874063,0.23687638971998334
2016,1.013889554129062,13801.0,1.171923531374408,-1.0902004874936817,-0.2428663803205408,-0.3827822839221114,0.5543554210455591,Official (Quarter),-0.881583798105831,1.2205846018810202,False,False,True,False,False,False,False,1,0,13,14343.0,15259.0,12205.0,12967.333333333334,13802.0,1932.435337426162,6354.275277484853,-1.7663143151842158
2016,1.013889554129062,8282.0,-0.2741558370269819,-0.582175576140816,0.6211757244059766,0.6102199069272574,-0.0877717953407719,Official (Quarter),-1.031775124597749,1.2205846018810202,False,False,False,False,False,False,False,1,0,13,13801.0,10758.0,6815.0,12142.0,12741.166666666666,3353.8248314424527,11410.162707759995,-0.3615503532382526
2016,1.013889554129062,6991.0,-0.6309806162429094,-0.3537020934792834,-1.298917841652951,-1.3923345112856362,-1.1211160872482724,Official (Quarter),0.4243023996070061,1.2205846018810202,False,True,False,False,False,True,False,1,0,13,8282.0,14343.0,8763.0,9691.333333333334,11572.333333333334,3617.138417773534,18944.804277820458,0.9015319409965777
2016,1.013889554129062,16449.0,1.7024656373138791,0.7096129461046373,-0.2428663803205408,-0.333132174379643,1.1068900761298508,Official (Quarter),0.0622288754729391,1.2205846018810202,False,False,False,False,True,False,False,1,0,13,6991.0,13801.0,10492.0,10574.0,11770.666666666666,5128.682969340173,6086.663886816157,1.064098339793971
2016,1.013889554129062,6258.0,-0.8497705466568859,-0.7555307431631793,-1.298917841652951,-1.1937340731157626,-1.1606738647890276,Official (Quarter),-1.3209150487271033,1.2205846018810202,False,False,True,False,True,False,False,1,0,13,16449.0,8282.0,8723.0,9899.333333333334,11020.666666666666,5684.005835089654,41656.27885037392,3.8998340922287027
2016,1.013889554129062,7230.0,-0.6488218552037057,-0.7584458333045173,0.6211757244059766,0.4943696513281643,-0.3872442758497387,Official (Quarter),0.0766426304145819,1.2205846018810202,False,True,False,False,True,False,False,1,0,13,6258.0,6991.0,10280.0,9979.0,9835.166666666666,5624.221812837746,20587.84154746834,-0.5075356238869189
2016,1.013889554129062,16842.0,1.9233683460258448,-1.61437942181051,1.5812225074354402,1.603222097776626,2.8575978155802937,Estimated (Region),1.7333596234070046,-1.231731493222399,True,False,False,False,True,False,False,1,0,13,7230.0,16449.0,8787.0,10110.0,10342.0,5850.304607454206,5761.162469620277,-0.6201466341228925
2016,1.3035722838802226,15582.0,1.5278092980134514,0.3726349871762873,1.5812225074354402,1.4956468604346111,2.400149071005562,Estimated (Region),-0.9565353238023736,-1.231731493222399,False,True,False,False,False,True,False,1,0,13,16842.0,6258.0,14647.0,13218.0,11558.666666666666,5223.8882070733525,6164.230827161504,0.1493139887233059
2016,1.3035722838802226,10587.0,0.0263281875759043,-0.3995448060122873,-0.5788827543808531,-0.5896577403490633,-0.1778457326042955,Estimated (Region),-0.433604294519573,-1.231731493222399,False,False,True,False,False,False,True,1,0,13,15582.0,7230.0,14004.0,14337.0,12158.0,3308.137693627654,10315.413849253766,-0.9736867130189456
2016,1.3035722838802226,10434.0,0.1599027266376561,-1.582826863864654,1.5812225074354402,1.379796604835518,0.8490424581727167,Estimated (Region),0.2222215553251741,-1.231731493222399,True,False,False,False,False,False,False,1,0,13,10587.0,16842.0,15259.0,12201.0,11155.5,2929.031068459329,8995.58192284472,-0.6651101445596241
2016,1.3035722838802226,9155.0,-0.1102981423607205,-1.487953478326942,-0.2428663803205408,-0.3827822839221114,-0.3415418757418083,Interpolated (Month),-0.4828993364199913,-0.0055734456706894,False,False,True,False,False,False,False,1,0,13,10434.0,15582.0,10758.0,10058.666666666666,11638.333333333334,786.3283877193031,10289.963903516767,-2.4107433075352174
2016,1.3035722838802226,9894.0,0.060836899776392,-1.2459900619013746,-0.5788827543808531,-0.5813827220919852,-0.2999170131899759,Interpolated (Month),-1.6149556495366164,-0.0055734456706894,False,True,False,False,False,False,True,1,0,13,9155.0,10587.0,14343.0,9827.666666666666,12082.333333333334,642.0750215770961,9326.598652521894,-2.9764420334680097
2016,1.3035722838802226,10075.0,0.1204641984085272,-1.315555594102911,0.6211757244059766,0.7839952903258969,0.4392216175518509,Interpolated (Month),-1.4803311783816726,-0.0055734456706894,True,False,False,False,False,True,False,1,0,13,9894.0,10434.0,13801.0,9708.0,10954.5,487.38793583744933,8991.808943391692,-0.7374210017463598
2016,1.3035722838802226,8999.0,-0.2880062725360212,0.290592968576136,-0.2428663803205408,-0.2834820648371745,-0.3257697339449576,Official (Quarter),0.3689535806310977,1.2205846018810202,False,False,False,False,False,False,True,1,0,13,10075.0,9155.0,8282.0,9656.0,9857.333333333334,576.1310614781045,12639.15629152123,0.4055627281822332
2016,1.3035722838802226,14130.0,1.0017275018141796,-1.1544616988105865,-0.2428663803205408,-0.2669320283230184,0.7018263626577658,Estimated (Region),-1.2168477380484424,-1.231731493222399,False,False,False,False,False,False,False,1,0,13,8999.0,9894.0,6991.0,11068.0,10447.833333333334,2705.795077236994,7058.9028662462215,-1.5748358179796282
2016,1.3035722838802226,3663.0,-1.5354844809264412,1.587861760880992,-1.298917841652951,-1.2102841096299186,-1.556166691497494,Estimated (Region),-1.7048974803724672,-1.231731493222399,False,False,True,True,False,False,False,1,0,13,14130.0,10075.0,16449.0,8930.666666666666,9319.333333333334,5233.83457259906,-6840.534376762231,-7.551030668344308
2016,1.3035722838802226,6535.0,-0.8126795498699672,-0.7768931599193134,-0.2428663803205408,-0.3083071196084087,-0.8217851879044479,Interpolated (Month),1.0190139284991877,-0.0055734456706894,False,False,False,True,False,False,False,1,0,13,3663.0,8999.0,6258.0,8109.333333333333,8882.666666666666,5408.1805011790375,34886.74085217913,-1.1231764587189146
2016,1.3035722838802226,8067.0,-0.5347318271122974,-1.5279053727260763,1.5812225074354402,1.6197721342907825,0.2778190892896431,Interpolated (Month),0.6650121071324407,-0.0055734456706894,False,False,True,False,False,True,False,1,0,13,6535.0,14130.0,7230.0,6088.333333333333,8578.166666666666,2235.7185273046025,17338.38777308126,-0.5832207132547834
2016,1.3035722838802226,9605.0,-0.0316558390466838,1.4425222751726403,0.6211757244059766,0.6598700164697258,0.2592436404229748,Estimated (Region),1.312189704012202,-1.231731493222399,True,False,False,True,False,False,False,1,0,13,8067.0,3663.0,16842.0,8069.0,8499.833333333334,1535.0009771983252,9918.994080104807,0.8690573724806784
2016,1.3035722838802226,5425.0,-1.2258450836989356,-0.2666544699663585,-1.298917841652951,-1.3426844017431678,-1.3281077506862968,Official (Quarter),-0.0288660557582433,1.2205846018810202,True,False,False,False,False,False,True,1,0,13,9605.0,6535.0,15582.0,7699.0,7904.166666666667,2114.1589344228114,-24020.890387110812,0.778134250085326
2016,1.3035722838802226,15241.0,1.259016947880401,-1.4855036097324563,-1.298917841652951,-1.3095843287148556,0.1069872554289587,Estimated (Region),-0.633667213109575,-1.231731493222399,False,True,False,True,False,False,False,1,0,13,5425.0,8067.0,10587.0,10090.333333333334,8089.333333333333,4925.964406421674,6746.7399986973915,4.7983811580485
2016,1.3035722838802226,15569.0,1.604104069885278,1.2486436806794936,0.6211757244059766,0.7839952903258969,1.8276797878692368,Interpolated (Month),-0.219415896086761,-0.0055734456706894,False,False,False,False,False,True,False,1,0,13,15241.0,9605.0,10434.0,12078.333333333334,10073.666666666666,5764.289143800241,5978.639709543513,0.6999142248023501
2016,1.3035722838802226,11120.0,0.3068581949200051,1.6190246460782018,-0.2428663803205408,-0.2834820648371745,0.0940467369349535,Estimated (Region),-1.575461960996515,-1.231731493222399,False,True,False,False,False,False,False,1,0,13,15569.0,5425.0,9155.0,13976.666666666666,10837.833333333334,2479.3757951011366,8508.956857924952,2.2595730917890924
2016,1.3035722838802226,15062.0,1.3801495702984394,1.2070396533511505,-1.298917841652951,-1.243384182658231,0.1321603865912574,Official (Quarter),-0.2228751972727553,1.2205846018810202,False,False,False,False,True,False,False,1,0,13,11120.0,15241.0,9894.0,13917.0,12003.666666666666,2435.5017963450687,6328.173736624217,-4.959400566494987
2016,1.3035722838802226,6051.0,-0.8805232085498376,0.5911072006436142,-1.298917841652951,-1.243384182658231,-1.2073956492859823,Official (Quarter),-0.4581076779203657,1.2205846018810202,True,False,False,False,True,False,False,1,0,13,15062.0,15569.0,10075.0,10744.333333333334,11411.333333333334,4517.230825775151,50645.819380947,-2.428700148824661
2016,1.3035722838802226,2787.0,-1.758265214792175,0.749272585942287,1.5812225074354402,1.6197721342907825,-1.283056623938021,Official (Quarter),-0.6400092652838978,1.2205846018810202,False,False,True,False,True,False,False,1,0,13,6051.0,11120.0,8999.0,7966.666666666667,10971.666666666666,6357.770075532233,-3675.4949925585865,0.2860067775112541
2016,1.3035722838802226,14506.0,1.358317527885886,-0.531621004351224,-0.5788827543808531,-0.6806829411769221,0.4685006025032758,Interpolated (Month),-1.6221625270074378,-0.0055734456706894,False,True,False,False,True,False,False,1,0,13,2787.0,15062.0,14130.0,7781.333333333333,10849.166666666666,6048.080714849391,6150.995287307179,-1.6648687868748533
2016,1.5932550136313832,12374.0,0.6763596439238668,1.4880846619017716,1.5812225074354402,1.3301464952930495,1.3671162576613756,Estimated (Region),-0.0605763166298574,-1.231731493222399,False,True,False,False,False,False,True,1,0,13,14506.0,6051.0,3663.0,9889.0,10316.666666666666,6242.20786260758,7381.470942020586,0.6386227925616427
2016,1.5932550136313832,5224.0,-1.1734951325376517,0.14970589164632,0.6211757244059766,0.7260701625263504,-0.8022469871148122,Estimated (Region),1.1735293814735983,-1.231731493222399,False,False,True,False,False,False,False,1,0,13,12374.0,2787.0,6535.0,10701.333333333334,9334.0,4861.8146132214115,-30110.354818549702,0.08673221685681887
2016,1.5932550136313832,8519.0,-0.4150077235595849,1.3965831385156098,-1.298917841652951,-1.384059493028558,-0.9020333923070966,Interpolated (Month),1.596717226560231,-0.0055734456706894,False,False,True,True,False,False,False,1,0,13,5224.0,14506.0,8067.0,8705.666666666666,8243.5,3578.6531451557526,14562.585427344029,-3.636371874322509
2016,1.5932550136313832,8664.0,-0.1743857507330548,-0.3799115620782706,1.5812225074354402,1.5121968969487674,0.4064880521709539,Interpolated (Month),-0.5327709285180754,-0.0055734456706894,False,False,True,False,False,False,True,1,0,13,8519.0,12374.0,9605.0,7469.0,8679.0,1945.5783201916504,10494.004927473916,-0.1512268256280783
2016,1.5932550136313832,1761.0,-2.045603063318685,0.7794523426996738,-0.2428663803205408,-0.1759068274951595,-1.748660443624948,Interpolated (Month),-1.2450986977340623,-0.0055734456706894,False,True,False,False,False,False,False,1,0,13,8664.0,5224.0,5425.0,6314.666666666667,8508.0,3944.257386800846,-1684.19552483969,0.945830360820148
2016,1.5932550136313832,3988.0,-1.4904118772360082,1.291809878223391,1.5812225074354402,1.379796604835518,-0.977128042298566,Interpolated (Month),1.024491155377012,-0.0055734456706894,False,False,False,True,False,False,False,1,0,13,1761.0,8519.0,15241.0,4804.333333333333,6755.0,3523.1594249101136,-8131.9400795849715,0.5428236495499479
2016,1.5932550136313832,11076.0,0.206149096049194,1.31658690184585,-1.298917841652951,-1.1771840366016064,-0.4227528320674246,Official (Quarter),-1.1955153807348111,1.2205846018810202,False,False,False,False,False,True,False,1,0,13,3988.0,8664.0,15569.0,5608.333333333333,6538.666666666667,4864.300189475666,9182.944327761825,-7.430618057348815
2016,1.5932550136313832,12787.0,0.7716694204775948,1.1412928146800323,1.5812225074354402,1.810097554203578,1.7980893243544986,Estimated (Region),-0.7126545901897775,-1.231731493222399,False,False,True,False,False,True,False,1,0,13,11076.0,1761.0,11120.0,9283.666666666666,7799.166666666667,4665.291452131709,7217.486429580619,0.40613992669855586
2016,1.5932550136313832,9780.0,0.0791476450256304,0.9249563458567512,-1.298917841652951,-1.2682092374294651,-0.6655078978203909,Estimated (Region),1.597005501659064,-1.231731493222399,False,True,False,True,False,False,False,1,0,13,12787.0,3988.0,15062.0,11214.333333333334,8009.333333333333,1508.2653391672452,9062.708003933716,-3.44863717119363
2016,1.5932550136313832,121.0,-2.4688629823491564,1.3278044072848727,0.6211757244059766,0.6681450347268039,-2.0770721142889985,Official (Quarter),0.2594090430746125,1.2205846018810202,True,False,False,False,False,False,True,1,0,13,9780.0,11076.0,6051.0,7562.666666666667,6585.5,6617.727278555161,-82.37664197002528,0.7959765965447545
2016,1.5932550136313832,11142.0,0.1927681668285967,-1.3548509098018395,-0.5788827543808531,-0.4655324664928921,-0.0057113520243023,Estimated (Region),-0.1911649364011411,-1.231731493222399,False,True,False,False,False,True,False,1,0,13,121.0,12787.0,2787.0,7014.333333333333,8149.0,6008.518480734921,9341.295576008719,-2.534954557317038
2016,1.5932550136313832,8111.0,-0.4316751967992762,-1.2507088795999028,0.6211757244059766,0.5936698704131012,-0.1363624512176053,Official (Quarter),0.4560126604786202,1.2205846018810202,True,False,False,False,False,True,False,1,0,13,11142.0,9780.0,14506.0,6458.0,8836.166666666666,5693.409962403876,14271.768457614398,-0.7847979702820772
2016,1.5932550136313832,8627.0,-0.3358959139571062,1.6780670259400243,-1.298917841652951,-1.2930342922006994,-0.8464486268722345,Estimated (Region),1.2770201419545937,-1.231731493222399,False,False,False,False,False,False,True,1,0,13,8111.0,121.0,12374.0,9293.333333333334,8428.0,1621.6474133834374,12990.433549964322,-5.726520992944795
2016,1.5932550136313832,8855.0,-0.22931798648077,-1.0345955779502722,1.5812225074354402,1.5121968969487674,0.461874603974617,Interpolated (Month),-1.573732310403518,-0.0055734456706894,True,False,False,False,False,False,False,1,0,13,8627.0,11142.0,5224.0,8531.0,7772.666666666667,381.17712418221004,11489.823097810042,-0.4118290167489891
2016,1.5932550136313832,2907.0,-1.7899568892620104,-1.0279467866764982,-0.5788827543808531,-0.4903575212641263,-1.5624245789967828,Official (Quarter),-0.3730665237646732,1.2205846018810202,False,False,False,False,False,False,False,1,0,13,8855.0,8111.0,8519.0,6796.333333333333,6627.166666666667,3370.190103441209,-3679.9476522266464,-2.0169958933294487
2016,1.5932550136313832,9327.0,-0.2232144047310238,1.6273747764063324,1.5812225074354402,1.594947079519548,0.6384263169070494,Interpolated (Month),-0.5088440953149483,-0.0055734456706894,True,False,False,True,False,False,False,1,0,13,2907.0,8627.0,8664.0,7029.666666666667,8161.5,3578.125393740845,12007.174253495723,0.6271321635998988
2016,1.5932550136313832,9646.0,-0.182836863925011,-1.6537577417811529,1.5812225074354402,1.6942472986044848,0.7814799261668167,Interpolated (Month),-0.1239968383730857,-0.0055734456706894,False,False,True,False,True,False,False,1,0,13,9327.0,8855.0,1761.0,7293.333333333333,7912.166666666667,3802.0231894786084,11804.252509886606,-0.6138106708458926
2016,1.5932550136313832,10571.0,0.1439395128306277,-0.6831206993028396,-0.2428663803205408,-0.3248571561225649,-0.037085738219833,Estimated (Region),-1.0369640763767405,-1.231731493222399,True,False,False,False,True,False,False,1,0,13,9646.0,2907.0,3988.0,9848.0,8322.166666666666,646.1323393855827,9240.87321176845,-1.011816544450929
2016,1.5932550136313832,15047.0,1.3015072669844028,-0.0220960517286974,-1.298917841652951,-1.2682092374294651,0.1107816306547721,Estimated (Region),1.2839387443265822,-1.231731493222399,False,True,False,False,True,False,False,1,0,13,10571.0,9327.0,11076.0,11754.666666666666,9392.166666666666,2888.5117852162757,6537.889415276817,0.08238363428667635
2016,1.5932550136313832,20337.625,2.4938184864828865,1.619064408603574,1.5812225074354402,1.7687224629181877,4.133385694677448,Official (Quarter),0.7878172992352374,1.2205846018810202,False,False,False,False,True,False,False,1,0,13,15047.0,9646.0,12787.0,15318.541666666666,11305.9375,4888.971479790867,5821.030794439818,0.5847694849476198
2017,-1.5932550136313832,2425.0,-1.925878959765972,0.0067775060702167,0.6211757244059766,0.7343451807834285,-1.5002704474993187,Interpolated (Month),0.7359277814453232,-0.0055734456706894,True,False,False,True,False,False,False,0,0,14,20337.625,10571.0,9780.0,12603.208333333334,11225.604166666666,9202.968101662005,-2619.132851461438,0.003907818435056396
2017,-1.5932550136313832,8095.0,-0.3765082079073401,1.368015255130493,0.6211757244059766,0.5853948521560232,-0.1436680393389471,Estimated (Region),1.4375893720044943,-1.231731493222399,False,True,False,False,False,False,True,0,0,14,2425.0,15047.0,121.0,10285.875,11020.270833333334,9155.07965813924,12983.33049875493,0.8628861467981245
2017,-1.5932550136313832,12900.0,0.8629883935795657,-1.2379972972700255,-1.298917841652951,-1.2268341461440748,-0.1782704760997223,Interpolated (Month),0.9498279047793023,-0.0055734456706894,False,False,True,False,False,True,False,0,0,14,8095.0,20337.625,11142.0,7806.666666666667,11562.604166666666,5243.449087512258,6924.358758464299,5.45772018152728
2017,-1.5932550136313832,10620.0,0.109665553774361,-1.380498732729946,-0.5788827543808531,-0.6144827951202975,-0.1853495343568366,Official (Quarter),-0.7749220115376744,1.2205846018810202,False,True,False,False,False,True,False,0,0,14,12900.0,2425.0,8111.0,10538.333333333334,11570.770833333334,2403.5407908611146,9570.451172317338,-3.580900450761255
2017,-1.5932550136313832,6240.0,-0.9662081061905043,-0.0773754055956232,1.5812225074354402,1.4294467143779863,-0.3232212729723965,Interpolated (Month),0.5053077023790385,-0.0055734456706894,True,False,False,False,False,False,False,0,0,14,10620.0,8095.0,8627.0,9920.0,10102.9375,3384.7304176255916,184659.67119743183,-0.03184898237845636
2017,-1.5932550136313832,9897.0,-0.0790759741793268,-1.269386331830289,-0.5788827543808531,-0.5317326125495168,-0.2741492411340795,Estimated (Region),-1.5224193428112696,-1.231731493222399,False,False,False,False,False,False,False,0,0,14,6240.0,12900.0,8855.0,8919.0,8362.833333333334,2348.0764467963686,10746.814853896743,-2.710815157855766
2017,-1.5932550136313832,11109.0,0.303102144612469,-0.1716180580746211,-0.5788827543808531,-0.5482826490636729,-0.0591157675159729,Official (Quarter),0.4511119837984617,1.2205846018810202,False,False,False,True,False,False,False,0,0,14,9897.0,10620.0,2907.0,9082.0,9810.166666666666,2534.750283558494,8525.041606238563,-0.37992354670213213
2017,-1.5932550136313832,12064.0,0.6101592572535435,0.9304818457887646,-0.2428663803205408,-0.1262567179526911,0.3782567678415817,Official (Quarter),0.412483120554859,1.2205846018810202,False,False,True,False,False,False,True,0,0,14,11109.0,6240.0,9327.0,11023.333333333334,10471.666666666666,1086.0369852511003,7492.42656939266,1.0649373390414045
2017,-1.5932550136313832,4481.0,-1.4483910644204483,1.7366342436236524,-1.298917841652951,-1.243384182658231,-1.4408063581395578,Official (Quarter),1.1556563253459615,1.2205846018810202,False,False,True,True,False,False,False,0,0,14,12064.0,9897.0,9646.0,9218.0,9068.5,4130.058474162306,-9993.508692667092,-7.135361980619331
2017,-1.5932550136313832,8033.0,-0.4596108209615758,0.0747808680561987,-1.298917841652951,-1.37578447477148,-0.967358941903748,Official (Quarter),0.9720250873894324,1.2205846018810202,False,False,False,False,False,False,True,0,0,14,4481.0,11109.0,10571.0,8192.666666666666,8637.333333333334,3794.020602650064,14865.212538663392,-0.1989993548873301
2017,-1.5932550136313832,9893.0,-0.1520842020320593,-0.3170728551065511,1.5812225074354402,1.5204719152058452,0.7672085447204743,Official (Quarter),-1.4817725538758368,1.2205846018810202,False,False,True,False,False,False,False,0,0,14,8033.0,12064.0,15047.0,7469.0,9246.166666666666,2749.72871389157,11667.432100815806,-0.12579900343013978
2017,-1.5932550136313832,13497.0,0.8460861671956533,1.6192368785573752,-0.5788827543808531,-0.7055079959481563,0.2721558426839516,Official (Quarter),0.666453482626605,1.2205846018810202,False,True,False,False,False,False,False,0,0,14,9893.0,4481.0,20337.625,10474.333333333334,9846.166666666666,2778.0002399807804,7311.143022377432,5.498406938995591
2017,-1.5932550136313832,8688.0,-0.2053731657702275,-1.7217148798313897,-0.5788827543808531,-0.6558578864056878,-0.5533756150276992,Estimated (Region),0.8526791964726299,-1.231731493222399,False,True,False,True,False,False,False,0,0,14,13497.0,8033.0,2425.0,10692.666666666666,9442.666666666666,2502.2430604026636,10933.433941255245,-5.002918305607353
2017,-1.5932550136313832,10853.0,0.0652972095165911,-1.4813633367780918,1.5812225074354402,1.5204719152058452,1.0461234400507808,Official (Quarter),-0.6887277569866505,1.2205846018810202,True,False,False,False,False,True,False,0,0,14,8688.0,9893.0,8095.0,11012.666666666666,9240.833333333334,2408.472614196247,10187.767228757557,-0.5877325304999917
2017,-1.5932550136313832,6923.0,-0.6805135296735414,1.497984536656278,-0.5788827543808531,-0.6062077768632194,-0.8513473351861576,Official (Quarter),1.4243287174581831,1.2205846018810202,True,False,False,False,False,False,True,0,0,14,10853.0,13497.0,12900.0,8821.333333333334,9647.833333333334,1968.3897818605928,21669.149222268847,3.8039972570407135
2017,-1.5932550136313832,10838.0,0.1350188933502295,0.7489937512331155,1.5812225074354402,1.7273473716327972,1.1568399111920495,Official (Quarter),1.0709034462891018,1.2205846018810202,False,False,False,False,False,True,False,0,0,14,6923.0,8688.0,10620.0,9538.0,10115.333333333334,2264.66884996458,9548.73972891282,0.27462352578311683
2017,-1.5932550136313832,6472.0,-0.902824757250833,-1.348817940639765,0.6211757244059766,0.7426201990405065,-0.4850768609630596,Estimated (Region),1.568177991775778,-1.231731493222399,True,False,False,False,True,False,False,0,0,14,10838.0,10853.0,6240.0,8077.666666666667,9545.166666666666,2401.1310529275897,66601.32577909592,-0.774017161847676
2017,-1.5932550136313832,6113.0,-0.8934346314819928,-0.7651378663246334,-1.298917841652951,-1.359234438257324,-1.2345226005272447,Estimated (Region),1.6019061783392223,-1.231731493222399,False,False,True,False,True,False,False,0,0,14,6472.0,6923.0,9897.0,7807.666666666667,8314.5,2630.4772063892024,57363.85173732154,2.1299123492624497
2017,-1.5932550136313832,2923.0,-1.7383111975333894,-0.6300501537203314,1.5812225074354402,1.3218714770359716,-1.2875305887565172,Estimated (Region),0.0579047489904462,-1.231731493222399,False,True,False,False,True,False,False,0,0,14,6113.0,10838.0,11109.0,5169.333333333333,7353.666666666667,1953.6453960053773,-3959.035173468042,-0.27135444831969496
2017,-1.5932550136313832,10239.0,0.0310232504603244,0.5188949753470011,-0.5788827543808531,-0.6889579594340001,-0.2934325958264589,Official (Quarter),1.3637909467032834,1.2205846018810202,False,False,False,False,True,False,False,0,0,14,2923.0,6472.0,12064.0,6425.0,7251.333333333333,3667.965648694074,9930.910864937874,1.66824707812093
2017,-1.3035722838802226,12488.0,0.637625375127401,1.3272546903716045,-0.5788827543808531,-0.6641329046627659,0.120805577146846,Official (Quarter),0.634454946656158,1.2205846018810202,True,False,False,True,False,False,False,0,0,14,10239.0,6113.0,4481.0,8550.0,8178.833333333333,5001.18455968182,7625.675682405984,3.9517258725179603
2017,-1.3035722838802226,5444.0,-1.1070599927231073,-0.7075860841326949,-0.2428663803205408,-0.3662322474079552,-1.0525341708533482,Official (Quarter),0.5439365656226413,1.2205846018810202,True,False,False,False,False,True,False,0,0,14,12488.0,2923.0,8033.0,9390.333333333334,7279.833333333333,3597.8688599410093,-50849.994115729045,-1.116475366944343
2017,-1.3035722838802226,14501.0,1.357143762164781,-0.7350435989967974,-1.298917841652951,-1.3178593469719335,-0.0066457877142412,Interpolated (Month),-1.509158688264958,-0.0055734456706894,True,False,False,False,False,False,False,0,0,14,5444.0,10239.0,9893.0,10811.0,8618.0,4755.687016614945,6151.9370319111995,2.312480680524712
2017,-1.3035722838802226,10693.0,0.302397885179806,-0.1415367135675307,-0.5788827543808531,-0.6062077768632194,-0.1675952562479938,Official (Quarter),-0.6624947229928605,1.2205846018810202,False,True,False,False,False,False,True,0,0,14,14501.0,12488.0,13497.0,10212.666666666666,9381.333333333334,4547.565539201525,8210.240604409266,-0.35941977837985145
2017,-1.3035722838802226,6521.0,-0.8227739350714703,-0.3602574428184329,0.6211757244059766,0.7012451077551162,-0.4866342537796246,Official (Quarter),-1.0211089459409333,1.2205846018810202,True,False,False,False,False,False,True,0,0,14,10693.0,5444.0,8688.0,10571.666666666666,9981.0,3991.3833859118668,36794.81346397742,-0.21176104558725925
2017,-1.3035722838802226,5991.0,-1.0239573796688717,-1.6677601150909205,-0.5788827543808531,-0.6889579594340001,-1.0458232236256038,Estimated (Region),-0.279377116643995,-1.231731493222399,False,False,False,True,False,False,False,0,0,14,6521.0,14501.0,10853.0,7735.0,9273.0,2575.373370989108,-250069.08446603743,-5.361847909871331
2017,-1.3035722838802226,12861.0,0.7535934283725774,1.660762871929676,-0.5788827543808531,-0.6889579594340001,0.1709819420732728,Interpolated (Month),-1.651566587088389,-0.0055734456706894,False,False,False,False,False,False,False,0,0,14,5991.0,10693.0,6923.0,8457.666666666666,9335.166666666666,3822.5951045504635,7334.083141458652,5.339351776716753
2017,-1.3035722838802226,10975.0,0.1002754280055208,-0.9409235177103636,1.5812225074354402,1.4377217326350646,1.03493852800454,Interpolated (Month),-0.0357846581302318,-0.0055734456706894,False,True,False,False,False,False,False,0,0,14,12861.0,6521.0,10838.0,9942.333333333334,10257.0,3549.510576591264,9974.77515234025,-0.38598479273238
2017,-1.3035722838802226,9235.0,-0.0203876881240756,0.070823005686978,0.6211757244059766,0.68469507124096,0.1798732392442084,Interpolated (Month),-0.6313610123189121,-0.0055734456706894,False,False,False,False,False,False,True,0,0,14,10975.0,5991.0,6472.0,11023.666666666666,9379.333333333334,1813.4898216789923,9427.198788789505,0.04203906504861393
2017,-1.3035722838802226,9462.0,-0.0426892368250711,0.583497150318971,-1.298917841652951,-1.1771840366016064,-0.6681696237250658,Interpolated (Month),0.922441770390181,-0.0055734456706894,False,False,True,True,False,False,False,0,0,14,9235.0,12861.0,6113.0,9890.666666666666,9174.166666666666,945.8944620480897,9883.937759792025,-3.293169980267177
2017,-1.3035722838802226,10407.0,0.0690532598241272,-0.4416418886552442,-0.2428663803205408,-0.4076073386933456,-0.1133979862315262,Official (Quarter),-0.6731609016496762,1.2205846018810202,False,True,False,True,False,False,False,0,0,14,9462.0,10975.0,2923.0,9701.333333333334,9821.833333333334,621.5756859250818,9734.781597047919,-0.7455222144060737
2017,-1.3035722838802226,10789.0,0.0493339957095627,-0.4823100055426429,-0.5788827543808531,-0.4324323934645798,-0.0539622131047938,Official (Quarter),0.0207172612410078,1.2205846018810202,False,False,True,False,False,False,True,0,0,14,10407.0,9235.0,10239.0,10219.333333333334,10621.5,683.1151684256929,10281.759710552833,-0.8497842371357099
2017,-1.3035722838802226,16196.0,1.6691306908344965,1.6544326778904457,1.5812225074354402,1.7356223898898753,2.777236346245531,Official (Quarter),-1.6285045791817605,1.2205846018810202,False,True,False,False,False,True,False,0,0,14,10789.0,9462.0,12488.0,12464.0,11177.333333333334,3237.6455951817893,6067.8932116794795,0.6047737743355165
2017,-1.3035722838802226,4224.0,-1.478908973169179,-0.4521913836680162,-1.298917841652951,-1.3178593469719335,-1.4951452093211677,Interpolated (Month),-1.5290496700844252,-0.0055734456706894,False,False,True,False,False,False,False,0,0,14,16196.0,10407.0,5444.0,10403.0,10052.166666666666,5995.326763404973,-8820.047726497356,1.422614713003686
2017,-1.3035722838802226,249.0,-2.438579826744647,0.3355897333818494,-0.5788827543808531,-0.7303330507193905,-2.063367057503225,Official (Quarter),-0.1046824067512844,1.2205846018810202,False,False,False,False,False,True,False,0,0,14,4224.0,10789.0,14501.0,6889.666666666667,8554.5,8300.965987963877,-173.08737087149382,1.2444600062302853
2017,-1.3035722838802226,10354.0,0.0375963384985125,-1.3684173864272158,-0.2428663803205408,-0.1428067544668473,0.0171964804957198,Interpolated (Month),0.5179918067276842,-0.0055734456706894,False,False,True,False,False,True,False,0,0,14,249.0,16196.0,10693.0,4942.333333333333,8703.166666666666,5090.6540182311555,9978.832437846775,-1.596393104539799
2017,-1.3035722838802226,244.0,-2.438814579888868,0.7138695244457153,-0.5788827543808531,-0.7303330507193905,-2.064244860727107,Interpolated (Month),-1.1326714091892485,-0.0055734456706894,False,False,True,False,True,False,False,0,0,14,10354.0,4224.0,6521.0,3615.6666666666665,7009.333333333333,5835.568381343238,-169.58404745860042,2.6472266117524037
2017,-1.3035722838802226,815.0,-2.288337814443204,-0.285894064899192,1.5812225074354402,1.7273473716327972,-1.8615006322433516,Estimated (Region),1.2314726763390025,-1.231731493222399,True,False,False,False,True,False,False,0,0,14,244.0,249.0,5991.0,3804.3333333333335,5347.0,5679.35826773879,-632.5980584154694,-0.10482495477942515
2017,-1.3035722838802226,10163.0,-0.0201529349798546,1.1718155232187522,-0.2428663803205408,-0.4076073386933456,-0.1601197707284811,Official (Quarter),-0.3987230075607974,1.2205846018810202,False,False,False,False,True,False,False,0,0,14,815.0,10354.0,12861.0,3740.6666666666665,4341.5,5569.22654713677,10372.026781333525,1.9781060768613359
2017,-1.3035722838802226,12872.0,0.8693267284735329,1.0732675833050958,-0.2428663803205408,-0.3745072656650333,0.3806636476490007,Estimated (Region),-0.7916419672699799,-1.231731493222399,False,True,False,False,True,False,False,0,0,14,10163.0,244.0,10975.0,7950.0,5782.833333333333,6325.807379299487,6885.901647868215,1.7158753801452384
2017,-1.013889554129062,9278.0,-0.1450416077054292,-0.2291425035303662,-1.298917841652951,-1.4006095295427143,-0.8025584656781254,Interpolated (Month),-1.1369955356717414,-0.0055734456706894,True,False,False,False,False,False,True,0,0,14,12872.0,815.0,9235.0,10771.0,7287.666666666667,1872.5536040391485,10851.990089364865,0.5719846549629675
2017,-1.013889554129062,18358.0,2.131594384949876,0.6295441428260738,1.5812225074354402,1.3549715500642838,3.0705642041873227,Official (Quarter),-0.7599317063983658,1.2205846018810202,True,False,False,False,False,True,False,0,0,14,9278.0,10163.0,9462.0,13502.666666666666,8621.666666666666,4572.734994872706,5862.189588864599,0.2673255831090143
2017,-1.013889554129062,18097.0,1.793315104127408,0.4302648033242681,-0.2428663803205408,-0.0766066084102227,1.667155062830911,Estimated (Region),-1.0525309317137146,-1.231731493222399,False,False,False,False,False,True,False,0,0,14,18358.0,12872.0,10407.0,15244.333333333334,11597.166666666666,5168.643954978287,6478.681897813762,0.4659604533052752
2017,-1.013889554129062,16645.0,1.986986448109737,0.1593691793748624,-0.2428663803205408,-0.0848816266673007,1.3572905248005007,Interpolated (Month),-1.4486209175100584,-0.0055734456706894,False,False,True,True,False,False,False,0,0,14,18097.0,9278.0,10789.0,17700.0,14235.5,922.9295747782702,5572.506032136002,0.17415143659991003
2017,-1.013889554129062,4959.0,-1.3033136212918672,-1.245120256658861,-0.2428663803205408,-0.2007318822663938,-1.1043528772954256,Interpolated (Month),0.992492619406565,-0.0055734456706894,False,False,True,False,False,True,False,0,0,14,16645.0,18358.0,16196.0,13233.666666666666,13368.166666666666,7202.753454987437,-16349.414110974401,-1.5578255018972946
2017,-1.013889554129062,15491.0,1.3780367920004504,-1.0072026771898994,0.6211757244059766,0.4281695052715397,1.5250358892610831,Interpolated (Month),1.2081223933335412,-0.0055734456706894,True,False,False,False,False,False,False,0,0,14,4959.0,18097.0,4224.0,12365.0,13804.666666666666,6439.6860171905955,6514.196942667431,-0.7052402907863508
2017,-1.013889554129062,6659.0,-0.90681556070259,1.5978595508542266,-1.298917841652951,-1.284759273943621,-1.131168349973375,Estimated (Region),-0.873512095338511,-1.231731493222399,True,False,False,True,False,False,False,0,0,14,15491.0,16645.0,249.0,9036.333333333334,13368.166666666666,5654.161417339729,71460.42891074282,-5.611264310115439
2017,-1.013889554129062,13529.0,1.021681519072965,-1.4030898115200767,-0.2428663803205408,-0.2669320283230184,0.5823601755107036,Official (Quarter),-1.6091901475599593,1.2205846018810202,False,True,False,False,False,False,True,0,0,14,6659.0,4959.0,10354.0,11893.0,12563.333333333334,4637.717973314036,6691.954134399802,-1.9139968812309982
2017,-1.013889554129062,11703.0,0.5578093060922593,-1.1725143823610642,-1.298917841652951,-1.2930342922006994,-0.3970133762445567,Interpolated (Month),0.7745566446889259,-0.0055734456706894,False,False,False,False,False,False,False,0,0,14,13529.0,15491.0,244.0,10630.333333333334,11497.666666666666,3558.396455333962,7512.472774576495,4.0012872676280775
2017,-1.013889554129062,12354.0,0.7080513183937025,1.6786107784744877,-0.5788827543808531,-0.556557667320751,0.165120481836382,Official (Quarter),-0.8123977743859456,1.2205846018810202,False,False,False,True,False,False,False,0,0,14,11703.0,6659.0,815.0,12528.666666666666,10782.5,925.4460185950426,7232.803761199654,3.785409409003496
2017,-1.013889554129062,15936.0,1.5193581848214954,-1.692895498473295,0.6211757244059766,0.4116194687573836,1.6158460485833464,Estimated (Region),-0.4751159087515042,-1.231731493222399,False,True,False,True,False,False,False,0,0,14,12354.0,13529.0,10163.0,13331.0,12612.0,2279.3571462147243,6325.420536075587,-1.199257686608355
2017,-1.013889554129062,7534.0,-0.5795696776585093,-1.2236892495464602,0.6211757244059766,0.7426201990405065,-0.2189325867285873,Official (Quarter),0.4897408470420644,1.2205846018810202,False,False,True,False,False,False,True,0,0,14,15936.0,11703.0,12872.0,11941.333333333334,11285.833333333334,4216.173778834713,17919.735089612725,-0.7022122492441143
2017,-1.013889554129062,4547.0,-1.3073044247436243,1.4237757355544205,-0.5788827543808531,-0.4407074117216579,-1.243640427562408,Official (Quarter),1.6111309815018735,1.2205846018810202,False,False,False,False,False,False,True,0,0,14,7534.0,12354.0,9278.0,9339.0,10933.833333333334,5905.15444336555,-14796.402634922808,2.545672453728016
2017,-1.013889554129062,8191.0,-0.4401263099912323,0.569749257171585,-0.2428663803205408,-0.3745072656650333,-0.5239550489111319,Official (Quarter),-0.7109249395967803,1.2205846018810202,False,True,False,False,False,False,False,0,0,14,4547.0,15936.0,18358.0,6757.333333333333,10044.166666666666,1942.1875124027233,14630.085582110007,0.9108806959642
2017,-1.013889554129062,16322.0,1.4794501503039246,-0.5340052647788456,-0.2428663803205408,-0.1014316631814569,1.2761928334069983,Estimated (Region),-0.7051594376201232,-1.231731493222399,False,False,True,False,False,False,False,0,0,14,8191.0,7534.0,18097.0,9686.666666666666,10814.0,6028.301612671123,6582.911133744427,-0.5942845334051455
2017,-1.013889554129062,11422.0,0.5521752306309552,-0.9393881871994352,-0.2428663803205408,-0.1924568640093157,0.2071700878836414,Estimated (Region),-0.9421215688607308,-1.231731493222399,False,True,False,False,False,True,False,0,0,14,16322.0,4547.0,16645.0,11978.333333333334,10658.666666666666,4093.9492343375973,7358.705238040028,-1.1632668836284579
2017,-1.013889554129062,8283.0,-0.276972874757634,-1.049856932219632,1.5812225074354402,1.7935475176894218,0.4155775629730889,Official (Quarter),1.7310534226163417,1.2205846018810202,False,False,False,False,True,False,False,0,0,14,11422.0,8191.0,4959.0,12009.0,9383.166666666666,4051.5190978199853,11456.001733300745,-0.375814954129716
2017,-1.013889554129062,10076.0,-0.0485580654305962,0.4938366318575349,-0.5788827543808531,-0.5234575942924387,-0.2367151810704586,Estimated (Region),-1.147373439229724,-1.231731493222399,False,True,False,False,True,False,False,0,0,14,8283.0,16322.0,15491.0,9927.0,9806.833333333334,1574.7955422847538,10590.241646811708,1.036291053939461
2017,-1.013889554129062,9296.0,-0.3004481891797345,1.597357548971404,-0.5788827543808531,-0.4407074117216579,-0.3419949354702638,Official (Quarter),1.0060415490517092,1.2205846018810202,False,False,True,False,True,False,False,0,0,14,10076.0,11422.0,6659.0,9218.333333333334,10598.333333333334,899.0196512497482,13288.50823658064,2.8560320348397856
2017,-1.013889554129062,5939.0,-1.0091679315829485,1.361992723631329,-0.5788827543808531,-0.5069075577782824,-0.9995544988571043,Official (Quarter),-1.4950332084221485,1.2205846018810202,True,False,False,False,True,False,False,0,0,14,9296.0,8283.0,13529.0,8437.0,10223.0,2198.204494581847,-647801.5183976719,2.762144796814616
2017,-0.7242068243779014,5651.0,-1.1291267882798817,-1.7298771322271371,-0.5788827543808531,-0.5069075577782824,-1.0532420766790598,Interpolated (Month),1.634481264507335,-0.0055734456706894,False,False,False,False,False,False,False,0,0,14,5939.0,10076.0,11703.0,6962.0,8444.5,2026.4261644579449,-43763.18868669982,-3.508220739366561
2017,-0.7242068243779014,10057.0,-0.0624085009396355,-1.599558934541213,1.5812225074354402,1.3384215135501278,0.7208831874859177,Estimated (Region),-1.1041321744047958,-1.231731493222399,False,False,True,False,False,False,False,0,0,14,5651.0,9296.0,12354.0,7215.666666666667,8217.0,2464.8767379593423,10726.419778847105,-0.6840336206592651
2017,-0.7242068243779014,9489.0,-0.1077158577742894,-1.022877561723129,-1.298917841652951,-1.2682092374294651,-0.7084069908585041,Estimated (Region),-1.0663681364576916,-1.231731493222399,True,False,False,False,False,False,True,0,0,14,10057.0,5939.0,15936.0,8399.0,8418.0,2396.7235969130506,10634.504807325915,3.813729801130097
2017,-0.7242068243779014,2885.0,-1.7810362697816122,-1.6042866988079492,1.5812225074354402,1.379796604835518,-1.289625990000623,Estimated (Region),0.9380086257271552,-1.231731493222399,False,False,False,False,False,True,False,0,0,14,9489.0,5651.0,7534.0,7477.0,7219.5,3986.9166030906354,-3693.8105330328426,-0.6741276525683719
2017,-0.7242068243779014,14030.0,1.11628703619403,-0.8986042619568904,-0.2428663803205408,-0.3496822108937991,0.6223426965468857,Interpolated (Month),1.4661286067889472,-0.0055734456706894,False,False,True,False,False,False,True,0,0,14,2885.0,10057.0,4547.0,8801.333333333334,8008.5,5604.232358970601,6629.535483632605,-1.381792528222141
2017,-0.7242068243779014,7289.0,-0.6953029777594647,1.4030440518570004,-0.2428663803205408,-0.1345317362097692,-0.6085073207341061,Interpolated (Month),1.696748685855232,-0.0055734456706894,False,True,False,False,False,True,False,0,0,14,14030.0,9489.0,8191.0,8068.0,8233.5,5613.188665990108,23922.124169122613,1.6211386489349833
2017,-0.7242068243779014,3096.0,-1.7392502101102734,0.7443619140588393,-0.5788827543808531,-0.4738074847499702,-1.5243958780395643,Estimated (Region),-1.081934991794666,-1.231731493222399,False,True,False,True,False,False,False,0,0,14,7289.0,2885.0,16322.0,8138.333333333333,7807.666666666667,5516.259088669889,-4188.027216844716,1.4146189702169034
2017,-0.7242068243779014,10795.0,0.3256384464576855,0.5426694862985172,-0.2428663803205408,-0.3579572291508772,-0.0115444960281644,Estimated (Region),1.3196848565818564,-1.231731493222399,False,False,False,True,False,False,False,0,0,14,3096.0,14030.0,11422.0,7060.0,7930.666666666667,3854.6051678479016,8143.246017679962,0.8452232638346179
2017,-0.7242068243779014,16044.0,1.451984032430067,1.2398337961517487,-1.298917841652951,-1.359234438257324,0.1827614950131111,Official (Quarter),-1.4641877728470327,1.2205846018810202,True,False,False,False,False,False,False,0,0,14,10795.0,7289.0,8283.0,9978.333333333334,9023.166666666666,6512.5175111728695,6543.2726264939865,-3.451322212219644
2017,-0.7242068243779014,11278.0,0.1460522911286167,-0.2856803413253171,0.6211757244059766,0.6267699434414135,0.6522446386249366,Official (Quarter),-1.5212662424159382,1.2205846018810202,False,False,False,False,False,False,True,0,0,14,16044.0,3096.0,10076.0,12705.666666666666,10422.0,2901.150518903394,9840.7377109238,-0.17561201107574165
2017,-0.7242068243779014,7609.0,-0.5570333758132928,0.5648097574572418,-0.5788827543808531,-0.7055079959481563,-0.765719046508102,Estimated (Region),0.1732147885235886,-1.231731493222399,False,True,False,False,False,False,True,0,0,14,11278.0,10795.0,9296.0,11643.666666666666,9351.833333333334,4229.372333258609,17177.366385041376,1.9179120305005297
2017,-0.7242068243779014,3743.0,-1.5052013253219314,1.557926543654644,-0.2428663803205408,-0.109706681438535,-1.332694980436907,Estimated (Region),-0.2591978597256952,-1.231731493222399,True,False,False,False,False,True,False,0,0,14,7609.0,16044.0,5939.0,7543.333333333333,8760.833333333334,3767.9291836940215,-7408.927515411472,1.7499025446713898
2017,-0.7242068243779014,2533.0,-1.8366727649619905,-0.8617155731061047,0.6211757244059766,0.6433199799555697,-1.4850929465960654,Estimated (Region),-0.4699269569725128,-1.231731493222399,False,False,True,False,False,True,False,0,0,14,3743.0,11278.0,5651.0,4628.333333333333,8667.0,2651.28371422843,-3027.4679732345207,-0.524374792260119
2017,-0.7242068243779014,9275.0,-0.1959830400013873,0.8892495980726504,-0.2428663803205408,-0.1014316631814569,-0.1844717311329546,Estimated (Region),1.5794207206302595,-1.231731493222399,False,False,True,True,False,False,False,0,0,14,2533.0,7609.0,10057.0,5183.666666666667,8413.666666666666,3594.4792854227076,11535.826308957468,0.9896293488607817
2017,-0.7242068243779014,15689.0,1.5733514079923263,-1.1528572809118245,-0.5788827543808531,-0.4903575212641263,0.8317978722583858,Interpolated (Month),0.3092806351726966,-0.0055734456706894,False,True,False,False,False,False,False,0,0,14,9275.0,3743.0,9489.0,9165.666666666666,8354.5,6578.681428168809,6096.718835707022,-2.2620902476014013
2017,-0.7242068243779014,17905.0,2.02736398891575,0.9049453579316996,1.5812225074354402,1.4542717691492208,3.0340645798136414,Official (Quarter),-0.4889531134954813,1.2205846018810202,True,False,False,True,False,False,False,0,0,14,15689.0,2533.0,2885.0,14289.666666666666,9459.0,4481.944369727668,5914.386266585893,0.3687225552227254
2017,-0.7242068243779014,5656.0,-1.1291267882798817,0.5718825166577954,1.5812225074354402,1.6859722803474069,-0.4157020900433387,Estimated (Region),1.2248423490658469,-1.231731493222399,False,True,False,False,True,False,False,0,0,14,17905.0,9275.0,14030.0,13083.333333333334,9133.5,6526.991982018475,-43801.910318877046,0.21291452664724725
2017,-0.7242068243779014,6184.0,-0.8610386975794941,-0.7521991405685686,0.6211757244059766,0.800545326840053,-0.5388493874841005,Official (Quarter),0.3017854826030423,1.2205846018810202,True,False,False,False,True,False,False,0,0,14,5656.0,15689.0,7289.0,9915.0,9540.333333333334,6924.57731562006,44501.59787137585,-0.4177618465671586
2017,-0.7242068243779014,416.0,-2.392098704188888,1.1730178425796898,-0.5788827543808531,-0.6310328316344536,-2.0320209875407222,Official (Quarter),0.6892272154344006,1.2205846018810202,False,False,False,False,True,False,False,0,0,14,6184.0,17905.0,3096.0,4085.3333333333335,9187.5,3188.6833228360697,-298.82938526430434,3.1791930099795414
2017,-0.7242068243779014,12976.0,0.9984409577950856,-1.578748719856183,-1.298917841652951,-1.2268341461440748,-0.1669156666553108,Estimated (Region),-0.4243794913569216,-1.231731493222399,False,False,True,False,True,False,False,0,0,14,416.0,5656.0,10795.0,6525.333333333333,9804.333333333334,6286.953263173907,6493.061478441998,6.9599253317595
2017,-0.4345240946267408,8451.0,-0.2680522552772358,-1.695279261869349,-0.2428663803205408,-0.1759068274951595,-0.3875840706460802,Interpolated (Month),1.6463005435594822,-0.0055734456706894,True,False,False,False,False,True,False,0,0,14,12976.0,6184.0,16044.0,7281.0,8598.0,6361.216471713547,11545.906194711944,-2.057145136534172
2017,-0.4345240946267408,14239.0,0.9665145301810288,0.4390702145679088,-1.298917841652951,-1.2682092374294651,-0.0083164454629203,Official (Quarter),1.1706466304852698,1.2205846018810202,False,False,False,False,False,True,False,0,0,14,8451.0,416.0,11278.0,11888.666666666666,7987.0,3043.3462394761114,7240.729616520666,-1.6370435961713565
2017,-0.4345240946267408,7766.0,-0.5868470251293604,1.6695011839117508,-1.298917841652951,-1.2020090913728405,-0.9359562394751886,Estimated (Region),0.7154602494281905,-1.231731493222399,False,False,True,False,False,False,False,0,0,14,14239.0,12976.0,7609.0,10152.0,8338.666666666666,3555.978486999034,18796.911730894775,-8.264485388087886
2017,-0.4345240946267408,3928.0,-1.481960764044052,1.107964362944747,-0.5788827543808531,-0.564832685577829,-1.3862126608606915,Estimated (Region),1.6350578147050008,-1.231731493222399,True,False,False,False,False,False,True,0,0,14,7766.0,8451.0,3743.0,8644.333333333334,7962.666666666667,5211.312918385652,-8150.041026246225,2.546065217273814
2017,-0.4345240946267408,3987.0,-1.4934636681108813,0.0355377406718206,1.5812225074354402,1.5039218786916893,-0.952011543602324,Official (Quarter),1.5171532992823626,1.2205846018810202,False,False,True,True,False,False,False,0,0,14,3928.0,14239.0,2533.0,5227.0,8557.833333333334,2199.0363798717894,-8079.6221842701525,0.014192831243756388
2017,-0.4345240946267408,7895.0,-0.6044535109459358,-0.6571845980657859,0.6211757244059766,0.5274697243564767,-0.2156479036972863,Estimated (Region),1.304118001244882,-1.231731493222399,False,False,False,True,False,False,False,0,0,14,3987.0,7766.0,9275.0,5270.0,7711.0,2273.508082237586,19959.72715844507,-0.43024394368448643
2017,-0.4345240946267408,4695.0,-1.3279627014350728,1.6759143822226954,-0.5788827543808531,-0.7055079959481563,-1.2793755136443214,Interpolated (Month),0.0841377829842361,-0.0055734456706894,False,True,False,False,False,False,False,0,0,14,7895.0,3928.0,15689.0,5525.666666666667,7085.0,2082.2154867671543,-14315.652296605673,5.6908654875656985
2017,-0.4345240946267408,7856.0,-0.467827181009311,-0.5783166230534585,1.5812225074354402,1.3466965318072055,0.1053449139133081,Estimated (Region),-0.4165960636884345,-1.231731493222399,False,True,False,True,False,False,False,0,0,14,4695.0,3987.0,17905.0,6815.333333333333,6021.166666666667,1836.3660673550514,14762.121851506005,-0.2464386064473762
2017,-0.4345240946267408,5633.0,-1.0232531202362083,0.820287959225202,1.5812225074354402,1.5121968969487674,-0.4728159320617374,Estimated (Region),-1.6230273523039362,-1.231731493222399,True,False,False,True,False,False,False,0,0,14,7856.0,7895.0,5656.0,6061.333333333333,5665.666666666667,1623.4476688002635,-242247.05943887256,0.32652216083122193
2017,-0.4345240946267408,8560.0,-0.2657047238350257,-1.3823064365396731,0.6211757244059766,0.5191947060993986,-0.0599935707398553,Estimated (Region),-0.7544544795205416,-1.231731493222399,False,True,False,False,False,False,True,0,0,14,5633.0,4695.0,6184.0,7349.666666666667,6437.666666666667,1527.7801979778014,11657.435745340164,-0.9098941899875412
2017,-0.4345240946267408,12468.0,0.8230803590619948,-1.6927091116356132,0.6211757244059766,0.68469507124096,0.9804580956577876,Official (Quarter),-1.5307793206774225,1.2205846018810202,False,False,False,False,False,False,True,0,0,14,8560.0,7856.0,416.0,8887.0,7851.166666666667,3429.2131750592366,6838.974452236978,-1.0047569679115582
2017,-0.4345240946267408,3170.0,-1.6519220404600596,0.4977308741861603,-0.2428663803205408,-0.1841818457522376,-1.46334607963021,Official (Quarter),0.4770567426934187,1.2205846018810202,False,True,False,False,False,True,False,0,0,14,12468.0,5633.0,12976.0,8066.0,7063.666666666667,4668.643057677445,-4862.544603896103,0.6101002675591359
2017,-0.4345240946267408,2895.0,-1.7906611486946735,-0.5069841436307012,-1.298917841652951,-1.259934219172387,-1.679030826607971,Official (Quarter),-0.5546798360293724,1.2205846018810202,False,False,False,False,False,False,False,0,0,14,3170.0,8560.0,8451.0,6177.666666666667,6763.666666666667,5449.323474829974,-3661.4926694949454,1.9504324795900458
2017,-0.4345240946267408,8571.0,-0.4739307627590571,0.0212903307994482,-0.5788827543808531,-0.5069075577782824,-0.5087775480078786,Interpolated (Month),1.2738491158674323,-0.0055734456706894,True,False,False,False,False,False,False,0,0,14,2895.0,12468.0,14239.0,4878.666666666667,6882.833333333333,3200.609369062858,16292.532224374165,0.043177159040444314
2017,-0.4345240946267408,13550.0,1.027080841390048,1.2630078929701467,1.5812225074354402,1.4542717691492208,1.783619729276957,Estimated (Region),1.0815696249459177,-1.231731493222399,False,False,True,False,False,False,True,0,0,14,8571.0,3170.0,7766.0,8338.666666666666,8202.333333333334,5331.298184620059,6684.489204045873,0.5146161516611387
2017,-0.4345240946267408,12138.0,0.6531190826459873,-0.1285925204642265,0.6211757244059766,0.792270308582975,0.9657619707160188,Estimated (Region),0.6926865166203949,-1.231731493222399,False,False,True,False,False,True,False,0,0,14,13550.0,2895.0,3928.0,11419.666666666666,8798.666666666666,2566.0499475523307,7342.483749308539,-0.07174839634870467
2017,-0.4345240946267408,5599.0,-1.043911396927657,0.2205706643643884,-0.2428663803205408,-0.0931566449243788,-0.944026365888299,Estimated (Region),0.0065917813981979,-1.231731493222399,True,False,False,False,True,False,False,0,0,14,12138.0,8571.0,3987.0,10429.0,7653.833333333333,4242.064473814598,-127506.76115415372,0.2432290683168706
2017,-0.4345240946267408,11634.0,0.5296389287857388,-0.3275646944575335,-1.298917841652951,-1.3923345112856362,-0.4663881471642775,Official (Quarter),1.0011408723715507,1.2205846018810202,False,True,False,False,True,False,False,0,0,14,5599.0,13550.0,7895.0,9790.333333333334,9064.5,3638.538213806916,7605.716474040921,0.8349117526881352
2017,-0.4345240946267408,11968.0,0.540907079708347,-0.3553070084096131,-0.2428663803205408,-0.3662322474079552,0.2110494118085401,Estimated (Region),1.2830739190300835,-1.231731493222399,False,False,False,False,True,False,False,0,0,14,11634.0,12138.0,4695.0,9733.666666666666,10576.666666666666,3584.61857571112,7766.853795145927,-0.5606265180840205
2017,-0.4345240946267408,12601.0,0.588092461696769,0.7506344524362801,-0.2428663803205408,-0.1510817727239253,0.4728046699236013,Official (Quarter),-1.355508060587046,1.2205846018810202,False,False,True,False,True,False,False,0,0,14,11968.0,5599.0,7856.0,12067.666666666666,11248.333333333334,491.14390287710023,7934.676540518735,0.8842246853914801
2017,-0.1448413648755802,6312.0,-0.8739501205116493,1.6347502278312804,-0.5788827543808531,-0.5400076308065948,-0.9407133666239696,Interpolated (Month),-1.4440085159287328,-0.0055734456706894,False,False,True,False,False,True,False,0,0,14,12601.0,11634.0,5633.0,10293.666666666666,10042.0,3462.7192108707354,50075.414793104545,3.553863797127349
2017,-0.1448413648755802,9731.0,0.0338402881909764,0.3759486966344804,-0.2428663803205408,-0.1841818457522376,-0.1312938455055111,Official (Quarter),-1.42959476098709,1.2205846018810202,False,True,False,True,False,False,False,0,0,14,6312.0,11968.0,8560.0,9548.0,9640.833333333334,3148.4912259683797,9412.478998112363,0.4608241366988574
2017,-0.1448413648755802,12970.0,0.781294299390656,-1.4968220125796106,0.6211757244059766,0.5605697973847888,1.0221112744426488,Official (Quarter),1.4750651348527657,1.2205846018810202,False,True,False,False,False,False,False,0,0,14,9731.0,12601.0,12468.0,9671.0,10869.333333333334,3329.4055024883764,7281.222425983606,-0.9591509556881036
2017,-0.1448413648755802,6303.0,-0.9338121722880056,-0.8155294117602001,-1.298917841652951,-1.359234438257324,-1.2074239655190109,Interpolated (Month),-0.0392439593162261,-0.0055734456706894,False,False,True,True,False,False,False,0,0,14,12970.0,6312.0,3170.0,9668.0,9980.833333333334,3333.946460277951,95228.99025220293,2.270187167233745
2017,-0.1448413648755802,10303.0,-0.0102933029225724,0.4109213287939003,0.6211757244059766,0.7177951442692723,0.4618462877415882,Official (Quarter),0.84258956801348,1.2205846018810202,False,True,False,False,False,False,True,0,0,14,6303.0,9731.0,2895.0,9858.666666666666,9703.333333333334,3355.636501966985,10410.154877626303,0.23921439652730006
2017,-0.1448413648755802,8663.0,-0.4654796495671009,-0.2264744380779013,-1.298917841652951,-1.3923345112856362,-0.8853268148203066,Official (Quarter),0.878623955367587,1.2205846018810202,False,False,False,True,False,False,False,0,0,14,10303.0,12970.0,8571.0,8423.0,9047.0,2010.7709964090413,16207.053656580114,0.5772483214279823
2017,-0.1448413648755802,5984.0,-1.0810023937145756,1.5752068401497696,0.6211757244059766,0.5274697243564767,-0.673436443068359,Interpolated (Month),-1.3918307230399858,-0.0055734456706894,False,False,True,False,False,False,True,0,0,14,8663.0,6303.0,13550.0,8316.666666666666,8992.333333333334,2180.2294221785787,-73874.36007243863,1.0312524137350119
2017,-0.1448413648755802,11562.0,0.4979472543159031,0.6312544284486393,1.5812225074354402,1.5204719152058452,1.2520957190997808,Estimated (Region),-1.6570438139662134,-1.231731493222399,True,False,False,False,False,False,True,0,0,14,5984.0,10303.0,12138.0,8736.333333333334,9297.5,2789.7229850530252,7718.562831025879,0.2504508876454135
2017,-0.1448413648755802,16693.0,1.798244920156049,-0.8046543610709442,1.5812225074354402,1.3218714770359716,2.572623246381897,Interpolated (Month),1.6281392123330125,-0.0055734456706894,False,False,True,False,False,False,False,0,0,14,11562.0,8663.0,5599.0,11413.0,9918.0,5356.0546113720675,5965.524990238912,-0.34655422103644634
2017,-0.1448413648755802,13304.0,0.8977318589242744,0.3987723861980371,1.5812225074354402,1.6363221708049382,1.8373073070989123,Official (Quarter),-0.8729355451408454,1.2205846018810202,False,False,False,False,False,False,True,0,0,14,16693.0,5984.0,11634.0,13853.0,11084.833333333334,2609.1839720495245,7010.474075900979,0.1512608703951693
2017,-0.1448413648755802,9474.0,-0.1912879771169672,-0.2236199857877555,1.5812225074354402,1.6776972620903288,0.7219308881079707,Estimated (Region),-1.6789527214775104,-1.231731493222399,False,False,False,False,False,True,False,0,0,14,13304.0,11562.0,11968.0,13157.0,10946.666666666666,3611.7443154243483,11714.924141013125,-0.08351204930955781
2017,-0.1448413648755802,4694.0,-1.3033136212918672,-0.8544087120374235,1.5812225074354402,1.5452969699770795,-0.7372329160814737,Official (Quarter),1.6021944534380552,1.2205846018810202,True,False,False,False,False,False,False,0,0,14,9474.0,16693.0,12601.0,9157.333333333334,10285.166666666666,4313.726154188881,-15475.730961265142,-0.33568134568011426
2017,-0.1448413648755802,7136.0,-0.5873165314178024,1.1822934456858545,-0.2428663803205408,-0.1345317362097692,-0.639966655628722,Interpolated (Month),1.136630168822993,-0.0055734456706894,False,True,False,False,False,True,False,0,0,14,4694.0,13304.0,6312.0,7101.333333333333,10477.166666666666,2390.188556020858,17291.703068495128,1.3660737142551245
2017,-0.1448413648755802,6329.0,-0.9814670605648697,1.5519412895230154,-1.298917841652951,-1.2268341461440748,-1.160702181022056,Estimated (Region),1.3441882399826492,-1.231731493222399,True,False,False,False,False,True,False,0,0,14,7136.0,9474.0,9731.0,6053.0,9605.0,1244.1756306887228,341500.06382705725,-6.841744578161051
2017,-0.1448413648755802,7988.0,-0.5704143050338901,1.317907017688202,-0.5788827543808531,-0.4986325395212044,-0.6140856186407119,Estimated (Region),-1.6628093159428703,-1.231731493222399,False,False,False,False,False,False,False,0,0,14,6329.0,4694.0,12970.0,7151.0,8154.166666666667,829.6017116663542,18594.66014255939,2.6286249539003346
2017,-0.1448413648755802,5509.0,-1.092505297781405,1.2783328672801022,-0.2428663803205408,-0.0931566449243788,-0.9627150796870813,Official (Quarter),-1.343977056633732,1.2205846018810202,True,False,False,True,False,False,False,0,0,14,7988.0,7136.0,6303.0,6608.666666666667,6855.0,1262.9411440494946,-59553.3459393652,1.4096512480631262
2017,-0.1448413648755802,14497.0,0.9977366983624224,0.6046334177120514,-1.298917841652951,-1.1689090183445283,0.1035893074655437,Interpolated (Month),-1.3578142613777089,-0.0055734456706894,False,False,False,False,True,False,False,0,0,14,5509.0,6329.0,10303.0,9331.333333333334,7692.166666666667,4642.137905462655,7256.712064149109,-3.5796396405475766
2017,-0.1448413648755802,15361.0,1.2402366963427205,0.6170398226596983,0.6211757244059766,0.7012451077551162,1.7098842584708538,Interpolated (Month),0.4000872913050461,-0.0055734456706894,True,False,False,False,True,False,False,0,0,14,14497.0,7988.0,8663.0,11789.0,9470.0,5455.769789864673,6856.864734461974,0.3626989549283203
2017,-0.1448413648755802,11053.0,0.1897163759537237,-0.9890376645052458,-0.5788827543808531,-0.6475828681486098,-0.1258004962979906,Official (Quarter),-0.8539093886178768,1.2205846018810202,False,True,False,False,True,False,False,0,0,14,15361.0,5509.0,5984.0,13637.0,10122.833333333334,2279.1261483296894,9290.449575546507,-2.8064403660214516
2017,-0.1448413648755802,9078.0,-0.134712469359705,0.7162955355249774,-0.2428663803205408,-0.2669320283230184,-0.3024088416964802,Official (Quarter),-0.511438571204444,1.2205846018810202,False,False,True,False,True,False,False,0,0,14,11053.0,14497.0,11562.0,11830.666666666666,10581.0,3212.8797570611564,10491.31032003023,0.9771202169511849
2017,0.1448413648755802,4965.0,-1.293219236090364,-1.5341421248306826,-0.2428663803205408,-0.2752070465800964,-1.1221071554042683,Estimated (Region),-0.9000334044311338,-1.231731493222399,False,True,False,False,False,True,False,1,0,14,9078.0,15361.0,16693.0,8365.333333333334,10077.166666666666,3105.9388811329104,-16932.722648762003,-2.1166625828685293
2017,0.1448413648755802,14085.0,1.0111176275830198,-0.242613053063282,1.5812225074354402,1.5866720612624698,2.0329441610925256,Estimated (Region),0.6990285687947178,-1.231731493222399,False,True,False,False,False,False,True,1,0,14,4965.0,11053.0,13304.0,9376.0,11506.5,4567.297121931076,7003.568467015769,-0.09379351047108404
2017,0.1448413648755802,7576.0,-0.6051577703785987,0.5241307058753657,-0.2428663803205408,-0.0931566449243788,-0.5334126707426364,Interpolated (Month),-1.4886911562478256,-0.0055734456706894,False,False,True,False,False,True,False,1,0,14,14085.0,9078.0,9474.0,8875.333333333334,10353.0,4696.786170705793,19187.410645675693,0.5779727038212225
2017,0.1448413648755802,11311.0,0.1946461919823648,-0.3686080701781311,0.6211757244059766,0.6350449616984916,0.665128524652885,Official (Quarter),0.0302303395024921,1.2205846018810202,False,False,False,True,False,False,False,1,0,14,7576.0,4965.0,4694.0,10990.666666666666,9678.0,3266.3022415773635,9468.075214160957,-0.2254421614162949
2017,0.1448413648755802,8745.0,-0.3133596121118897,0.3892219246352381,-1.298917841652951,-1.37578447477148,-0.86635493869124,Official (Quarter),0.6200411917145152,1.2205846018810202,False,False,False,False,False,False,True,1,0,14,11311.0,14085.0,7136.0,9210.666666666666,9293.333333333334,1910.5471293148482,12735.924297865535,-1.0357583954790297
2017,0.1448413648755802,19455.0,2.604856723699422,-0.1542368641713637,0.6211757244059766,0.6681450347268039,2.694071569840952,Estimated (Region),-0.8510266376295482,-1.231731493222399,False,False,True,True,False,False,False,1,0,14,8745.0,7576.0,6329.0,13170.333333333334,11022.833333333334,5591.8570558745005,5396.885782476992,-0.09246010446365262
2017,0.1448413648755802,8880.0,-0.1624133403777836,0.6487285672549536,-0.2428663803205408,-0.3745072656650333,-0.3908121212113246,Official (Quarter),-0.7097718392014489,1.2205846018810202,True,False,False,False,False,True,False,1,0,14,19455.0,11311.0,7988.0,12360.0,11675.333333333334,6144.820990069609,10601.888052998862,1.0371480460835274
2017,0.1448413648755802,10101.0,-0.1102981423607205,-0.0263744994587301,-0.2428663803205408,-0.0931566449243788,-0.0089677188225748,Interpolated (Month),-1.345706707226729,-0.0055734456706894,False,False,True,False,False,False,False,1,0,14,8880.0,8745.0,5509.0,12812.0,11011.333333333334,5785.308721235201,11353.241440679725,-0.029083853689958115
2017,0.1448413648755802,18353.0,2.2604738611272075,-1.1376441387044778,-1.298917841652951,-1.284759273943621,0.5824451242097889,Estimated (Region),-0.2851426186206522,-1.231731493222399,False,True,False,False,False,False,False,1,0,14,10101.0,19455.0,14497.0,12444.666666666666,12807.5,5153.058541617142,5628.936400568174,3.99510829954468
2017,0.1448413648755802,12222.0,0.4662555798460674,-1.3260181085914318,-0.2428663803205408,-0.3579572291508772,0.2654448954562072,Interpolated (Month),-1.703456104878303,-0.0055734456706894,False,False,False,False,False,False,False,1,0,14,18353.0,8880.0,15361.0,13558.666666666666,12959.333333333334,4285.310296038485,8335.518151128268,-2.065311173643041
2017,0.1448413648755802,6698.0,-0.7338024934117094,1.0111192531801485,-0.2428663803205408,-0.3083071196084087,-0.789731212116234,Interpolated (Month),1.4508500265508055,-0.0055734456706894,True,False,False,False,False,False,False,1,0,14,12222.0,10101.0,11053.0,12424.333333333334,12618.166666666666,5830.133817789552,25161.768364567506,1.461803759795415
2017,0.1448413648755802,11469.0,0.4641428015480784,1.1802635687656116,0.6211757244059766,0.7591702355546627,0.7769210126492354,Estimated (Region),0.878623955367587,-1.231731493222399,False,False,False,False,False,True,False,1,0,14,6698.0,18353.0,9078.0,10129.666666666666,11287.166666666666,2995.664255775878,7833.252322023173,0.6709206107011452
2017,0.1448413648755802,16877.0,1.9503649576112605,-0.7177394449864478,1.5812225074354402,1.5370219517200014,2.810564552520026,Interpolated (Month),-1.6345583562572503,-0.0055734456706894,False,False,True,False,False,False,True,1,0,14,11469.0,12222.0,4965.0,11681.333333333334,12620.0,5092.820862089431,5720.309264269573,-0.2829062809251014
2017,0.1448413648755802,7161.0,-0.7938992983322867,-0.9613609587200304,0.6211757244059766,0.6184949251843354,-0.3580219233643707,Estimated (Region),0.392303863636559,-1.231731493222399,False,True,False,True,False,False,False,1,0,14,16877.0,6698.0,14085.0,11835.666666666666,12130.0,4868.367008898707,34745.15099684304,-0.5939845369676016
2017,0.1448413648755802,8884.0,-0.3941146937239154,-1.089099065540876,0.6211757244059766,0.68469507124096,0.0929707200798721,Interpolated (Month),1.3398641135001563,-0.0055734456706894,True,False,False,True,False,False,False,1,0,14,7161.0,11469.0,7576.0,10974.0,10551.833333333334,5184.229836725988,14662.841148274712,-0.6464665826668782
2017,0.1448413648755802,5659.0,-1.0704385022246306,0.1283052034595158,-1.298917841652951,-1.3261343652290116,-1.2897109386997083,Official (Quarter),-0.4863586376059856,1.2205846018810202,True,False,False,False,False,False,True,1,0,14,8884.0,16877.0,11311.0,7234.666666666667,9458.0,1613.76154785429,-80339.58447829107,-0.3934120937222296
2017,0.1448413648755802,2321.0,-1.8941872852961368,-0.309669072882275,1.5812225074354402,1.6445971890620164,-1.4178418931534786,Interpolated (Month),-0.8100915735952827,-0.0055734456706894,True,False,False,False,True,False,False,1,0,14,5659.0,7161.0,8745.0,5621.333333333333,8728.5,3281.6621296734647,-2595.653101051791,-0.11709498677645808
2017,0.1448413648755802,9498.0,-0.1534927208973854,0.0242079060986222,0.6211757244059766,0.800545326840053,0.3014914601014333,Estimated (Region),1.3211262320760206,-1.231731493222399,False,False,False,False,True,False,False,1,0,14,2321.0,8884.0,19455.0,5826.0,8400.0,3591.4132315844213,11220.222477081194,0.01344476350456944
2017,0.1448413648755802,6325.0,-0.856813140983516,0.8131799107833811,-1.298917841652951,-1.284759273943621,-1.1800988006465494,Estimated (Region),-1.1519858408110497,-1.231731493222399,False,True,False,False,True,False,False,1,0,14,9498.0,5659.0,8880.0,6048.0,6641.333333333333,3596.509279843397,44173.048025809774,-2.855674898737033
2017,0.1448413648755802,14291.0,0.9885813257378032,-0.4530900167414247,1.5812225074354402,1.7604474446611094,2.220963948401484,Official (Quarter),0.5952495332148896,1.2205846018810202,False,False,True,False,True,False,False,1,0,14,6325.0,2321.0,10101.0,10038.0,7829.666666666667,4010.3602082605876,7186.5303244250035,-0.1641364401331861
2017,0.4345240946267408,7581.0,-0.5290977516509933,0.5499017926321258,0.6211757244059766,0.7012451077551162,-0.2232649703819412,Official (Quarter),-1.681258922268173,1.2205846018810202,False,False,False,False,False,True,False,1,0,14,14291.0,9498.0,18353.0,9399.0,7612.5,4282.888277786366,16098.882573993109,0.3232349002065614
2017,0.4345240946267408,13697.0,0.876369322800163,-1.23802612510092,-0.2428663803205408,-0.1759068274951595,0.679739700895569,Estimated (Region),-0.9966055625401404,-1.231731493222399,False,False,True,True,False,False,False,1,0,14,7581.0,6325.0,12222.0,11856.333333333334,8952.166666666666,3714.440110344134,7299.7356296358275,-1.5022890207158561
2017,0.4345240946267408,6555.0,-0.7572778078338099,0.8743336807424597,-0.5788827543808531,-0.448982429978736,-0.8651939731370734,Estimated (Region),0.9143700676228612,-1.231731493222399,False,True,False,False,False,True,False,1,0,14,13697.0,14291.0,6698.0,9277.666666666666,9657.833333333334,3861.4827894648442,27006.183248014837,1.5867618898408604
2017,0.4345240946267408,10232.0,0.2491089214416379,-1.5034116570968936,-1.298917841652951,-1.2516592009153091,-0.5901867179646939,Interpolated (Month),-1.45380986928905,-0.0055734456706894,True,False,False,False,False,False,False,1,0,14,6555.0,7581.0,11469.0,10161.333333333334,9780.166666666666,3571.5243710960794,8191.439372789772,5.9739983741060865
2017,0.4345240946267408,11639.0,0.4850358313837478,0.847457692811924,-0.5788827543808531,-0.6806829411769221,-0.0405120024162765,Estimated (Region),-1.035810975981409,-1.231731493222399,False,True,False,True,False,False,False,1,0,14,10232.0,13697.0,16877.0,9475.333333333334,10665.833333333334,2625.104251898047,7837.521327114948,2.6539693680489203
2017,0.4345240946267408,12395.0,0.6474850071846832,-1.5037645495095706,-0.5788827543808531,-0.4903575212641263,0.2147871545682964,Official (Quarter),0.3089923600738637,1.2205846018810202,False,False,False,False,False,False,False,1,0,14,11639.0,6555.0,7161.0,11422.0,10349.833333333334,1097.7062448578795,7523.588952825305,-2.9506263944864544
2017,0.4345240946267408,9828.0,-0.1713339598581817,1.3174910022664972,-1.298917841652951,-1.3178593469719335,-0.6834887057934614,Interpolated (Month),0.1639899853609372,-0.0055734456706894,True,False,False,False,False,False,True,1,0,14,12395.0,10232.0,8884.0,11287.333333333334,10724.333333333334,1319.1377234137885,11860.025057039904,-4.1448867708862105
2017,0.4345240946267408,8032.0,-0.5537468317941987,-0.515466484355694,-0.5788827543808531,-0.6144827951202975,-0.6536433961814672,Official (Quarter),-1.4725477507131854,1.2205846018810202,False,False,False,True,False,False,False,1,0,14,9828.0,11639.0,5659.0,10085.0,9780.166666666666,2192.8244343767947,17998.75176750753,-1.33707776937359
2017,0.4345240946267408,14385.0,1.1038451195503167,-1.0967692566851444,-0.2428663803205408,-0.117981699695613,0.8624926688612341,Interpolated (Month),1.3427468644884848,-0.0055734456706894,True,False,False,True,False,False,False,1,0,14,8032.0,12395.0,2321.0,10748.333333333334,11085.166666666666,3274.967531645662,6837.480509532326,-1.2434767581428257
2017,0.4345240946267408,13433.0,0.7484288591997154,0.0317607977930435,-1.298917841652951,-1.3095843287148556,-0.1556458059099847,Estimated (Region),-1.647530735704729,-1.231731493222399,False,False,True,False,False,True,False,1,0,14,14385.0,9828.0,9498.0,11950.0,11618.666666666666,3426.3127411256573,7682.897665134917,-0.10259174915244808
2017,0.4345240946267408,16799.0,1.967971443427836,0.2787914510457113,-0.2428663803205408,-0.2007318822663938,1.2894448304643165,Interpolated (Month),-1.1689940716421885,-0.0055734456706894,False,True,False,False,False,False,True,1,0,14,13433.0,8032.0,6325.0,14872.333333333334,12478.666666666666,1735.1107553506547,5660.09488979386,0.34880842218034236
2017,0.4345240946267408,15856.0,1.362073578193422,-1.7002868549083916,0.6211757244059766,0.7095201260121942,1.839600921974217,Official (Quarter),0.1426576280473059,1.2205846018810202,False,False,True,False,False,False,False,1,0,14,16799.0,14385.0,14291.0,15362.666666666666,13055.5,1736.381966427188,6712.746015357871,-0.9945989105578177
2017,0.4345240946267408,1177.0,-2.216268599167355,0.567140835507178,1.5812225074354402,1.5618470064912358,-1.7625070815758637,Interpolated (Month),-1.691925100924989,-0.0055734456706894,False,False,False,False,False,False,True,1,0,14,15856.0,13433.0,7581.0,11277.333333333334,11613.666666666666,8759.84373909337,-967.7138757062066,0.22137966633844658
2017,0.4345240946267408,14286.0,1.0904641903297194,0.7574989554101975,-0.5788827543808531,-0.6475828681486098,0.4536912126293925,Official (Quarter),-1.0104427672841176,1.2205846018810202,False,True,False,False,False,False,False,1,0,14,1177.0,16799.0,13697.0,10439.666666666666,12656.0,8060.0229734991,6833.88888749476,2.14943851177367
2017,0.4345240946267408,7497.0,-0.618538699599196,-1.4716289735354466,-1.298917841652951,-1.3178593469719335,-1.0211031521917604,Official (Quarter),1.0694620707949376,1.2205846018810202,True,False,False,False,False,True,False,1,0,14,14286.0,15856.0,6555.0,7653.333333333333,11508.0,6555.898133233395,19653.369796943625,4.6298118572092495
2017,0.4345240946267408,9061.0,-0.1215662932833287,-1.4947792128386217,-0.5788827543808531,-0.5813827220919852,-0.4520601332518782,Official (Quarter),0.2294284327959955,1.2205846018810202,False,False,True,False,False,False,True,1,0,14,7497.0,1177.0,10232.0,10281.333333333334,10779.333333333334,3555.2131206628464,10314.950269687819,-3.570753745064192
2017,0.4345240946267408,11311.0,0.3657812341194774,-1.3335217941607045,-1.298917841652951,-1.259934219172387,-0.4350703934348037,Estimated (Region),-1.3047716431924634,-1.231731493222399,False,False,True,False,True,False,False,1,0,14,9061.0,14286.0,11639.0,9289.666666666666,9864.666666666666,1917.2546344534426,8281.706994819146,5.130227941540547
2017,0.4345240946267408,14800.0,1.198685389815603,1.7344125125184884,-0.2428663803205408,-0.225556937037628,0.8664286252521893,Estimated (Region),-0.5993624763484651,-1.231731493222399,False,False,False,False,True,False,False,1,0,14,11311.0,7497.0,12395.0,11724.0,9688.666666666666,2891.7048604586175,6731.295013172044,2.2395610413037668
2017,0.4345240946267408,12673.0,0.8223760996293319,0.8804889196700528,-1.298917841652951,-1.2102841096299186,-0.2014331547170004,Estimated (Region),0.0818315821935733,-1.231731493222399,False,True,False,False,True,False,False,1,0,14,14800.0,9061.0,9828.0,12928.0,11604.666666666666,1758.4223042261647,6954.107882877561,-4.187139585675947
2017,0.4345240946267408,13987.0,1.1937555737869616,1.122786838340313,-0.5788827543808531,-0.4655324664928921,0.5307963151658823,Official (Quarter),-0.0320370818454047,1.2205846018810202,True,False,False,False,True,False,False,1,0,14,12673.0,11311.0,8032.0,13820.0,11554.833333333334,1073.2888707147292,6375.8242564165885,2.1007577971532316
2017,0.7242068243779014,12488.0,0.7650963324394067,-1.599531100773452,1.5812225074354402,1.7356223898898753,1.659028303951744,Official (Quarter),0.4329506525719918,1.2205846018810202,False,False,False,False,False,False,False,1,0,14,13987.0,14800.0,14385.0,13049.333333333334,12386.666666666666,817.2945205575485,7074.96796095048,-0.5847046385805618
2017,0.7242068243779014,10095.0,-0.0504360905843642,0.3415744904819103,-0.2428663803205408,-0.0931566449243788,-0.0102136330758268,Estimated (Region),1.5038926447360512,-1.231731493222399,False,True,False,False,False,True,False,1,0,14,12488.0,12673.0,13433.0,12190.0,12559.0,1963.0382064544788,10631.19596258928,0.3766631674258964
2017,0.7242068243779014,8946.0,-0.1178102429757926,1.730847802118884,0.6211757244059766,0.7508952172975846,0.138701436420831,Estimated (Region),1.212446519816034,-1.231731493222399,True,False,False,False,False,False,False,1,0,14,10095.0,13987.0,16799.0,10509.666666666666,12164.833333333334,1807.0424270982862,10140.67543719454,0.9885501913645964
2017,0.7242068243779014,3857.0,-1.4946374338319863,1.0715607769035007,1.5812225074354402,1.7438974081469534,-0.9421574945084208,Official (Quarter),1.7408547759766588,1.2205846018810202,False,False,False,True,False,False,False,1,0,14,8946.0,12488.0,15856.0,7632.666666666667,10341.0,3319.9087838874607,-7797.630620310287,0.3905250880451693
2017,0.7242068243779014,14122.0,1.2806142371487337,0.4790817527551013,0.6211757244059766,0.5440197608706328,1.288057335045922,Estimated (Region),-0.7778047625260028,-1.231731493222399,False,False,True,False,False,False,True,1,0,14,3857.0,10095.0,1177.0,8975.0,10582.5,5132.561446295587,6192.191458760509,0.3102821381540865
2017,0.7242068243779014,7844.0,-0.6509346335016948,1.3238763668096811,-0.5788827543808531,-0.6558578864056878,-0.7043011370693776,Official (Quarter),0.2178974288426813,1.2205846018810202,True,False,False,False,False,True,False,1,0,14,14122.0,8946.0,14286.0,8607.666666666666,9558.666666666666,5174.9344279259385,22471.435876575524,3.8468885803680415
2017,0.7242068243779014,12043.0,0.6632134678474906,-0.7888447809830169,1.5812225074354402,1.6611472255761726,1.4787954807256116,Estimated (Region),-0.7968309190489714,-1.231731493222399,False,False,True,False,False,True,False,1,0,14,7844.0,3857.0,7497.0,11336.333333333334,9484.5,3198.1016765158206,7240.80235809171,-0.2964303415464817
2017,0.7242068243779014,9023.0,-0.2840154690842641,0.5415954010819046,1.5812225074354402,1.4294467143779863,0.4722949777290892,Official (Quarter),-1.6605031151522076,1.2205846018810202,False,False,False,False,False,False,True,1,0,14,12043.0,14122.0,9061.0,9636.666666666666,9305.833333333334,2165.719357011248,12602.227576704328,0.22292952460188853
2017,0.7242068243779014,12388.0,0.5019380577676602,0.336186668293997,-1.298917841652951,-1.350959420000246,-0.3337549116589824,Interpolated (Month),0.5796826778779154,-0.0055734456706894,False,False,True,False,False,False,False,1,0,14,9023.0,7844.0,11311.0,11151.333333333334,9879.5,1851.2450765183123,8248.009920204273,-0.9579075218831893
2017,0.7242068243779014,5933.0,-1.104242954992455,-0.4810003273632007,-0.2428663803205408,-0.1428067544668473,-0.8897724634057744,Estimated (Region),0.248454589318964,-1.231731493222399,False,False,False,False,False,True,False,1,0,14,12388.0,12043.0,14800.0,9114.666666666666,10225.5,3228.476162732689,-56915.11719357362,-0.5611340615079515
2017,0.7242068243779014,10579.0,0.2636636163833402,-0.1961669442077572,-0.5788827543808531,-0.5069075577782824,-0.1343519986725847,Estimated (Region),-0.3638417206020218,-1.231731493222399,False,True,False,True,False,False,False,1,0,14,5933.0,9023.0,12673.0,9633.333333333334,9635.0,3329.7853284158145,8371.689952012352,-0.3978299552187241
2017,0.7242068243779014,11470.0,0.2765750393154955,1.7290157437623668,-0.5788827543808531,-0.4241573752075017,0.0804832613143225,Estimated (Region),0.5367296881518199,-1.231731493222399,False,True,False,False,False,False,True,1,0,14,10579.0,12388.0,13987.0,9327.333333333334,10239.333333333334,2973.145528448481,8984.979062531458,3.002583812522402
2017,0.7242068243779014,1599.0,-2.0810507880960563,0.7529864058120366,-0.5788827543808531,-0.5482826490636729,-1.8122020705408064,Official (Quarter),-1.525590368898431,1.2205846018810202,False,True,False,False,False,False,False,1,0,14,11470.0,5933.0,12488.0,7882.666666666667,8498.666666666666,5460.020177007877,-1479.116446338432,1.6669415160857426
2017,0.7242068243779014,6860.0,-0.8457797432051288,-1.4672034044615376,-0.5788827543808531,-0.5151825760353606,-0.8307331175414405,Estimated (Region),-0.3860389032121518,-1.231731493222399,False,False,True,True,False,False,False,1,0,14,1599.0,10579.0,10095.0,6643.0,8138.166666666667,4939.076533118284,44481.83489361263,-3.026300895836923
2017,0.7242068243779014,10381.0,0.0535595523055408,1.3890541043364115,-1.298917841652951,-1.1937340731157626,-0.5372353622014783,Interpolated (Month),-0.5849487214068223,-0.0055734456706894,True,False,False,False,False,False,True,1,0,14,6860.0,11470.0,8946.0,6280.0,7803.666666666667,4419.635844727449,9853.263612183004,-7.169900895576613
2017,0.7242068243779014,11041.0,0.2336152139230516,-0.230776743323157,-1.298917841652951,-1.4088845477997924,-0.5593786564297322,Interpolated (Month),-0.8123977743859456,-0.0055734456706894,True,False,False,True,False,False,False,1,0,14,10381.0,1599.0,3857.0,9427.333333333334,8655.0,2247.7322646020816,8950.11659663975,0.5644056361752151
2017,0.7242068243779014,15315.0,1.3975213029707938,0.4381651200841272,1.5812225074354402,1.7438974081469534,2.5180578653360595,Official (Quarter),0.3202350889283451,1.2205846018810202,False,True,False,False,True,False,False,1,0,14,11041.0,6860.0,14122.0,12245.666666666666,9444.333333333334,2678.5267094679766,6387.847307560114,0.15968713654641883
2017,0.7242068243779014,11877.0,0.3146050486792983,-1.404764310869807,-0.5788827543808531,-0.4241573752075017,0.1581263722783529,Estimated (Region),-0.5803363198254966,-1.231731493222399,False,False,False,False,True,False,False,1,0,14,15315.0,10381.0,7844.0,12744.333333333334,9512.166666666666,2265.164306034635,9034.652660076183,-2.439493449058249
2017,0.7242068243779014,6206.0,-0.8666727730407983,0.9719168823842772,-0.5788827543808531,-0.4903575212641263,-0.9444794256167544,Interpolated (Month),-1.060890909579867,-0.0055734456706894,True,False,False,False,True,False,False,1,0,14,11877.0,11041.0,12043.0,11132.666666666666,10280.0,4599.890687106955,46547.131756509436,1.9070562657866297
2017,0.7242068243779014,5641.0,-1.134760863741186,-0.2568549955884165,-0.5788827543808531,-0.448982429978736,-1.038347738106091,Estimated (Region),0.0437792691476363,-1.231731493222399,False,False,True,False,True,False,False,1,0,14,6206.0,15315.0,9023.0,7908.0,10076.833333333334,3448.844299181944,-41859.33395940372,-0.46614665223561624
2017,1.013889554129062,7030.0,-0.6938944588941387,0.3500995759216773,-0.2428663803205408,-0.3496822108937991,-0.7393849497916366,Official (Quarter),0.7290091790733347,1.2205846018810202,False,False,True,False,False,True,False,1,0,14,5641.0,11877.0,12388.0,6292.333333333333,9518.333333333334,698.5129442845299,22965.935130095524,0.5383515287239111
2017,1.013889554129062,2856.0,-1.816718747703205,0.4360234110612753,0.6211757244059766,0.5191947060993986,-1.4239865157206542,Estimated (Region),-0.0225240035839205,-1.231731493222399,False,True,False,False,False,False,False,1,0,14,7030.0,6206.0,5933.0,5175.666666666667,8154.166666666667,2125.551771501458,-3496.919849130081,0.2870095645480395
2017,1.013889554129062,12292.0,0.731996139104245,-1.2578353182097084,1.5812225074354402,1.603222097776626,1.516399438187403,Official (Quarter),0.0385903173686449,1.2205846018810202,False,True,False,False,False,False,True,1,0,14,2856.0,5641.0,10579.0,7392.666666666667,7650.333333333333,4728.442590677516,7097.013510871441,-0.4831840200204228
2017,1.013889554129062,5477.0,-1.049545472388961,1.3479098312076825,1.5812225074354402,1.4128966778638303,-0.5459850782072717,Estimated (Region),0.8408599174204828,-1.231731493222399,True,False,False,False,False,False,True,1,0,14,12292.0,7030.0,11470.0,6875.0,6583.666666666667,4870.865118231025,-110544.91431633427,0.5586272481426785
2017,1.013889554129062,9176.0,-0.324627763034498,-1.0016090839331866,-1.298917841652951,-1.359234438257324,-0.7974049112669459,Official (Quarter),-0.087385900821313,1.2205846018810202,False,False,False,False,False,True,False,1,0,14,5477.0,2856.0,1599.0,8981.666666666666,7078.666666666667,3411.6536068793935,13586.581588293377,2.788176681478744
2017,1.013889554129062,10725.0,0.3427754259858189,-1.1959857040566186,-1.298917841652951,-1.3923345112856362,-0.5945757340841047,Estimated (Region),-0.0340550075372347,-1.231731493222399,False,True,False,False,False,True,False,1,0,14,9176.0,12292.0,6860.0,8459.333333333334,7926.0,2696.4021089839603,7987.188171935809,3.048382616501178
2017,1.013889554129062,9752.0,-0.1166364772546876,1.0424332359737725,-1.298917841652951,-1.3344093834860895,-0.7027720604858411,Official (Quarter),-0.6746022771438405,1.2205846018810202,False,False,False,False,False,False,False,1,0,14,10725.0,5477.0,10381.0,9884.333333333334,8379.666666666666,782.9331601951878,11039.622702206207,-3.1172367985216383
2017,1.013889554129062,12490.0,0.5564007872269333,1.0575579065621663,1.5812225074354402,1.810097554203578,1.7073924299643493,Estimated (Region),-1.6063073965716306,-1.231731493222399,True,False,False,False,False,False,False,1,0,14,9752.0,9176.0,11041.0,10989.0,9985.333333333334,1387.9600138332323,8024.925265074976,0.3763420614989622
2017,1.013889554129062,16216.0,1.7836902252143467,1.0581518592849113,0.6211757244059766,0.8088203450971311,2.011876883719353,Interpolated (Month),0.1438107284426373,-0.0055734456706894,False,False,True,False,False,False,False,1,0,14,12490.0,10725.0,15315.0,12819.333333333334,10639.333333333334,3244.5599598918457,5825.360829706313,0.5849955536784335
2017,1.013889554129062,7977.0,-0.4884854577007594,0.6687330937696326,-1.298917841652951,-1.243384182658231,-0.9210902171352484,Interpolated (Month),0.5335586620646584,-0.0055734456706894,False,False,True,True,False,False,False,1,0,14,16216.0,9752.0,11877.0,12227.666666666666,11056.0,4125.7598492075795,15594.864545089282,-2.7476440188748508
2017,1.013889554129062,13281.0,0.7728431861986998,-1.501839546249996,-0.5788827543808531,-0.4241573752075017,0.4258846717954473,Estimated (Region),1.1158743617070273,-1.231731493222399,False,False,False,True,False,False,False,1,0,14,7977.0,12490.0,6206.0,12491.333333333334,11740.166666666666,4175.878390630331,7491.356315883128,-2.6080729032366707
2017,1.013889554129062,11545.0,0.445597303154619,0.327616850013186,-0.5788827543808531,-0.6227578133773755,-0.0228993054725758,Estimated (Region),-1.5304910455785896,-1.231731493222399,True,False,False,True,False,False,False,1,0,14,13281.0,16216.0,5641.0,10934.333333333334,11876.833333333334,2704.2169538210655,7986.318163990904,0.8684523142713055
2017,1.013889554129062,7013.0,-0.7889694823036456,-1.38367973475971,-1.298917841652951,-1.367509456514402,-1.109081688211178,Estimated (Region),-1.2007043325138025,-1.231731493222399,False,False,False,False,False,False,True,1,0,14,11545.0,7977.0,7030.0,10613.0,11420.333333333334,3236.2669852779354,33232.16033659549,3.765018043026837
2017,1.013889554129062,8175.0,-0.5218204041801421,1.0797667680771572,-0.5788827543808531,-0.6806829411769221,-0.6555405837943737,Official (Quarter),-0.5249875008495883,1.2205846018810202,False,True,False,True,False,False,False,1,0,14,7013.0,13281.0,2856.0,8911.0,10701.166666666666,2353.9388267327276,17096.087059054953,3.381487891868054
2017,1.013889554129062,9182.0,-0.3358959139571062,-0.2621285005158842,1.5812225074354402,1.363246568321362,0.4865380429424032,Interpolated (Month),0.3891328375493976,-0.0055734456706894,True,False,False,False,False,True,False,1,0,14,8175.0,11545.0,12292.0,8123.333333333333,9528.833333333334,1085.4226519347872,13826.145920455827,-0.11091881144762511
2017,1.013889554129062,8058.0,-0.4807386039414662,0.5882815761843634,-1.298917841652951,-1.2020090913728405,-0.8919244971159372,Interpolated (Month),-1.1231583309277642,-0.0055734456706894,False,False,True,False,False,False,True,1,0,14,9182.0,7013.0,5477.0,8471.666666666666,9542.333333333334,617.9420145395228,15518.195770308452,-2.9121539638955873
2017,1.013889554129062,11012.0,0.4608562575289843,-0.1171339547151362,-0.5788827543808531,-0.4655324664928921,-0.0302332098269464,Estimated (Region),-1.4944566582244825,-1.231731493222399,False,False,False,False,True,False,False,1,0,14,8058.0,8175.0,9176.0,9417.333333333334,9164.166666666666,1490.9947462460132,7538.044857764875,-0.21916009368523867
2017,1.013889554129062,17816.0,2.1057715390855654,-0.4368291319905245,-0.2428663803205408,-0.0931566449243788,1.5934195920248078,Interpolated (Month),-1.1312300336950842,-0.0055734456706894,False,False,True,False,True,False,False,1,0,14,11012.0,9182.0,10725.0,12295.333333333334,10209.333333333334,5003.9833466283,5736.416789125957,-0.4817029639634924
2017,1.013889554129062,13415.0,0.878247347953931,-0.336750831881611,-1.298917841652951,-1.37578447477148,-0.2038400345244193,Official (Quarter),0.2706517719290939,1.2205846018810202,True,False,False,False,True,False,False,1,0,14,17816.0,8058.0,9752.0,14081.0,11276.333333333334,3450.5464784581764,7142.296787807863,0.896127579742069
2017,1.013889554129062,11917.0,0.3934821051375559,-1.2838231107297462,-1.298917841652951,-1.350959420000246,-0.4011758624997399,Official (Quarter),-0.4811696858269942,1.2205846018810202,False,True,False,False,True,False,False,1,0,14,13415.0,11012.0,12490.0,14382.666666666666,11900.0,3066.241075540778,8551.957686477523,3.658038615201856
2017,1.3035722838802226,12725.0,0.4859748439606318,1.2942448358708625,-1.298917841652951,-1.2185591278869967,-0.1990262749095818,Official (Quarter),0.4597602367634473,1.2205846018810202,False,False,False,False,False,False,True,1,0,14,11917.0,17816.0,16216.0,12685.666666666666,12490.5,749.774188228283,8563.40203316196,-5.921714862167805
2017,1.3035722838802226,7450.0,-0.6323891351082354,-0.5130350059291933,1.5812225074354402,1.363246568321362,-0.0026531988572288,Interpolated (Month),-0.0285777806594104,-0.0055734456706894,False,False,False,False,False,False,False,1,0,14,12725.0,13415.0,7977.0,10697.333333333334,12389.166666666666,2841.143490451209,20265.995136442707,-0.21708907263688837
2017,1.3035722838802226,9026.0,-0.0802497399004319,-1.124431051523345,-0.5788827543808531,-0.556557667320751,-0.4469348950737272,Official (Quarter),0.2937137798357224,1.2205846018810202,True,False,False,True,False,False,False,1,0,14,7450.0,11917.0,13281.0,9733.666666666666,12058.166666666666,2707.76666892353,9813.533511828402,-2.5356872103969135
2017,1.3035722838802226,9250.0,-0.1713339598581817,-0.2389916810650225,-0.5788827543808531,-0.5482826490636729,-0.4018271358593945,Interpolated (Month),1.7474851032498144,-0.0055734456706894,False,True,False,False,False,True,False,1,0,14,9026.0,12725.0,11545.0,8575.333333333334,10630.5,980.9818211022924,11162.51849589124,-0.5290735026441571
2017,1.3035722838802226,11168.0,0.3042759103335741,-0.1126462566953328,1.5812225074354402,1.6942472986044848,1.2372580129928692,Estimated (Region),-1.1759126740141768,-1.231731493222399,False,True,False,True,False,False,False,1,0,14,9250.0,7450.0,7013.0,9814.666666666666,10256.0,1177.3603243413777,8562.605436102654,-0.041809917283272095
2017,1.3035722838802226,8800.0,-0.2840154690842641,0.5082063114954267,0.6211757244059766,0.5026446695852423,-0.0100720519106847,Official (Quarter),0.2014657482092084,1.2205846018810202,True,False,False,False,False,True,False,1,0,14,11168.0,9026.0,8175.0,9739.333333333334,9736.5,1257.5537099198705,12290.768333702548,0.33820790888354263
2017,1.3035722838802226,5590.0,-1.146498520952236,1.3060836307688233,-1.298917841652951,-1.350959420000246,-1.3068139434488968,Interpolated (Month),-0.7997136700372999,-0.0055734456706894,False,False,False,False,False,True,False,1,0,14,8800.0,9250.0,9182.0,8519.333333333334,8547.333333333334,2799.5716338992233,-38157.38181972873,-3.7214662332411765
2017,1.3035722838802226,11928.0,0.4303383487802537,0.1368949030030125,1.5812225074354402,1.7356223898898753,1.490150290170023,Official (Quarter),1.7126038162910389,1.2205846018810202,False,False,True,False,False,True,False,1,0,14,5590.0,11168.0,8058.0,8772.666666666666,9293.666666666666,3169.0884073078773,8339.28560341811,0.05004159328017611
2017,1.3035722838802226,5328.0,-1.2098818698919074,-1.098872197245759,-1.298917841652951,-1.2102841096299186,-1.3058228752929009,Estimated (Region),-0.7218793933524288,-1.231731493222399,True,False,False,False,False,False,False,1,0,14,11928.0,8800.0,11012.0,7615.333333333333,8677.333333333334,3737.1755823526837,-25385.708650032553,5.2256549445399205
2017,1.3035722838802226,10882.0,0.2662459009697713,1.2053572014963456,0.6211757244059766,0.7343451807834285,0.6154335356879419,Estimated (Region),-1.1044204495036285,-1.231731493222399,False,False,False,True,False,False,False,1,0,14,5328.0,5590.0,17816.0,9379.333333333334,8949.333333333334,3547.323686010795,8593.907385339511,0.6949926778427513
2017,1.3035722838802226,15907.0,1.311601652185906,0.2512037139110156,-0.5788827543808531,-0.672407922919844,0.7239696568860197,Estimated (Region),-0.7463827767532216,-1.231731493222399,True,False,False,False,False,False,True,1,0,14,10882.0,11928.0,13415.0,10705.666666666666,9739.166666666666,5291.703915879391,6881.375943367215,0.7668186488208335
2017,1.3035722838802226,6667.0,-0.8288775168212165,0.7874515687413953,0.6211757244059766,0.6433199799555697,-0.470182522390091,Estimated (Region),0.5978440091043853,-1.231731493222399,False,False,True,True,False,False,False,1,0,14,15907.0,5328.0,11917.0,11152.0,9383.666666666666,4625.9134233143595,38960.3976996671,0.47918334733731266
2017,1.3035722838802226,9790.0,-0.036820408219546,1.1813838779179693,-1.298917841652951,-1.3261343652290116,-0.6931445412561653,Interpolated (Month),1.2640477625071151,-0.0055734456706894,False,False,True,False,False,False,False,1,0,14,6667.0,10882.0,12725.0,10788.0,10083.666666666666,4700.14925294931,10164.251904365017,-3.6223839124969284
2017,1.3035722838802226,15553.0,1.3360159791848905,0.0414181211427796,0.6211757244059766,0.6598700164697258,1.7245520671795944,Official (Quarter),1.4398955727951572,1.2205846018810202,False,True,False,False,False,False,False,1,0,14,9790.0,15907.0,7450.0,10670.0,10687.833333333334,4507.887420954516,6657.916785923242,0.02495262926121723
2017,1.3035722838802226,7895.0,-0.4180595144344579,-1.141072662454683,-0.5788827543808531,-0.7220580324623124,-0.7219987827121636,Official (Quarter),-1.0029476147144634,1.2205846018810202,False,True,False,False,False,False,True,1,0,14,15553.0,6667.0,9026.0,11079.333333333334,11115.666666666666,3988.486722221011,13566.679404213424,-4.105434931484245
2017,1.3035722838802226,11474.0,0.5512362180540712,-0.4425882367590986,-0.5788827543808531,-0.672407922919844,-0.0649489115198353,Official (Quarter),-0.0173350518049291,1.2205846018810202,False,False,True,False,False,False,True,1,0,14,7895.0,9790.0,9250.0,11640.666666666666,11214.333333333334,3831.719500868159,7396.681347727566,-1.3510346181260209
2017,1.3035722838802226,9677.0,-0.1255570967350858,1.1262407107004424,-0.5788827543808531,-0.7137830142052343,-0.4053100325218945,Interpolated (Month),-0.2620806107140237,-0.0055734456706894,False,False,True,False,True,False,False,1,0,14,11474.0,15553.0,11168.0,9682.0,10176.0,1789.5052388858485,11066.474396291525,3.934919192769442
2017,1.3035722838802226,11833.0,0.6599269238283965,-1.595630397034454,-0.2428663803205408,-0.3165821378654868,0.215070316898581,Estimated (Region),-0.9922814360576476,-1.231731493222399,False,True,False,False,True,False,False,1,0,14,9677.0,7895.0,8800.0,10994.666666666666,11037.0,1155.1642018922232,7128.627067936695,-2.3347800598170423
2017,1.3035722838802226,5580.0,-1.1180933905014945,1.0404818900411388,0.6211757244059766,0.5605697973847888,-0.7607353894950935,Estimated (Region),-1.4091272289699572,-1.231731493222399,False,False,False,False,True,False,False,1,0,14,11833.0,11474.0,5590.0,9030.0,10335.333333333334,3176.312169796896,-47250.73923531211,0.6667320435040994
2017,1.3035722838802226,16816.0,1.6869719297952928,-0.5930093732099976,-0.5788827543808531,-0.5896577403490633,0.9571821521083956,Estimated (Region),0.9273424470703396,-1.231731493222399,True,False,False,False,True,False,False,1,0,14,5580.0,9677.0,11928.0,11409.666666666666,10545.833333333334,5629.949585327858,6258.345989227036,-1.4451579364856282
2017,1.5932550136313832,12980.0,0.971913852498112,-0.8112842651451664,-0.2428663803205408,-0.2007318822663938,0.5173177882443366,Official (Quarter),0.6367611474468209,1.2205846018810202,True,False,False,False,False,True,False,1,0,14,16816.0,11833.0,5328.0,11792.0,11393.333333333334,5711.429943543036,6582.437657485054,-1.0150339381053168
2017,1.5932550136313832,5773.0,-1.0382773214663528,-0.7331797306199825,-0.5788827543808531,-0.5813827220919852,-1.0525624870863768,Interpolated (Month),-0.6725843514520105,-0.0055734456706894,False,True,False,False,False,False,False,1,0,14,12980.0,5580.0,10882.0,11856.333333333334,10443.166666666666,5606.597215186172,-150820.37558648633,-1.7514320820295628
2017,1.5932550136313832,7076.0,-0.6718276633373642,0.2334741008791859,-1.298917841652951,-1.1854590548586843,-1.0339870382197085,Interpolated (Month),-0.3704720478751775,-0.0055734456706894,False,False,True,False,False,False,False,1,0,14,5773.0,16816.0,15907.0,8609.666666666666,10009.666666666666,3840.4833463163427,21561.841780936564,-1.2588983646934253
2017,1.5932550136313832,12561.0,0.4744719398938026,-1.4136621699849377,-0.5788827543808531,-0.6806829411769221,0.1231558244882081,Interpolated (Month),0.3487743237127978,-0.0055734456706894,False,False,False,False,False,True,False,1,0,14,7076.0,12980.0,6667.0,8470.0,10131.0,3602.313562143061,8518.98205733552,-4.4271426499897615
2017,1.5932550136313832,20337.625,4.292027571215783,-1.175965272531791,1.5812225074354402,1.3301464952930495,5.10958782833352,Official (Quarter),-0.1568601996400313,1.2205846018810202,False,False,True,True,False,False,False,1,0,14,12561.0,5773.0,9790.0,13324.875,12590.604166666666,6663.730424610158,3843.0686020268904,-0.5046743948963159
2017,1.5932550136313832,7124.0,-0.7427231128921077,-1.63026703585448,-0.2428663803205408,-0.0848816266673007,-0.6242794625309567,Interpolated (Month),0.6001502098950482,-0.0055734456706894,True,False,False,True,False,False,False,1,0,14,20337.625,7076.0,15553.0,13340.875,10975.270833333334,6641.244248774101,27690.011644973223,-1.7814821375701766
2017,1.5932550136313832,15890.0,1.4763983594290515,-0.8267593429884015,-1.298917841652951,-1.3261343652290116,0.187773468259148,Interpolated (Month),1.17670040756076,-0.0055734456706894,False,False,False,True,False,False,False,1,0,14,7124.0,12561.0,7895.0,14450.541666666666,11460.270833333334,6723.392122300206,6416.5766947380525,2.5350267593169793
2017,1.5932550136313832,9252.0,-0.1140541926682566,0.8785062607486891,-1.298917841652951,-1.2268341461440748,-0.7236694404608427,Interpolated (Month),0.2888131031555638,-0.0055734456706894,False,False,False,False,False,False,False,1,0,14,15890.0,20337.625,11474.0,10755.333333333334,12040.104166666666,4572.2748532140195,10443.076679672777,-3.872901305567556
2017,1.5932550136313832,7884.0,-0.5314452830932033,1.156050675971869,-1.298917841652951,-1.384059493028558,-0.9918241672403354,Estimated (Region),0.8322116644554971,-1.231731493222399,False,True,False,False,False,False,True,1,0,14,9252.0,7124.0,9677.0,11008.666666666666,12174.770833333334,4282.337835030452,16826.209865193305,-3.010082284011939
2017,1.5932550136313832,6204.0,-0.957287486710106,1.3426681363005124,1.5812225074354402,1.7604474446611094,-0.2281070462298076,Estimated (Region),1.4349948961149988,-1.231731493222399,False,True,False,True,False,False,False,1,0,14,7884.0,15890.0,11833.0,7780.0,11115.270833333334,1526.6590975066424,145250.17429653098,0.486395109204967
2017,1.5932550136313832,13476.0,1.1113572201653887,1.3436015615836212,-1.298917841652951,-1.2268341461440748,-0.092160811460183,Official (Quarter),-0.7504186281368815,1.2205846018810202,True,False,False,False,False,False,True,1,0,14,6204.0,9252.0,5580.0,9188.0,9971.666666666666,3807.3360765763596,6382.624347643259,-5.923277356709012
2017,1.5932550136313832,9237.0,-0.2842502222284851,1.6331468039956527,0.6211757244059766,0.5936698704131012,0.1372006760703228,Interpolated (Month),0.0247531126246678,-0.0055734456706894,False,False,False,False,False,False,True,1,0,14,13476.0,7884.0,16816.0,9639.0,10323.833333333334,3652.629053161557,12905.348051604537,1.0247710861047519
2017,1.5932550136313832,16989.0,1.6742952600073586,0.6693310227449147,-0.2428663803205408,-0.3165821378654868,1.2268376392383966,Estimated (Region),-1.0508012811207177,-1.231731493222399,False,True,False,False,False,True,False,1,0,14,9237.0,6204.0,12980.0,13234.0,10507.0,3881.661886357449,6352.701683341148,0.9793876628486103
2017,1.5932550136313832,11318.0,0.4747066930380236,-0.3708248309676225,-0.2428663803205408,-0.1593567909810034,0.2053295327367918,Estimated (Region),-1.2762324084080108,-1.231731493222399,False,False,True,False,False,False,True,1,0,14,16989.0,13476.0,5773.0,12514.666666666666,10851.333333333334,4012.1545749551283,7674.74647903302,-0.4411203552103431
2017,1.5932550136313832,8177.0,-0.5009273743444727,1.6167383008693088,-1.298917841652951,-1.4088845477997924,-0.9608178920741745,Estimated (Region),0.7667732170204389,-1.231731493222399,True,False,False,False,False,False,False,1,0,14,11318.0,9237.0,7076.0,12161.333333333334,10900.166666666666,4466.121844882128,16384.38892387573,-3.9540215192013903
2017,1.5932550136313832,7720.0,-0.5239331824781311,-0.7571709473347763,-0.2428663803205408,-0.3496822108937991,-0.6051660052367479,Interpolated (Month),-0.3964168067701346,-0.0055734456706894,False,False,True,False,False,True,False,1,0,14,8177.0,16989.0,12561.0,9071.666666666666,11152.833333333334,1958.7553020561766,16216.211077650607,-1.1643091424201002
2017,1.5932550136313832,13031.0,0.5878577085525479,-1.668359038129337,-1.298917841652951,-1.2102841096299186,-0.1476039957299027,Official (Quarter),0.1048935901002017,1.2205846018810202,True,False,False,False,True,False,False,1,0,14,7720.0,11318.0,20337.625,9642.666666666666,11078.666666666666,2943.265929768021,8206.654746084736,7.933833141579271
2017,1.5932550136313832,12033.0,0.3444186979953659,-1.6135399354935929,-0.2428663803205408,-0.225556937037628,0.3105243384375114,Estimated (Region),-0.1943359624883026,-1.231731493222399,False,False,True,False,True,False,False,1,0,14,13031.0,8177.0,7124.0,10928.0,11544.666666666666,2822.6670012596146,8950.336690453763,-2.083484264577873
2017,1.5932550136313832,3478.0,-1.574453502867128,1.108937550753228,-0.2428663803205408,-0.1510817727239253,-1.394905744400428,Estimated (Region),-1.517806941229944,-1.231731493222399,False,True,False,False,True,False,False,1,0,14,12033.0,7720.0,15890.0,9514.0,9292.833333333334,5251.092552983605,-6054.449981836853,1.3062948999357427
2017,1.5932550136313832,13504.0,1.1392928443276884,-0.6499075588911334,-0.2428663803205408,-0.3000321013513307,0.5544403697446445,Interpolated (Month),-1.4370899135567443,-0.0055734456706894,False,False,False,False,True,False,False,1,0,14,3478.0,13031.0,9252.0,9671.666666666666,9657.166666666666,5414.06412349662,6312.366273652393,-0.9284819491662684
2018,-1.5932550136313832,10309.0,0.2157739749622552,1.6870424219796307,1.5812225074354402,1.4459967508921427,0.8486743471433464,Official (Quarter),1.6442826178676522,1.2205846018810202,True,False,False,False,False,True,False,0,0,15,13504.0,12033.0,7884.0,9097.0,10012.5,5121.706453907706,8479.372163168777,0.6897157248325476
2018,-1.5932550136313832,6558.0,-0.9098673515774632,0.4011332861420026,1.5812225074354402,1.4459967508921427,-0.2267478670444416,Estimated (Region),0.2879482778590652,-1.231731493222399,True,False,False,False,False,False,False,0,0,15,10309.0,3478.0,6204.0,10123.666666666666,9818.833333333334,3476.706823034297,72759.42862853054,0.1639958376869041
2018,-1.5932550136313832,8629.0,-0.3490420900334824,-1.3301683221771394,1.5812225074354402,1.6197721342907825,0.4439787447006317,Official (Quarter),1.5361794558053312,1.2205846018810202,False,True,False,True,False,False,False,0,0,15,6558.0,13504.0,13476.0,8498.666666666666,9085.166666666666,1878.8933799801287,13255.849368884446,-0.5077419920481897
2018,-1.5932550136313832,8115.0,-0.3664138227058368,-0.5931962570792467,-0.5788827543808531,-0.6641329046627659,-0.6593066427871587,Estimated (Region),-1.4171989317372773,-1.231731493222399,False,False,False,True,False,False,False,0,0,15,8629.0,10309.0,9237.0,7767.333333333333,8432.166666666666,1078.3850580071642,12808.04457359925,-1.7661636561439162
2018,-1.5932550136313832,1328.0,-2.151241978218137,-0.3968578533602712,-0.2428663803205408,-0.2586570100659403,-1.8424154911821709,Interpolated (Month),-0.6610533474986963,-0.0055734456706894,False,False,False,False,False,False,True,0,0,15,8115.0,6558.0,16989.0,6024.0,8073.833333333333,4074.967607233178,-1153.5368107888532,-0.5353228650554455
2018,-1.5932550136313832,17949.0,1.9294719277755907,0.8152644611760103,-0.5788827543808531,-0.5234575942924387,1.2246289730621769,Official (Quarter),1.5122526226022042,1.2205846018810202,False,False,True,True,False,False,False,0,0,15,1328.0,8629.0,11318.0,9130.666666666666,8814.666666666666,8356.918949788444,6127.042839980054,1.7107910049799675
2018,-1.5932550136313832,6192.0,-1.010341697304053,0.2411030384033804,-0.2428663803205408,-0.3083071196084087,-0.8892627712112623,Official (Quarter),1.5356029056076654,1.2205846018810202,True,False,False,True,False,False,False,0,0,15,17949.0,8115.0,8177.0,8489.666666666666,8128.5,8545.400185674931,-598741.1754522386,0.3485694955641058
2018,-1.5932550136313832,10761.0,0.2261031133079794,-1.621377129244424,-0.2428663803205408,-0.2503819918088622,0.0412652785699087,Estimated (Region),-0.2998446486611278,-1.231731493222399,False,False,False,False,False,False,False,0,0,15,6192.0,1328.0,7720.0,11634.0,8829.0,5926.918170516611,8776.586474009704,-2.1629378050253627
2018,-1.5932550136313832,11056.0,0.349583267168228,1.3906798945925616,-1.298917841652951,-1.3178593469719335,-0.5056344461417197,Official (Quarter),-0.5797597696278309,1.2205846018810202,False,False,True,False,False,True,False,0,0,15,10761.0,17949.0,13031.0,9336.333333333334,9233.5,2727.06441679202,8192.158475110858,-4.375142363566727
2018,-1.5932550136313832,5479.0,-1.192510137219553,1.676608735322005,1.5812225074354402,1.4211716961209084,-0.5430968224383691,Official (Quarter),-1.4777367024921768,1.2205846018810202,False,False,True,False,False,False,False,0,0,15,11056.0,6192.0,12033.0,9098.666666666666,8794.166666666666,3138.1915705280308,-28460.83888949358,0.6924782484481341
2018,-1.5932550136313832,15089.0,1.0463305992161704,1.1407490621455696,-0.2428663803205408,-0.1428067544668473,0.9885848545369552,Official (Quarter),-1.3488777333138904,1.2205846018810202,False,False,True,False,False,False,True,0,0,15,5479.0,10761.0,3478.0,10541.333333333334,11087.666666666666,4825.628076565087,7373.686346565758,1.3307956730760895
2018,-1.5932550136313832,14636.0,1.354091971289908,0.393690238423922,-1.298917841652951,-1.3178593469719335,0.0128924130753943,Official (Quarter),-0.8268115293275884,1.2205846018810202,False,True,False,False,False,False,True,0,0,15,15089.0,11056.0,13504.0,11734.666666666666,10535.5,5422.2989896660365,6217.259214379933,-1.2385674424061666
2018,-1.5932550136313832,10681.0,0.254742996902942,-1.4677903987423424,-0.2428663803205408,-0.2917570830942526,0.0026136204860643,Official (Quarter),0.1945471458372199,1.2205846018810202,False,True,False,False,False,True,False,0,0,15,14636.0,5479.0,10309.0,13468.666666666666,11283.666666666666,2424.792018572605,8512.500190368632,-2.0724392206490294
2018,-1.5932550136313832,8654.0,-0.4377787785490223,-0.500237437138199,0.6211757244059766,0.5771198338989451,-0.0117710258923922,Official (Quarter),0.6275363442841695,1.2205846018810202,False,True,False,False,False,False,False,0,0,15,10681.0,15089.0,6558.0,11323.666666666666,10932.5,3042.3422446091267,15392.517517687791,-0.3171841646943944
2018,-1.5932550136313832,3922.0,-1.4648237845159189,-0.9652666327746996,1.5812225074354402,1.5039218786916893,-0.9708418385662484,Official (Quarter),1.086182026527243,1.2205846018810202,False,False,False,False,False,True,False,0,0,15,8654.0,14636.0,8629.0,7752.333333333333,9743.5,3468.5403750472788,-8437.606100738769,-0.3855018964405774
2018,-1.5932550136313832,2368.0,-1.94160742042878,-1.5514229183573758,0.6211757244059766,0.6929700894980381,-1.5195538021916983,Official (Quarter),-0.1260147640649157,1.2205846018810202,True,False,False,False,False,False,True,0,0,15,3922.0,10681.0,8115.0,4981.333333333333,9225.0,3274.1547509751244,-2514.848490596732,-0.9163912156400643
2018,-1.5932550136313832,14330.0,1.2766234336969762,-0.074197385755262,0.6211757244059766,0.5522947791277109,1.3441517926752962,Interpolated (Month),-0.4560897522285357,-0.0055734456706894,False,False,False,False,True,False,False,0,0,15,2368.0,8654.0,1328.0,6873.333333333333,9098.5,6504.239950473312,6294.409425773906,-0.047798515303231336
2018,-1.5932550136313832,4526.0,-1.4129433396430766,-1.3293864915220113,-1.298917841652951,-1.2764842556865432,-1.441797426295554,Estimated (Region),1.4113563380107046,-1.231731493222399,False,False,True,False,True,False,False,0,0,15,14330.0,3922.0,17949.0,7074.666666666667,7413.5,6375.275471172448,-10960.341445177448,4.808181529978938
2018,-1.5932550136313832,11796.0,0.3345590659380837,0.5487889389532755,0.6211757244059766,0.8088203450971311,0.8891948766070691,Estimated (Region),0.2346173845749869,-1.231731493222399,False,True,False,False,True,False,False,0,0,15,4526.0,2368.0,6192.0,10217.333333333334,7599.333333333333,5089.080991036913,8838.874427568626,0.30339604507478396
2018,-1.5932550136313832,19646.0,2.521754110645186,0.8356755595126182,-0.2428663803205408,-0.3993323204362675,1.6647764992565208,Interpolated (Month),0.568439949023434,-0.0055734456706894,True,False,False,False,True,False,False,0,0,15,11796.0,14330.0,10761.0,11989.333333333334,9431.333333333334,7561.853829143573,5578.470098356995,1.3912444234049233
2018,-1.3035722838802226,15273.0,1.2486878095346767,-1.5949385290929805,0.6211757244059766,0.6515949982126477,1.6490893061587557,Estimated (Region),-0.3344376605210705,-1.231731493222399,False,True,False,False,False,False,False,0,0,15,19646.0,4526.0,11056.0,15571.666666666666,11323.166666666666,3933.513230349367,6791.9610428983715,-0.9656959065745654
2018,-1.3035722838802226,2728.0,-1.8573310416534388,-0.7886618733663059,-1.298917841652951,-1.4088845477997924,-1.7245633293177307,Interpolated (Month),1.674263228146269,-0.0055734456706894,True,False,False,False,False,False,True,0,0,15,15273.0,11796.0,5479.0,12549.0,11383.166666666666,8781.788713012858,-3181.968070045394,1.9288131028919901
2018,-1.3035722838802226,14802.0,1.1979811303829395,-0.4162395993213097,-0.2428663803205408,-0.1014316631814569,0.96114642473238,Estimated (Region),-0.8412252842692312,-1.231731493222399,True,False,False,True,False,False,False,0,0,15,2728.0,19646.0,15089.0,10934.333333333334,11461.833333333334,7110.7939312944,6734.361726490867,-0.46322531327449296
2018,-1.3035722838802226,10817.0,0.0537943054497618,-0.2765752200466846,-0.2428663803205408,-0.3579572291508772,-0.0072687448408673,Estimated (Region),1.3315041356340034,-1.231731493222399,False,False,True,True,False,False,False,0,0,15,14802.0,15273.0,14636.0,9449.0,12510.333333333334,6152.148974139025,10264.811589946179,-0.4307738247420881
2018,-1.3035722838802226,8065.0,-0.6016364732152837,1.1699606014101465,-0.2428663803205408,-0.0848816266673007,-0.4284160786731161,Official (Quarter),-1.241639396548068,1.2205846018810202,False,True,False,True,False,False,False,0,0,15,10817.0,2728.0,10681.0,11228.0,11888.5,3387.2530168264598,20245.327339815645,1.2784800693590674
2018,-1.3035722838802226,3942.0,-1.5063750910430365,0.8099979146904827,1.5812225074354402,1.7935475176894218,-0.906450724659536,Official (Quarter),-0.947598795738555,1.2205846018810202,False,False,True,False,False,True,False,0,0,15,8065.0,14802.0,8654.0,7608.0,9271.166666666666,3460.2085197282213,-7784.743107881213,0.28995315438931285
2018,-1.3035722838802226,12334.0,0.8240193716388788,-1.6453469736018298,-0.2428663803205408,-0.2090069005234718,0.3814848184068258,Interpolated (Month),0.5713227000117626,-0.0055734456706894,False,False,False,True,False,False,False,0,0,15,3942.0,10817.0,3922.0,8113.666666666667,8781.333333333334,4196.211664505631,6761.989588366004,-2.080102815929374
2018,-1.3035722838802226,4922.0,-1.2157506984974324,0.113484219158651,-1.298917841652951,-1.243384182658231,-1.3752542786786788,Interpolated (Month),-0.2280641490517467,-0.0055734456706894,False,False,True,False,False,False,False,0,0,15,12334.0,8065.0,2368.0,7066.0,9147.0,4588.460308207944,-22813.367624200644,-0.46627606576229197
2018,-1.3035722838802226,7081.0,-0.6053925235228198,-1.10462831982493,-1.298917841652951,-1.259934219172387,-1.0602928187031455,Official (Quarter),-0.9398153680700678,1.2205846018810202,False,False,False,False,False,True,False,0,0,15,4922.0,3942.0,14330.0,8112.333333333333,7860.166666666667,3812.1086465804096,17944.414189044106,4.249645634737865
2018,-1.3035722838802226,7551.0,-0.6673673535971651,1.2863837846048078,-0.2428663803205408,-0.1014316631814569,-0.5418225919520884,Interpolated (Month),-0.2586213095280295,-0.0055734456706894,False,True,False,False,False,True,False,0,0,15,7081.0,12334.0,4526.0,6518.0,7315.833333333333,1402.01176885207,22700.71828985589,1.4315926033620971
2018,-1.3035722838802226,11286.0,0.5000600326138922,1.5156455593318408,-0.2428663803205408,-0.1014316631814569,0.2323715352789686,Estimated (Region),0.4877229213502344,-1.231731493222399,False,False,True,False,False,False,True,0,0,15,7551.0,4922.0,11796.0,8639.333333333334,7852.666666666667,2304.0959904772094,7523.698888459725,1.6867337710764565
2018,-1.3035722838802226,8796.0,-0.2020866217511334,1.3892126574063328,-0.2428663803205408,-0.3827822839221114,-0.410775065496387,Official (Quarter),-0.3502927909568776,1.2205846018810202,False,False,False,False,False,False,False,0,0,15,11286.0,7081.0,19646.0,9211.0,8661.666666666666,1901.7689134066343,11023.75300349527,2.2507660120874164
2018,-1.3035722838802226,13038.0,1.0024317612468423,-0.3601724504204506,1.5812225074354402,1.6776972620903288,1.7861398740164895,Official (Quarter),-0.5140330470939397,1.2205846018810202,True,False,False,False,False,False,False,0,0,15,8796.0,7551.0,15273.0,11040.0,8779.0,2131.6725827387145,6511.083299978076,-0.1345082790051046
2018,-1.3035722838802226,2362.0,-1.9446592113036527,0.2942590734154388,-0.5788827543808531,-0.7303330507193905,-1.6936136866176266,Interpolated (Month),1.0135367016213634,-0.0055734456706894,False,True,False,False,False,False,True,0,0,15,13038.0,11286.0,2728.0,8065.333333333333,8352.333333333334,5375.374343553491,-2500.3725912335967,1.0911944315031326
2018,-1.3035722838802226,11445.0,0.3089709732179941,0.1662451140748247,-1.298917841652951,-1.3095843287148556,-0.4444147503341946,Estimated (Region),-1.1560216921947095,-1.231731493222399,False,False,False,False,False,False,True,0,0,15,2362.0,8796.0,14802.0,8948.333333333334,9079.666666666666,5759.2753305718215,8743.509393385124,-0.5369946042325213
2018,-1.3035722838802226,10561.0,0.2915992405456398,-0.0509904848534319,-0.5788827543808531,-0.5731077038349071,-0.1735982976500268,Interpolated (Month),-0.6431802913710591,-0.0055734456706894,True,False,False,False,False,True,False,0,0,15,11445.0,13038.0,10817.0,8122.666666666667,9581.333333333334,5008.42533470682,8176.684894564103,-0.11944578365900574
2018,-1.3035722838802226,5162.0,-1.2716219468220316,-1.6772762814755862,0.6211757244059766,0.68469507124096,-0.8286943487633915,Estimated (Region),0.3738542573112563,-1.231731493222399,False,True,False,False,True,False,False,0,0,15,10561.0,2362.0,8065.0,9056.0,8560.666666666666,3401.145542313625,-19004.355356388693,-0.995596360497506
2018,-1.3035722838802226,16810.0,1.877591482902749,1.1335137736225576,0.6211757244059766,0.4695445965569301,1.8700125562467809,Official (Quarter),1.1712231806829356,1.2205846018810202,True,False,False,False,True,False,False,0,0,15,5162.0,11445.0,3942.0,10844.333333333334,9896.333333333334,5829.166692875858,5841.690907092566,0.7713367639732227
2018,-1.3035722838802226,14166.0,1.2961079446673196,-0.3425780299748853,0.6211757244059766,0.7343451807834285,1.4370290370086367,Official (Quarter),-0.7902005917758157,1.2205846018810202,False,False,False,False,True,False,False,0,0,15,16810.0,10561.0,12334.0,12046.0,10084.333333333334,6106.535515331094,6169.570569580733,-0.1975258638076521
2018,-1.3035722838802226,7777.0,-0.567597267303238,-1.1025561952214793,0.6211757244059766,0.4695445965569301,-0.2670418666439367,Estimated (Region),1.1516204739623015,-1.231731493222399,False,False,True,False,True,False,False,0,0,15,14166.0,5162.0,4922.0,12917.666666666666,10986.833333333334,4644.0848757676,17985.54775890813,-0.7502706605874457
2018,-1.013889554129062,13571.0,1.0982110440890125,-0.7279807804275866,1.5812225074354402,1.5535719882341577,1.85882764420054,Official (Quarter),0.432374102374326,1.2205846018810202,False,False,False,False,False,True,False,0,0,15,7777.0,16810.0,7081.0,11838.0,11341.166666666666,3529.4896231608295,6467.890843598228,-0.28508332006375076
2018,-1.013889554129062,7221.0,-0.7976553486398228,-0.3714615284051423,-0.2428663803205408,-0.1759068274951595,-0.6378146219185593,Estimated (Region),-1.0409999277604003,-1.231731493222399,True,False,False,False,False,True,False,0,0,15,13571.0,14166.0,7551.0,9523.0,10784.5,3516.676271708822,35686.63639715629,-0.45075185767657894
2018,-1.013889554129062,11772.0,0.4171921727038774,0.1781092575827101,-0.5788827543808531,-0.7137830142052343,-0.0369158408216624,Official (Quarter),-0.2361358518190667,1.2205846018810202,False,False,True,True,False,False,False,0,0,15,7221.0,7777.0,11286.0,10854.666666666666,11886.166666666666,3272.8810447881024,8306.565776143163,0.6222875175913732
2018,-1.013889554129062,1627.0,-2.1005352990664,-0.3622008362459922,-0.2428663803205408,-0.2338319552947061,-1.780771051879219,Estimated (Region),-1.1519858408110497,-1.231731493222399,False,False,True,False,False,False,False,0,0,15,11772.0,13571.0,8796.0,6873.333333333333,9355.666666666666,5081.427981712724,-1478.3714810240142,-0.4727433345060907
2018,-1.013889554129062,12088.0,0.6218969144645937,-0.7933747266860277,-0.2428663803205408,-0.3827822839221114,0.2240182465355738,Estimated (Region),1.7232699949478547,-1.231731493222399,False,False,False,True,False,False,False,0,0,15,1627.0,7221.0,13038.0,8495.666666666666,9009.333333333334,5950.537818830591,7453.001415931778,-1.2854049811264803
2018,-1.013889554129062,8510.0,-0.2239186641636869,0.6624834188442803,-0.5788827543808531,-0.4738074847499702,-0.5056910786077766,Official (Quarter),0.2138615774590213,1.2205846018810202,False,False,False,False,False,False,False,0,0,15,12088.0,11772.0,2362.0,7408.333333333333,9131.5,5316.8018896074245,10965.345521200477,1.2590133832091654
2018,-1.013889554129062,7292.0,-0.757512560978031,1.671679673270572,1.5812225074354402,1.6528722073190945,0.0611149579228574,Official (Quarter),1.2193651221880226,1.2205846018810202,False,True,False,False,False,True,False,0,0,15,8510.0,1627.0,11445.0,9296.666666666666,8085.0,2492.897377216554,30071.66074008211,0.6301395403285998
2018,-1.013889554129062,4731.0,-1.243451569515511,1.3812984237625936,-1.298917841652951,-1.3426844017431678,-1.4277525747134387,Estimated (Region),-0.9147354344716094,-1.231731493222399,True,False,False,False,False,False,True,0,0,15,7292.0,12088.0,10561.0,6844.333333333333,7670.0,1928.863482295481,-19433.02320627912,-4.030817909237192
2018,-1.013889554129062,14733.0,1.2653552827743682,0.3634876182144467,-0.5788827543808531,-0.5151825760353606,0.6339523520885533,Interpolated (Month),0.2801648501905781,-0.0055734456706894,False,True,False,False,False,False,True,0,0,15,4731.0,8510.0,5162.0,8918.666666666666,8163.5,5195.626462067222,6503.615619160884,0.749741243295245
2018,-1.013889554129062,6190.0,-0.8816969742709425,-0.8546706476733121,-1.298917841652951,-1.2020090913728405,-1.1735860670500042,Official (Quarter),-1.3543549601917146,1.2205846018810202,False,True,False,True,False,False,False,0,0,15,14733.0,7292.0,16810.0,8551.333333333334,8924.0,5402.954963104276,52323.26021970558,4.2308523931523405
2018,-1.013889554129062,11729.0,0.3444186979953659,-0.948426209216502,-0.2428663803205408,-0.1345317362097692,0.3042664509382222,Official (Quarter),1.508216771218544,1.2205846018810202,False,False,True,False,False,True,False,0,0,15,6190.0,4731.0,14166.0,10884.0,8864.166666666666,4333.731763734337,8724.216657718955,-1.0958532495032982
2018,-1.013889554129062,17318.0,1.8146776402515197,-0.2476852602060543,1.5812225074354402,1.479096823920455,2.8875847063574303,Estimated (Region),0.2415359869469754,-1.231731493222399,False,False,False,False,False,False,True,0,0,15,11729.0,14733.0,7777.0,11745.666666666666,10332.166666666666,5564.018721511755,6152.747210672574,-0.09990947421503438
2018,-1.013889554129062,8163.0,-0.4814428633741292,-0.3138978174555926,0.6211757244059766,0.68469507124096,-0.0855914453975807,Interpolated (Month),-1.5140593649451168,-0.0055734456706894,True,False,False,True,False,False,False,0,0,15,17318.0,6190.0,13571.0,12403.333333333334,10477.333333333334,4614.601860760398,15741.756160400606,-0.1863232241929532
2018,-1.013889554129062,5287.0,-1.1805377268642818,-0.7750089132482452,1.5812225074354402,1.7025223168615629,-0.5215481691037129,Official (Quarter),-0.9274195388202552,1.2205846018810202,False,True,False,False,False,False,False,0,0,15,8163.0,11729.0,7221.0,10256.0,10570.0,6282.652863241761,-29284.737831968334,-0.28677243788619755
2018,-1.013889554129062,11880.0,0.3270469653230116,-0.1691517874384192,-1.298917841652951,-1.3261343652290116,-0.3913218134058367,Interpolated (Month),1.3018118004542194,-0.0055734456706894,False,False,True,False,False,False,True,0,0,15,5287.0,17318.0,11772.0,8443.333333333334,10094.5,3305.4277080785073,8952.207653862752,0.5186567423510883
2018,-1.013889554129062,13104.0,0.7643920730067436,-0.898142519631007,1.5812225074354402,1.6528722073190945,1.7891413947175063,Estimated (Region),1.1472963474798086,-1.231731493222399,True,False,False,False,False,False,False,0,0,15,11880.0,8163.0,1627.0,10090.333333333334,11246.833333333334,4204.587058598408,7426.920694372171,-0.3385547623263166
2018,-1.013889554129062,8500.0,-0.3349569013802222,1.0672718915105577,-0.5788827543808531,-0.4903575212641263,-0.51480890564294,Interpolated (Month),-1.1779305997060068,-0.0055734456706894,True,False,False,False,True,False,False,0,0,15,13104.0,5287.0,12088.0,11161.333333333334,10708.666666666666,2384.652036112032,12781.126542987658,2.094158034388809
2018,-1.013889554129062,10165.0,-0.0168663909607605,0.7332895418374247,1.5812225074354402,1.4542717691492208,0.8116933468081811,Interpolated (Month),1.4176983901850273,-0.0055734456706894,False,False,True,False,True,False,False,0,0,15,8500.0,11880.0,8510.0,10589.666666666666,9516.5,2331.19289921131,10339.388163053112,0.29878090562546833
2018,-1.013889554129062,13913.0,0.9590024295659568,-1.191143622529437,-0.5788827543808531,-0.4986325395212044,0.4932206739371193,Official (Quarter),-0.4632966296993571,1.2205846018810202,False,False,False,False,True,False,False,0,0,15,10165.0,13104.0,7292.0,10859.333333333334,10474.833333333334,2772.4928013131507,7102.084096487114,-2.3757896481592944
2018,-1.013889554129062,11749.0,0.5789370890721498,-1.6786401360958476,1.5812225074354402,1.7273473716327972,1.4311958930047748,Official (Quarter),-1.571426109612855,1.2205846018810202,False,True,False,False,True,False,False,0,0,15,13913.0,8500.0,4731.0,11942.333333333334,11551.833333333334,1881.464677673564,7441.081776668004,-0.6154845376703467
2018,-0.7242068243779014,15674.0,1.659975318209877,1.7287990379990898,0.6211757244059766,0.6515949982126477,1.7477147457968727,Estimated (Region),1.1003075063700531,-1.231731493222399,False,True,False,False,False,False,True,0,0,15,11749.0,10165.0,14733.0,13778.666666666666,12184.166666666666,1965.9451501334843,5892.535879072879,1.0467451402250505
2018,-0.7242068243779014,6334.0,-0.9579917461427692,-1.6901320029599374,0.6211757244059766,0.6350449616984916,-0.5546215292809511,Interpolated (Month),1.2340671522284985,-0.0055734456706894,False,False,False,False,False,False,False,0,0,15,15674.0,13913.0,6190.0,11252.333333333334,11055.833333333334,4689.76634101671,150779.89248319436,-1.0336914534779649
2018,-0.7242068243779014,13029.0,0.6169670984359525,0.3733924632846244,0.6211757244059766,0.7591702355546627,1.1691857887924573,Interpolated (Month),-1.5547061538805491,-0.0055734456706894,False,False,True,True,False,False,False,0,0,15,6334.0,11749.0,11729.0,11679.0,11810.666666666666,4814.122453781161,8057.677866545702,0.21225487774745946
2018,-0.7242068243779014,10049.0,-0.1180449961200136,-1.4223035608114185,0.6211757244059766,0.6598700164697258,0.3686292486119062,Estimated (Region),-0.5307530028262454,-1.231731493222399,True,False,False,True,False,False,False,0,0,15,13029.0,15674.0,17318.0,9804.0,11791.333333333334,3354.2174944388844,11394.005312959747,-0.8568764702650798
2018,-0.7242068243779014,6612.0,-0.8380328894458356,1.4967026922445965,0.6211757244059766,0.5440197608706328,-0.5173856828485296,Interpolated (Month),-0.1003582802687916,-0.0055734456706894,False,False,True,False,False,True,False,0,0,15,10049.0,6334.0,8163.0,9896.666666666666,10574.5,3211.21103842977,40823.10277300923,0.9693546223790844
2018,-0.7242068243779014,2568.0,-1.8373770243946532,1.5560760951301416,1.5812225074354402,1.4625467874062987,-1.3685150152179058,Interpolated (Month),-1.7063388558666317,-0.0055734456706894,True,False,False,False,False,False,False,0,0,15,6612.0,13029.0,5287.0,6409.666666666667,9044.333333333334,3744.602026028006,-3066.718963129456,0.6318970681442742
2018,-0.7242068243779014,14998.0,1.0263765819573851,-1.4511050490330957,1.5812225074354402,1.4459967508921427,2.193015826402396,Interpolated (Month),-1.6138025491412848,-0.0055734456706894,False,False,True,False,False,False,True,0,0,15,2568.0,10049.0,11880.0,8059.333333333333,8931.666666666666,6340.1344885840645,7401.388336965793,-0.5932571449671082
2018,-0.7242068243779014,20337.625,3.23282138449061,-0.3203865645647442,-1.298917841652951,-1.37578447477148,0.939314609067439,Interpolated (Month),0.7621608154391132,-0.0055734456706894,True,False,False,False,False,True,False,0,0,15,14998.0,6612.0,13104.0,12634.541666666666,11265.604166666666,9117.52952450434,4804.744437012782,0.8525806308511704
2018,-0.7242068243779014,10915.0,0.3289249904767796,1.3972128775111896,0.6211757244059766,0.7343451807834285,0.6237018757322517,Interpolated (Month),0.6295542699759995,-0.0055734456706894,True,False,False,False,False,False,True,0,0,15,20337.625,2568.0,8500.0,15416.875,10913.270833333334,4725.257418583154,8213.405631031152,0.805614068636584
2018,-0.7242068243779014,6486.0,-0.9575222398543272,1.1580308497353968,-0.5788827543808531,-0.448982429978736,-0.8782760727962207,Estimated (Region),0.5375945134483184,-1.231731493222399,False,False,False,False,False,True,False,0,0,15,10915.0,14998.0,10165.0,12579.541666666666,10319.4375,7074.242221270652,152691.66683358472,2.1016223669432317
2018,-0.7242068243779014,48.0,-2.489756012184826,-0.6712540706371184,-0.5788827543808531,-0.6062077768632194,-2.0982526565942843,Interpolated (Month),0.6162936154296881,-0.0055734456706894,False,True,False,False,False,False,False,0,0,15,6486.0,20337.625,13913.0,5816.333333333333,9225.4375,5464.362939385801,-32.22004113922307,-1.7045894540277997
2018,-0.7242068243779014,8487.0,-0.4783910724992561,-0.3362632439142364,-0.2428663803205408,-0.1676318092380815,-0.3766540046970958,Estimated (Region),0.9873036676275736,-1.231731493222399,False,False,False,False,False,False,True,0,0,15,48.0,10915.0,11749.0,5007.0,10211.9375,4409.621412320979,16270.810472253463,-0.403983775024408
2018,-0.7242068243779014,1390.0,-2.145607902756833,-0.3825403620369303,1.5812225074354402,1.4377217326350646,-1.7090177173851075,Official (Quarter),-1.381741094580836,1.2205846018810202,False,True,False,True,False,False,False,0,0,15,8487.0,6486.0,15674.0,3308.3333333333335,7943.9375,4534.774783088233,-1213.3296188469485,-0.15692536064131565
2018,-0.7242068243779014,5716.0,-1.049545472388961,-1.1273690051167726,-0.5788827543808531,-0.6393078498915317,-1.0799726006579236,Official (Quarter),0.5860247300522382,1.2205846018810202,False,False,True,False,False,False,False,0,0,15,1390.0,48.0,6334.0,5197.666666666667,5507.0,3576.7798832655335,-115368.76579006147,-3.1255712240417406
2018,-0.7242068243779014,13505.0,0.8183852961775747,-1.39875619328609,0.6211757244059766,0.4778196148140081,1.0938362927037315,Estimated (Region),1.7053969388202177,-1.231731493222399,False,True,False,False,False,True,False,0,0,15,5716.0,8487.0,13029.0,6870.333333333333,5938.666666666667,6139.43566896283,7426.918831992782,-0.9464999511879745
2018,-0.7242068243779014,7151.0,-0.6394317294348655,-0.6093711553690293,0.6211757244059766,0.68469507124096,-0.3361901076994298,Interpolated (Month),0.2150146778543527,-0.0055734456706894,False,False,False,True,False,False,False,0,0,15,13505.0,1390.0,10049.0,8790.666666666666,6049.5,4145.299788113419,19832.58257525523,-0.36171006004081296
2018,-0.7242068243779014,6475.0,-0.8307555419749845,0.4698175813749807,1.5812225074354402,1.6114971160337042,-0.1955433782470814,Official (Quarter),-1.654161062977885,1.2205846018810202,False,False,False,False,True,False,False,0,0,15,7151.0,5716.0,6612.0,9043.666666666666,7120.666666666667,3878.3843715306466,38258.26898889031,0.17990354210634985
2018,-0.7242068243779014,17645.0,2.240285090724201,-1.559594117321332,0.6211757244059766,0.7757202720688188,2.344847467900985,Official (Quarter),0.2853538019695695,1.2205846018810202,True,False,False,False,True,False,False,0,0,15,6475.0,13505.0,2568.0,10423.666666666666,8647.0,6262.9853371481895,5445.508498777296,-0.8782881751438885
2018,-0.7242068243779014,5799.0,-1.0126892287462632,0.8642454310240033,-1.298917841652951,-1.359234438257324,-1.279347197411293,Interpolated (Month),-1.5028166360906354,-0.0055734456706894,False,False,True,False,True,False,False,0,0,15,17645.0,7151.0,14998.0,9973.0,9381.833333333334,6652.738684181115,-457001.77023822017,-2.405797827225389
2018,-0.7242068243779014,15421.0,1.638612782085766,0.2333468607979947,1.5812225074354402,1.570122024748314,2.4125232648389985,Estimated (Region),-1.4160458313419455,-1.231731493222399,False,True,False,False,True,False,False,0,0,15,5799.0,6475.0,20337.625,12955.0,10999.333333333334,6296.252536231374,5844.358863375942,0.09079213303922633
2018,-0.4345240946267408,7086.0,-0.6206514778971851,0.2724413757437952,1.5812225074354402,1.487371842177533,-0.0603333655361968,Official (Quarter),1.0677324202019405,1.2205846018810202,False,True,False,False,False,False,False,0,0,15,15421.0,17645.0,10915.0,9435.333333333334,9929.5,5223.528149951255,18679.392661715658,0.1095298142095596
2018,-0.4345240946267408,10524.0,0.1176471606778752,-0.5587345733708576,1.5812225074354402,1.379796604835518,0.8745553841313569,Official (Quarter),-0.3551934676370362,1.2205846018810202,False,True,False,False,False,True,False,0,0,15,7086.0,5799.0,6486.0,11010.333333333334,10491.666666666666,4188.72848646618,9416.2096681899,-0.234782490333654
2018,-0.4345240946267408,17044.0,1.871018394864561,-1.085643205054477,1.5812225074354402,1.3301464952930495,2.6782427955780443,Estimated (Region),-0.7259152447360888,-1.231731493222399,False,False,True,False,False,True,False,0,0,15,10524.0,15421.0,48.0,11551.333333333334,12253.166666666666,5057.865294107118,5936.569417488544,-0.4659119961974502
2018,-0.4345240946267408,12296.0,0.68880156056758,0.201058199101189,1.5812225074354402,1.4956468604346111,1.4496863931723574,Interpolated (Month),1.442490048684653,-0.0055734456706894,True,False,False,False,False,False,False,0,0,15,17044.0,7086.0,8487.0,13288.0,11361.666666666666,3371.2976730036785,7280.902793497837,0.08056356141115861
2018,-0.4345240946267408,11900.0,0.4209482230114135,0.3999766936852429,1.5812225074354402,1.7604474446611094,1.496861237397768,Interpolated (Month),1.0916592534050673,-0.0055734456706894,True,False,False,False,False,True,False,0,0,15,12296.0,10524.0,1390.0,13746.666666666666,12378.5,2862.4306687382614,8374.689385078611,0.14489560178326333
2018,-0.4345240946267408,14549.0,1.2691113330819042,0.7025769672400531,-0.2428663803205408,-0.1593567909810034,0.8654375570961935,Official (Quarter),1.3093069530238737,1.2205846018810202,False,False,True,True,False,False,False,0,0,15,11900.0,17044.0,5716.0,12915.0,12233.166666666666,1428.8705329735085,6411.761198265916,0.8357611882215021
2018,-0.4345240946267408,11713.0,0.4038112434832801,-1.5191655696493,-1.298917841652951,-1.3261343652290116,-0.4154472439460824,Estimated (Region),0.0400316928628092,-1.231731493222399,False,False,False,False,False,True,False,0,0,15,14549.0,12296.0,13505.0,12720.666666666666,13004.333333333334,1586.1413346020975,8343.714337930864,4.658097188201991
2018,-0.4345240946267408,16359.0,1.548937080993342,0.4950558502917553,-0.2428663803205408,-0.2503819918088622,1.1587937312710133,Official (Quarter),-1.05310748191138,1.2205846018810202,True,False,False,False,False,False,True,0,0,15,11713.0,11900.0,7151.0,14207.0,13976.833333333334,2341.8052865257723,6417.969326110145,0.6604108290919365
2018,-0.4345240946267408,11601.0,0.2836176336421256,-0.0739687512343724,1.5812225074354402,1.6197721342907825,1.3225465068745834,Estimated (Region),0.3020737577018751,-1.231731493222399,False,True,False,True,False,False,False,0,0,15,16359.0,14549.0,6475.0,13224.333333333334,13069.666666666666,2715.278500141992,9037.738105142278,-0.028234803426671694
2018,-0.4345240946267408,14415.0,0.9033659343855786,-0.0019006650922327,1.5812225074354402,1.6611472255761726,2.1850589649213994,Interpolated (Month),-0.837477707984404,-0.0055734456706894,True,False,False,True,False,False,False,0,0,15,11601.0,11713.0,17645.0,14125.0,13422.833333333334,2392.2198895586607,7573.425445724011,-0.0007142277112538114
2018,-0.4345240946267408,12023.0,0.4092105658003632,-1.5312434367310603,-0.5788827543808531,-0.556557667320751,0.1042405808251983,Estimated (Region),0.3487743237127978,-1.231731493222399,False,True,False,False,False,False,True,0,0,15,14415.0,16359.0,5799.0,12679.666666666666,13443.333333333334,1517.5827270146826,8531.72711855983,-3.4530835779240774
2018,-0.4345240946267408,10308.0,-0.0229699727105067,0.5546782659924435,-1.298917841652951,-1.1689090183445283,-0.5351399609573724,Official (Quarter),-0.1476353964773799,1.2205846018810202,False,False,False,False,False,False,True,0,0,15,12023.0,11601.0,15421.0,12248.666666666666,12736.5,2062.7787892387546,10550.341045911116,-3.28388780793842
2018,-0.4345240946267408,14920.0,1.217465641353283,1.5171267134019495,-0.5788827543808531,-0.6558578864056878,0.5610097358072468,Official (Quarter),-1.293528914337982,1.2205846018810202,False,False,False,True,False,False,False,0,0,15,10308.0,14415.0,7086.0,12417.0,13271.0,2331.107676620704,6728.401884456964,4.408430858858488
2018,-0.4345240946267408,9998.0,0.0014443542884777,0.4120431290409589,-0.2428663803205408,-0.1262567179526911,-0.0473645308091631,Estimated (Region),-1.031486849498916,-1.231731493222399,False,False,True,False,False,False,True,0,0,15,14920.0,12023.0,10524.0,11742.0,12210.833333333334,2756.589922349704,9983.580173162532,0.47158374491358757
2018,-0.4345240946267408,5386.0,-1.2152811922089906,1.3380989251036963,-1.298917841652951,-1.3095843287148556,-1.3245682215577397,Estimated (Region),-0.3704720478751775,-1.231731493222399,False,False,False,False,False,False,False,0,0,15,9998.0,10308.0,17044.0,10101.333333333334,11175.0,4767.839902233842,-25018.44190258563,-4.322243734553372
2018,-0.4345240946267408,9784.0,-0.0030159554517212,0.1485562576315011,-1.298917841652951,-1.3923345112856362,-0.7272656020554568,Interpolated (Month),-1.5129062645497853,-0.0055734456706894,False,False,True,False,False,False,False,0,0,15,5386.0,14920.0,12296.0,8389.333333333334,10403.166666666666,2603.1629479026356,9813.597372496577,-0.3786469284710613
2018,-0.4345240946267408,5894.0,-0.9777110102573336,-0.3574516996218678,1.5812225074354402,1.6942472986044848,-0.3420232517032923,Estimated (Region),-0.1389871435123942,-1.231731493222399,False,False,False,False,True,False,False,0,0,15,9784.0,9998.0,11900.0,7021.333333333333,9381.666666666666,2405.9844831862656,264435.49340047035,-0.13267219375408257
2018,-0.4345240946267408,5386.0,-1.2119946481898964,0.4652414117362253,-0.5788827543808531,-0.6889579594340001,-1.1530001656383155,Interpolated (Month),0.2908310288473938,-0.0055734456706894,False,False,True,False,True,False,False,0,0,15,5894.0,5386.0,14549.0,7021.333333333333,8561.333333333334,2405.9844831862656,-25406.30174387909,1.495750898784069
2018,-0.4345240946267408,6070.0,-1.0540057821291602,0.3023840484436501,1.5812225074354402,1.5866720612624698,-0.3228248457099978,Interpolated (Month),-0.9017630550241308,-0.0055734456706894,True,False,False,False,True,False,False,0,0,15,5386.0,9784.0,11713.0,5783.333333333333,7086.333333333333,355.1750742000782,-112395.37250813242,0.1169008058547887
2018,-0.4345240946267408,3250.0,-1.663190191382668,-0.1970730327546733,0.6211757244059766,0.6764200529838819,-1.3035575766506242,Official (Quarter),-1.497627684311644,1.2205846018810202,False,True,False,False,True,False,False,0,0,15,6070.0,5894.0,16359.0,4902.0,5961.666666666667,1470.9833445690883,-4900.554987437554,-0.11755587891226929
2018,-0.1448413648755802,15384.0,1.2292032985643333,0.4417725751985065,-1.298917841652951,-1.2682092374294651,0.1604483033866865,Official (Quarter),-1.0706922629401845,1.2205846018810202,False,False,False,True,False,False,False,0,0,15,3250.0,5386.0,11601.0,8234.666666666666,7628.0,6350.025616746213,6901.120238745254,-1.6471191649940313
2018,-0.1448413648755802,10312.0,-0.0288388013160318,-1.2080923989692731,-0.5788827543808531,-0.5979327586061413,-0.2323261649510478,Estimated (Region),0.350503974305795,-1.231731493222399,False,False,True,True,False,False,False,0,0,15,15384.0,6070.0,14415.0,9648.666666666666,7716.0,6094.136307413314,10618.216640011886,-3.0047023845592156
2018,-0.1448413648755802,9691.0,0.0462822048346897,0.1948736353111333,-1.298917841652951,-1.2102841096299186,-0.6498207047226253,Official (Quarter),0.4741739917050901,1.2205846018810202,True,False,False,False,False,False,False,0,0,15,10312.0,3250.0,12023.0,11795.666666666666,8348.833333333334,3123.0613720087645,9262.319434679821,-0.9267159351892714
2018,-0.1448413648755802,16782.0,1.9569380456494485,0.2059609184795627,-0.5788827543808531,-0.4324323934645798,1.086417439650276,Interpolated (Month),-1.541733774433071,-0.0055734456706894,False,True,False,True,False,False,False,0,0,15,9691.0,15384.0,10308.0,12261.666666666666,10248.166666666666,3927.0179950355823,5675.465546087921,0.3628834981206935
2018,-0.1448413648755802,8352.0,-0.2626529329601527,1.1950746124351332,1.5812225074354402,1.4625467874062987,0.2946955641746036,Interpolated (Month),-1.443143690632234,-0.0055734456706894,False,True,False,False,False,False,True,0,0,15,16782.0,10312.0,14920.0,11608.333333333334,10628.5,4530.270448144708,11327.09462523521,0.4853002665967038
2018,-0.1448413648755802,8089.0,-0.5880207908504654,-0.35099376846988,-0.5788827543808531,-0.5731077038349071,-0.6261483339108348,Interpolated (Month),-0.0383791340197275,-0.0055734456706894,False,False,False,False,False,False,False,0,0,15,8352.0,9691.0,9998.0,11074.333333333334,11435.0,4944.7331913191465,19634.485965198222,-0.822206846136524
2018,-0.1448413648755802,10527.0,0.0326665224698714,-1.2933372889881434,-0.5788827543808531,-0.6889579594340001,-0.2424350601422069,Official (Quarter),0.0835612327865704,1.2205846018810202,False,True,False,False,False,False,False,0,0,15,8089.0,16782.0,5386.0,8989.333333333334,10625.5,1338.1353942457179,10193.997549975898,-4.158078717059183
2018,-0.1448413648755802,7300.0,-0.6748794542122373,0.5054622002131886,1.5812225074354402,1.5039218786916893,0.0076822261981581,Official (Quarter),-1.521554517514771,1.2205846018810202,True,False,False,True,False,False,False,0,0,15,10527.0,8352.0,9784.0,8638.666666666666,10123.5,1682.255133246181,22453.210338682835,0.20186819904992198
2018,-0.1448413648755802,10582.0,0.2671849135466553,0.0860242191367133,-0.2428663803205408,-0.333132174379643,-0.0394076693281667,Official (Quarter),0.5955378083137225,1.2205846018810202,False,False,False,False,False,True,False,0,0,15,7300.0,8089.0,5894.0,9469.666666666666,10272.0,1879.1876791138143,8350.793863527473,0.12899740523047254
2018,-0.1448413648755802,11743.0,0.495130216585251,1.5213276242075071,-0.2428663803205408,-0.1841818457522376,0.277196132163017,Official (Quarter),-0.0452977363917161,1.2205846018810202,False,False,True,False,False,False,False,0,0,15,10582.0,10527.0,5386.0,9875.0,9432.166666666666,2304.332658276545,7854.165389567206,1.864787656766808
2018,-0.1448413648755802,8387.0,-0.3556151780716706,1.4046554281977026,-1.298917841652951,-1.3178593469719335,-0.8921793432131934,Estimated (Region),-0.9620125506801978,-1.231731493222399,True,False,False,False,False,True,False,0,0,15,11743.0,7300.0,6070.0,10237.333333333334,9438.0,1704.341612862045,13015.51451026081,-4.419110029574595
2018,-0.1448413648755802,12022.0,0.6711950747510047,-1.4560177090428126,0.6211757244059766,0.6019448886701793,0.8189423024634661,Estimated (Region),0.4695615901237644,-1.231731493222399,False,False,True,False,False,True,False,0,0,15,8387.0,10582.0,3250.0,10717.333333333334,10093.5,2022.9434824861562,7193.6545180347575,-0.9089062422437609
2018,-0.1448413648755802,15956.0,1.7097429847847303,0.9908587554083872,-0.5788827543808531,-0.6475828681486098,0.753022111973217,Estimated (Region),1.544539433671484,-1.231731493222399,False,False,True,False,False,False,True,0,0,15,12022.0,11743.0,15384.0,12121.666666666666,10998.333333333334,3785.4841610199983,5888.381329739872,2.811607796144881
2018,-0.1448413648755802,7570.0,-0.5058571903731137,1.140017431678724,-0.5788827543808531,-0.5482826490636729,-0.7114934602586059,Interpolated (Month),-0.4886648383966484,-0.0055734456706894,True,False,False,False,False,False,True,0,0,15,15956.0,8387.0,10312.0,11849.333333333334,11043.333333333334,4195.665541166654,15319.4579634092,2.523740629656304
2018,-0.1448413648755802,17589.0,1.6881456955163978,-1.5816901526705804,-1.298917841652951,-1.367509456514402,0.3957845160861971,Interpolated (Month),0.1622603347679401,-0.0055734456706894,False,True,False,False,False,True,False,0,0,15,7570.0,12022.0,9691.0,13705.0,12211.166666666666,5375.438679773031,6543.172131382976,4.303808037137127
2018,-0.1448413648755802,7543.0,-0.709622919556946,-0.1977678828855497,0.6211757244059766,0.4778196148140081,-0.3192003678823553,Official (Quarter),-1.0721336384343487,1.2205846018810202,False,False,False,False,False,False,True,0,0,15,17589.0,15956.0,16782.0,10900.666666666666,11511.166666666666,5792.282307806935,25976.568083441634,-0.13382410201020364
2018,-0.1448413648755802,6735.0,-0.7863871977172145,1.4241922480076927,1.5812225074354402,1.5121968969487674,-0.153125661170452,Interpolated (Month),-0.6852684558006561,-0.0055734456706894,False,False,True,False,True,False,False,0,0,15,7543.0,7570.0,8352.0,10622.333333333334,11235.833333333334,6046.821423965919,31529.009160621634,0.5669110768098912
2018,-0.1448413648755802,128.0,-2.467923969772273,1.5721088423917198,-0.2428663803205408,-0.4076073386933456,-2.0824238823313768,Official (Quarter),1.6886769830879118,1.2205846018810202,True,False,False,False,True,False,False,0,0,15,6735.0,17589.0,8089.0,4802.0,9253.5,4067.913838812179,-87.1979766226294,2.6538290311093364
2018,-0.1448413648755802,11866.0,0.4571002072214483,1.5979003074427331,-1.298917841652951,-1.2764842556865432,-0.3630905290764645,Interpolated (Month),0.3830790604739077,-0.0055734456706894,False,False,False,False,True,False,False,0,0,15,128.0,7543.0,10527.0,6243.0,8571.833333333334,5884.446363082911,8143.571692043977,-5.7793537048789885
2018,-0.1448413648755802,4979.0,-1.2657531182165065,1.1845713413581058,-0.5788827543808531,-0.6889579594340001,-1.22506497869574,Official (Quarter),0.0391668675663106,1.2205846018810202,False,True,False,False,True,False,False,0,0,15,11866.0,6735.0,7300.0,5657.666666666667,8140.0,5898.35590087043,-18735.43397501608,3.808396251524565
2018,0.1448413648755802,6750.0,-0.854935115829748,0.6828905409283509,-0.5788827543808531,-0.556557667320751,-0.8655337679334147,Interpolated (Month),1.044093862097646,-0.0055734456706894,False,True,False,False,False,True,False,1,0,15,4979.0,128.0,10582.0,7865.0,6333.5,3576.3264672006353,46530.902627530595,1.5399759801965043
2018,0.1448413648755802,4861.0,-1.295097261244132,0.1950297032232186,0.6211757244059766,0.4364445235286178,-0.9651785919605568,Estimated (Region),-1.6956726772098158,-1.231731493222399,False,False,True,True,False,False,False,1,0,15,6750.0,11866.0,11743.0,5530.0,5886.5,1058.197051592791,-16472.53512115291,0.1357725272564855
2018,0.1448413648755802,12715.0,0.494660710296809,-0.5004665686906555,-1.298917841652951,-1.2185591278869967,-0.2005270352600899,Estimated (Region),0.240382886551644,-1.231731493222399,False,True,False,True,False,False,False,1,0,15,4861.0,4979.0,8387.0,8108.666666666667,6883.166666666667,4099.489033200738,8506.947371002387,2.2898451944291045
2018,0.1448413648755802,15866.0,1.5578577004737402,0.0522981421477073,0.6211757244059766,0.5274697243564767,1.6938289543437182,Official (Quarter),-1.687889249541329,1.2205846018810202,False,True,False,False,False,False,False,1,0,15,12715.0,6750.0,12022.0,11147.333333333334,9506.166666666666,5667.511829130422,6202.847014148388,0.03423841488559815
2018,0.1448413648755802,4510.0,-1.3897027783651972,0.8078542175413618,1.5812225074354402,1.5287469334629231,-0.7947715015952995,Interpolated (Month),0.290542753748561,-0.0055734456706894,True,False,False,False,False,False,False,1,0,15,15866.0,4861.0,15956.0,11030.333333333334,8280.166666666666,5862.444910899654,-11572.922366423576,0.3194681946425806
2018,0.1448413648755802,7992.0,-0.5100827469690918,1.6684410155790186,0.6211757244059766,0.4860946330710862,-0.2093900161979971,Official (Quarter),1.0541834905567962,1.2205846018810202,True,False,False,False,False,False,True,1,0,15,4510.0,12715.0,7570.0,9456.0,8782.333333333334,5817.830867256271,16312.958873272823,1.1227017300581354
2018,0.1448413648755802,15545.0,1.3313209163004704,-1.118896605023123,0.6211757244059766,0.4447195417856959,1.550916926249093,Estimated (Region),1.5993117024497263,-1.231731493222399,False,False,True,False,False,False,True,1,0,15,7992.0,15866.0,17589.0,9349.0,10248.166666666666,5641.266967623483,6667.893678347839,-0.7744732265752766
2018,0.1448413648755802,16120.0,1.461608911343128,-0.3671592231598866,-0.2428663803205408,-0.333132174379643,1.042612227155252,Interpolated (Month),-1.3748224922088474,-0.0055734456706894,False,False,True,False,False,False,False,1,0,15,15545.0,4510.0,7543.0,13219.0,12124.666666666666,4535.835424704032,6548.56257861223,-0.5505727057956873
2018,0.1448413648755802,13262.0,0.6456069820309152,-0.7587326205187634,-1.298917841652951,-1.3261343652290116,-0.191749003021268,Interpolated (Month),0.996528470790225,-0.0055734456706894,True,False,False,True,False,False,False,1,0,15,16120.0,7992.0,6735.0,14975.666666666666,12215.833333333334,1511.670047772801,8059.032408596608,2.3264418025557694
2018,0.1448413648755802,14614.0,1.1404666100487937,-0.0314248372125477,-0.5788827543808531,-0.5979327586061413,0.5497398750619206,Estimated (Region),-1.6270632036875965,-1.231731493222399,False,False,True,False,False,True,False,1,0,15,13262.0,15545.0,128.0,14665.333333333334,12007.166666666666,1429.691341980292,6827.483283968098,-0.07815816355395247
2018,0.1448413648755802,9807.0,0.1434700065421857,-0.8976589079161696,1.5812225074354402,1.7521724264040317,0.8588681910335916,Official (Quarter),1.1631514779156156,1.2205846018810202,True,False,False,False,False,True,False,1,0,15,14614.0,16120.0,11866.0,12561.0,12890.0,2478.9842678000164,8576.525788950104,-0.3261637604185447
2018,0.1448413648755802,12748.0,0.7101640966916916,-1.2716349026400784,-0.5788827543808531,-0.6475828681486098,0.1780326840973587,Estimated (Region),-0.2603509601210266,-1.231731493222399,False,True,False,False,False,False,True,1,0,15,9807.0,13262.0,4979.0,12389.666666666666,13682.666666666666,2423.4509141580133,7454.255427687305,-3.6083231707824877
2018,0.1448413648755802,6137.0,-1.0321737397166066,-1.1827249018450396,-0.5788827543808531,-0.4324323934645798,-0.9391559738074045,Estimated (Region),1.332657236029335,-1.231731493222399,False,False,False,False,False,True,False,1,0,15,12748.0,14614.0,6750.0,9564.0,12114.666666666666,3312.192174376338,-190745.62217684492,-2.083848493511987
2018,0.1448413648755802,11901.0,0.4664903329902884,0.1736553577094733,-0.5788827543808531,-0.6062077768632194,0.0514874386931819,Estimated (Region),0.0873088090713975,-1.231731493222399,False,False,False,True,False,False,False,1,0,15,6137.0,9807.0,4861.0,10262.0,11411.5,3597.3700115500883,8115.293863364875,0.44098219189350385
2018,0.1448413648755802,16516.0,1.9031795756228385,1.7147564051323825,-0.5788827543808531,-0.6641329046627659,0.8393866227100125,Official (Quarter),-0.4805931356293285,1.2205846018810202,False,False,False,False,False,False,True,1,0,15,11901.0,12748.0,12715.0,11518.0,11953.833333333334,5200.089133851451,5688.935034773628,5.105461145012275
2018,0.1448413648755802,9208.0,-0.2044341531933435,-0.4901004783261621,-1.298917841652951,-1.2682092374294651,-0.749805323546109,Estimated (Region),0.2810296754870767,-1.231731493222399,False,False,False,False,False,False,False,1,0,15,16516.0,6137.0,15866.0,12541.666666666666,11052.833333333334,3695.8837012727167,11574.15195355638,1.827306482891183
2018,0.1448413648755802,7131.0,-0.5791001713700673,0.6458756060595093,-0.2428663803205408,-0.0931566449243788,-0.6258368553475221,Official (Quarter),-1.2171360131472753,1.2205846018810202,False,False,True,False,True,False,False,1,0,15,9208.0,11901.0,4510.0,10951.666666666666,10606.833333333334,4929.486416791637,16942.273469704312,0.7122240047793592
2018,0.1448413648755802,12659.0,0.5498276991887452,1.0397224258065327,-1.298917841652951,-1.243384182658231,-0.2250488930627341,Estimated (Region),0.1818630414885743,-1.231731493222399,True,False,False,False,True,False,False,1,0,15,7131.0,16516.0,7992.0,9666.0,10592.0,2792.3142731433104,8168.004744415352,-4.27193918047891
2018,0.1448413648755802,18271.0,1.891441918411788,-0.093717803523536,-0.2428663803205408,-0.225556937037628,1.5637724960440127,Estimated (Region),0.2625800691617739,-1.231731493222399,False,True,False,False,True,False,False,1,0,15,12659.0,9208.0,15545.0,12687.0,12614.333333333334,5570.052782514721,6318.992570335254,-0.12101316159389432
2018,0.1448413648755802,11739.0,0.6122720355515325,-1.527583296270563,0.6211757244059766,0.6929700894980381,0.8049257671143795,Interpolated (Month),-1.2260725412110938,-0.0055734456706894,False,False,False,False,True,False,False,1,0,15,18271.0,7131.0,16120.0,14223.0,12587.333333333334,3535.721708505925,7281.029343155651,-0.9023096779716221
2018,0.4345240946267408,1240.0,-2.1878634687166136,1.384376540257957,-0.2428663803205408,-0.341407192636721,-1.865210058770079,Official (Quarter),-1.6322521554665876,1.2205846018810202,False,False,True,False,False,True,False,1,0,15,11739.0,12659.0,13262.0,10416.666666666666,10041.333333333334,8592.15714086592,-1043.8910132826254,2.1020219546587557
2018,0.4345240946267408,6880.0,-0.7870914571498776,-1.0054461676315891,1.5812225074354402,1.8018225359465,-0.0087695051913755,Interpolated (Month),0.5231807585066757,-0.0055734456706894,False,False,False,False,False,False,False,1,0,15,1240.0,18271.0,14614.0,6619.666666666667,9653.333333333334,5254.339190929064,32314.344496938276,-0.3588543366797974
2018,0.4345240946267408,13056.0,0.981303978266952,-0.4468855716886833,-0.2428663803205408,-0.1593567909810034,0.560415094913649,Interpolated (Month),1.392618456586569,-0.0055734456706894,False,True,False,False,False,False,False,1,0,15,6880.0,11739.0,9807.0,7058.666666666667,10640.833333333334,5910.02583186682,6589.599649126074,-0.5315995738669969
2018,0.4345240946267408,9870.0,-0.1239138247255388,-0.0940324245055418,0.6211757244059766,0.4447195417856959,0.215551692860065,Interpolated (Month),0.4542830098856231,-0.0055734456706894,False,False,True,True,False,False,False,1,0,15,13056.0,1240.0,12748.0,9935.333333333334,10176.0,3088.5183071066976,11266.015009206048,-0.06508697486663485
2018,0.4345240946267408,18499.0,2.118917715161942,0.4061796476432829,-0.2428663803205408,-0.3827822839221114,1.4602766643250005,Estimated (Region),-1.4065327530804614,-1.231731493222399,True,False,False,True,False,False,False,1,0,15,9870.0,6880.0,6137.0,13808.333333333334,10214.0,4363.417735369075,5931.224126263775,0.6580816413118411
2018,0.4345240946267408,8415.0,-0.2497415100279974,-1.664940952042042,-0.5788827543808531,-0.6806829411769221,-0.6129246530865452,Official (Quarter),1.3554309688371304,1.2205846018810202,True,False,False,False,False,False,False,1,0,15,18499.0,13056.0,11901.0,12261.333333333334,9660.0,5450.744933798804,11216.134322337388,-5.214068293684634
2018,0.4345240946267408,15325.0,1.1885910046140995,0.0675008466921433,-0.2428663803205408,-0.341407192636721,0.8807849553976177,Interpolated (Month),-0.7302393712185816,-0.0055734456706894,True,False,False,False,False,True,False,1,0,15,8415.0,9870.0,16516.0,14079.666666666666,12007.5,5156.055210462103,7002.221962756427,0.10249253550518951
2018,0.4345240946267408,9090.0,-0.2077206972124375,0.6130973682690598,-0.2428663803205408,-0.333132174379643,-0.3309232883561367,Interpolated (Month),0.9120638668321982,-0.0055734456706894,False,False,False,False,False,False,True,1,0,15,15325.0,18499.0,9208.0,10943.333333333334,12375.833333333334,3809.6139349458053,11473.226636134079,0.9193686435520007
2018,0.4345240946267408,4082.0,-1.439939951228492,-0.7356991836338691,-0.2428663803205408,-0.109706681438535,-1.262583987458446,Official (Quarter),-1.5400041238400737,1.2205846018810202,False,False,False,True,False,False,False,1,0,15,9090.0,8415.0,7131.0,9499.0,10880.166666666666,5632.647956334557,-9278.539011065915,-0.8263559529151708
2018,0.4345240946267408,8810.0,-0.2009128560300284,1.4416678779087084,-0.5788827543808531,-0.556557667320751,-0.486662570012653,Estimated (Region),-1.0848177427829944,-1.231731493222399,False,False,True,False,False,False,False,1,0,15,4082.0,15325.0,12659.0,7327.333333333333,10703.5,2814.0258231461025,11025.080388893186,3.2510831097208226
2018,0.4345240946267408,14958.0,1.017221209332766,0.5243275303759576,0.6211757244059766,0.68469507124096,1.5970440698524502,Official (Quarter),1.052453839963799,1.2205846018810202,True,False,False,False,False,False,True,1,0,15,8810.0,9090.0,18271.0,9283.333333333334,10113.333333333334,5453.428035037519,7415.151065632332,0.3112299307611399
2018,0.4345240946267408,11344.0,0.2636636163833402,-0.9673114206419574,-0.2428663803205408,-0.3662322474079552,0.0901957292430832,Official (Quarter),1.2617415617164525,1.2205846018810202,False,False,False,False,False,True,False,1,0,15,14958.0,4082.0,11739.0,11704.0,10601.5,3089.7695706961636,8977.072579225647,-1.5262869035001438
2018,0.4345240946267408,6056.0,-0.9366292100186576,0.8024251417333756,-0.5788827543808531,-0.5482826490636729,-0.9905782529870832,Official (Quarter),-0.9948759119471432,1.2205846018810202,False,True,False,True,False,False,False,1,0,15,11344.0,8810.0,1240.0,10786.0,9056.666666666666,4477.155793581447,95564.53378256776,1.776387690377834
2018,0.4345240946267408,8863.0,-0.2635919455370367,-0.6488280063272822,1.5812225074354402,1.5287469334629231,0.4717286530685199,Official (Quarter),0.5217393830125113,1.2205846018810202,False,True,False,False,False,True,False,1,0,15,6056.0,14958.0,6880.0,8754.333333333334,9018.833333333334,2645.6742681844185,12035.446850813543,-0.2565808376240965
2018,0.4345240946267408,14778.0,1.4160668013642532,0.2729130587010206,-0.2428663803205408,-0.109706681438535,0.9498765639870536,Official (Quarter),0.3548281007882878,1.2205846018810202,False,False,True,False,False,False,True,1,0,15,8863.0,11344.0,13056.0,9899.0,10801.5,4452.335679168842,6116.55273424372,0.30654285841658707
2018,0.4345240946267408,6662.0,-0.8424931991860347,-0.79853242325835,-1.298917841652951,-1.367509456514402,-1.1590032070403486,Official (Quarter),0.9996994968773864,1.2205846018810202,False,True,False,False,False,False,True,1,0,15,14778.0,6056.0,9870.0,10101.0,10443.5,4197.242785448549,42296.58634149159,2.1728214311325
2018,0.4345240946267408,15247.0,1.221925951093482,-1.0438766484036757,1.5812225074354402,1.4377217326350646,2.2579166325036204,Official (Quarter),-0.6503871688418806,1.2205846018810202,True,False,False,False,True,False,False,1,0,15,6662.0,8863.0,18499.0,12229.0,10491.666666666666,4826.863060000768,6862.064864266272,-0.42821813270511944
2018,0.4345240946267408,14327.0,1.3331989414542385,-0.6794595647792079,-0.2428663803205408,-0.1428067544668473,0.8322509319868413,Official (Quarter),0.9391617261224866,1.2205846018810202,False,True,False,False,True,False,False,1,0,15,15247.0,14778.0,8415.0,12078.666666666666,10988.833333333334,4713.470943299992,6140.496528371582,-0.7926562281257841
2018,0.4345240946267408,19214.0,2.457431749128631,0.6276176484717982,-1.298917841652951,-1.1854590548586843,0.806539792397002,Official (Quarter),1.738548575185996,1.2205846018810202,False,False,False,False,True,False,False,1,0,15,14327.0,6662.0,15325.0,16262.666666666666,13181.833333333334,2596.9937106842394,5557.304205597829,-3.3841305238508252
2018,0.4345240946267408,2639.0,-1.813901709972553,-1.6516905874933736,-0.2428663803205408,-0.2172819187805499,-1.5756482598210726,Estimated (Region),1.546557359363314,-1.231731493222399,False,False,True,False,True,False,False,1,0,15,19214.0,15247.0,9090.0,12060.0,12144.5,8516.872841600958,-3242.4062606884,-2.1101985850641034
2018,0.7242068243779014,11480.0,0.3899608079742409,-1.3557227031706218,-0.5788827543808531,-0.6558578864056878,-0.0541321105029644,Official (Quarter),-0.6137762312901079,1.2205846018810202,False,False,True,True,False,False,False,1,0,15,2639.0,14327.0,4082.0,11111.0,11594.833333333334,8293.658842754501,8259.225680421307,-3.9394269100375174
2018,0.7242068243779014,13280.0,0.8383393134363601,1.219194560325819,-1.298917841652951,-1.3178593469719335,-0.183508979209987,Official (Quarter),-1.1280590076079229,1.2205846018810202,True,False,False,False,False,False,False,1,0,15,11480.0,19214.0,8810.0,9133.0,12697.833333333334,5695.52692909092,7223.9112240797585,-3.8356416822106914
2018,0.7242068243779014,14916.0,1.2421147214964885,1.14825672396738,-0.5788827543808531,-0.4738074847499702,0.699674328947603,Official (Quarter),0.7437112091138104,1.2205846018810202,False,False,False,True,False,False,False,1,0,15,13280.0,2639.0,14958.0,13225.333333333334,12642.666666666666,1718.652185095449,6652.647992090428,2.18219889239923
2018,0.7242068243779014,5427.0,-1.0608136233115693,-1.1475092212492837,1.5812225074354402,1.3466965318072055,-0.5786620111221116,Interpolated (Month),0.7716738937005974,-0.0055734456706894,True,False,False,False,False,False,True,1,0,15,14916.0,11480.0,11344.0,11207.666666666666,11159.333333333334,5072.59345240019,-89239.8726547767,-0.4889891836016733
2018,0.7242068243779014,10850.0,0.1014491937266258,0.666780753773865,-0.5788827543808531,-0.4407074117216579,-0.0469681035467647,Interpolated (Month),0.6508866272896308,-0.0055734456706894,False,False,True,False,False,False,True,1,0,15,5427.0,13280.0,6056.0,10397.666666666666,9765.333333333334,4760.644319137194,9850.658624834326,1.1921859287039747
2018,0.7242068243779014,14770.0,1.356674255876339,1.0899355369094923,-0.2428663803205408,-0.0931566449243788,0.9607783137030104,Estimated (Region),-0.6276134360340849,-1.231731493222399,True,False,False,True,False,False,False,1,0,15,10850.0,14916.0,8863.0,10349.0,11787.166666666666,4691.6055887084,6267.306549970232,1.2019005606746749
2018,0.7242068243779014,14872.0,1.1796703851337014,1.3242029165492997,-1.298917841652951,-1.235109164401153,0.1102436222272313,Interpolated (Month),-1.3206267736282704,-0.0055734456706894,False,False,False,False,False,True,False,1,0,15,14770.0,5427.0,14778.0,13497.333333333334,12352.5,2293.2250943449417,6823.0499902340725,-5.632289663919226
2018,0.7242068243779014,14229.0,1.0430440551970763,1.348908367626089,-0.5788827543808531,-0.7137830142052343,0.3951332427265425,Official (Quarter),1.6154551079843664,1.2205846018810202,False,False,False,False,False,False,True,1,0,15,14872.0,10850.0,6662.0,14623.666666666666,12510.666666666666,345.5753656344936,6964.607524641675,4.712887195986806
2018,0.7242068243779014,4968.0,-1.1852327897487018,-1.276837332053444,-0.2428663803205408,-0.1759068274951595,-1.0961978021832297,Interpolated (Month),0.856426772757457,-0.0055734456706894,True,False,False,False,False,True,False,1,0,15,14229.0,14770.0,15247.0,11356.333333333334,10852.666666666666,5541.792519874168,-26820.305447755192,-1.5493846747601157
2018,0.7242068243779014,10157.0,0.0404133762291646,1.326412221865284,-1.298917841652951,-1.284759273943621,-0.6185878996922367,Interpolated (Month),0.046373745037132,-0.0055734456706894,False,True,False,False,False,True,False,1,0,15,4968.0,14872.0,14327.0,9784.666666666666,11641.0,4641.713512630137,9762.465796828423,-4.658012374788881
2018,0.7242068243779014,9274.0,-0.1079506109185104,0.3364063562466775,0.6211757244059766,0.5771198338989451,0.138333325391461,Interpolated (Month),-0.2496847814642109,-0.0055734456706894,False,True,False,False,False,False,True,1,0,15,10157.0,14229.0,19214.0,8133.0,11378.333333333334,2776.299875733852,10396.285355398422,0.21330424550873595
2018,0.7242068243779014,11034.0,0.206149096049194,1.252595578669908,1.5812225074354402,1.7438974081469534,1.2252519301888032,Estimated (Region),0.9348375996399938,-1.231731493222399,False,False,True,False,False,True,False,1,0,15,9274.0,4968.0,2639.0,10155.0,10755.666666666666,880.0017045437448,9148.122762055253,0.45650233676769575
2018,0.7242068243779014,9574.0,0.0105997269130969,-1.0540777242878756,0.6211757244059766,0.7508952172975846,0.2963662219232826,Interpolated (Month),0.5338469371634913,-0.0055734456706894,False,True,False,False,False,False,False,1,0,15,11034.0,10157.0,11480.0,9960.666666666666,9872.666666666666,941.5589908939428,9473.582611430178,-0.6020221620770599
2018,0.7242068243779014,14260.0,0.981773484555394,-0.869403160355224,-1.298917841652951,-1.1771840366016064,0.0613981202531421,Official (Quarter),-0.6783498534286676,1.2205846018810202,False,False,False,False,False,False,False,1,0,15,9574.0,9274.0,13280.0,11622.666666666666,9877.833333333334,2397.8209552285807,7195.575130625585,4.906780413350972
2018,0.7242068243779014,10028.0,0.0805561638909564,0.0413823348699447,-1.298917841652951,-1.384059493028558,-0.6885856277385838,Estimated (Region),-0.6307844621212464,-1.231731493222399,False,False,True,False,False,False,False,1,0,15,14260.0,11034.0,14916.0,11287.333333333334,10721.166666666666,2584.393416903333,9280.4060863346,-0.10774980340576451
2018,0.7242068243779014,11696.0,0.396064389723987,-0.4922541161066252,-1.298917841652951,-1.3261343652290116,-0.4178824399865298,Official (Quarter),0.090479835158559,1.2205846018810202,False,True,False,True,False,False,False,1,0,15,10028.0,9574.0,5427.0,11994.666666666666,10977.666666666666,2131.7498289746204,8377.83707262413,1.5093598485426833
2018,0.7242068243779014,10714.0,0.0850164736311555,0.7713701123862373,-0.2428663803205408,-0.2421069735517841,0.0364232027220427,Official (Quarter),0.3801963094855791,1.2205846018810202,False,False,False,False,True,False,False,1,0,15,11696.0,14260.0,10850.0,10812.666666666666,11217.666666666666,838.365870806573,9874.504452585994,1.017782306298793
2018,0.7242068243779014,1654.0,-2.0664960931543543,1.2620585626768888,-1.298917841652951,-1.37578447477148,-1.8722891170271936,Estimated (Region),1.584321397310418,-1.231731493222399,True,False,False,False,True,False,False,1,0,15,10714.0,10028.0,14770.0,8021.333333333333,9654.333333333334,5536.088992540955,-1550.8730042395157,-3.358463820104236
2018,0.7242068243779014,15810.0,1.641664572960639,-0.3672471977472725,1.5812225074354402,1.3880716230925962,2.378798631302106,Official (Quarter),-1.6731872195008533,1.2205846018810202,False,True,False,False,True,False,False,1,0,15,1654.0,11696.0,14872.0,9392.666666666666,10693.666666666666,7169.904136969558,5984.862787587366,-0.15378399634081355
2018,0.7242068243779014,8643.0,-0.181663098203906,-0.4244644776945181,-1.298917841652951,-1.3261343652290116,-0.8587945044726418,Official (Quarter),-1.4941683831256498,1.2205846018810202,False,False,True,False,True,False,False,1,0,15,15810.0,10714.0,14229.0,8702.333333333334,9757.5,7078.186514449386,10561.664738606138,1.3015018438687351
2018,1.013889554129062,8207.0,-0.326036281899824,1.278124611053466,1.5812225074354402,1.3218714770359716,0.1937198771951241,Estimated (Region),0.9812498905520836,-1.231731493222399,True,False,False,False,False,True,False,1,0,15,8643.0,1654.0,4968.0,10886.666666666666,9454.0,4269.301152803964,12177.213371566293,0.5504717309698296
2018,1.013889554129062,15214.0,1.2505658346884447,1.1441328530547312,1.5812225074354402,1.3218714770359716,2.1580169623792225,Interpolated (Month),-0.645486492161722,-0.0055734456706894,False,False,False,True,False,False,False,1,0,15,8207.0,15810.0,10157.0,10688.0,10040.333333333334,3925.6886020162005,6760.077739341555,0.49276321466134526
2018,1.013889554129062,8168.0,-0.5253417013434571,-0.2782720858169368,1.5812225074354402,1.4294467143779863,0.2278975704604722,Official (Quarter),-1.709509881953793,1.2205846018810202,False,False,True,False,False,True,False,1,0,15,15214.0,8643.0,9274.0,10529.666666666666,9616.0,4056.7985325048166,17208.16853538311,-0.11454134152029881
2018,1.013889554129062,11265.0,0.1920639073959337,-1.489596167656375,-1.298917841652951,-1.1854590548586843,-0.3987972989253495,Interpolated (Month),-1.0525309317137146,-0.0055734456706894,False,True,False,True,False,False,False,1,0,15,8168.0,8207.0,11034.0,11549.0,11217.833333333334,3531.574861163211,9449.99670748225,8.031940898175149
2018,1.013889554129062,6871.0,-0.8720720953578813,-1.083958268041837,0.6211757244059766,0.6350449616984916,-0.4230076781646805,Estimated (Region),-0.7022766866317947,-1.231731493222399,False,False,False,False,False,True,False,1,0,15,11265.0,15214.0,9574.0,8768.0,9728.0,2257.611348305951,53709.93935390237,-0.6629531868749446
2018,1.013889554129062,11109.0,0.2953552908531759,1.6986242515573748,-0.2428663803205408,-0.1593567909810034,0.1626286533298777,Interpolated (Month),-0.8501618123330497,-0.0055734456706894,True,False,False,False,False,False,True,1,0,15,6871.0,8168.0,14260.0,9748.333333333334,10139.0,2493.0642457291788,8576.025495432332,2.0206244853147797
2018,1.013889554129062,9362.0,-0.0023116960190582,1.2010379971778062,-1.298917841652951,-1.2268341461440748,-0.7072460253043372,Interpolated (Month),-1.1297886582009198,-0.0055734456706894,False,False,True,False,False,False,True,1,0,15,11109.0,11265.0,10028.0,9114.0,10331.5,2129.8565679406283,9383.692244004533,-5.2947848355025044
2018,1.013889554129062,15011.0,1.2026761932673595,-0.1895927076690564,-0.5788827543808531,-0.5234575942924387,0.6792866411671138,Official (Quarter),0.0501213213219591,1.2205846018810202,True,False,False,True,False,False,False,1,0,15,9362.0,6871.0,11696.0,11827.333333333334,10297.666666666666,2892.196800588318,6814.89183289047,-0.3978506537892523
2018,1.013889554129062,6961.0,-0.7652594147373242,-0.423801934615507,0.6211757244059766,0.7674452538117407,-0.3536612234779883,Official (Quarter),1.4214459664698544,1.2205846018810202,False,False,False,False,False,False,True,1,0,15,15011.0,11109.0,10714.0,10444.666666666666,10096.5,4132.76545830189,29654.01143654221,-0.23978221316983903
2018,1.013889554129062,11286.0,0.3188306052752764,-1.3204881353753135,1.5812225074354402,1.570122024748314,1.2006734399201018,Interpolated (Month),-0.503655143535957,-0.0055734456706894,False,False,True,False,False,False,False,1,0,15,6961.0,9362.0,1654.0,11086.0,10100.0,4028.7249844088306,8557.58120478581,-0.5137842182822528
2018,1.013889554129062,1697.0,-2.096779248758864,1.5820942065757757,-1.298917841652951,-1.4006095295427143,-1.868353160636238,Estimated (Region),-0.6806560542193304,-1.231731493222399,False,False,False,False,False,False,False,1,0,15,11286.0,15011.0,15810.0,6648.0,9237.666666666666,4802.156494742722,-1547.2575743207735,-3.9492176044381577
2018,1.013889554129062,9910.0,0.012712505211086,1.7168538783457588,-0.5788827543808531,-0.4655324664928921,-0.2380460440227961,Estimated (Region),-1.373381116714683,-1.231731493222399,True,False,False,False,False,False,False,1,0,15,1697.0,6961.0,8643.0,7631.0,9037.833333333334,5184.844356391015,9785.600502616879,3.2122697277418935
2018,1.013889554129062,6459.0,-0.7985943612167068,0.1598860922046995,1.5812225074354402,1.3549715500642838,-0.2853058369472916,Interpolated (Month),1.5949875759672338,-0.0055734456706894,False,True,False,False,False,True,False,1,0,15,9910.0,11286.0,8207.0,6022.0,8554.0,4123.902156938218,32069.60857212991,0.06789300371817021
2018,1.013889554129062,735.0,-2.313691154019072,1.7293750975854172,-0.2428663803205408,-0.2669320283230184,-1.96083397770718,Official (Quarter),1.4747768597539328,1.2205846018810202,False,False,True,True,False,False,False,1,0,15,6459.0,1697.0,15214.0,5701.333333333333,6174.666666666667,4634.188206507479,-559.4922351051541,2.359092423079489
2018,1.013889554129062,8350.0,-0.3152376372656578,1.5173553479228394,1.5812225074354402,1.7687224629181877,0.4253183471348781,Official (Quarter),1.1250991648696786,1.2205846018810202,False,True,False,False,False,False,False,1,0,15,735.0,9910.0,8168.0,5181.333333333333,6406.166666666667,3965.0195880137812,12194.011316067958,0.5480344701373832
2018,1.013889554129062,12344.0,0.4695421238651615,1.2360508888941653,-0.2428663803205408,-0.4076073386933456,0.2576579313733813,Official (Quarter),0.0602109497811091,1.2205846018810202,False,True,False,False,False,False,True,1,0,15,8350.0,6459.0,11265.0,7143.0,6582.5,5897.868852390645,8399.895314013218,2.0865398402603077
2018,1.013889554129062,5201.0,-1.233591937458229,0.8817667878291975,1.5812225074354402,1.570122024748314,-0.5826829162121527,Interpolated (Month),-0.6002273016449636,-0.0055734456706894,False,False,True,False,True,False,False,1,0,15,12344.0,735.0,6871.0,8631.666666666666,7166.5,3579.820433112972,-22265.32326669043,0.3430836276793304
2018,1.013889554129062,9655.0,-0.133773456782821,-0.6202581348158971,-1.298917841652951,-1.37578447477148,-0.7372329160814737,Interpolated (Month),0.9988346715808878,-0.0055734456706894,False,True,False,False,True,False,False,1,0,15,5201.0,8350.0,11109.0,9066.666666666666,7124.0,3607.6605069398047,11146.044964335979,1.6505688139274115
2018,1.013889554129062,10672.0,0.1446437722632907,0.4267413465447373,1.5812225074354402,1.6776972620903288,1.0796498599564743,Official (Quarter),-1.3275453760002591,1.2205846018810202,True,False,False,False,True,False,False,1,0,15,9655.0,12344.0,9362.0,8509.333333333334,7826.166666666667,2909.875312334386,9323.424683382831,0.15936878025247864
2018,1.013889554129062,6098.0,-1.0685604770708623,-0.3312054506869119,-1.298917841652951,-1.350959420000246,-1.234097857031818,Estimated (Region),1.122504688980183,-1.231731493222399,False,False,False,False,True,False,False,1,0,15,10672.0,5201.0,15011.0,8808.333333333334,8720.0,2401.6665741382913,-88943.37175771495,0.9437143778237375
2018,1.3035722838802226,7160.0,-0.7293421836715104,1.131865119914319,-1.298917841652951,-1.359234438257324,-1.085126155069103,Official (Quarter),-0.0876741759201459,1.2205846018810202,False,False,False,True,False,False,False,1,0,15,6098.0,9655.0,6961.0,7976.666666666667,8521.666666666666,2393.8624299096873,26454.066973296325,-3.1507700804106933
2018,1.3035722838802226,7086.0,-0.6530474117996838,0.1670060694041323,-0.5788827543808531,-0.457257448235814,-0.7676162341210087,Estimated (Region),0.2060781497905341,-1.231731493222399,False,True,False,False,False,True,False,1,0,15,7160.0,10672.0,11286.0,6781.333333333333,7645.333333333333,592.9395697143617,20423.539817805984,0.3077077130976347
2018,1.3035722838802226,2125.0,-1.961796190831786,-1.4307590618317847,-0.2428663803205408,-0.2834820648371745,-1.6863364147293132,Interpolated (Month),-0.2796653917428279,-0.0055734456706894,False,False,True,False,False,False,True,1,0,15,7086.0,6098.0,1697.0,5457.0,7132.666666666667,2885.833848300981,-2209.4077937262837,-1.9968223984604812
2018,1.3035722838802226,7319.0,-0.6215904904740691,-1.066938416087898,-0.2428663803205408,-0.3662322474079552,-0.6893784822633806,Interpolated (Month),1.534738080311167,-0.0055734456706894,True,False,False,True,False,False,False,1,0,15,2125.0,7160.0,9910.0,5510.0,6743.333333333333,2933.8099802133834,19341.480104897993,-1.6834848597522196
2018,1.3035722838802226,7886.0,-0.4847294073932233,1.0984163865397831,0.6211757244059766,0.568844815641867,-0.2010650436876304,Estimated (Region),-1.2525938503037164,-1.231731493222399,True,False,False,False,False,False,False,1,0,15,7319.0,7086.0,6459.0,5776.666666666667,6279.0,3175.118003056422,15304.579987971714,0.7001434275641751
2018,1.3035722838802226,7901.0,-0.616191168156986,1.3395268967961205,-0.2428663803205408,-0.2917570830942526,-0.5464664541687554,Interpolated (Month),0.6554990288709565,-0.0055734456706894,False,False,False,False,False,True,False,1,0,15,7886.0,2125.0,735.0,7702.0,6579.5,331.77251242344477,20585.7691238113,1.8913382185993455
2018,1.3035722838802226,14686.0,1.4205271111044522,1.3526957481677764,-1.298917841652951,-1.259934219172387,0.063805000060561,Estimated (Region),1.0858937514284104,-1.231731493222399,True,False,False,False,False,True,False,1,0,15,7901.0,7319.0,8350.0,10157.666666666666,7833.833333333333,3921.658875187033,6067.273501142066,-5.203992581179454
2018,1.3035722838802226,4416.0,-1.4047269795953414,-1.454646398949044,-1.298917841652951,-1.37578447477148,-1.4804774006124268,Official (Quarter),-0.6795029538239991,1.2205846018810202,False,False,False,False,False,False,False,1,0,15,14686.0,7886.0,12344.0,9001.0,7388.833333333333,5222.616681319799,-10911.059115493743,3.8709592774784944
2018,1.3035722838802226,10848.0,0.253099724893395,-1.1787481522762675,-0.2428663803205408,-0.1759068274951595,0.1001064108030434,Estimated (Region),-1.1306534834974185,-1.231731493222399,False,False,True,True,False,False,False,1,0,15,4416.0,7901.0,5201.0,9983.333333333334,8842.666666666666,5189.312221608295,8656.932712137394,-1.4303578668094643
2018,1.3035722838802226,10631.0,0.2784530644692635,-0.5561634290739876,-0.5788827543808531,-0.4324323934645798,-0.0840340525810157,Interpolated (Month),0.84258956801348,-0.0055734456706894,False,True,False,False,False,False,False,1,0,15,10848.0,14686.0,9655.0,8631.666666666666,9394.666666666666,3652.4863221281394,8315.518414759597,-0.979906926804638
2018,1.3035722838802226,4439.0,-1.433601616334525,1.4536632377503222,0.6211757244059766,0.5440197608706328,-1.0397918659905423,Official (Quarter),-0.4232263909615901,1.2205846018810202,False,True,False,False,False,False,True,1,0,15,10631.0,4416.0,10672.0,8639.333333333334,8820.166666666666,3639.213147554446,-10237.50796301298,0.9414796847746555
2018,1.3035722838802226,8512.0,-0.2257966893174549,-1.1724338632471858,1.5812225074354402,1.7935475176894218,0.4853204449221797,Interpolated (Month),-0.9983352131331376,-0.0055734456706894,False,True,False,True,False,False,False,1,0,15,4439.0,10848.0,6098.0,7860.666666666667,8922.0,3146.9655754922233,10994.528029718367,-0.419693545867056
2018,1.3035722838802226,10138.0,0.1627197643683081,0.8377720386628599,0.6211757244059766,0.6764200529838819,0.3991824640496118,Interpolated (Month),-1.1713002724328512,-0.0055734456706894,False,False,True,False,False,True,False,1,0,15,8512.0,10631.0,7160.0,7696.333333333333,8164.0,2935.7510680119135,8719.211894972694,0.49973873622645976
2018,1.3035722838802226,8468.0,-0.4603150803942388,-0.3703924135042016,1.5812225074354402,1.7852724994323437,0.4683023888720768,Interpolated (Month),-1.2217484147286009,-0.0055734456706894,False,False,True,False,False,False,False,1,0,15,10138.0,4439.0,7086.0,9039.333333333334,8839.333333333334,951.7275520510922,15690.636688877388,-0.13298246888937795
2018,1.3035722838802226,11974.0,0.3200043709963814,0.6658204887861296,0.6211757244059766,0.5357447426135546,0.7665855875938481,Estimated (Region),-1.517518666131111,-1.231731493222399,False,False,False,False,False,False,True,1,0,15,8468.0,8512.0,2125.0,10193.333333333334,9027.0,1753.654850115388,9071.1820832545,0.43354892926608746
2018,1.3035722838802226,9189.0,-0.2429336688455882,0.4765454006679317,1.5812225074354402,1.4956468604346111,0.5509857893151726,Official (Quarter),-1.1963802060313096,1.2205846018810202,True,False,False,False,False,False,True,1,0,15,11974.0,10138.0,7319.0,9877.0,8786.666666666666,1851.490480666826,12137.641870809606,0.19095065420631763
2018,1.3035722838802226,7542.0,-0.6514041397901368,0.5014208365406861,-1.298917841652951,-1.259934219172387,-0.9921639620366768,Interpolated (Month),0.6975871933005534,-0.0055734456706894,False,False,False,False,True,False,False,1,0,15,9189.0,8468.0,7886.0,9568.333333333334,9303.833333333334,2240.217920947244,21635.36880632929,-1.9290297296645904
2018,1.3035722838802226,9505.0,-0.0147536126627715,-1.3568743253117097,-1.298917841652951,-1.1689090183445283,-0.6576076688054513,Estimated (Region),-0.3900747545958117,-1.231731493222399,True,False,False,False,True,False,False,1,0,15,7542.0,11974.0,7901.0,8745.333333333334,9469.333333333334,1054.0267232538026,9647.333014525071,8.033166841003458
2018,1.3035722838802226,12365.0,0.4401979808375359,1.4339609064284708,-1.298917841652951,-1.4088845477997924,-0.3737940651612214,Official (Quarter),-0.0363612083278975,1.2205846018810202,False,True,False,False,True,False,False,1,0,15,9505.0,9189.0,14686.0,9804.0,9840.5,2425.3624471406056,8585.625146349135,-3.507006841282249
2018,1.3035722838802226,9342.0,-0.2149980446832887,-0.7296194935044823,-0.2428663803205408,-0.2834820648371745,-0.2578674071427164,Official (Quarter),-0.3497162407592119,1.2205846018810202,False,False,True,False,True,False,False,1,0,15,12365.0,7542.0,4416.0,10404.0,9986.166666666666,1700.2302785210884,11900.607300055632,-1.018285038934412
2018,1.5932550136313832,8427.0,-0.2877715193918002,1.5389150862111325,-0.2428663803205408,-0.2007318822663938,-0.4031863150447602,Estimated (Region),0.8552736723621256,-1.231731493222399,False,False,True,False,False,False,False,1,0,15,9342.0,9505.0,10848.0,10044.666666666666,9395.0,2060.889694606,11831.87731106155,1.9254053202758283
2018,1.5932550136313832,10972.0,0.3615556775234992,1.463122742536333,0.6211757244059766,0.5853948521560232,0.5540722587152745,Estimated (Region),-0.5267171514425855,-1.231731493222399,False,False,True,True,False,False,False,1,0,15,8427.0,12365.0,10631.0,9580.333333333334,9692.166666666666,1289.1308441477881,8058.429178567789,0.9228759261748524
2018,1.5932550136313832,9743.0,-0.0466800402768282,-0.5115374498173682,0.6211757244059766,0.7839952903258969,0.355320619088531,Estimated (Region),0.2579676675804482,-1.231731493222399,False,False,True,False,False,True,False,1,0,15,10972.0,9342.0,4439.0,9714.0,10059.0,1272.7478147692348,10220.073439802103,-0.2867369956587281
2018,1.5932550136313832,6620.0,-0.7244123676428693,-0.2490123344903463,1.5812225074354402,1.5535719882341577,-0.1724373320958602,Estimated (Region),1.3960777577725632,-1.231731493222399,True,False,False,False,False,False,False,1,0,15,9743.0,8427.0,8512.0,9111.666666666666,9578.166666666666,2243.638191271749,24021.39727163526,-0.09751529842812184
2018,1.5932550136313832,13841.0,1.0160474436116609,-1.202181202541151,-0.2428663803205408,-0.1676318092380815,0.7149084623169131,Interpolated (Month),0.366359104741602,-0.0055734456706894,False,False,False,False,False,True,False,1,0,15,6620.0,10972.0,10138.0,10068.0,9824.166666666666,3621.453989767077,6865.413829351384,-1.4442901781730986
2018,1.5932550136313832,18736.0,2.0264249763388658,-0.9982943804118588,1.5812225074354402,1.3384215135501278,3.1612327823444435,Estimated (Region),-0.5961914502613037,-1.231731493222399,False,True,False,False,False,False,True,1,0,15,13841.0,9743.0,8468.0,13065.666666666666,11389.833333333334,6095.098057729126,6190.802728130191,-0.42690950909713254
2018,1.5932550136313832,14037.0,1.0322454105629102,-0.9833839304289074,-0.5788827543808531,-0.4324323934645798,0.5640962052073484,Estimated (Region),0.7636021909332774,-1.231731493222399,True,False,False,False,False,False,True,1,0,15,18736.0,6620.0,11974.0,15538.0,12324.833333333334,2771.2825550636585,6907.138245725894,-1.7326287108451057
2018,1.5932550136313832,12145.0,0.6754206313469828,1.089449937068386,1.5812225074354402,1.487371842177533,1.4008408911982682,Interpolated (Month),-0.2099028178252768,-0.0055734456706894,False,False,True,False,False,False,True,1,0,15,14037.0,13841.0,9189.0,14972.666666666666,12520.333333333334,3393.6594309584843,7248.925895245674,0.4379923896358991
2018,1.5932550136313832,10896.0,0.0566113431804139,-1.5983933955162442,1.5812225074354402,1.8018225359465,1.2159642057554692,Interpolated (Month),-0.8717824447455139,-0.0055734456706894,False,False,False,True,False,False,False,1,0,15,12145.0,18736.0,7542.0,12359.333333333334,12712.5,1581.4311029359865,10312.21183676005,-0.5704834531842615
2018,1.5932550136313832,6229.0,-0.998369286948782,0.8722168232979653,-1.298917841652951,-1.2764842556865432,-1.1915102425570177,Estimated (Region),-1.0043889902086276,-1.231731493222399,True,False,False,False,False,True,False,1,0,15,10896.0,14037.0,9505.0,9756.666666666666,12647.333333333334,3118.2245482538933,3819801.4024279485,-3.1546708550624247
2018,1.5932550136313832,16676.0,1.6775818040264523,0.8708032655209889,-1.298917841652951,-1.3261343652290116,0.3012932464702343,Interpolated (Month),0.4854167205595715,-0.0055734456706894,True,False,False,True,False,False,False,1,0,15,6229.0,12145.0,12365.0,11267.0,13119.833333333334,5233.372048689061,6228.00766532071,-2.6700751541761343
2018,1.5932550136313832,11849.0,0.5850406708218959,0.9431134060363306,-0.2428663803205408,-0.0848816266673007,0.3591149943143444,Interpolated (Month),0.2738227980162553,-0.0055734456706894,False,False,False,False,False,False,True,1,0,15,16676.0,10896.0,9342.0,11584.666666666666,11972.0,5228.513778630911,7475.517958700644,1.0305917065151675
2018,1.5932550136313832,13653.0,0.7909191783037172,-0.237734191200132,-0.5788827543808531,-0.6806829411769221,0.3170370720340565,Estimated (Region),0.7341981308523261,-1.231731493222399,False,True,False,False,False,True,False,1,0,15,11849.0,6229.0,8427.0,14059.333333333334,11908.0,2439.018723448717,7623.459598512727,-0.7445082704831374
2018,1.5932550136313832,12282.0,0.6237749396183617,1.2499399390066226,0.6211757244059766,0.68469507124096,0.9343875845204872,Interpolated (Month),-0.2041373158486197,-0.0055734456706894,False,True,False,False,False,False,False,1,0,15,13653.0,16676.0,10972.0,12594.666666666666,11930.833333333334,941.7666023667078,7563.856111048651,0.7419383841883664
2018,1.5932550136313832,14998.0,1.0552512186965686,1.3872384480216104,0.6211757244059766,0.4529945600427739,1.428562483333128,Interpolated (Month),-0.5760121933430038,-0.0055734456706894,False,False,False,False,False,False,False,1,0,15,12282.0,11849.0,9743.0,13644.333333333334,12614.5,1358.0207411278323,7297.404747197604,0.9547444196768172
2018,1.5932550136313832,8351.0,-0.2854239879495902,-1.4283658548359544,-0.5788827543808531,-0.4903575212641263,-0.5427003951759707,Estimated (Region),1.2216713229786853,-1.231731493222399,False,True,False,True,False,False,False,1,0,15,14998.0,13653.0,6620.0,11877.0,12968.166666666666,3341.9561636861677,11686.650348138019,-2.8026821044801804
2018,1.5932550136313832,13800.0,0.7620445415645336,-0.840627020743471,1.5812225074354402,1.5452969699770795,1.9198774426098943,Estimated (Region),-0.9251133380295924,-1.231731493222399,False,False,True,False,True,False,False,1,0,15,8351.0,12282.0,13841.0,12383.0,12488.833333333334,3542.8193575173987,7831.811100386184,-0.33026677462749693
2018,1.5932550136313832,14006.0,1.1834264354412374,1.2050748875662038,-0.5788827543808531,-0.6062077768632194,0.4332468923828464,Official (Quarter),-1.5327972463692523,1.2205846018810202,True,False,False,False,True,False,False,1,0,15,13800.0,14998.0,18736.0,12052.333333333334,12848.333333333334,3207.1031061276017,6414.68829572433,3.0601794976221015
2018,1.5932550136313832,17422.0,1.743077931264113,-0.1807450487422076,1.5812225074354402,1.379796604835518,2.828771890357324,Official (Quarter),-0.997758662935472,1.2205846018810202,False,False,False,False,True,False,False,1,0,15,14006.0,8351.0,14037.0,15076.0,13476.5,2034.3047952556503,6351.259583781235,-0.07594978847139752
2018,1.5932550136313832,4668.0,-1.2716219468220316,0.3431769202544034,0.6211757244059766,0.568844815641867,-0.9787987000472448,Estimated (Region),-0.0723955956820045,-1.231731493222399,False,True,False,False,True,False,False,1,0,15,17422.0,13800.0,12145.0,12032.0,12207.5,6602.1690375209255,-17185.651066180242,0.2187449751771645
2019,-1.5932550136313832,8411.0,-0.3443470271490624,1.639209098020189,-0.2428663803205408,-0.1676318092380815,-0.3921429841636619,Interpolated (Month),1.4814071870270886,-0.0055734456706894,False,False,True,False,False,True,False,0,0,16,4668.0,14006.0,10896.0,10167.0,11109.666666666666,6555.82039107234,12828.432643913653,1.9693317407044577
2019,-1.5932550136313832,13075.0,0.7071123058168185,0.1175787652088381,1.5812225074354402,1.594947079519548,1.741655071928783,Estimated (Region),0.3672239300381006,-1.231731493222399,False,False,True,True,False,False,False,0,0,16,8411.0,17422.0,6229.0,8718.0,11897.0,4211.89969016355,7659.132885076286,0.045310660142868005
2019,-1.5932550136313832,8718.0,-0.3060822646410386,-1.4378690983998743,-0.5788827543808531,-0.4324323934645798,-0.448039228161837,Estimated (Region),0.0818315821935733,-1.231731493222399,True,False,False,False,False,False,False,0,0,16,13075.0,4668.0,16676.0,10068.0,11050.0,2608.658467488581,12563.448887050288,-2.5333882375299743
2019,-1.5932550136313832,15450.0,1.3918872275094896,0.1043080223659164,1.5812225074354402,1.487371842177533,2.3554094228206,Interpolated (Month),0.0861557086760661,-0.0055734456706894,False,False,True,False,False,False,False,0,0,16,8718.0,8411.0,11849.0,12414.333333333334,11290.666666666666,3414.281232314252,6459.334630122608,0.041935033836598176
2019,-1.5932550136313832,7244.0,-0.713378969864482,1.2294597532821807,-0.2428663803205408,-0.225556937037628,-0.6516046274034182,Estimated (Region),0.070300578240259,-1.231731493222399,False,True,False,False,False,False,False,0,0,16,15450.0,13075.0,13653.0,10470.666666666666,9594.333333333334,4374.755917000768,25273.790958656966,1.587540533424491
2019,-1.5932550136313832,16394.0,1.511611331062202,0.4595846954704834,1.5812225074354402,1.5452969699770795,2.6767986676935926,Estimated (Region),-0.0427032605022204,-1.231731493222399,False,True,False,True,False,False,False,0,0,16,7244.0,8718.0,12282.0,13029.333333333334,11548.666666666666,5032.429366949263,6527.283818657844,0.1805623080102209
2019,-1.5932550136313832,9910.0,0.1432352533979647,0.3885827420398823,-1.298917841652951,-1.2764842556865432,-0.6505569267813652,Official (Quarter),-0.8464142360482225,1.2205846018810202,False,True,False,False,False,False,True,0,0,16,16394.0,15450.0,14998.0,11182.666666666666,11798.5,4705.888368133404,8668.382094188528,-1.4054425669736066
2019,-1.5932550136313832,10794.0,0.0495687488537837,-0.2114546411501763,-0.5788827543808531,-0.4655324664928921,-0.0713483801842667,Estimated (Region),-0.8025964210256284,-1.231731493222399,False,False,False,False,False,False,True,0,0,16,9910.0,7244.0,8351.0,12366.0,11418.333333333334,3516.241174891164,10284.223888895267,-0.3956360824438444
2019,-1.5932550136313832,7929.0,-0.514777809853512,0.2746387523021677,-0.2428663803205408,-0.2172819187805499,-0.5106181031547282,Estimated (Region),-0.5601570629071967,-1.231731493222399,False,False,False,False,False,False,False,0,0,16,10794.0,16394.0,13800.0,9544.333333333334,11286.833333333334,1467.0856598485254,16340.96741867111,0.3508782521981468
2019,-1.5932550136313832,5590.0,-1.0392163340432368,0.323709187832248,-0.5788827543808531,-0.672407922919844,-1.112111525145223,Interpolated (Month),0.5961143585113882,-0.0055734456706894,False,False,True,False,False,False,True,0,0,16,7929.0,9910.0,14006.0,8104.333333333333,9643.5,2606.426736613387,-142542.64546596623,0.9881471820609448
2019,-1.5932550136313832,17693.0,1.9245421117469497,-0.7721161895274287,-1.298917841652951,-1.2764842556865432,0.4932489901701477,Interpolated (Month),-0.5097089206114469,-0.0055734456706894,True,False,False,True,False,False,False,0,0,16,5590.0,10794.0,17422.0,10404.0,11385.0,6419.880917898703,6049.835948312347,2.792622630934888
2019,-1.5932550136313832,1688.0,-2.0505328793473256,-1.6932439176018674,1.5812225074354402,1.594947079519548,-1.6100807991836767,Official (Quarter),0.8518143711761313,1.2205846018810202,True,False,False,False,False,False,True,0,0,16,17693.0,7929.0,4668.0,8323.666666666666,8934.0,8345.34039649271,-1606.8035881453986,-0.6525157799809043
2019,-1.5932550136313832,6901.0,-0.6549254369534518,1.475081322041977,1.5812225074354402,1.570122024748314,-0.0844587960764425,Interpolated (Month),-0.5760121933430038,-0.0055734456706894,True,False,False,False,False,True,False,0,0,16,1688.0,5590.0,8411.0,8760.666666666666,8432.5,8162.9514474443085,19998.576362955802,0.5739343532478495
2019,-1.5932550136313832,13208.0,0.9514903289508844,-0.7541489954065003,-1.298917841652951,-1.3344093834860895,-0.2051425812437285,Estimated (Region),1.4883257893990771,-1.231731493222399,False,True,False,False,False,True,False,0,0,16,6901.0,17693.0,13075.0,7265.666666666667,8834.833333333334,5768.651171056632,6768.16062270756,2.2551669679384783
2019,-1.5932550136313832,12370.0,0.7669743575931747,-0.9006182338669849,-0.5788827543808531,-0.672407922919844,0.0944997966634091,Official (Quarter),0.036284116577982,1.2205846018810202,False,False,False,True,False,False,False,0,0,16,13208.0,1688.0,8718.0,10826.333333333334,9575.0,3425.1631104712715,7000.667523466149,-2.7492063968525695
2019,-1.5932550136313832,6060.0,-1.0711427616572935,-1.551496976060881,0.6211757244059766,0.7508952172975846,-0.585741069379226,Interpolated (Month),-1.3021771673029676,-0.0055734456706894,False,False,False,False,False,True,False,0,0,16,12370.0,6901.0,15450.0,10546.0,9653.333333333334,3907.5194177380477,-85180.8372184373,-0.8861164053298035
2019,-1.5932550136313832,16562.0,1.501516945860699,1.0663747495318512,-1.298917841652951,-1.367509456514402,0.2496444374263277,Official (Quarter),-1.4163341064407786,1.2205846018810202,True,False,False,False,True,False,False,0,0,16,6060.0,13208.0,7244.0,11664.0,9464.833333333334,5286.4759528441955,6620.782652464303,-2.9016253340682736
2019,-1.5932550136313832,4532.0,-1.3605933884817925,-0.2418993157328537,1.5812225074354402,1.3549715500642838,-0.828779297462477,Estimated (Region),-1.3431122313372332,-1.231731493222399,False,False,False,False,True,False,False,0,0,16,16562.0,12370.0,16394.0,9051.333333333334,9938.833333333334,6549.143557239614,-12568.172752920109,-0.10271857242872023
2019,-1.5932550136313832,10197.0,-0.0147536126627715,-1.5512091947835007,-0.2428663803205408,-0.1676318092380815,-0.0280245436507268,Estimated (Region),-1.2906461633496535,-1.231731493222399,False,False,True,False,True,False,False,0,0,16,4532.0,6060.0,9910.0,10430.333333333334,10488.166666666666,6018.393334880433,10349.695397065982,-1.8636094122765339
2019,-1.5932550136313832,9647.0,-0.1297826533310639,-1.3640380412890516,-0.2428663803205408,-0.2834820648371745,-0.1974971983260448,Estimated (Region),-1.3661742392438616,-1.231731493222399,False,True,False,False,True,False,False,0,0,16,10197.0,16562.0,10794.0,8125.333333333333,9894.666666666666,3124.045187466581,11085.736266838734,-1.9037039749452749
2019,-1.3035722838802226,17194.0,1.9536515016303544,0.5659524330301213,-0.5788827543808531,-0.7220580324623124,0.909214453358189,Interpolated (Month),-0.4361987704090687,-0.0055734456706894,False,True,False,False,False,False,False,0,0,16,9647.0,4532.0,7929.0,12346.0,10698.666666666666,4207.48773022572,5821.269025986739,2.0362251805437794
2019,-1.3035722838802226,8446.0,-0.4584370552404707,0.940728648577142,0.6211757244059766,0.5853948521560232,-0.0585494428554039,Estimated (Region),0.2455718383306354,-1.231731493222399,True,False,False,True,False,False,False,0,0,16,17194.0,10197.0,5590.0,11762.333333333334,11096.333333333334,4742.135840877324,15595.601733331818,0.5933718324478086
2019,-1.3035722838802226,6476.0,-0.8213654162061443,-0.3059791105277484,-0.5788827543808531,-0.5731077038349071,-0.92143001193159,Estimated (Region),-1.684718223454167,-1.231731493222399,False,True,False,False,False,False,True,0,0,16,8446.0,9647.0,17693.0,10705.333333333334,9415.333333333334,5705.025971311019,36252.778507174764,-0.7167595041570309
2019,-1.3035722838802226,13438.0,0.8366960414268131,1.1512379193071494,-0.5788827543808531,-0.6889579594340001,0.2731752270729758,Estimated (Region),1.5255132771485156,-1.231731493222399,True,False,False,False,False,False,True,0,0,16,6476.0,17194.0,1688.0,9453.333333333334,10899.666666666666,3588.648956548017,7316.3984115525545,3.701229316822426
2019,-1.3035722838802226,6884.0,-0.6488218552037057,-0.4226368926221058,0.6211757244059766,0.7426201990405065,-0.3818358753413033,Official (Quarter),-0.2070200668369482,1.2205846018810202,False,False,False,False,False,False,True,0,0,16,13438.0,8446.0,6901.0,8932.666666666666,10347.5,3907.0624941678557,19602.586613108168,-0.2425295499586263
2019,-1.3035722838802226,11573.0,0.4498228597505971,-1.2962220602038856,0.6211757244059766,0.6515949982126477,0.7391754740223013,Interpolated (Month),0.9408913767154838,-0.0055734456706894,False,False,True,True,False,False,False,0,0,16,6884.0,6476.0,13208.0,10631.666666666666,10668.5,3376.8787857033353,7982.354480181684,-0.7848304588029476
2019,-1.3035722838802226,9198.0,-0.0354118893542199,-0.973849870907824,-1.298917841652951,-1.3344093834860895,-0.7825388889270057,Estimated (Region),0.9057218146578754,-1.231731493222399,False,False,False,False,False,False,False,0,0,16,11573.0,13438.0,12370.0,9218.333333333334,9335.833333333334,2344.566129016872,9535.676314569178,2.9121487583745793
2019,-1.3035722838802226,2439.0,-1.8789283309217717,1.3418211945100873,0.6211757244059766,0.4695445965569301,-1.5299175434801138,Official (Quarter),0.3577108517766164,1.2205846018810202,False,True,False,False,False,True,False,0,0,16,9198.0,6884.0,6060.0,7736.666666666667,8334.666666666666,4739.104380928224,-2774.970283916222,0.9130864062607611
2019,-1.3035722838802226,8777.0,-0.4347269876741492,-1.6152109556223528,-0.5788827543808531,-0.5896577403490633,-0.5076448986867403,Interpolated (Month),1.114721261311696,-0.0055734456706894,True,False,False,False,False,True,False,0,0,16,2439.0,11573.0,16562.0,6804.666666666667,8718.166666666666,3786.633641287871,15527.010503980175,-3.936253012293577
2019,-1.3035722838802226,13847.0,1.065345603898072,1.39368047416345,-0.5788827543808531,-0.5400076308065948,0.4514825464531729,Official (Quarter),-1.2560531514897109,1.2205846018810202,False,False,True,False,False,True,False,0,0,16,8777.0,9198.0,4532.0,8354.333333333334,8786.333333333334,5715.7327905818975,6704.446933174567,3.029790421539521
2019,-1.3035722838802226,5243.0,-1.2368784814773228,0.8968556721447564,-0.2428663803205408,-0.2503819918088622,-1.0602928187031455,Interpolated (Month),-0.9291491894132522,-0.0055734456706894,False,False,True,False,False,False,False,0,0,16,13847.0,2439.0,10197.0,9289.0,8512.833333333334,4324.790399545375,-22133.711628432276,1.196416924813359
2019,-1.3035722838802226,9051.0,-0.278146640478739,-1.0329156112533031,0.6211757244059766,0.7839952903258969,0.1804395639047774,Estimated (Region),0.920135569599518,-1.231731493222399,False,False,True,False,False,False,True,0,0,16,5243.0,8777.0,9647.0,9380.333333333334,8092.5,4311.443996311813,12538.557700975023,-0.5789900998363129
2019,-1.3035722838802226,10319.0,0.1939419325497018,1.540105476814458,-0.2428663803205408,-0.1841818457522376,-0.0119126070575343,Interpolated (Month),-0.4532070012402072,-0.0055734456706894,True,False,False,False,False,False,False,0,0,16,9051.0,13847.0,17194.0,8204.333333333334,8279.333333333334,2641.794339711764,8642.79888215622,1.8878048604281623
2019,-1.3035722838802226,9029.0,-0.328618566486255,-0.5005868503299059,-0.2428663803205408,-0.2752070465800964,-0.3160006335501396,Official (Quarter),-1.511753164154454,1.2205846018810202,False,True,False,True,False,False,False,0,0,16,10319.0,5243.0,8446.0,9466.333333333334,9377.666666666666,738.512920220887,13448.390958245276,-0.6906618613880129
2019,-1.3035722838802226,10886.0,0.1324366087637985,1.041406368756039,-1.298917841652951,-1.2268341461440748,-0.4793852981243396,Interpolated (Month),-1.489555981544324,-0.0055734456706894,False,False,False,True,False,False,False,0,0,16,9029.0,9051.0,6476.0,10078.0,9729.166666666666,951.6685347324875,9612.90010915797,-4.59104762866956
2019,-1.3035722838802226,3999.0,-1.5199907734078548,1.6848843109150629,1.5812225074354402,1.6363221708049382,-0.9213450632325046,Estimated (Region),0.7725387189970959,-1.231731493222399,False,False,False,False,False,True,False,0,0,16,10886.0,10319.0,13438.0,7971.333333333333,8087.833333333333,3563.2409872661024,-7690.521071733294,0.6391041009986361
2019,-1.3035722838802226,9546.0,-0.1490324111571863,0.7032623737711535,-1.298917841652951,-1.2268341461440748,-0.6797226468006766,Estimated (Region),1.50475747003255,-1.231731493222399,False,False,False,False,True,False,False,0,0,16,3999.0,9029.0,6884.0,8143.666666666667,8805.0,3651.38279742526,11217.818545805143,-3.1003373421763096
2019,-1.3035722838802226,14215.0,1.1439879072121084,-1.5946746053308232,-0.2428663803205408,-0.3000321013513307,0.6945490907694524,Estimated (Region),-0.089403826513143,-1.231731493222399,True,False,False,False,True,False,False,0,0,16,9546.0,10886.0,11573.0,9253.333333333334,9665.666666666666,5114.284342245079,6630.167993104117,-2.2782110556918966
2019,-1.3035722838802226,9582.0,-0.0487928185748172,-1.4576584102459769,1.5812225074354402,1.6528722073190945,0.7419787810921187,Interpolated (Month),1.5157119237881984,-0.0055734456706894,False,False,True,False,True,False,False,0,0,16,14215.0,3999.0,9198.0,11114.333333333334,9542.833333333334,2685.316430764403,10073.515199541913,-0.5494642396359675
2019,-1.3035722838802226,10927.0,0.2150697155295922,0.3810969496070267,-0.2428663803205408,-0.2586570100659403,0.0697514089965372,Interpolated (Month),0.8578681482516213,-0.0055734456706894,False,True,False,False,True,False,False,0,0,16,9582.0,9546.0,2439.0,11574.666666666666,9859.166666666666,2383.437923113018,8992.899633941934,0.5140629300897877
2019,-1.013889554129062,13191.0,1.017455962476987,-1.7134900014581809,1.5812225074354402,1.719072353375719,1.8598187123565368,Official (Quarter),1.570484192566441,1.2205846018810202,False,True,False,False,False,False,True,0,0,16,10927.0,14215.0,8777.0,11233.333333333334,10243.333333333334,1823.8970182916794,6538.4326822204275,-0.6301744781932297
2019,-1.013889554129062,7660.0,-0.5772221462162992,0.373044044156052,-0.5788827543808531,-0.5979327586061413,-0.7144383484935656,Official (Quarter),-1.6163970250307806,1.2205846018810202,False,False,False,True,False,False,False,0,0,16,13191.0,9582.0,13847.0,10592.666666666666,10853.5,2780.6158190827528,18118.262182954753,0.9278150661138392
2019,-1.013889554129062,11351.0,0.4819840405088748,1.2723163001597435,-1.298917841652951,-1.3013093104577775,-0.4532494150390733,Interpolated (Month),-0.0666300937053474,-0.0055734456706894,False,False,True,True,False,False,False,0,0,16,7660.0,10927.0,5243.0,10734.0,11154.333333333334,2816.6481853436935,7659.326746934712,-4.222625242567913
2019,-1.013889554129062,2030.0,-2.005225522512672,1.6011220660610033,-0.2428663803205408,-0.3662322474079552,-1.7137748445338885,Estimated (Region),0.2954434304287195,-1.231731493222399,False,False,False,False,False,False,False,0,0,16,11351.0,13191.0,9051.0,7013.666666666667,9123.5,4693.993005249696,-2019.4473325008612,2.5263545825936693
2019,-1.013889554129062,12106.0,0.5779980764952658,-1.5450037556676253,-0.5788827543808531,-0.4324323934645798,0.1966364491970552,Official (Quarter),0.0630937007694376,1.2205846018810202,False,False,True,False,False,False,False,0,0,16,2030.0,7660.0,10319.0,8495.666666666666,9544.166666666666,5612.142223191884,7671.745726640827,-2.7221492873751703
2019,-1.013889554129062,7494.0,-0.6741751947795742,-0.6339806793533586,1.5812225074354402,1.363246568321362,0.0097776274422639,Estimated (Region),-0.6613416225975292,-1.231731493222399,False,True,False,False,False,True,False,0,0,16,12106.0,11351.0,9029.0,7210.0,8972.0,5043.9999999999745,23000.090477857226,-0.268266835907724
2019,-1.013889554129062,11227.0,0.5228310876033296,-1.5604341006698168,0.6211757244059766,0.4447195417856959,0.534845536488952,Interpolated (Month),0.7820517972585802,-0.0055734456706894,True,False,False,False,False,False,False,0,0,16,7494.0,2030.0,10886.0,10275.666666666666,8644.666666666666,2448.757303885633,7372.4525926702345,-1.080094825007417
2019,-1.013889554129062,11553.0,0.494191204008367,-1.4454538001145931,-0.5788827543808531,-0.4655324664928921,0.0717901777745859,Estimated (Region),-0.0478922122812118,-1.231731493222399,False,False,True,False,False,True,False,0,0,16,11227.0,12106.0,3999.0,10091.333333333334,9293.5,2255.2548266954727,7731.942183174107,-2.704474471311119
2019,-1.013889554129062,11054.0,0.4387894619722098,1.3751874206444767,0.6211757244059766,0.5440197608706328,0.5504760971206605,Official (Quarter),0.4173837972350175,1.2205846018810202,False,False,False,False,False,False,True,0,0,16,11553.0,7494.0,9546.0,11278.0,9244.0,253.3791625212191,7682.847485446421,0.8906540288506698
2019,-1.013889554129062,9014.0,-0.3328441230822331,-0.5773658016654992,0.6211757244059766,0.792270308582975,0.1749178984642284,Estimated (Region),-0.523546125355424,-1.231731493222399,True,False,False,False,False,True,False,0,0,16,11054.0,11227.0,14215.0,10540.333333333334,10408.0,1345.184126182453,13511.085357809205,-0.3221421450216305
2019,-1.013889554129062,9620.0,-0.2199278607119298,0.1775829011530978,0.6211757244059766,0.5771198338989451,0.2220927426896385,Estimated (Region),1.3260269087561791,-1.231731493222399,False,False,True,False,False,False,True,0,0,16,9014.0,11553.0,9582.0,9896.0,9993.666666666666,1047.631614643183,12332.192774862664,0.11259949772749896
2019,-1.013889554129062,8810.0,-0.3410604831299683,0.9789548493751296,1.5812225074354402,1.5535719882341577,0.4675378505803085,Estimated (Region),-0.923383687436595,-1.231731493222399,True,False,False,True,False,False,False,0,0,16,9620.0,11054.0,10927.0,9148.0,10213.0,421.2979942983888,13369.967613791892,0.38336684999904586
2019,-1.013889554129062,2562.0,-1.8918397538539264,-1.1732927337952224,-1.298917841652951,-1.1771840366016064,-1.7173710061285024,Estimated (Region),0.1492879553204615,-1.231731493222399,False,True,False,False,False,False,False,0,0,16,8810.0,9014.0,13191.0,6997.333333333333,8768.833333333334,3862.4035694542677,-2872.713387050503,6.62188736806657
2019,-1.013889554129062,9962.0,-0.1002037571592173,1.365468465380413,-0.5788827543808531,-0.5896577403490633,-0.2917336218447517,Estimated (Region),0.7448643095091418,-1.231731493222399,True,False,False,False,False,False,True,0,0,16,2562.0,9620.0,7660.0,7111.333333333333,8503.666666666666,3981.72090098403,11071.395417865462,3.3276330508633634
2019,-1.013889554129062,11583.0,0.3941863645702189,0.1282654409341435,0.6211757244059766,0.6019448886701793,0.7121051552470958,Official (Quarter),-0.3638417206020218,1.2205846018810202,False,False,False,False,False,True,False,0,0,16,9962.0,8810.0,11351.0,8035.666666666667,8591.833333333334,4809.124695132486,8308.071499157613,0.08006857279629659
2019,-1.013889554129062,10442.0,-0.0199181818356336,-1.197392800423222,-1.298917841652951,-1.3013093104577775,-0.5856844369131691,Estimated (Region),0.0555985481997834,-1.231731493222399,False,True,False,True,False,False,False,0,0,16,11583.0,2562.0,2030.0,10662.333333333334,8829.833333333334,832.6585935023191,10654.21254274182,3.9739654861777414
2019,-1.013889554129062,9776.0,-0.0337686173446729,1.4308430274077353,-0.2428663803205408,-0.1676318092380815,-0.1138510459599814,Interpolated (Month),0.3032268580972066,-0.0055734456706894,False,False,True,False,True,False,False,0,0,16,10442.0,9962.0,12106.0,10600.333333333334,8855.833333333334,913.8459023999927,10117.659367608518,1.7190025319179911
2019,-1.013889554129062,6614.0,-0.9396810008935308,-1.6589954604357864,1.5812225074354402,1.7025223168615629,-0.1236201463547994,Interpolated (Month),-1.2450986977340623,-0.0055734456706894,False,False,False,False,True,False,False,0,0,16,9776.0,11583.0,7494.0,8944.0,8489.833333333334,2045.1317805950403,109650.36054934554,-0.6138692916927978
2019,-1.013889554129062,8090.0,-0.519707625882153,-0.1018348260466728,-1.298917841652951,-1.2020090913728405,-0.8871107375010994,Estimated (Region),-0.655576120620872,-1.231731493222399,True,False,False,False,True,False,False,0,0,16,6614.0,10442.0,11227.0,8160.0,9411.166666666666,1582.1618122049972,16843.90682833327,0.5041101138300758
2019,-1.013889554129062,12284.0,0.5042855892098702,-0.7642735284293585,-0.5788827543808531,-0.6062077768632194,0.1209471583119882,Official (Quarter),1.7448906273603189,1.2205846018810202,False,True,False,False,True,False,False,0,0,16,8090.0,9776.0,11553.0,8996.0,9798.166666666666,2941.5730485574963,8166.00257830842,-1.9408040167514788
2019,-0.7242068243779014,11163.0,0.3892565485415779,-0.7835265432145052,-0.2428663803205408,-0.1593567909810034,0.1736719842109761,Estimated (Region),-1.531644145973921,-1.231731493222399,False,False,False,False,False,True,False,0,0,16,12284.0,6614.0,11054.0,10512.333333333334,9728.166666666666,2171.389954230527,8035.2329537109335,-0.9320559957045931
2019,-0.7242068243779014,13892.0,1.0512604152448115,0.8381612143799382,0.6211757244059766,0.4943696513281643,1.1973604406557727,Interpolated (Month),1.2012037909615527,-0.0055734456706894,False,True,False,False,False,True,False,0,0,16,11163.0,8090.0,9014.0,12446.333333333334,10303.166666666666,1371.7231256100304,6772.421432576631,0.5608794407963238
2019,-0.7242068243779014,14637.0,1.2475140438135717,-1.4268215777568174,1.5812225074354402,1.6528722073190945,2.2449194815435587,Estimated (Region),-1.4884028811489929,-1.231731493222399,False,True,False,True,False,False,False,0,0,16,13892.0,12284.0,9620.0,13230.666666666666,11113.333333333334,1828.9861490272122,6512.528827256628,-0.5378402977046212
2019,-0.7242068243779014,1912.0,-2.03973423471316,-0.6582919843973974,-0.2428663803205408,-0.0848816266673007,-1.7090177173851075,Interpolated (Month),-0.2880253696089808,-0.0055734456706894,False,False,False,False,False,False,False,0,0,16,14637.0,11163.0,8810.0,10147.0,10329.666666666666,7141.440680983067,-1838.9314655273217,-0.7193517293287582
2019,-0.7242068243779014,14714.0,1.219578419651272,1.7104158284564566,-0.5788827543808531,-0.5400076308065948,0.6116674766951572,Official (Quarter),-0.4269739672464173,1.2205846018810202,False,False,True,False,False,False,True,0,0,16,1912.0,13892.0,2562.0,10421.0,11433.666666666666,7369.1107333246055,6629.186817518158,3.718356961998443
2019,-0.7242068243779014,2017.0,-2.0247100334830157,-0.3910246908881913,0.6211757244059766,0.5522947791277109,-1.621180762530832,Estimated (Region),-0.6183886328714335,-1.231731493222399,False,False,False,False,False,False,True,0,0,16,14714.0,14637.0,9962.0,6214.333333333333,9722.5,7361.114476309482,-1968.3617160887604,-0.2519010539402328
2019,-0.7242068243779014,10842.0,0.3176568395541713,-0.4405832114172132,1.5812225074354402,1.363246568321362,0.9554265456606316,Estimated (Region),-0.1263030391637486,-1.231731493222399,True,False,False,False,False,False,False,0,0,16,2017.0,1912.0,11583.0,9191.0,9669.0,6507.518958865954,8228.242494205386,-0.1864313344714445
2019,-0.7242068243779014,12794.0,0.7939709691785902,0.0432034585319853,-1.298917841652951,-1.3013093104577775,-0.2430297010358046,Interpolated (Month),1.634769539606168,-0.0055734456706894,True,False,False,False,False,True,False,0,0,16,10842.0,14714.0,10442.0,8551.0,9486.0,5742.163616616981,7131.665015659657,-0.14338574027582
2019,-0.7242068243779014,9166.0,-0.2375343465285051,0.4229291144246921,-0.2428663803205408,-0.225556937037628,-0.2654561575943429,Interpolated (Month),-1.275655858210345,-0.0055734456706894,False,True,False,False,False,False,False,0,0,16,12794.0,2017.0,9776.0,10934.0,8574.166666666666,1815.7488813158946,12021.525111678588,0.5461074346859262
2019,-0.7242068243779014,9977.0,0.0523857865844358,-0.9443137700298976,-1.298917841652951,-1.2764842556865432,-0.6407028776874623,Estimated (Region),0.6938396170157263,-1.231731493222399,False,False,True,False,False,True,False,0,0,16,9166.0,10842.0,6614.0,10645.666666666666,9918.333333333334,1904.1881034533435,9480.363690943406,3.4154341544152467
2019,-0.7242068243779014,7556.0,-0.6255812939258262,-0.5278579783563262,1.5812225074354402,1.5287469334629231,0.091469959729364,Interpolated (Month),0.994222269999562,-0.0055734456706894,False,False,True,False,False,False,False,0,0,16,9977.0,12794.0,8090.0,8899.666666666666,8725.333333333334,1232.2785128911207,20180.61565146034,-0.2087429039937443
2019,-0.7242068243779014,7640.0,-0.6476480894826007,0.0202719131183563,-1.298917841652951,-1.350959420000246,-1.0133728205749917,Official (Quarter),-1.6786644463786775,1.2205846018810202,True,False,False,True,False,False,False,0,0,16,7556.0,9166.0,12284.0,8391.0,9662.5,1374.158287825603,21682.86809849079,-0.05776141617267915
2019,-0.7242068243779014,8852.0,-0.3150028841214368,1.3808312140894716,-0.5788827543808531,-0.4324323934645798,-0.4225546184362252,Official (Quarter),-0.1761746312618327,1.2205846018810202,False,False,False,True,False,False,False,0,0,16,7640.0,9977.0,11163.0,8016.0,9330.833333333334,725.2144510417415,12922.682146838832,2.4328929244542747
2019,-0.7242068243779014,4063.0,-1.528676639744032,1.5817611954257849,1.5812225074354402,1.3549715500642838,-0.9610727381714304,Official (Quarter),-1.0213972210397662,1.2205846018810202,False,True,False,False,False,False,True,0,0,16,8852.0,7556.0,13892.0,6851.666666666667,7875.666666666667,2489.926170257473,-7685.227026424268,0.6716689190502566
2019,-0.7242068243779014,14301.0,0.925902236230795,0.2453899356700546,1.5812225074354402,1.7521724264040317,2.217934111467438,Interpolated (Month),0.3069744343820337,-0.0055734456706894,True,False,False,False,False,False,True,0,0,16,4063.0,7640.0,14637.0,9072.0,8731.5,5122.544387313772,7425.610568887779,0.08916226807441686
2019,-0.7242068243779014,8072.0,-0.4551505112213767,-0.3236754224445798,0.6211757244059766,0.4778196148140081,-0.1938160880323455,Official (Quarter),1.6710922020591077,1.2205846018810202,False,False,True,True,False,False,False,0,0,16,14301.0,8852.0,1912.0,8812.0,8414.0,5158.959294276299,14815.100621815429,-0.21902228066266136
2019,-0.7242068243779014,12017.0,0.5242396064686556,1.0275466435060436,0.6211757244059766,0.6433199799555697,0.8432376304018825,Interpolated (Month),-0.5270054265414182,-0.0055734456706894,True,False,False,False,True,False,False,0,0,16,8072.0,4063.0,14714.0,11463.333333333334,9157.5,3151.1934776102335,7883.931075535345,0.6252870141174973
2019,-0.7242068243779014,13990.0,0.9028964280971364,1.628477192422272,-0.2428663803205408,-0.0848816266673007,0.804699237250152,Estimated (Region),-0.853621113519044,-1.231731493222399,False,False,False,False,True,False,False,0,0,16,12017.0,14301.0,2017.0,11359.666666666666,10215.833333333334,3013.2617432498737,7351.950318173521,1.7795262775586573
2019,-0.7242068243779014,9594.0,-0.0992647445823333,0.2709224472745822,-1.298917841652951,-1.1689090183445283,-0.6440158769517916,Estimated (Region),-0.8743769206350096,-1.231731493222399,False,True,False,False,True,False,False,0,0,16,13990.0,8072.0,10842.0,11867.0,10339.5,2201.8353707759265,10651.29841681539,-1.6039548979082592
2019,-0.7242068243779014,17426.0,2.0391016461268,1.7282865984533569,1.5812225074354402,1.4625467874062987,2.9039231728148502,Estimated (Region),0.1515941561111244,-1.231731493222399,False,False,True,False,True,False,False,0,0,16,9594.0,12017.0,12794.0,13670.0,12566.666666666666,3925.793677716654,5733.931282689627,0.7018289387604657
2019,-0.4345240946267408,13977.0,0.8599366027046926,-1.3720765328245788,-0.5788827543808531,-0.6889579594340001,0.3686292486119062,Official (Quarter),1.324008983064349,1.2205846018810202,False,True,False,True,False,False,False,0,0,16,17426.0,13990.0,9166.0,13665.666666666666,12512.666666666666,3925.2709885221157,7514.772266793852,-4.411225345383619
2019,-0.4345240946267408,13602.0,0.7993702914956734,0.5693451705074913,-0.5788827543808531,-0.5400076308065948,0.4062048898406692,Interpolated (Month),1.4554624281321316,-0.0055734456706894,True,False,False,False,False,True,False,0,0,16,13977.0,9594.0,9977.0,15001.666666666666,13434.333333333334,2107.8900192689025,7559.311201416879,1.2377274247088832
2019,-0.4345240946267408,11892.0,0.5279956567761918,-0.7793817969760362,-0.2428663803205408,-0.2503819918088622,0.2670589207388291,Interpolated (Month),-0.555544661325871,-0.0055734456706894,True,False,False,False,False,False,True,0,0,16,13602.0,17426.0,7556.0,13157.0,13413.5,1111.4517533388605,7782.744634948816,-1.0397052744993678
2019,-0.4345240946267408,10628.0,0.2277463853175265,-1.4730937255638394,1.5812225074354402,1.37152158657844,0.8995019854294278,Estimated (Region),-1.539715848741241,-1.231731493222399,False,True,False,False,False,False,True,0,0,16,11892.0,13977.0,7640.0,12040.666666666666,12853.166666666666,1492.5633431560968,8656.510926930017,-0.6211597372340071
2019,-0.4345240946267408,12863.0,0.5695469633033096,0.5052932094803568,-0.2428663803205408,-0.1262567179526911,0.5428307142029768,Interpolated (Month),0.2870834525625667,-0.0055734456706894,False,False,False,False,False,False,True,0,0,16,10628.0,13602.0,8852.0,11794.333333333334,13398.0,1120.6963608994597,8195.358470146184,0.5783085488181158
2019,-0.4345240946267408,12584.0,0.6866887822695911,-0.109300737216842,-1.298917841652951,-1.384059493028558,-0.3270722806642664,Interpolated (Month),0.5367296881518199,-0.0055734456706894,False,True,False,False,False,True,False,0,0,16,12863.0,11892.0,4063.0,12025.0,12591.0,1217.853439458119,7460.771739447451,0.28459324453858664
2019,-0.4345240946267408,6829.0,-0.810332018427757,-0.3749168918599737,1.5812225074354402,1.8018225359465,-0.0243434333570271,Official (Quarter),1.5921048249789052,1.2205846018810202,False,False,True,True,False,False,False,0,0,16,12584.0,10628.0,14301.0,10758.666666666666,11399.666666666666,3406.0490797011776,36005.022795051416,-0.13381179109308605
2019,-0.4345240946267408,5490.0,-1.2009612504115093,0.705895647013918,-0.5788827543808531,-0.7303330507193905,-1.1462325859445144,Official (Quarter),-0.2946556968821364,1.2205846018810202,False,False,True,False,False,False,False,0,0,16,6829.0,12863.0,8072.0,8301.0,10047.666666666666,3769.124168822219,-27318.699444584974,2.6176572579510977
2019,-0.4345240946267408,7613.0,-0.5727618364761001,-1.6154003246494375,-1.298917841652951,-1.2516592009153091,-0.9784305890178748,Estimated (Region),-1.4284416605917585,-1.231731493222399,False,False,False,False,False,False,False,0,0,16,5490.0,12584.0,12017.0,6644.0,9334.5,1073.5227058612693,17819.101030692746,6.418999658164965
2019,-0.4345240946267408,12927.0,0.8871679674343292,1.2512903737745706,0.6211757244059766,0.7591702355546627,1.143531281668675,Official (Quarter),-0.4658911055888528,1.2205846018810202,False,False,True,False,False,False,True,0,0,16,7613.0,6829.0,13990.0,8676.666666666666,9717.666666666666,3830.898371574628,6849.946704836617,0.7112957850722398
2019,-0.4345240946267408,7479.0,-0.7279336648061844,-0.6324254675797446,-0.2428663803205408,-0.3248571561225649,-0.6425151166012835,Interpolated (Month),0.0400316928628092,-0.0055734456706894,False,False,True,False,False,True,False,0,0,16,12927.0,5490.0,9594.0,9339.666666666666,8820.333333333334,3107.4441802441393,27489.619377833285,-0.9367283876514798
2019,-0.4345240946267408,11616.0,0.2688281855562023,0.9644435157406004,1.5812225074354402,1.719072353375719,1.3862013987225554,Official (Quarter),0.9457920533956424,1.2205846018810202,False,False,False,False,False,True,False,0,0,16,7479.0,7613.0,17426.0,10674.0,8659.0,2843.536354611965,9154.90381773638,0.3546957897399262
2019,-0.4345240946267408,7417.0,-0.6091485738303559,1.3580244235991978,-0.2428663803205408,-0.2172819187805499,-0.6136891913783136,Official (Quarter),0.4750388170015887,1.2205846018810202,True,False,False,False,False,False,False,0,0,16,11616.0,12927.0,13977.0,8837.333333333334,8757.0,2406.5955899014575,18976.52024117406,1.7350109269015974
2019,-0.4345240946267408,7617.0,-0.5938896194559906,0.7944532524278467,1.5812225074354402,1.6611472255761726,0.1609863118142271,Interpolated (Month),1.7053969388202177,-0.0055734456706894,True,False,False,True,False,False,False,0,0,16,7417.0,7479.0,13602.0,8883.333333333334,9111.5,2368.6705835411444,18755.984493172935,0.29853788050220986
2019,-0.4345240946267408,10109.0,0.0509772677191098,-0.6118781825937372,-0.2428663803205408,-0.3248571561225649,-0.1275277865127265,Official (Quarter),-0.1052589569489501,1.2205846018810202,False,False,False,True,False,False,False,0,0,16,7617.0,11616.0,11892.0,8381.0,9527.5,1499.8293236231204,9618.666654835573,-0.9062944059062218
2019,-0.4345240946267408,10704.0,0.108257034909035,-1.263008919792179,0.6211757244059766,0.5191947060993986,0.4527001444733967,Interpolated (Month),-0.3782554755436647,-0.0055734456706894,False,True,False,False,False,False,False,0,0,16,10109.0,7417.0,10628.0,9476.666666666666,9157.0,1637.7656527516933,9658.409252397461,-0.8313673782046093
2019,-0.4345240946267408,7384.0,-0.7077448944031779,-0.0232223252598609,0.6211757244059766,0.5357447426135546,-0.3349441934461779,Official (Quarter),-1.081358441597,1.2205846018810202,False,False,False,False,True,False,False,0,0,16,10704.0,7617.0,12863.0,9399.0,9141.166666666666,1770.2189130160825,25265.597960798434,-0.01512121423273817
2019,-0.4345240946267408,18391.0,2.09755517903783,-0.7167930968825933,-1.298917841652951,-1.2764842556865432,0.595810386199221,Interpolated (Month),-1.2488462740188893,-0.0055734456706894,False,True,False,False,True,False,False,0,0,16,7384.0,10109.0,12584.0,12159.666666666666,10270.333333333334,5646.03722387068,5937.263079107652,2.592527719535823
2019,-0.4345240946267408,6061.0,-1.0331127522934906,-0.3045431863302503,-1.298917841652951,-1.235109164401153,-1.203346427962913,Estimated (Region),-0.9579766992965378,-1.231731493222399,False,False,True,False,True,False,False,0,0,16,18391.0,10704.0,6829.0,10612.0,10044.333333333334,6769.210662994608,-183041.26296355863,1.2953267351613151
2019,-0.4345240946267408,14511.0,1.073092457657365,0.6774087797742463,1.5812225074354402,1.6942472986044848,2.2382934830148997,Estimated (Region),-0.6581705965103677,-1.231731493222399,True,False,False,False,True,False,False,0,0,16,6061.0,7384.0,5490.0,12987.666666666666,11193.333333333334,6304.572414790188,6999.6878076522025,0.2514278403935369
2019,-0.1448413648755802,12341.0,0.5150842338440365,0.4885924517925288,1.5812225074354402,1.487371842177533,1.4574450410221549,Official (Quarter),1.7411430510754915,1.2205846018810202,False,False,True,True,False,False,False,0,0,16,14511.0,18391.0,7613.0,10971.0,11565.333333333334,4388.427964544928,8145.421702850608,0.1964291962736049
2019,-0.1448413648755802,8068.0,-0.5856732594082554,0.5987346470731081,-0.5788827543808531,-0.4738074847499702,-0.5888558550123564,Estimated (Region),-0.8639990170770268,-1.231731493222399,False,False,False,True,False,False,False,0,0,16,12341.0,6061.0,12927.0,11640.0,11126.0,3278.2027088024893,19472.554410746507,1.137862340722594
2019,-0.1448413648755802,14754.0,1.3472841301074987,0.6142723508938039,-0.2428663803205408,-0.341407192636721,0.7694455271297223,Estimated (Region),-0.4909710391873113,-1.231731493222399,False,True,False,False,False,False,True,0,0,16,8068.0,14511.0,7479.0,11721.0,12354.333333333334,3385.8453892639554,6285.562029222389,0.9327043114137323
2019,-0.1448413648755802,8909.0,-0.3781514799168871,1.4349847914568017,-0.2428663803205408,-0.1345317362097692,-0.2754801040864171,Official (Quarter),0.9189824692041868,1.2205846018810202,False,False,False,False,False,False,True,0,0,16,14754.0,12341.0,11616.0,10577.0,10774.0,3641.7464217048278,14326.640190137094,1.6580443807060363
2019,-0.1448413648755802,11949.0,0.5758852981972767,-1.2884474924305156,-1.298917841652951,-1.2516592009153091,-0.3356804155049178,Official (Quarter),1.6883887079890791,1.2205846018810202,False,False,True,False,False,False,False,0,0,16,8909.0,8068.0,7417.0,11870.666666666666,11755.333333333334,2923.2872478313398,7582.404641802914,5.119810790721364
2019,-0.1448413648755802,8596.0,-0.376038701618898,0.639604061745203,-1.298917841652951,-1.2516592009153091,-0.8327152538534326,Official (Quarter),0.7641787411309432,1.2205846018810202,True,False,False,False,False,False,True,0,0,16,11949.0,14754.0,7617.0,9818.0,10769.5,1852.123915940798,13776.495469034282,-2.5415484886660233
2019,-0.1448413648755802,13504.0,1.1099487013000628,0.4954753449344306,-0.2428663803205408,-0.3083071196084087,0.5486921744398676,Estimated (Region),0.1069115157920317,-1.231731493222399,True,False,False,False,False,True,False,0,0,16,8596.0,8909.0,10109.0,11349.666666666666,10963.333333333334,2508.2895234269304,6400.155601735434,0.7163227481160783
2019,-0.1448413648755802,14693.0,1.4015121064225509,-0.8889280514076016,-0.2428663803205408,-0.225556937037628,0.8449366043835903,Estimated (Region),-1.0444592289463943,-1.231731493222399,False,False,False,False,False,True,False,0,0,16,13504.0,11949.0,10704.0,12264.333333333334,12067.5,3232.0167594449986,6118.228578030219,-1.147828799714863
2019,-0.1448413648755802,6143.0,-0.8786451833960695,1.6552845899965416,-0.5788827543808531,-0.4241573752075017,-0.935418231047648,Interpolated (Month),-1.4843670297653326,-0.0055734456706894,False,False,True,False,False,False,True,0,0,16,14693.0,8596.0,7384.0,11446.666666666666,10632.333333333334,4631.4242229937545,50620.158077854445,2.8745433539120415
2019,-0.1448413648755802,17397.0,1.6597405650656565,-1.2832038093970766,-1.298917841652951,-1.243384182658231,0.4792890872871183,Estimated (Region),1.2600119111234551,-1.231731493222399,False,True,False,False,False,False,False,0,0,16,6143.0,13504.0,18391.0,12744.333333333334,12047.0,5874.61533492478,6540.86350695281,5.272338552908339
2019,-0.1448413648755802,2252.0,-1.929635010073508,-1.4171667395649166,-0.5788827543808531,-0.4986325395212044,-1.686081568632057,Official (Quarter),0.3046682335913709,1.2205846018810202,False,False,False,False,False,False,False,0,0,16,17397.0,14693.0,6061.0,8597.333333333334,10430.833333333334,7865.149097972215,-2422.4560990037694,-2.8266029435008635
2019,-0.1448413648755802,6397.0,-0.7901432480247507,-1.6492615942247082,-0.2428663803205408,-0.1759068274951595,-0.8054750376800563,Estimated (Region),0.7987717529908859,-1.231731493222399,False,False,True,False,False,True,False,0,0,16,2252.0,6143.0,14511.0,8682.0,10064.333333333334,7826.792127046675,30482.6980299136,-2.0013047665614785
2019,-0.1448413648755802,12163.0,0.5505319586214082,-1.5432944641081945,-0.5788827543808531,-0.5979327586061413,0.104155632126113,Estimated (Region),-0.0876741759201459,-1.231731493222399,True,False,False,True,False,False,False,0,0,16,6397.0,17397.0,12341.0,6937.333333333333,9840.833333333334,4977.544608874243,7844.404581518094,-3.8383989174497493
2019,-0.1448413648755802,11186.0,0.253099724893395,-0.5186191555861308,1.5812225074354402,1.6114971160337042,1.1951234582465249,Interpolated (Month),-0.761661356991363,-0.0055734456706894,False,True,False,False,False,True,False,0,0,16,12163.0,2252.0,8068.0,9915.333333333334,9256.333333333334,3085.8765907490883,8926.663838308341,-0.19859074413752384
2019,-0.1448413648755802,1126.0,-2.2265977375130794,-0.6367247906355975,1.5812225074354402,1.379796604835518,-1.7879350588354186,Interpolated (Month),0.5574854952677855,-0.0055734456706894,True,False,False,False,False,False,False,0,0,16,11186.0,6397.0,14754.0,8158.333333333333,8420.166666666666,6109.739465258163,-917.9863663232896,-0.267554289867392
2019,-0.1448413648755802,14598.0,0.9343533494227512,-1.5645067773310488,0.6211757244059766,0.6433199799555697,1.4768982931127057,Official (Quarter),1.124522614672013,1.2205846018810202,False,True,False,True,False,False,False,0,0,16,1126.0,12163.0,8909.0,8970.0,7953.666666666667,7004.047972422793,7546.708053291467,-0.9520402577794669
2019,-0.1448413648755802,6954.0,-0.8234781945041333,-1.0801037882385838,0.6211757244059766,0.4860946330710862,-0.4558545084776913,Estimated (Region),-1.5129062645497853,-1.231731493222399,False,True,False,False,True,False,False,0,0,16,14598.0,11186.0,11949.0,7559.333333333333,8737.333333333334,6756.3686498986335,39394.5664699358,-0.7268068696315101
2019,-0.1448413648755802,10409.0,0.2606118255084672,1.3643968653216365,0.6211757244059766,0.5936698704131012,0.4219487154044918,Interpolated (Month),-0.12140236248359,-0.0055734456706894,False,False,False,False,True,False,False,0,0,16,6954.0,1126.0,8596.0,10653.666666666666,9406.0,3827.868902318008,8257.101662362666,0.856135195031306
2019,-0.1448413648755802,14287.0,1.311132145897464,-0.2071722171676071,-0.5788827543808531,-0.7220580324623124,0.3992674127486973,Interpolated (Month),-0.4569545775250343,-0.0055734456706894,True,False,False,False,True,False,False,0,0,16,10409.0,14598.0,13504.0,10550.0,9760.0,3668.5328129921277,6181.8187356188755,-0.7453794006100051
2019,-0.1448413648755802,10583.0,0.2939467719878498,0.73646507651995,-0.5788827543808531,-0.6972329776910782,-0.2369983434007432,Interpolated (Month),0.8356709656414913,-0.0055734456706894,False,False,True,False,True,False,False,0,0,16,14287.0,6954.0,14693.0,11759.666666666666,9659.5,2190.463269113029,8178.852661567887,2.4324481276184486
2019,0.1448413648755802,13064.0,0.9158078510292916,1.5221601520824843,0.6211757244059766,0.800545326840053,1.2057137293991678,Interpolated (Month),-1.10557354989896,-0.0055734456706894,False,True,False,False,False,False,False,1,0,16,10583.0,10409.0,6143.0,12644.666666666666,11649.166666666666,1887.2690145640045,6819.05546685238,0.8453884106066172
2019,0.1448413648755802,6164.0,-0.9319341471342376,-0.8571185281415289,-1.298917841652951,-1.1854590548586843,-1.1722835203306952,Estimated (Region),-0.7910654170723143,-1.231731493222399,True,False,False,False,False,False,True,1,0,16,13064.0,14287.0,17397.0,9937.0,10243.5,3495.0660937956377,90559.35892196152,4.621605177458896
2019,0.1448413648755802,9124.0,-0.1570140180607005,-0.2384434552464554,1.5812225074354402,1.5370219517200014,0.5515521139757419,Interpolated (Month),-0.6365499640979035,-0.0055734456706894,False,True,False,False,False,False,True,1,0,16,6164.0,10583.0,2252.0,9450.666666666666,10605.166666666666,3461.579600895118,10823.430276990048,-0.093985570398711
2019,0.1448413648755802,9721.0,-0.1877666799536521,-1.234456444385644,-0.2428663803205408,-0.3745072656650333,-0.2282769436279782,Estimated (Region),-0.2470903055747152,-1.231731493222399,False,False,False,True,False,False,False,1,0,16,9124.0,13064.0,6397.0,8336.333333333334,10490.5,1904.8297386730244,11968.23592443277,-1.9735743944302353
2019,0.1448413648755802,13026.0,0.8221413464851108,-1.1557022896021942,0.6211757244059766,0.7012451077551162,1.129684643717759,Official (Quarter),-1.101825973614133,1.2205846018810202,False,False,True,False,False,False,True,1,0,16,9721.0,6164.0,12163.0,10623.666666666666,10280.333333333334,2101.7864623536984,7148.731916504173,-0.6793273258120961
2019,0.1448413648755802,4589.0,-1.279603553725546,-1.3749926170290514,1.5812225074354402,1.6445971890620164,-0.7444818717367588,Official (Quarter),1.4272114684465116,1.2205846018810202,True,False,False,False,False,False,False,1,0,16,13026.0,9124.0,11186.0,9112.0,9281.333333333334,4251.341317749006,-16412.523871225487,-0.5199251601400714
2019,0.1448413648755802,9864.0,0.1317323493311355,-0.998403727356632,-0.5788827543808531,-0.6889579594340001,-0.3598624785112204,Interpolated (Month),0.9152348929193596,-0.0055734456706894,False,False,True,False,False,False,False,1,0,16,4589.0,9721.0,1126.0,9159.666666666666,8748.0,4262.370975564327,8715.84169687269,-3.209867468525628
2019,0.1448413648755802,11985.0,0.5977173406098302,0.6401587489741426,-1.298917841652951,-1.259934219172387,-0.3354255694076615,Estimated (Region),-0.7896240415781499,-1.231731493222399,False,False,False,False,False,False,False,1,0,16,9864.0,13026.0,14598.0,8812.666666666666,9718.166666666666,3808.4354180336536,7501.326858870709,-2.4627721237025457
2019,0.1448413648755802,8165.0,-0.4560895237982607,-0.3242793157986676,-1.298917841652951,-1.1689090183445283,-0.8619092901057722,Official (Quarter),-0.6993939356434661,1.2205846018810202,True,False,False,False,False,True,False,1,0,16,11985.0,4589.0,6954.0,10004.666666666666,9558.333333333334,1913.880961118856,15011.661582652727,1.9198460743950703
2019,0.1448413648755802,11376.0,0.2357279922210406,1.4788607500785902,-0.5788827543808531,-0.4738074847499702,0.033591579419197,Estimated (Region),-0.485493812309487,-1.231731493222399,False,False,False,False,False,False,True,1,0,16,8165.0,9864.0,10409.0,10508.666666666666,9834.166666666666,2052.3889332515087,9205.90944901499,2.8104937018647695
2019,0.1448413648755802,6486.0,-0.9232482807980604,1.0433472770257626,-0.2428663803205408,-0.3745072656650333,-0.8534710526632918,Estimated (Region),0.990474693714735,-1.231731493222399,False,True,False,False,False,True,False,1,0,16,11376.0,11985.0,14287.0,8675.666666666666,8744.166666666666,2484.6750961309126,84506.25038033146,1.668040601838589
2019,0.1448413648755802,7642.0,-0.5236984293339101,0.3305548036066134,-0.5788827543808531,-0.4986325395212044,-0.678759894877709,Interpolated (Month),-0.6397209901850649,-0.0055734456706894,True,False,False,True,False,False,False,1,0,16,6486.0,8165.0,10583.0,8501.333333333334,9253.0,2555.7514224456863,16044.456853906548,0.6593064561687755
2019,0.1448413648755802,12003.0,0.6012386377731452,1.674476469898929,0.6211757244059766,0.8170953633542092,0.9468750432860372,Interpolated (Month),0.6653003822312736,-0.0055734456706894,False,True,False,True,False,False,False,1,0,16,7642.0,11376.0,13064.0,8710.333333333334,9609.5,2909.5230422413156,7496.071926351129,0.9215127085063839
2019,0.1448413648755802,8330.0,-0.5079699686711028,0.5036266626357009,-0.5788827543808531,-0.672407922919844,-0.624477676162156,Estimated (Region),-1.3725162914181843,-1.231731493222399,False,False,False,False,False,True,False,1,0,16,12003.0,6486.0,6164.0,9325.0,9000.333333333334,2344.5893030549855,16929.86092231394,1.5373591056430596
2019,0.1448413648755802,11549.0,0.4610910106732053,0.9838744678267872,1.5812225074354402,1.6694222438332509,1.3366196746897263,Official (Quarter),1.176412132461927,1.2205846018810202,False,False,True,True,False,False,False,1,0,16,8330.0,7642.0,9124.0,10627.333333333334,9564.333333333334,2002.4570740301206,7904.367295147985,0.36857206464795095
2019,0.1448413648755802,8155.0,-0.4032700663485346,-0.6419659885112007,-0.5788827543808531,-0.4324323934645798,-0.555159537708492,Interpolated (Month),-1.5944881175194836,-0.0055734456706894,False,False,True,False,False,True,False,1,0,16,11549.0,12003.0,9721.0,9344.666666666666,9027.5,1911.012907683566,13666.148688232432,-1.1310828544812968
2019,0.1448413648755802,12631.0,0.7646268261509647,-0.6857176892412017,-1.298917841652951,-1.367509456514402,-0.3096861135847936,Official (Quarter),-0.6596119720045319,1.2205846018810202,False,False,False,False,True,False,False,1,0,16,8155.0,8330.0,13026.0,10778.333333333334,10051.666666666666,2335.399180725488,7157.887329385647,1.8658504620392804
2019,0.1448413648755802,10429.0,0.014121024076412,-1.367424317356049,-0.2428663803205408,-0.1345317362097692,0.0370178436156401,Official (Quarter),0.2919841292427252,1.2205846018810202,False,False,True,False,True,False,False,1,0,16,12631.0,11549.0,4589.0,10405.0,10516.166666666666,2238.096512664261,10283.782460281778,-1.5799820450579578
2019,0.1448413648755802,3620.0,-1.5880691852319462,1.4372969823071864,-1.298917841652951,-1.37578447477148,-1.5934025379299153,Interpolated (Month),0.5243338589020071,-0.0055734456706894,True,False,False,False,True,False,False,1,0,16,10429.0,8155.0,9864.0,8893.333333333334,9119.0,4697.683932890033,-6155.738288807294,-3.824790747891401
2019,0.1448413648755802,18300.0,1.8196074562801603,-0.1499877413037927,-0.2428663803205408,-0.109706681438535,1.6783966073432086,Official (Quarter),0.2596973181734454,1.2205846018810202,False,True,False,False,True,False,False,1,0,16,3620.0,12631.0,11985.0,10783.0,10780.666666666666,7346.399594359128,6490.265146391245,-0.1684700291204507
2019,0.4345240946267408,15165.0,1.3810885828753234,0.456969315364137,-1.298917841652951,-1.3095843287148556,0.0959439245478604,Interpolated (Month),-1.2110822360717852,-0.0055734456706894,False,False,False,False,False,False,True,1,0,16,18300.0,10429.0,8165.0,12361.666666666666,11383.333333333334,7731.080670471197,6368.935666260367,-1.4760737963097321
2019,0.4345240946267408,8619.0,-0.4140687109827008,0.8258248908832597,-0.5788827543808531,-0.6310328316344536,-0.5547347942130652,Official (Quarter),0.040319967961642,1.2205846018810202,False,False,False,False,False,False,False,1,0,16,15165.0,3620.0,11376.0,14028.0,11460.666666666666,4939.637334865803,14709.91592624358,2.238206977985345
2019,0.4345240946267408,8798.0,-0.2342478025094111,-0.3252346104707311,-0.5788827543808531,-0.5482826490636729,-0.4851334934291165,Official (Quarter),-1.3384998297559076,1.2205846018810202,False,False,True,False,False,False,True,1,0,16,8619.0,18300.0,6486.0,10860.666666666666,10821.833333333334,3728.7362917392375,11489.35651615695,-0.7199958332275248
2019,0.4345240946267408,9682.0,-0.0149883658069925,-1.2267027519380942,-1.298917841652951,-1.2102841096299186,-0.6511798839079913,Interpolated (Month),-0.8971506534428052,-0.0055734456706894,False,False,True,False,False,True,False,1,0,16,8798.0,15165.0,7642.0,9033.0,10697.333333333334,569.1317949296458,9829.325526629127,5.833549449347277
2019,0.4345240946267408,7950.0,-0.5077352155268818,0.0672846379604333,-0.5788827543808531,-0.7303330507193905,-0.7157408952128745,Interpolated (Month),-0.2479551308712138,-0.0055734456706894,False,True,False,False,False,True,False,1,0,16,9682.0,8619.0,12003.0,8810.0,11419.0,866.0623534133251,16149.845064600873,0.24951013885805626
2019,0.4345240946267408,15767.0,1.2796752245718492,-1.7050176013645313,-0.5788827543808531,-0.7220580324623124,0.6588989533866242,Estimated (Region),0.3190819885330136,-1.231731493222399,False,True,False,True,False,False,False,1,0,16,7950.0,8798.0,8330.0,11133.0,10996.833333333334,4105.535653236976,6916.336077197679,-6.1344374024168875
2019,0.4345240946267408,7614.0,-0.6413097545886336,1.1038857219047091,1.5812225074354402,1.5039218786916893,0.0986339666855636,Interpolated (Month),-1.4045148273886314,-0.0055734456706894,True,False,False,True,False,False,False,1,0,16,15767.0,9682.0,11549.0,10443.666666666666,9738.333333333334,4613.201961038912,21227.22905739416,0.44086268477413304
2019,0.4345240946267408,13326.0,1.0625285661674198,-0.0067248534829973,-0.2428663803205408,-0.1262567179526911,0.6382281032758503,Estimated (Region),-0.1678146533956798,-1.231731493222399,True,False,False,False,False,False,False,1,0,16,7614.0,7950.0,8155.0,12235.666666666666,10522.833333333334,4184.432139888681,6461.001422522018,-0.007696601073990499
2019,0.4345240946267408,8889.0,-0.1656998843968777,0.3365748499479415,-1.298917841652951,-1.1937340731157626,-0.7628591069722278,Estimated (Region),-0.2886019198066464,-1.231731493222399,False,False,False,False,False,True,False,1,0,16,13326.0,15767.0,12631.0,9943.0,10538.0,2998.3200296165683,10654.439372304378,-1.7373033278809284
2019,0.4345240946267408,13167.0,1.0526689341101376,-0.9993888439227244,0.6211757244059766,0.5191947060993986,1.0416777914653133,Interpolated (Month),0.5828537039650769,-0.0055734456706894,False,False,True,False,False,False,False,1,0,16,8889.0,7614.0,10429.0,11794.0,11118.833333333334,2517.0595940501707,6414.575570954452,-0.6578411838260684
2019,0.4345240946267408,13675.0,0.8827076576941301,0.1256803797533934,1.5812225074354402,1.810097554203578,2.0692738880680364,Official (Quarter),-0.0686480193971774,1.2205846018810202,False,False,False,True,False,False,False,1,0,16,13167.0,13326.0,3620.0,11910.333333333334,12073.0,2628.850953046473,7263.474997891402,0.044724561097670874
2019,0.4345240946267408,8803.0,-0.3290880727746971,1.6794443004125994,-1.298917841652951,-1.259934219172387,-0.805758200010341,Estimated (Region),-0.2707288636790094,-1.231731493222399,True,False,False,False,False,True,False,1,0,16,13675.0,8889.0,18300.0,11881.666666666666,10912.333333333334,2678.2750667796145,13120.947240283318,-6.461035818061341
2019,0.4345240946267408,8185.0,-0.3692308604364889,-0.9242804156843244,1.5812225074354402,1.719072353375719,0.354442815864649,Interpolated (Month),0.3254240407073365,-0.0055734456706894,False,True,False,False,False,False,True,1,0,16,8803.0,13167.0,15165.0,10221.0,11007.5,3007.169433204574,12976.221388484504,-0.3399249065722114
2019,0.4345240946267408,12337.0,0.6695518027414576,0.7737036755940094,-1.298917841652951,-1.350959420000246,-0.3410321835472962,Interpolated (Month),0.7783042209737531,-0.0055734456706894,False,False,True,True,False,False,False,1,0,16,8185.0,13675.0,8619.0,9775.0,10842.666666666666,2240.170529223142,7389.408330871945,-2.2045388483758814
2019,0.4345240946267408,7734.0,-0.666897847308723,-1.5379921313498317,0.6211757244059766,0.461269578299852,-0.280492077332454,Interpolated (Month),0.2989027316147137,-0.0055734456706894,True,False,False,False,False,False,True,1,0,16,12337.0,8803.0,8798.0,9418.666666666666,10650.166666666666,2537.390851511293,23218.102727687754,-1.052504037714413
2019,0.4345240946267408,16904.0,1.5921316595300068,-0.9114023277794522,0.6211757244059766,0.6681450347268039,2.0645450771522844,Official (Quarter),1.160845277124953,1.2205846018810202,False,True,False,False,False,False,False,1,0,16,7734.0,8185.0,9682.0,12325.0,11273.0,4585.01177752032,6521.273692967029,-0.5463567668315571
2019,0.4345240946267408,11480.0,0.2955900439973969,-1.5009071150300215,-0.2428663803205408,-0.3248571561225649,0.1409101025970509,Interpolated (Month),1.4453727996729815,-0.0055734456706894,False,False,True,False,True,False,False,1,0,16,16904.0,12337.0,7950.0,12039.333333333334,10907.166666666666,4610.516818463345,8860.827584457005,-2.2230956435976013
2019,0.4345240946267408,7717.0,-0.4276843933475191,1.4513152606271025,0.6211757244059766,0.6184949251843354,-0.2222455859929167,Official (Quarter),1.040346285812819,1.2205846018810202,True,False,False,False,True,False,False,1,0,16,11480.0,7734.0,15767.0,12033.666666666666,10726.166666666666,4618.457787328294,13483.818910928085,0.8967067106878989
2019,0.4345240946267408,14086.0,0.8913935240303072,-0.4782547249862611,-0.2428663803205408,-0.1924568640093157,0.7469058056390703,Official (Quarter),-1.465629148341197,1.2205846018810202,False,False,False,False,True,False,False,1,0,16,7717.0,16904.0,7614.0,11094.333333333334,11709.666666666666,3201.9672598784196,7447.41896439648,-0.5922342766241755
2019,0.4345240946267408,11957.0,0.3737628410229915,1.6041624081572634,-0.2428663803205408,-0.1262567179526911,0.3561984223124134,Estimated (Region),1.2778849672510924,-1.231731493222399,False,True,False,False,True,False,False,1,0,16,14086.0,11480.0,13326.0,11253.333333333334,11646.333333333334,3242.28319758366,8703.831289464822,1.8359653700552354
2019,0.7242068243779014,8123.0,-0.4802690976530242,1.5603495725445031,0.6211757244059766,0.5771198338989451,-0.1403267238415892,Interpolated (Month),0.9599175332384524,-0.0055734456706894,False,True,False,False,False,True,False,1,0,16,11957.0,7717.0,8889.0,11388.666666666666,11711.166666666666,3021.852798091484,15629.241908300135,0.9893665268840208
2019,0.7242068243779014,6790.0,-0.8105667715719781,1.4887904467271251,1.5812225074354402,1.6694222438332509,-0.0823633948323366,Official (Quarter),-0.2609275103186923,1.2205846018810202,True,False,False,False,False,True,False,1,0,16,8123.0,14086.0,13167.0,8956.666666666666,10025.5,2682.4843584507985,35843.76435087768,0.5577201022305276
2019,0.7242068243779014,9669.0,-0.1166364772546876,-1.7103308688173715,-0.2428663803205408,-0.1841818457522376,-0.1438662529701465,Official (Quarter),1.1452784217879786,1.2205846018810202,False,False,False,False,False,False,False,1,0,16,6790.0,11957.0,13675.0,8194.0,9723.666666666666,1440.8126179346903,10945.663649264952,-2.096460908490579
2019,0.7242068243779014,7202.0,-0.706571128682073,-0.9197365530974336,0.6211757244059766,0.4116194687573836,-0.424508438515189,Estimated (Region),1.3317924107328365,-1.231731493222399,False,False,False,False,False,False,True,1,0,16,9669.0,8123.0,8803.0,7887.0,9637.833333333334,1556.9454068784169,24544.27871276753,-0.6515470871955718
2019,0.7242068243779014,6575.0,-0.7300464431041734,0.5835731961487449,-0.2428663803205408,-0.3165821378654868,-0.8167165821923541,Interpolated (Month),0.3161992375446851,-0.0055734456706894,True,False,False,False,False,False,True,1,0,16,7202.0,6790.0,8185.0,7815.333333333333,8386.0,1635.6473743851784,24356.041370987576,0.8539039268392483
2019,0.7242068243779014,3533.0,-1.5584902890600996,-0.5680504360339622,-1.298917841652951,-1.1771840366016064,-1.5697301671181247,Interpolated (Month),0.1337210999834873,-0.0055734456706894,False,False,True,False,False,False,False,1,0,16,6575.0,9669.0,12337.0,5770.0,6982.0,1962.5007006367368,-6325.98286703569,3.2059910527448277
2019,0.7242068243779014,1329.0,-2.155937041102557,0.3046375895691109,-0.5788827543808531,-0.5813827220919852,-1.8642189906140831,Estimated (Region),-1.0450357791440603,-1.231731493222399,False,False,True,False,False,False,True,1,0,16,3533.0,7202.0,7734.0,3812.3333333333335,5849.666666666667,2634.131608962033,-1149.7165959249578,0.7277234018899016
2019,0.7242068243779014,6149.0,-1.0410943591970048,-0.5836795936630136,-0.5788827543808531,-0.6558578864056878,-1.007398095405987,Interpolated (Month),1.7077031396108804,-0.0055734456706894,False,False,False,True,False,False,False,1,0,16,1329.0,6575.0,16904.0,3670.3333333333335,5742.833333333333,2412.9329317933602,-149631.24185784068,-1.6960423342755349
2019,0.7242068243779014,7842.0,-0.6042187578017147,0.4457796436928747,-0.5788827543808531,-0.6227578133773755,-0.6913323023423441,Official (Quarter),1.7339361736046703,1.2205846018810202,False,False,True,True,False,False,False,1,0,16,6149.0,3533.0,11480.0,5106.666666666667,5438.333333333333,3379.295242107884,19813.97591367198,1.1816802560812527
2019,0.7242068243779014,15884.0,1.610207651635024,-0.9971273502921892,0.6211757244059766,0.5026446695852423,1.6779152313817254,Official (Quarter),-0.7371579735905702,1.2205846018810202,False,False,False,False,False,True,False,1,0,16,7842.0,1329.0,7717.0,9958.333333333334,6885.333333333333,5201.125487174219,6085.33960508863,-0.6635815974826669
2019,0.7242068243779014,13821.0,1.1846002011623424,-1.4308624443977522,-0.5788827543808531,-0.4407074117216579,0.5171195746131376,Interpolated (Month),1.1455666968868117,-0.0055734456706894,False,True,False,False,False,False,True,1,0,16,15884.0,6149.0,14086.0,12515.666666666666,8093.0,4176.884285365518,6326.558055174752,-2.5583432972039626
2019,0.7242068243779014,1930.0,-2.010155338541313,1.4545916927177591,-1.298917841652951,-1.2102841096299186,-1.8167609840583885,Interpolated (Month),-0.1496533221692099,-0.0055734456706894,False,False,True,False,False,True,False,1,0,16,13821.0,7842.0,11957.0,10545.0,7825.833333333333,7531.776749213957,-1910.5972382296802,-6.917268714586716
2019,0.7242068243779014,10984.0,0.2498131808743009,0.9717767194823403,-1.298917841652951,-1.359234438257324,-0.539387395911641,Estimated (Region),-1.1410313870554012,-1.231731493222399,True,False,False,True,False,False,False,1,0,16,1930.0,15884.0,8123.0,8911.666666666666,9435.0,6210.46651495145,8788.513489925106,-2.705132403776513
2019,0.7242068243779014,9845.0,0.0838427079100505,-1.0359902485276968,-0.5788827543808531,-0.4820825030070482,-0.2586885779005416,Official (Quarter),1.230607851042504,1.2205846018810202,False,True,False,False,False,False,False,1,0,16,10984.0,13821.0,6790.0,7586.333333333333,10051.0,4931.522111207973,9083.421356392102,-2.0002997669371947
2019,0.7242068243779014,10505.0,0.0786781387371884,-0.4521287576905555,1.5812225074354402,1.7025223168615629,1.0431785518158214,Interpolated (Month),1.0951185545910618,-0.0055734456706894,False,True,False,True,False,False,False,1,0,16,9845.0,1930.0,9669.0,10444.666666666666,10494.833333333334,571.8918895501931,9738.771578608455,-0.16729880632978908
2019,0.7242068243779014,10142.0,-0.0816582587657579,1.6253543430858652,-0.5788827543808531,-0.672407922919844,-0.3020124144340818,Estimated (Region),0.5315407363728285,-1.231731493222399,True,False,False,False,False,False,False,1,0,16,10505.0,10984.0,7202.0,10164.0,9537.833333333334,330.54954242887834,11043.819032301912,4.961519086702972
2019,0.7242068243779014,9082.0,-0.1675779095506457,0.154004717670606,0.6211757244059766,0.461269578299852,0.0378390143734656,Estimated (Region),-0.4102540115141116,-1.231731493222399,True,False,False,False,True,False,False,1,0,16,10142.0,9845.0,6575.0,9909.666666666666,8748.0,739.402686858291,10910.33035307532,0.10539103801078674
2019,0.7242068243779014,10972.0,0.1307933367542514,-1.1794907174375906,-0.5788827543808531,-0.4820825030070482,-0.0471096847119069,Interpolated (Month),0.4217079237175103,-0.0055734456706894,False,True,False,False,True,False,False,1,0,16,9082.0,10505.0,3533.0,10065.333333333334,10255.0,947.3295801004365,9702.922402685223,-2.2773718290765563
2019,0.7242068243779014,3820.0,-1.4882990989380191,0.5935272473440707,1.5812225074354402,1.5370219517200014,-0.9938912522514128,Interpolated (Month),-0.0225240035839205,-0.0055734456706894,False,False,True,False,True,False,False,1,0,16,10972.0,10142.0,1329.0,7958.0,9061.0,3706.117645191503,-7823.074030461975,0.23394643745265287
2019,0.7242068243779014,13291.0,0.9820082376996152,0.6079709846854683,0.6211757244059766,0.6598700164697258,1.1673169174125788,Estimated (Region),1.3770516012495948,-1.231731493222399,False,False,False,False,True,False,False,1,0,16,3820.0,9082.0,6149.0,9361.0,9635.333333333334,4936.744980247602,6705.8248029412725,0.3662762617873681
2019,1.013889554129062,5655.0,-1.003533856121644,-1.3897350703423064,-1.298917841652951,-1.3923345112856362,-1.3095039855866002,Interpolated (Month),-0.8014433206302971,-0.0055734456706894,True,False,False,False,False,False,False,1,0,16,13291.0,10972.0,7842.0,7588.666666666667,8827.0,5022.873712660226,-1600234.9290239823,3.5422197904239936
2019,1.013889554129062,11179.0,0.3742323473114335,-0.9150132621148012,-0.5788827543808531,-0.5069075577782824,-0.022474561977149,Interpolated (Month),1.312189704012202,-0.0055734456706894,False,False,False,True,False,False,False,1,0,16,5655.0,3820.0,15884.0,10041.666666666666,8999.833333333334,3943.0025784081436,8134.7233761967145,-1.85566271912837
2019,1.013889554129062,6836.0,-0.7460096569112017,-0.8540702335401941,-0.2428663803205408,-0.1428067544668473,-0.7045276669336054,Estimated (Region),1.118757112695356,-1.231731493222399,True,False,False,True,False,False,False,1,0,16,11179.0,13291.0,13821.0,7890.0,8625.5,2908.92265280461,26914.409094719187,-0.9963567001848969
2019,1.013889554129062,11057.0,0.2197647784140123,0.1580689447951969,1.5812225074354402,1.594947079519548,1.1476654516908298,Estimated (Region),-0.4768455593445013,-1.231731493222399,False,True,False,False,False,False,False,1,0,16,6836.0,5655.0,1930.0,9690.666666666666,8639.666666666666,2472.9663025066166,9064.862501093663,0.0609141304047184
2019,1.013889554129062,12891.0,0.826836409369531,1.1272019697513125,1.5812225074354402,1.3218714770359716,1.5068002351907563,Estimated (Region),0.1648548106574358,-1.231731493222399,False,False,True,False,False,True,False,1,0,16,11057.0,11179.0,10984.0,10261.333333333334,10151.5,3104.9267838925416,7056.461067824283,0.48547130230923174
2019,1.013889554129062,10447.0,0.1199946921200852,0.0010149220806722,0.6211757244059766,0.4364445235286178,0.3468823816460509,Interpolated (Month),0.6575169545627865,-0.0055734456706894,False,False,True,False,False,False,True,1,0,16,12891.0,6836.0,9845.0,11465.0,9677.5,1272.058174770328,9327.722777171768,0.0007065515333505881
2019,1.013889554129062,6086.0,-0.9685556376327144,-0.5727866498373403,-1.298917841652951,-1.384059493028558,-1.2461322560689123,Estimated (Region),-0.8838899988964939,-1.231731493222399,False,True,False,False,False,True,False,1,0,16,10447.0,11057.0,10505.0,9808.0,9749.333333333334,3447.2085808665424,193548.20838510004,1.4914008382413528
2019,1.013889554129062,16370.0,1.6210062962691905,-1.215273511051466,-1.298917841652951,-1.2516592009153091,0.3196704817057033,Estimated (Region),-1.1139335277651128,-1.231731493222399,False,False,True,False,False,False,False,1,0,16,6086.0,12891.0,10142.0,10967.666666666666,10614.5,5161.732687124869,6245.692741486921,4.829044623170532
2019,1.013889554129062,3237.0,-1.685726493227884,0.257797334680836,1.5812225074354402,1.4377217326350646,-1.18026869804472,Official (Quarter),1.0363104344291592,1.2205846018810202,False,True,False,True,False,False,False,1,0,16,16370.0,10447.0,9082.0,8564.333333333334,10014.666666666666,6908.366256455514,-4720.540961984189,0.10575338900645112
2019,1.013889554129062,9848.0,0.0340750413351974,-1.6759656092330102,-0.5788827543808531,-0.4324323934645798,-0.2330057545437308,Interpolated (Month),-1.555859254275881,-0.0055734456706894,False,False,True,True,False,False,False,1,0,16,3237.0,6086.0,10972.0,9818.333333333334,9813.166666666666,6566.550261235594,9523.48679384454,-2.952891584957673
2019,1.013889554129062,10554.0,0.1789177313195575,-1.4237081720201858,0.6211757244059766,0.5771198338989451,0.4482261796549003,Official (Quarter),1.2415623047981523,1.2205846018810202,True,False,False,False,False,False,True,1,0,16,9848.0,16370.0,3820.0,7879.666666666667,9423.666666666666,4036.1335871515876,8952.278619295133,-0.9027266929365183
2019,1.013889554129062,9541.0,-0.2051384126260065,-0.1322223419991275,-1.298917841652951,-1.3344093834860895,-0.7331553785253758,Interpolated (Month),-1.5887226155428265,-0.0055734456706894,False,True,False,False,False,False,True,1,0,16,10554.0,3237.0,13291.0,9981.0,9272.666666666666,519.4314199198285,12003.347691666506,0.39539064550390396
2019,1.013889554129062,12582.0,0.6895058200002431,-0.3635294016249856,0.6211757244059766,0.7591702355546627,1.0567703436694809,Interpolated (Month),-0.0049392225551163,-0.0055734456706894,False,False,False,False,False,False,False,1,0,16,9541.0,9848.0,5655.0,10892.333333333334,10355.333333333334,1548.4741952429545,7447.148066052942,-0.20664822214341613
2019,1.013889554129062,10136.0,0.2272768790290844,0.0111101302410687,0.6211757244059766,0.5936698704131012,0.3556320976518441,Estimated (Region),0.8962087363963911,-1.231731493222399,True,False,False,False,False,True,False,1,0,16,12582.0,10554.0,11179.0,10753.0,9316.333333333334,1611.6566011405698,8258.935023707714,0.006971412616459143
2019,1.013889554129062,10998.0,0.1211684578411902,0.0259673978463352,0.6211757244059766,0.7426201990405065,0.6491298529918066,Estimated (Region),1.5281077530380112,-1.231731493222399,False,False,False,False,False,False,True,1,0,16,10136.0,9541.0,6836.0,11238.666666666666,10609.833333333334,1240.6326343174017,9809.409034906894,0.014901352492432346
2019,1.013889554129062,6022.0,-0.997195521227677,-1.1753365275993457,0.6211757244059766,0.7012451077551162,-0.6106310382112403,Interpolated (Month),0.9149466178205268,-0.0055734456706894,False,False,False,False,False,True,False,1,0,16,10998.0,12582.0,11057.0,9052.0,9972.166666666666,2659.217178043169,2147279.579874227,-0.6908684246858849
2019,1.013889554129062,10077.0,0.1735184090024743,0.3981620314335762,-1.298917841652951,-1.37578447477148,-0.6773723994593146,Interpolated (Month),1.618914409170361,-0.0055734456706894,True,False,False,False,True,False,False,1,0,16,6022.0,10136.0,12891.0,9032.333333333334,9892.666666666666,2647.3836770164626,8586.99780309859,-1.0595489121143291
2019,1.013889554129062,10325.0,-0.0595914632089834,-1.2134374764424112,0.6211757244059766,0.6267699434414135,0.4190887758686176,Estimated (Region),0.2816062256847424,-1.231731493222399,False,False,True,False,True,False,False,1,0,16,10077.0,10998.0,10447.0,8808.0,10023.333333333334,2415.931083454133,10979.270812696253,-0.7459183035281547
2019,1.013889554129062,10077.0,0.0314927567487664,-0.0290997235414171,-0.2428663803205408,-0.1262567179526911,-0.0310826968178,Interpolated (Month),1.1677638794969414,-0.0055734456706894,False,True,False,False,True,False,False,1,0,16,10325.0,6022.0,6086.0,10159.666666666666,9605.833333333334,143.18286675881728,9769.33665706233,-0.033304660693049534
2019,1.013889554129062,7860.0,-0.4840251479605603,-0.4961682396979364,-0.2428663803205408,-0.1428067544668473,-0.4944495340954789,Estimated (Region),-0.9017630550241308,-1.231731493222399,False,False,False,False,True,False,False,1,0,16,10077.0,10077.0,16370.0,9420.666666666666,9226.5,1357.253231100678,15233.30055511931,-0.5788289190138592
2019,1.3035722838802226,9770.0,0.0533247991613198,-1.018326740694298,-0.5788827543808531,-0.5069075577782824,-0.2852208882482063,Official (Quarter),-1.637152832146746,1.2205846018810202,False,False,True,True,False,False,False,1,0,16,7860.0,10325.0,3237.0,9235.666666666666,9021.833333333334,1201.2103618156232,9275.391605494418,-2.0651842403141325
2019,1.3035722838802226,10931.0,0.109196047485919,1.6402459058692649,-0.2428663803205408,-0.4076073386933456,-0.0130169401456441,Estimated (Region),1.066579319806609,-1.231731493222399,False,True,False,False,False,False,False,1,0,16,9770.0,10077.0,9848.0,9520.333333333334,9840.0,1550.6483590205862,9854.885459406369,2.768849131674481
2019,1.3035722838802226,13482.0,0.7280053356524879,1.1738980854851138,-0.5788827543808531,-0.6806829411769221,0.2866820702275503,Official (Quarter),-0.6682602249695176,1.2205846018810202,False,False,False,False,False,False,False,1,0,16,10931.0,7860.0,10554.0,11394.333333333334,10407.5,1898.8797574710586,7802.059242432402,3.6762773959268125
2019,1.3035722838802226,9854.0,-0.1694559347044137,1.175153587223736,-0.5788827543808531,-0.5731077038349071,-0.3030317988231063,Official (Quarter),0.1129652928675217,1.2205846018810202,False,True,False,False,False,True,False,1,0,16,13482.0,9770.0,9541.0,11422.333333333334,10329.0,1863.2370577393924,11864.511964808287,2.752810481192817
2019,1.3035722838802226,20196.0,2.275263309213131,-1.5161361622475171,1.5812225074354402,1.4128966778638303,3.648979896259625,Interpolated (Month),-1.597947418705478,-0.0055734456706894,False,False,False,False,False,False,True,1,0,16,9854.0,10931.0,12582.0,14510.666666666666,12015.5,5247.176129437006,6166.22179450116,-0.6283469060887318
2019,1.3035722838802226,5021.0,-1.288054666917502,-0.6257692208324627,-0.2428663803205408,-0.2090069005234718,-1.0939325035409533,Estimated (Region),-0.9833449079938292,-1.231731493222399,False,True,False,False,False,False,True,1,0,16,20196.0,13482.0,10136.0,11690.333333333334,11542.333333333334,7752.370368689396,-17430.71915386811,-0.7911184323182981
2019,1.3035722838802226,8322.0,-0.5326190488143083,1.2311794825045224,-1.298917841652951,-1.367509456514402,-0.9228175073499844,Interpolated (Month),1.314495904802865,-0.0055734456706894,False,False,True,False,False,False,True,1,0,16,5021.0,9854.0,10998.0,11179.666666666666,11301.0,7980.905357998761,17805.60371339064,-3.350062047876243
2019,1.3035722838802226,9433.0,-0.2511500288933234,1.3125594550572286,0.6211757244059766,0.7343451807834285,0.2529574366906572,Official (Quarter),-1.1286355578055884,1.2205846018810202,False,False,False,True,False,False,False,1,0,16,8322.0,20196.0,6022.0,7592.0,11051.333333333334,2294.800862820082,12596.64867992127,0.7568040489289029
2019,1.3035722838802226,10763.0,0.0462822048346897,-1.2403243990674246,-0.5788827543808531,-0.7137830142052343,-0.2143453569779772,Interpolated (Month),0.4548595600832888,-0.0055734456706894,False,True,False,True,False,False,False,1,0,16,9433.0,5021.0,10077.0,9506.0,10598.166666666666,1222.1362444506353,10286.899605351244,-4.333510799938371
2019,1.3035722838802226,15281.0,1.2573736758708538,1.4168620264553555,1.5812225074354402,1.379796604835518,2.222209862654735,Interpolated (Month),-1.0926011704514815,-0.0055734456706894,False,False,True,False,False,False,False,1,0,16,10763.0,8322.0,10325.0,11825.666666666666,11502.666666666666,3065.407205141492,6769.371045360874,0.5953710596848605
2019,1.3035722838802226,12478.0,0.5927875245811891,0.8963651019879789,-1.298917841652951,-1.2764842556865432,-0.2731581729780834,Official (Quarter),-1.4422788653357357,1.2205846018810202,True,False,False,False,False,False,False,1,0,16,15281.0,9433.0,10077.0,12840.666666666666,10216.333333333334,2280.7293424107625,7834.0643729495505,-3.242011375158408
2019,1.3035722838802226,12351.0,0.6195493830223836,-0.6910051110525502,1.5812225074354402,1.3963466413496743,1.4026248138790611,Interpolated (Month),-0.7253386945384231,-0.0055734456706894,True,False,False,False,False,False,True,1,0,16,12478.0,10763.0,7860.0,13370.0,11438.0,1656.1923197503738,7626.195366115179,-0.2883577438793919
2019,1.3035722838802226,499.0,-2.3735532057954285,1.5569881480558634,1.5812225074354402,1.603222097776626,-1.959842909551184,Official (Quarter),0.1585127584831129,1.2205846018810202,False,False,False,False,False,True,False,1,0,16,12351.0,15281.0,9770.0,8442.666666666666,10134.166666666666,6879.710192539594,-363.2913511428396,0.5981003885091726
2019,1.3035722838802226,10964.0,0.3265774590345695,1.706380429162761,1.5812225074354402,1.4459967508921427,1.0364392883550482,Official (Quarter),0.614563964836691,1.2205846018810202,True,False,False,False,False,True,False,1,0,16,499.0,12478.0,10931.0,7938.0,10389.333333333334,6479.582008123657,8264.877354375647,0.6976217071998901
2019,1.3035722838802226,9749.0,0.1040314783130569,0.1605605640413225,1.5812225074354402,1.4542717691492208,0.6922554758941472,Interpolated (Month),0.7194961008118504,-0.0055734456706894,True,False,False,True,False,False,False,1,0,16,10964.0,12351.0,13482.0,7070.666666666667,10220.333333333334,5723.561682495707,8830.364162167116,0.06542085764893966
2019,1.3035722838802226,15709.0,1.3735764822602512,0.2263610821216932,-0.2428663803205408,-0.341407192636721,0.9556247592918304,Estimated (Region),0.856426772757457,-1.231731493222399,False,False,True,False,False,True,False,1,0,16,9749.0,499.0,9854.0,12140.666666666666,10291.666666666666,3149.4139666505234,6618.282628517207,0.34370415162586604
2019,1.3035722838802226,12742.0,0.7756602239293519,1.05472432959784,1.5812225074354402,1.5452969699770795,1.611145553900622,Interpolated (Month),-0.4592607783156971,-0.0055734456706894,False,False,False,False,True,False,False,1,0,16,15709.0,10964.0,20196.0,12733.333333333334,10335.666666666666,2980.0094518865903,7175.922413694258,0.41438163877880924
2019,1.3035722838802226,6502.0,-0.8624472164448201,-1.4499231079664114,0.6211757244059766,0.4860946330710862,-0.5631730316555452,Interpolated (Month),1.554629062130634,-0.0055734456706894,True,False,False,False,True,False,False,1,0,16,12742.0,9749.0,5021.0,11651.0,9360.833333333334,4699.459862579956,47269.12703581674,-0.975660012290116
2019,1.3035722838802226,13795.0,0.8578238244067036,-0.4396661881758204,1.5812225074354402,1.4459967508921427,1.8480957918827547,Official (Quarter),-0.0187764272990933,1.2205846018810202,False,True,False,False,True,False,False,1,0,16,6502.0,15709.0,8322.0,11013.0,11576.833333333334,3941.959284416822,7425.354233685444,-0.17974929362251132
2019,1.3035722838802226,12028.0,0.4817492873646538,-0.8365767105027602,-1.298917841652951,-1.350959420000246,-0.3852621395377468,Interpolated (Month),-0.1265913142625814,-0.0055734456706894,False,False,True,False,True,False,False,1,0,16,13795.0,12742.0,9433.0,10775.0,11754.166666666666,3804.5326914090206,8117.432620056963,2.3836850154988687
2019,1.5932550136313832,5928.0,-1.0702037490804095,-0.4590986313567086,-0.5788827543808531,-0.6972329776910782,-1.059499964178349,Official (Quarter),0.4629312628506087,1.2205846018810202,True,False,False,False,False,True,False,1,0,16,12028.0,6502.0,10763.0,10583.666666666666,11117.333333333334,4127.589651762066,-84439.93487029058,-1.5163429222099267
2019,1.5932550136313832,15301.0,1.2944646726577729,1.1984822608595178,-0.2428663803205408,-0.1924568640093157,0.9930871355884798,Interpolated (Month),0.5407655395354799,-0.0055734456706894,True,False,False,False,False,False,False,1,0,16,5928.0,13795.0,15281.0,11085.666666666666,11049.333333333334,4757.023894551437,6668.657914996888,1.4841092784340666
2019,1.5932550136313832,16992.0,1.6402560540953128,-0.4665978436418775,-0.2428663803205408,-0.1262567179526911,1.3934220381448126,Interpolated (Month),-1.035810975981409,-0.0055734456706894,False,True,False,True,False,False,False,1,0,16,15301.0,12028.0,12478.0,12740.333333333334,11757.666666666666,5959.931571195547,6435.739432788586,-0.5340216665798794
2019,1.5932550136313832,8432.0,-0.4112516732520487,-1.2082146687347923,-0.5788827543808531,-0.4820825030070482,-0.5239550489111319,Interpolated (Month),0.7362160565441561,-0.0055734456706894,True,False,False,True,False,False,False,1,0,16,16992.0,5928.0,12351.0,13575.0,12079.333333333334,4533.509347073206,14321.90906864321,-2.3328323058203893
2019,1.5932550136313832,14386.0,1.1892952640467624,0.5734243085790969,0.6211757244059766,0.7508952172975846,1.5042800904512237,Interpolated (Month),-0.9648953016685264,-0.0055734456706894,False,False,False,False,False,True,False,1,0,16,8432.0,15301.0,499.0,13270.0,12177.833333333334,4387.766174262265,6571.064322045105,0.32750349816144186
2019,1.5932550136313832,4442.0,-1.436418654065177,-0.3800755824954305,-0.2428663803205408,-0.0848816266673007,-1.1824490479879113,Estimated (Region),-0.6042631530286237,-1.231731493222399,False,True,False,False,False,False,False,1,0,16,14386.0,16992.0,10964.0,9086.666666666666,10913.5,5004.220751858695,-10178.300030540417,-0.4153294191999035
2019,1.5932550136313832,1234.0,-2.206643720254294,1.227680877303349,-0.2428663803205408,-0.3579572291508772,-1.8674187249462988,Official (Quarter),1.6618673988964563,1.2205846018810202,False,False,False,False,False,False,True,1,0,16,4442.0,8432.0,9749.0,6687.333333333333,10131.166666666666,6857.471642911333,-1022.6713811927357,1.912148120100629
2019,1.5932550136313832,10012.0,0.1946461919823648,-1.3962099005675774,0.6211757244059766,0.5357447426135546,0.2957432647966565,Interpolated (Month),0.4975242747105515,-0.0055734456706894,False,False,False,False,False,False,False,1,0,16,1234.0,14386.0,15709.0,5229.333333333333,9249.666666666666,4441.648492770783,8380.723989406728,-0.9091419047878265
2019,1.5932550136313832,13871.0,1.1369453128854785,1.5266990443537036,-1.298917841652951,-1.243384182658231,-0.0448727023026588,Estimated (Region),-1.1710119973340185,-1.231731493222399,False,False,True,True,False,False,False,1,0,16,10012.0,4442.0,12742.0,8372.333333333334,8729.5,6476.096226379991,6491.041168138384,-6.272794836867235
2019,1.5932550136313832,11307.0,0.4981820074601241,-0.2315769641462698,-0.5788827543808531,-0.4324323934645798,0.0446065940672669,Estimated (Region),-0.1459057458843828,-1.231731493222399,False,True,False,False,False,False,True,1,0,16,13871.0,1234.0,6502.0,11730.0,9208.666666666666,1963.9671585848928,7547.147104755862,-0.40801652786330705
2019,1.5932550136313832,12529.0,0.5319864602279488,-1.482683949652011,-0.2428663803205408,-0.1759068274951595,0.4421098733207536,Estimated (Region),-0.3177177047887649,-1.231731493222399,False,False,True,False,False,True,False,1,0,16,11307.0,10012.0,13795.0,12569.0,8899.166666666666,1282.4679333223373,8178.270712742313,-1.799170286953569
2019,1.5932550136313832,7926.0,-0.4795648382203611,1.4357546933543173,-1.298917841652951,-1.2764842556865432,-0.9421291782753924,Interpolated (Month),-1.1067266502942914,-0.0055734456706894,True,False,False,False,False,False,True,1,0,16,12529.0,13871.0,12028.0,10587.333333333334,9479.833333333334,2384.3955907804566,15229.562839099644,-5.19289856049549
2019,1.5932550136313832,14160.0,1.234837374025637,0.2225975590952286,1.5812225074354402,1.6942472986044848,2.133183626013265,Estimated (Region),0.758413239154286,-1.231731493222399,False,True,False,False,False,True,False,1,0,16,7926.0,11307.0,5928.0,11538.333333333334,11634.166666666666,3232.917310005522,6336.031500356305,0.0826195721567673
2019,1.5932550136313832,11220.0,0.4167226664154354,-1.435319823491959,-1.298917841652951,-1.3013093104577775,-0.4723345561002537,Estimated (Region),-1.1084563008872883,-1.231731493222399,False,False,False,True,False,False,False,1,0,16,14160.0,12529.0,15301.0,11102.0,11835.5,3118.6747185302897,7919.686940838344,4.763609266873585
2019,1.5932550136313832,8103.0,-0.3368349265339902,0.5273758249772925,-1.298917841652951,-1.3923345112856362,-0.9643007887366748,Interpolated (Month),1.568754541973444,-0.0055734456706894,False,False,True,False,False,False,True,1,0,16,11220.0,7926.0,16992.0,11161.0,10874.166666666666,3028.9309995442263,12218.677255799896,-1.3441994262731083
2019,1.5932550136313832,6711.0,-0.8312250482634265,-1.5567843978722298,-0.2428663803205408,-0.2421069735517841,-0.7643881835557645,Estimated (Region),-1.2837275609776648,-1.231731493222399,False,False,True,False,False,False,False,1,0,16,8103.0,14160.0,8432.0,8678.0,10108.166666666666,2308.839318791985,39763.00944511381,-2.0540951605900535
2019,1.5932550136313832,5122.0,-1.2267840962758196,-0.5148079175292194,-0.5788827543808531,-0.4903575212641263,-1.1475351326638232,Interpolated (Month),1.068308970399606,-0.0055734456706894,True,False,False,False,True,False,False,1,0,16,6711.0,11220.0,14386.0,6645.333333333333,8873.666666666666,1491.584504254804,-22585.357986348896,-1.0101354165103311
2019,1.5932550136313832,14919.0,1.1846002011623424,1.49500831163218,-0.5788827543808531,-0.7137830142052343,0.516468301253483,Official (Quarter),0.1902230193547271,1.2205846018810202,False,True,False,False,True,False,False,1,0,16,5122.0,8103.0,4442.0,8917.333333333334,10039.166666666666,5257.968460663605,6829.167182197534,5.223338885638982
2019,1.5932550136313832,16654.0,1.8517686370384383,0.3758945201936612,-0.5788827543808531,-0.6806829411769221,0.8498636289305419,Estimated (Region),1.048417988580139,-1.231731493222399,False,False,False,False,True,False,False,1,0,16,14919.0,6711.0,1234.0,12231.666666666666,10454.833333333334,6217.964002254549,5839.884688996081,1.1771827085565474
2019,1.5932550136313832,7274.0,-0.759390586131799,-1.2283305303205123,1.5812225074354402,1.6611472255761726,0.0588496592805809,Official (Quarter),0.5133794051463585,1.2205846018810202,False,False,True,False,True,False,False,1,0,16,16654.0,5122.0,10012.0,12949.0,9797.166666666666,4990.668792857338,30231.56859516931,-0.4615793213224281
2020,-1.5932550136313832,11592.0,0.4054545154928272,0.29040558767532,0.6211757244059766,0.5522947791277109,0.684751674141606,Official (Quarter),-1.1418962123519,1.2205846018810202,False,False,False,False,False,False,True,0,0,17,7274.0,14919.0,13871.0,11840.0,10378.666666666666,4694.915121703486,8247.865635079073,0.18708146904836537
2020,-1.5932550136313832,12259.0,0.6559361203766394,-1.633065820609105,0.6211757244059766,0.6598700164697258,0.9130654610500588,Official (Quarter),0.052427522112622,1.2205846018810202,False,False,True,False,False,False,False,0,0,17,11592.0,16654.0,11307.0,10375.0,11303.333333333334,2706.1731282384653,7403.063348368604,-0.9838516295886657
2020,-1.5932550136313832,8304.0,-0.4175900081460159,-0.7389741246298246,-0.5788827543808531,-0.6558578864056878,-0.6220424801217087,Interpolated (Month),0.5217393830125113,-0.0055734456706894,True,False,False,False,False,False,True,0,0,17,12259.0,7274.0,12529.0,10718.333333333334,11833.666666666666,2117.3040247761583,14257.997143156661,-2.147293503000203
2020,-1.5932550136313832,12267.0,0.6106287635419855,0.0348955758870621,-0.2428663803205408,-0.333132174379643,0.2897968558606804,Estimated (Region),0.8662281261177741,-1.231731493222399,True,False,False,False,False,True,False,0,0,17,8304.0,11592.0,7926.0,10943.333333333334,11391.666666666666,2285.7332156954217,7616.280224018381,0.052327574590362524
2020,-1.5932550136313832,12862.0,0.5303431882184018,-0.8768327882209914,0.6211757244059766,0.5936698704131012,1.017920471954437,Estimated (Region),0.4640843632459402,-1.231731493222399,False,True,False,True,False,False,False,0,0,17,12267.0,12259.0,14160.0,11144.333333333334,10759.666666666666,2477.726040815115,8404.650733913946,-0.5501972550900421
2020,-1.5932550136313832,12934.0,0.9540726135373157,1.6343391827252467,0.6211757244059766,0.6350449616984916,1.0628866500036278,Interpolated (Month),-0.1251499387684172,-0.0055734456706894,False,False,False,True,False,False,False,0,0,17,12862.0,8304.0,11220.0,12687.666666666666,11703.0,366.08241330804987,6618.996607596132,0.9995683427735762
2020,-1.5932550136313832,9057.0,-0.2206321201445928,0.971513789783318,-1.298917841652951,-1.3178593469719335,-0.7951396126246695,Interpolated (Month),-0.1773277316571641,-0.0055734456706894,False,False,True,True,False,False,False,0,0,17,12934.0,12267.0,8103.0,11617.666666666666,11280.5,2217.894572186283,11620.956205791168,-3.0564266838096197
2020,-1.5932550136313832,4504.0,-1.337822333492355,-0.7975656968602423,-1.298917841652951,-1.3426844017431678,-1.4603445589291937,Interpolated (Month),1.5185946747765269,-0.0055734456706894,False,False,True,False,False,False,True,0,0,17,9057.0,12862.0,6711.0,8831.666666666666,9988.0,4219.5149405273105,-13332.451864381926,2.3274058953462227
2020,-1.5932550136313832,4111.0,-1.4603634747757197,1.0789869255482984,1.5812225074354402,1.4956468604346111,-0.9178338503369758,Interpolated (Month),0.1034522146060375,-0.0055734456706894,False,False,True,False,False,True,False,0,0,17,4504.0,12934.0,5122.0,5890.666666666667,9289.166666666666,2749.1566585651303,-8929.900448776481,0.43234759799324946
2020,-1.5932550136313832,9540.0,-0.1053683263320794,-1.55161576660543,-1.298917841652951,-1.4006095295427143,-0.765719046508102,Official (Quarter),0.7708090684040988,1.2205846018810202,True,False,False,True,False,False,False,0,0,17,4111.0,9057.0,14919.0,6051.666666666667,8834.666666666666,3027.3692099466502,10663.60635420691,3.873137437286028
2020,-1.5932550136313832,15152.0,1.409728466470286,-0.5577484627416309,-1.298917841652951,-1.1771840366016064,0.1970328764594535,Interpolated (Month),1.4453727996729815,-0.0055734456706894,False,False,False,False,False,False,False,0,0,17,9540.0,4504.0,16654.0,9601.0,9216.333333333334,5520.752756644686,6287.845377945963,3.1478482680452387
2020,-1.5932550136313832,19577.0,2.4783247789643004,0.8487897374118878,-1.298917841652951,-1.3426844017431678,0.7035819691055302,Interpolated (Month),0.2441304628364711,-0.0055734456706894,False,True,False,False,False,True,False,0,0,17,15152.0,4111.0,7274.0,14756.333333333334,10323.5,5030.18452279174,5628.284086177028,-2.476884658578745
2020,-1.5932550136313832,8186.0,-0.3922366685701474,1.1336718296609118,-1.298917841652951,-1.3095843287148556,-0.9178338503369758,Interpolated (Month),-1.4572691704750442,-0.0055734456706894,True,False,False,False,False,False,False,0,0,17,19577.0,9540.0,11592.0,14305.0,10178.333333333334,5742.540988099276,13469.05872182389,-3.661916074263199
2020,-1.5932550136313832,10621.0,0.0159990492301801,-0.1146428325005775,-0.5788827543808531,-0.6558578864056878,-0.207719358449318,Official (Quarter),-0.0850797000306502,1.2205846018810202,False,False,False,False,False,True,False,0,0,17,8186.0,15152.0,12259.0,12794.666666666666,11197.833333333334,5998.528180590089,10453.749940068847,-0.3331264264731134
2020,-1.5932550136313832,6748.0,-0.7990638675051488,-0.5884958295487028,-0.5788827543808531,-0.5896577403490633,-0.87736995333931,Interpolated (Month),1.2542464091467982,-0.0055734456706894,False,True,False,False,False,False,False,0,0,17,10621.0,19577.0,8304.0,8518.333333333334,11637.333333333334,1957.7707560726196,33582.81020051439,-1.4341584755353125
2020,-1.5932550136313832,9318.0,-0.0680425764009396,0.677489795919692,1.5812225074354402,1.810097554203578,0.7386940980608176,Official (Quarter),-0.7489772526427173,1.2205846018810202,False,True,False,False,False,False,True,0,0,17,6748.0,8186.0,12267.0,8895.666666666666,11600.333333333334,1970.7375100030906,9998.310828423337,0.2410912015870219
2020,-1.5932550136313832,16393.0,1.351040180415035,0.0679471810394444,-0.5788827543808531,-0.7220580324623124,0.7687093050709825,Interpolated (Month),0.2588324928769468,-0.0055734456706894,False,False,False,False,True,False,False,0,0,17,9318.0,10621.0,12862.0,10819.666666666666,11807.166666666666,4994.773101286315,6972.6583733273765,0.24446535239494224
2020,-1.5932550136313832,7377.0,-0.5816824559564984,-0.6511849300187104,-1.298917841652951,-1.2185591278869967,-1.0008853618094418,Official (Quarter),-0.1790573822501612,1.2205846018810202,False,False,True,False,True,False,False,0,0,17,16393.0,6748.0,12934.0,11029.333333333334,9773.833333333334,4745.372517867626,17634.928548999254,2.9794451337461294
2020,-1.5932550136313832,16543.0,1.6998833527274482,-0.4844899859961656,-0.5788827543808531,-0.7055079959481563,0.8090599371365343,Estimated (Region),-1.0412882028592332,-1.231731493222399,True,False,False,False,True,False,False,0,0,17,7377.0,9318.0,9057.0,13437.666666666666,11166.666666666666,5249.227117712996,6127.301752976885,-1.6451719548584882
2020,-1.5932550136313832,10058.0,-0.0663993043913926,-1.5978625658025274,-0.2428663803205408,-0.1593567909810034,-0.0520933417249157,Interpolated (Month),1.1527735743576328,-0.0055734456706894,False,True,False,False,True,False,False,0,0,17,16543.0,16393.0,4504.0,11326.0,11072.833333333334,4712.722885975793,10773.34244426978,-1.9007618793080852
2020,-1.3035722838802226,13825.0,1.215587616199515,-0.050320486300913,1.5812225074354402,1.3466965318072055,1.7862531389486038,Official (Quarter),0.198294722122047,1.2205846018810202,True,False,False,False,False,False,True,0,0,17,10058.0,7377.0,4111.0,13475.333333333334,12252.333333333334,3256.609637849383,6239.879614291476,-0.021443116150242435
2020,-1.3035722838802226,11404.0,0.3075624543526681,-0.6404853314726586,0.6211757244059766,0.6184949251843354,0.6782106243120324,Interpolated (Month),1.5439628834738182,-0.0055734456706894,False,False,True,True,False,False,False,0,0,17,13825.0,16543.0,9540.0,11762.333333333334,12600.0,1908.8934840198333,8721.571931067532,-0.3957289710993142
2020,-1.3035722838802226,19298.0,2.6001616608150018,1.7332539319354603,0.6211757244059766,0.5853948521560232,2.573359468440637,Interpolated (Month),-0.6022452273367936,-0.0055734456706894,True,False,False,False,False,False,False,0,0,17,11404.0,10058.0,15152.0,14842.333333333334,13084.166666666666,4044.135795609932,5360.314846425906,1.0932632521030075
2020,-1.3035722838802226,12077.0,0.5082763926616273,-0.9775790987561552,-0.5788827543808531,-0.4324323934645798,0.1911147837565061,Interpolated (Month),-1.2583593522803735,-0.0055734456706894,False,True,False,False,False,True,False,0,0,17,19298.0,13825.0,19577.0,14259.666666666666,13867.5,4376.280879163669,8007.153104536725,-1.7224011509810282
2020,-1.3035722838802226,9445.0,0.0005053417115937,-0.3570441337368044,-0.2428663803205408,-0.341407192636721,-0.265569422526457,Official (Quarter),-0.2407482534003924,1.2205846018810202,False,False,True,False,False,True,False,0,0,17,12077.0,11404.0,8186.0,13606.666666666666,12684.5,5101.500988271343,9440.229458287711,-0.5421318449654117
2020,-1.3035722838802226,9463.0,-0.1387032728114621,0.7515808005401347,-0.2428663803205408,-0.2090069005234718,-0.197752044423301,Interpolated (Month),-0.6760436526380048,-0.0055734456706894,False,True,False,True,False,False,False,0,0,17,9445.0,19298.0,10621.0,10328.333333333334,12585.333333333334,1514.4164992937958,10986.922045889243,0.9501736501083559
2020,-1.3035722838802226,5880.0,-1.0119849693136005,-1.2935863018032858,1.5812225074354402,1.6114971160337042,-0.3711889717226034,Official (Quarter),-0.0412618850080561,1.2205846018810202,False,False,False,False,False,False,False,0,0,17,9463.0,12077.0,6748.0,8262.666666666666,11261.166666666666,2063.4694893148144,-490614.5227528786,-0.4953428031228163
2020,-1.3035722838802226,10803.0,0.3697720375712344,0.0574627971619697,-1.298917841652951,-1.2185591278869967,-0.4872005784401939,Interpolated (Month),0.234329109476154,-0.0055734456706894,True,False,False,True,False,False,False,0,0,17,5880.0,9445.0,9318.0,8715.333333333334,11161.0,2545.2379718472635,7886.713776954433,-0.26291648268142853
2020,-1.3035722838802226,16816.0,2.0078794779454063,-0.8024097665136918,-1.298917841652951,-1.2102841096299186,0.4214956556760363,Estimated (Region),-1.5186717665264424,-1.231731493222399,False,False,False,True,False,False,False,0,0,17,10803.0,9463.0,16393.0,11166.333333333334,10747.333333333334,5477.045949536424,5590.649533433604,3.815836431606087
2020,-1.3035722838802226,8304.0,-0.4394220505585693,1.4499300336494538,-1.298917841652951,-1.2268341461440748,-0.865420503001301,Interpolated (Month),0.0371489418744806,-0.0055734456706894,False,False,True,False,False,False,True,0,0,17,16816.0,5880.0,7377.0,11974.333333333334,10118.5,4375.220261122107,14813.283341369823,-6.392027207087788
2020,-1.3035722838802226,6932.0,-0.6462395706172747,0.9313004567798616,-0.5788827543808531,-0.5234575942924387,-0.8202844275539397,Official (Quarter),1.1398011949101543,1.2205846018810202,False,False,False,False,False,True,False,0,0,17,8304.0,10803.0,16543.0,10684.0,9699.666666666666,5354.592794975168,19595.182005222036,1.9542866398155772
2020,-1.3035722838802226,10272.0,0.1439395128306277,1.6361667677976597,-0.2428663803205408,-0.1676318092380815,-0.0127337778153595,Estimated (Region),1.4883257893990771,-1.231731493222399,False,False,False,False,False,False,True,0,0,17,6932.0,16816.0,10058.0,8502.666666666666,9834.5,1678.8392815672246,8979.49575549007,1.9656767112880351
2020,-1.3035722838802226,9721.0,-0.0572439317667734,-1.700319658991824,1.5812225074354402,1.363246568321362,0.6387944279364193,Estimated (Region),1.0835875506377477,-1.231731493222399,False,True,False,False,False,False,False,0,0,17,10272.0,8304.0,13825.0,8975.0,10474.666666666666,1790.610789646889,10311.25688558829,-0.7194846622371607
2020,-1.3035722838802226,9917.0,-0.1532579677531644,-0.822494812142249,1.5812225074354402,1.5370219517200014,0.7826125754879553,Estimated (Region),-1.167552696148024,-1.231731493222399,False,False,True,False,False,False,False,0,0,17,9721.0,6932.0,11404.0,9970.0,10327.0,279.29733260439014,11711.949593059853,-0.32419696313018875
2020,-1.3035722838802226,10403.0,0.1430005002537437,-1.3357922343594484,-1.298917841652951,-1.384059493028558,-0.6355493232762829,Official (Quarter),0.1216135458325074,1.2205846018810202,True,False,False,False,False,True,False,0,0,17,9917.0,10272.0,19298.0,10013.666666666666,9258.166666666666,351.1258084124036,9101.483330663945,3.4780867511589446
2020,-1.3035722838802226,8969.0,-0.326036281899824,0.9804265598454628,1.5812225074354402,1.4211716961209084,0.4530682555027667,Official (Quarter),-1.4333423372719172,1.2205846018810202,False,True,False,False,False,False,True,0,0,17,10403.0,9721.0,12077.0,9763.0,9369.0,729.2982928815293,13307.838032116253,0.4049388820364362
2020,-1.3035722838802226,11156.0,0.4894961411239469,0.9330316177282476,0.6211757244059766,0.5191947060993986,0.560783205943019,Official (Quarter),0.3334957434746565,1.2205846018810202,True,False,False,False,True,False,False,0,0,17,8969.0,9917.0,9445.0,10176.0,10073.0,1111.0306026388034,7489.781068906888,0.6141619727755955
2020,-1.3035722838802226,12916.0,0.6230706801856987,1.3036113957538158,-0.5788827543808531,-0.7137830142052343,0.1642426786124999,Interpolated (Month),1.3637909467032834,-0.0055734456706894,False,False,True,False,True,False,False,0,0,17,11156.0,10403.0,9463.0,11013.666666666666,10513.666666666666,1977.3457799113783,7957.755726646639,4.5546262467056415
2020,-1.3035722838802226,10184.0,0.1124825915050131,-1.7000492738192938,-1.298917841652951,-1.367509456514402,-0.6578625149027073,Estimated (Region),-0.0107047245317734,-1.231731493222399,False,True,False,False,True,False,False,0,0,17,12916.0,8969.0,5880.0,11418.666666666666,10590.833333333334,1384.810937757702,9154.300550647411,4.6258653857323875
2020,-1.3035722838802226,4432.0,-1.4547293993144157,-0.526711823562477,-0.2428663803205408,-0.3248571561225649,-1.2391381465108833,Estimated (Region),0.6632824565394436,-1.231731493222399,False,False,False,False,True,False,False,0,0,17,10184.0,11156.0,10803.0,9177.333333333334,9676.666666666666,4330.657840713487,-9746.455818959621,-0.7801487171773916
2020,-1.013889554129062,11918.0,0.7078165652494814,-1.1933161475094525,-1.298917841652951,-1.359234438257324,-0.4060745708136632,Interpolated (Month),-0.977579406017172,-0.0055734456706894,False,False,True,False,False,True,False,0,0,17,4432.0,12916.0,16816.0,8844.666666666666,9929.166666666666,3918.597878493425,6978.501229292733,3.3218311509840976
2020,-1.013889554129062,10062.0,0.1864298319346296,-0.7932370489419268,-0.2428663803205408,-0.2834820648371745,-0.115380122543518,Official (Quarter),0.2579676675804482,1.2205846018810202,False,False,False,False,False,False,True,0,0,17,11918.0,10184.0,8304.0,8804.0,10111.333333333334,3898.329385775378,8480.906100947064,-1.1070721471356713
2020,-1.013889554129062,14135.0,1.0925769686277085,1.401969469608821,-0.5788827543808531,-0.4407074117216579,0.5767252451380406,Interpolated (Month),-1.6786644463786775,-0.0055734456706894,False,False,True,False,False,False,False,0,0,17,10062.0,4432.0,6932.0,12038.333333333334,10607.833333333334,2039.1646165362426,6754.829194774898,2.506683440816679
2020,-1.013889554129062,7976.0,-0.3661790695616158,-0.6621797653156497,1.5812225074354402,1.7521724264040317,0.3051442541621045,Interpolated (Month),0.9331079490469968,-0.0055734456706894,False,True,False,False,False,False,False,0,0,17,14135.0,11918.0,10272.0,10724.333333333334,9784.5,3132.4645781450276,12583.995915823378,-0.24060257233986204
2020,-1.013889554129062,6591.0,-0.8394414083111617,-1.4353879168166588,0.6211757244059766,0.6350449616984916,-0.4916462270256616,Official (Quarter),0.0290772391071606,1.2205846018810202,True,False,False,False,False,True,False,0,0,17,7976.0,10062.0,9721.0,9567.333333333334,9185.666666666666,4015.873545485866,41050.43480185303,-0.8778889574544615
2020,-1.013889554129062,10391.0,0.2469961431436489,1.045178341319145,1.5812225074354402,1.570122024748314,0.9383801733775,Official (Quarter),-0.9046458060124596,1.2205846018810202,False,False,True,True,False,False,False,0,0,17,6591.0,14135.0,9917.0,8319.333333333334,10178.833333333334,1923.1246276133868,8332.824489580638,0.40666487087184
2020,-1.013889554129062,5487.0,-1.0788896154165866,0.2137623259575586,-1.298917841652951,-1.3178593469719335,-1.3122223439573322,Interpolated (Month),-0.2566033838361994,-0.0055734456706894,False,False,False,True,False,False,False,0,0,17,10391.0,7976.0,10403.0,7489.666666666667,9107.0,2572.5484122428225,-69552.88057908768,-0.6725060250514938
2020,-1.013889554129062,14639.0,1.2047889715653488,-1.3288134141250867,0.6211757244059766,0.461269578299852,1.3501548340773295,Estimated (Region),0.1469817545297987,-1.231731493222399,False,True,False,False,False,False,True,0,0,17,5487.0,6591.0,8969.0,10172.333333333334,9869.833333333334,4579.916738690045,6639.63771081758,-0.9093554220646444
2020,-1.013889554129062,5479.0,-1.0685604770708623,0.7457292479000706,-1.298917841652951,-1.3261343652290116,-1.3157052406198324,Estimated (Region),-1.5270317443925954,-1.231731493222399,True,False,False,False,False,False,False,0,0,17,14639.0,10391.0,11156.0,8535.0,8427.166666666666,5286.220578068968,-79914.84648417846,-2.2865705899358977
2020,-1.013889554129062,9263.0,-0.2180498355581617,0.0805598540874592,0.6211757244059766,0.6515949982126477,0.1710668907723581,Interpolated (Month),-1.6809706471693404,-0.0055734456706894,True,False,False,False,False,False,True,0,0,17,5479.0,5487.0,12916.0,9793.666666666666,8641.666666666666,4602.9996017090025,11846.023469554479,0.048777002942392594
2020,-1.013889554129062,19103.0,2.1097623425373224,1.0656525626647808,-0.5788827543808531,-0.4324323934645798,1.528065726195128,Interpolated (Month),-0.7809757886131643,-0.0055734456706894,True,False,False,True,False,False,False,0,0,17,9263.0,14639.0,10184.0,11281.666666666666,10727.0,7032.752329872946,6142.913154068696,1.8775781957849924
2020,-1.013889554129062,8524.0,-0.2997439297470715,-0.3074677200713652,-0.2428663803205408,-0.2503819918088622,-0.4053100325218945,Estimated (Region),-1.5402923989389066,-1.231731493222399,False,False,False,False,False,False,False,0,0,17,19103.0,5479.0,4432.0,12296.666666666666,10415.833333333334,5906.027457888544,12172.689908880302,-0.4101658667636584
2020,-1.013889554129062,14117.0,1.1848349543065633,-0.7875594573503654,1.5812225074354402,1.379796604835518,1.892467329038348,Official (Quarter),-0.8386308083797355,1.2205846018810202,False,True,False,True,False,False,False,0,0,17,8524.0,9263.0,11918.0,13914.666666666666,11854.166666666666,5292.401565767051,6461.357628947558,-0.3309356168296569
2020,-1.013889554129062,9500.0,-0.2452812002877983,1.3310863067227685,-0.5788827543808531,-0.7055079959481563,-0.4323803512971001,Official (Quarter),0.7347746810499919,1.2205846018810202,False,False,False,False,False,True,False,0,0,17,14117.0,19103.0,10062.0,10713.666666666666,10997.666666666666,2987.499344490857,12587.469668998112,4.519940400447809
2020,-1.013889554129062,12915.0,0.8906892645976443,-1.0847132589923385,0.6211757244059766,0.4364445235286178,0.9265723042046332,Official (Quarter),1.7440258020638202,1.2205846018810202,False,False,True,False,False,False,True,0,0,17,9500.0,8524.0,14135.0,12177.333333333334,12237.0,2395.2633118998433,6830.842191695857,-0.7551375923156061
2020,-1.013889554129062,8652.0,-0.1901142113958621,0.2884711408159698,0.6211757244059766,0.6267699434414135,0.0097776274422639,Interpolated (Month),0.3528101750964578,-0.0055734456706894,False,True,False,False,False,True,False,0,0,17,12915.0,14117.0,7976.0,10355.666666666666,12135.166666666666,2256.6382814561293,10682.987801171295,0.17732755758058352
2020,-1.013889554129062,10855.0,0.1197599389758642,1.0153663879214505,-0.5788827543808531,-0.5896577403490633,-0.1290002306302063,Estimated (Region),-0.6668188494753534,-1.231731493222399,False,True,False,False,True,False,False,0,0,17,8652.0,9500.0,6591.0,10807.333333333334,10760.5,2131.8997005800497,9694.042108639836,2.4744377749081603
2020,-1.013889554129062,8370.0,-0.5145430567092909,-0.8639517181267156,1.5812225074354402,1.6528722073190945,0.3816263995719683,Estimated (Region),1.3626378463079518,-1.231731493222399,True,False,False,False,True,False,False,0,0,17,10855.0,12915.0,10391.0,9292.333333333334,10734.833333333334,1360.6345333458191,17241.487871742607,-0.3256665420004519
2020,-1.013889554129062,10598.0,0.3052149229104581,0.6419137674377513,-0.5788827543808531,-0.7137830142052343,-0.2433411795991177,Interpolated (Month),0.9979698462843892,-0.0055734456706894,False,False,True,False,True,False,False,0,0,17,8370.0,8652.0,5487.0,9941.0,10148.333333333334,1366.5807696583136,8119.735542379372,2.242752175085936
2020,-1.013889554129062,6935.0,-0.8286427636769954,0.2722833197054409,-0.2428663803205408,-0.3579572291508772,-0.7608203381941789,Interpolated (Month),-0.4779986597398328,-0.0055734456706894,False,False,False,False,True,False,False,0,0,17,10598.0,10855.0,14639.0,8634.333333333334,9720.833333333334,1845.7508860442533,40471.00752096444,0.4240890670653253
2020,-0.7242068243779014,4656.0,-1.3176335630893483,0.1005609013811678,-0.2428663803205408,-0.1924568640093157,-1.1636187530239872,Official (Quarter),-0.903492705617128,1.2205846018810202,False,False,False,False,False,True,False,0,0,17,6935.0,8370.0,5479.0,7396.333333333333,8344.333333333334,2997.7428731185496,-14658.40056294774,0.12452697187228381
2020,-0.7242068243779014,4408.0,-1.3260846762813048,0.3085845172438542,1.5812225074354402,1.363246568321362,-0.8618809738727439,Estimated (Region),-0.1542657237505356,-1.231731493222399,False,False,True,False,False,False,False,0,0,17,4656.0,10598.0,9263.0,5333.0,7637.0,1392.9030834913005,-13517.961194218562,0.13057652188321803
2020,-0.7242068243779014,7971.0,-0.5985846823404106,-0.3211664070936036,-0.2428663803205408,-0.2503819918088622,-0.515686708866822,Estimated (Region),0.1605306841749429,-1.231731493222399,False,False,True,True,False,False,False,0,0,17,4408.0,6935.0,19103.0,5678.333333333333,7156.333333333333,1989.3758652735612,19857.239246559133,-0.4284400902648973
2020,-0.7242068243779014,4068.0,-1.4645890313716976,-0.1976982984661489,-0.5788827543808531,-0.6227578133773755,-1.372620869007032,Interpolated (Month),0.8719936280944313,-0.0055734456706894,True,False,False,False,False,False,False,0,0,17,7971.0,4656.0,8524.0,5482.333333333333,6439.333333333333,2161.942722028712,-8756.125791410192,-0.5240620097028464
2020,-0.7242068243779014,10318.0,0.1608417392145401,1.4076833445047845,-0.2428663803205408,-0.3745072656650333,-0.1129166102700422,Official (Quarter),-0.907528557000788,1.2205846018810202,False,True,False,False,False,False,True,0,0,17,4068.0,4408.0,14117.0,7452.333333333333,6392.666666666667,3157.116775371646,8888.377848113443,2.2505190983576404
2020,-0.7242068243779014,11669.0,0.3796316696285166,1.0751702201441484,1.5812225074354402,1.4377217326350646,1.2336335351652266,Official (Quarter),-1.4912856321373211,1.2205846018810202,False,False,False,True,False,False,False,0,0,17,10318.0,7971.0,9500.0,8685.0,7181.666666666667,4055.097656037375,8458.054607533059,0.44105535334500184
2020,-0.7242068243779014,12896.0,0.9183901356157228,-0.6586433857153726,-0.2428663803205408,-0.1759068274951595,0.5167797798167961,Official (Quarter),-1.6544493380767176,1.2205846018810202,False,False,False,False,False,False,True,0,0,17,11669.0,4068.0,12915.0,11627.666666666666,8555.0,1289.4969303311113,6722.303123113655,-0.7992341250849326
2020,-0.7242068243779014,8132.0,-0.520646638459037,-0.6196795900717337,1.5812225074354402,1.3880716230925962,0.2003458757237833,Official (Quarter),-0.685556730899489,1.2205846018810202,True,False,False,False,False,False,True,0,0,17,12896.0,10318.0,8652.0,10899.0,9175.666666666666,2473.5801988211288,16964.520648939026,-0.2594895329266705
2020,-0.7242068243779014,11663.0,0.4054545154928272,-1.253489274186543,-1.298917841652951,-1.2516592009153091,-0.3780698163485188,Interpolated (Month),0.1048935901002017,-0.0055734456706894,False,False,True,False,False,False,True,0,0,17,8132.0,11669.0,10855.0,10897.0,9791.0,2472.648579964402,8298.383100580335,4.980899842435643
2020,-0.7242068243779014,7600.0,-0.4769825536339301,1.38327014798948,0.6211757244059766,0.6929700894980381,-0.2217642100314331,Official (Quarter),1.261165011518787,1.2205846018810202,True,False,False,True,False,False,False,0,0,17,11663.0,12896.0,8370.0,9131.666666666666,10379.666666666666,2208.2781376749576,14531.064026266944,0.8170670920710811
2020,-0.7242068243779014,4118.0,-1.4561379181797416,-1.4819393963644194,0.6211757244059766,0.7343451807834285,-1.076716233859651,Official (Quarter),-0.9568235989012064,1.2205846018810202,False,False,False,False,False,False,False,0,0,17,7600.0,8132.0,10598.0,7793.666666666667,9346.333333333334,3776.2264674318835,-9027.971225091833,-0.8544662347405412
2020,-0.7242068243779014,13035.0,0.8838814234152351,1.1309838829457612,1.5812225074354402,1.7438974081469534,1.829520343016087,Interpolated (Month),-0.2741881648650037,-0.0055734456706894,False,True,False,False,False,False,False,0,0,17,4118.0,11663.0,6935.0,8251.0,9574.0,4494.004116598001,6919.225296233995,0.4121815486204905
2020,-0.7242068243779014,15453.0,1.3322599288773544,-0.6816097233387021,-0.2428663803205408,-0.2586570100659403,0.9713685848556528,Estimated (Region),1.1193336628930215,-1.231731493222399,False,True,False,False,False,True,False,0,0,17,13035.0,7600.0,4656.0,10868.666666666666,10000.166666666666,5969.950278966593,6625.762338350676,-0.9194256000172459
2020,-0.7242068243779014,5132.0,-1.1507240775482142,-0.7096736167147274,-0.5788827543808531,-0.556557667320751,-1.163109060829475,Interpolated (Month),0.8682460518096041,-0.0055734456706894,False,True,False,True,False,False,False,0,0,17,15453.0,4118.0,4408.0,11206.666666666666,9500.166666666666,5397.949826863281,-34048.972688908034,-1.6003740834279998
2020,-0.7242068243779014,8284.0,-0.3213412190154039,0.6756721514786226,0.6211757244059766,0.6350449616984916,-0.0767284644596736,Estimated (Region),0.7096947474515334,-1.231731493222399,False,False,True,False,False,True,False,0,0,17,5132.0,13035.0,7971.0,9623.0,8937.0,5289.182451003167,12206.428667999548,0.413243774517816
2020,-0.7242068243779014,3764.0,-1.6061451773369635,1.2745037360867737,-0.2428663803205408,-0.3000321013513307,-1.3651453834875191,Interpolated (Month),-1.09346599574798,-0.0055734456706894,True,False,False,False,False,True,False,0,0,17,8284.0,15453.0,4068.0,5726.666666666667,8297.666666666666,2317.9347129142634,-6209.733477608032,1.8208031233250566
2020,-0.7242068243779014,11163.0,0.1974632297130168,-0.4432716551639307,-1.298917841652951,-1.284759273943621,-0.4711452743130583,Official (Quarter),0.7993483031885515,1.2205846018810202,False,False,True,False,True,False,False,0,0,17,3764.0,5132.0,10318.0,7737.0,9471.833333333334,3729.7060205865737,9322.206914591705,1.5566539731088551
2020,-0.7242068243779014,11089.0,0.2312676824808415,0.8550737075153728,-0.5788827543808531,-0.6806829411769221,-0.1381746901314265,Interpolated (Month),-1.259512452675705,-0.0055734456706894,False,False,False,False,True,False,False,0,0,17,11163.0,8284.0,11669.0,8672.0,9147.5,4250.613720393774,9006.165075052673,2.6778203164809256
2020,-0.7242068243779014,14810.0,1.369585678808494,1.0279646470540176,-0.5788827543808531,-0.5731077038349071,0.6042486236417013,Official (Quarter),1.3848350289180815,1.2205846018810202,True,False,False,False,True,False,False,0,0,17,11089.0,3764.0,12896.0,12354.0,9040.333333333334,2127.2801884096184,6250.037773458759,2.408018735143608
2020,-0.7242068243779014,4948.0,-1.2220890333913996,1.05954752392547,1.5812225074354402,1.594947079519548,-0.6505286105483368,Estimated (Region),0.8526791964726299,-1.231731493222399,False,True,False,False,True,False,False,0,0,17,14810.0,11163.0,8132.0,10282.333333333334,9009.666666666666,4980.240389111076,-22279.353124473597,0.4083118042321095
2020,-0.4345240946267408,9728.0,-0.0527836220265743,0.0753156740224525,1.5812225074354402,1.8018225359465,0.859774310490502,Interpolated (Month),1.630733688222508,-0.0055734456706894,False,True,False,False,False,False,False,0,0,17,4948.0,11089.0,11663.0,9828.666666666666,9250.333333333334,4931.7706083447565,10270.092690767347,0.026880958039339087
2020,-0.4345240946267408,6593.0,-0.761738117574009,-0.247049556831669,-0.5788827543808531,-0.5482826490636729,-0.8916130185526242,Official (Quarter),-1.4001907009061387,1.2205846018810202,False,False,True,True,False,False,False,0,0,17,9728.0,14810.0,7600.0,7089.666666666667,9721.833333333334,2428.3962471831096,27671.23273294846,-0.5469118162487684
2020,-0.4345240946267408,10136.0,0.1815000159059885,0.1804636961163024,1.5812225074354402,1.7273473716327972,0.945430915401586,Estimated (Region),-0.6601885222021977,-1.231731493222399,False,False,False,False,False,False,True,0,0,17,6593.0,4948.0,4118.0,8819.0,9550.666666666666,1938.5363035031874,8578.92497972384,0.06616821091193202
2020,-0.4345240946267408,6793.0,-0.6962419903363487,-0.5929328303486567,-0.5788827543808531,-0.6972329776910782,-0.9066772545237636,Official (Quarter),1.2995055996635565,1.2205846018810202,True,False,False,False,False,False,False,0,0,17,10136.0,9728.0,13035.0,7840.666666666667,8834.666666666666,1990.3307095387602,22363.1963072244,-1.9583798322119457
2020,-0.4345240946267408,7844.0,-0.6598552529820929,-0.1708054114623295,0.6211757244059766,0.7508952172975846,-0.1379198440341703,Estimated (Region),0.2694986715337625,-1.231731493222399,True,False,False,True,False,False,False,0,0,17,6793.0,6593.0,15453.0,8257.666666666666,7673.666666666667,1709.4596612184491,23060.770653580163,-0.09755318866308786
2020,-0.4345240946267408,2004.0,-1.9796374297925825,1.3084335960183116,1.5812225074354402,1.7852724994323437,-1.4974954566625298,Estimated (Region),1.074939297672762,-1.231731493222399,False,False,False,False,False,True,False,0,0,17,7844.0,10136.0,5132.0,5547.0,7183.0,3113.0028911004183,-2045.6547892665806,0.4697686119706344
2020,-0.4345240946267408,8958.0,-0.1041945606109744,-0.5360773893822967,0.6211757244059766,0.4778196148140081,0.0161487798736669,Estimated (Region),0.2377884106621483,-1.231731493222399,False,False,True,False,False,False,True,0,0,17,2004.0,6793.0,8284.0,6268.666666666667,7054.666666666667,3735.0750104024614,9999.9392793481,-0.36274886597019823
2020,-0.4345240946267408,7949.0,-0.4135992046942588,1.4163232442365636,0.6211757244059766,0.8088203450971311,-0.0879133765059144,Estimated (Region),-0.9066637317042896,-1.231731493222399,True,False,False,False,False,False,True,0,0,17,8958.0,7844.0,3764.0,6303.666666666667,7280.666666666667,3757.641591920782,13555.575066803078,0.7830093508598329
2020,-0.4345240946267408,5615.0,-1.1368736420391747,1.509382464554176,1.5812225074354402,1.7438974081469534,-0.4112564414578707,Official (Quarter),0.7451525846079746,1.2205846018810202,False,True,False,False,False,False,True,0,0,17,7949.0,2004.0,11163.0,7507.333333333333,6527.166666666667,1714.7053196782933,-41023.2380489512,0.5500870623196926
2020,-0.4345240946267408,8980.0,-0.0776674553140008,-0.7370019033713705,0.6211757244059766,0.5274697243564767,0.0442667992709254,Interpolated (Month),-1.1577513427877069,-0.0055734456706894,True,False,False,False,False,True,False,0,0,17,5615.0,8958.0,11089.0,7514.666666666667,6891.666666666667,1724.0331590004407,9736.18468928381,-0.4824985344189847
2020,-0.4345240946267408,14336.0,1.1045493789829797,1.7253039120188862,0.6211757244059766,0.68469507124096,1.4430037621776417,Official (Quarter),-1.4540981443878829,1.2205846018810202,False,False,True,False,False,False,False,0,0,17,8980.0,7949.0,14810.0,9643.666666666666,7973.666666666667,4398.2155851359985,6811.909543756037,1.0241045643636943
2020,-0.4345240946267408,9239.0,-0.1917574834054092,1.047299672047744,0.6211757244059766,0.7095201260121942,0.1926438603400427,Official (Quarter),-0.2355593016214009,1.2205846018810202,False,True,False,True,False,False,False,0,0,17,14336.0,5615.0,4948.0,10851.666666666666,9179.5,3020.2987159109416,11430.974998602087,0.6126278691382154
2020,-0.4345240946267408,11711.0,0.6554666140881974,-1.5445350548998025,-0.2428663803205408,-0.2917570830942526,0.2060374385625032,Estimated (Region),-0.0432798106998861,-1.231731493222399,False,False,False,True,False,False,False,0,0,17,9239.0,8980.0,9728.0,11762.0,9638.333333333334,2548.8826963985643,7074.138433441147,-2.1807984492774652
2020,-0.4345240946267408,7373.0,-0.521116144747479,1.0736368777594891,1.5812225074354402,1.5452969699770795,0.0444933291351528,Interpolated (Month),-0.9366443419829064,-0.0055734456706894,False,False,True,False,False,True,False,0,0,17,11711.0,14336.0,6593.0,9441.0,9542.333333333334,2176.043198100591,15396.21751523056,0.42181202838942494
2020,-0.4345240946267408,4010.0,-1.5131829322254458,-0.6339404197964195,1.5812225074354402,1.7025223168615629,-0.9044685883475438,Official (Quarter),-1.5302027704797567,1.2205846018810202,False,True,False,False,False,True,False,0,0,17,7373.0,9239.0,10136.0,7698.0,9274.833333333334,3860.7731091064807,-7813.97772254509,-0.2345736114152108
2020,-0.4345240946267408,3471.0,-1.629620491759064,-0.7414105733719965,-1.298917841652951,-1.1771840366016064,-1.5791594727166014,Interpolated (Month),-0.6279017111329178,-0.0055734456706894,False,False,False,False,False,False,False,0,0,17,4010.0,11711.0,6793.0,4951.333333333333,8356.666666666666,2114.469752286103,-5512.844714285829,4.184409541583243
2020,-0.4345240946267408,5784.0,-1.05635331357137,-0.7355719435526787,0.6211757244059766,0.7095201260121942,-0.6673201367342121,Estimated (Region),-0.1418698945007228,-1.231731493222399,False,False,False,False,True,False,False,0,0,17,3471.0,7373.0,7844.0,4421.666666666667,6931.333333333333,1210.2042527329077,-102638.15263808235,-0.4302797798985561
2020,-0.4345240946267408,10841.0,0.4223567418767395,-0.3158506544829271,-1.298917841652951,-1.3426844017431678,-0.5505723079578818,Estimated (Region),0.2196270794356784,-1.231731493222399,True,False,False,False,True,False,False,0,0,17,5784.0,4010.0,2004.0,6698.666666666667,7198.333333333333,3769.1758161875364,7621.857218250155,0.9216954517808725
2020,-0.4345240946267408,6380.0,-0.9819365668533117,0.0979082439072844,-1.298917841652951,-1.4006095295427143,-1.209972426491572,Estimated (Region),-1.3278336510990918,-1.231731493222399,False,True,False,False,True,False,False,0,0,17,10841.0,3471.0,8958.0,7668.333333333333,6309.833333333333,2763.722911822575,353199.7460388462,-0.24439818997577065
2020,-0.4345240946267408,9483.0,-0.1983305714435973,-0.7218682862147684,-0.5788827543808531,-0.4903575212641263,-0.3306684422588808,Official (Quarter),-1.4489091926088913,1.2205846018810202,False,False,True,False,True,False,False,0,0,17,6380.0,5784.0,7949.0,8901.333333333334,6661.5,2286.6749513940854,11829.065275791303,-1.4164209545587787
2020,-0.1448413648755802,8410.0,-0.3436427677163993,-0.5512940108106129,0.6211757244059766,0.7591702355546627,0.0077388586642149,Official (Quarter),-0.2064435166392825,1.2205846018810202,True,False,False,False,False,False,False,0,0,17,9483.0,10841.0,5615.0,8091.0,7394.833333333333,1575.903867626369,12813.144407261112,-0.3133829800370577
2020,-0.1448413648755802,5283.0,-1.088514494329648,-0.4004891659898735,-0.2428663803205408,-0.2421069735517841,-1.0500706585798725,Estimated (Region),1.3900239806970731,-1.231731493222399,False,False,False,False,False,False,True,0,0,17,8410.0,6380.0,8980.0,7725.333333333333,7696.833333333333,2182.1036486228277,-59685.14015710136,-0.5284243976577049
2020,-0.1448413648755802,14735.0,1.1090096887231788,-1.1339442357186085,1.5812225074354402,1.5039218786916893,2.161414910342637,Interpolated (Month),1.440760398091656,-0.0055734456706894,False,True,False,False,False,True,False,0,0,17,5283.0,9483.0,14336.0,9476.0,9188.666666666666,4815.323768969211,6986.691468885928,-0.4528672581075491
2020,-0.1448413648755802,13212.0,1.0456263397835075,-1.4646262957858611,0.6211757244059766,0.6267699434414135,1.125408892530462,Interpolated (Month),-0.6607650723998634,-0.0055734456706894,True,False,False,False,False,True,False,0,0,17,14735.0,8410.0,9239.0,11076.666666666666,9583.833333333334,5074.919933686964,6458.657548082926,-0.900327856247123
2020,-0.1448413648755802,15404.0,1.2010329212578128,1.6329579320001355,0.6211757244059766,0.7839952903258969,1.7859982928513474,Official (Quarter),-1.1326714091892485,1.2205846018810202,False,False,True,False,False,True,False,0,0,17,13212.0,5283.0,11711.0,14450.333333333334,11087.833333333334,1123.3843212959416,6998.5323032774795,0.9153375801243454
2020,-0.1448413648755802,9771.0,-0.0647560323818455,1.6671641414830085,0.6211757244059766,0.4943696513281643,0.2171374019096584,Interpolated (Month),-0.9651835767673592,-0.0055734456706894,False,True,False,True,False,False,False,0,0,17,15404.0,14735.0,7373.0,12795.666666666666,11135.833333333334,2839.484518945899,10447.541324307527,1.1156303529058342
2020,-0.1448413648755802,7771.0,-0.422519824174657,-1.4253205424240227,0.6211757244059766,0.6184949251843354,-0.2090502214016556,Interpolated (Month),1.4672817071842783,-0.0055734456706894,False,False,True,True,False,False,False,0,0,17,9771.0,13212.0,4010.0,10982.0,11029.333333333334,3957.974608306622,13456.738993496314,-0.8806456666904213
2020,-0.1448413648755802,4677.0,-1.3049568933014144,-1.4854220965554437,1.5812225074354402,1.4294467143779863,-0.7700231139284276,Estimated (Region),1.5119643475033713,-1.231731493222399,False,False,True,False,False,False,False,0,0,17,7771.0,15404.0,3471.0,7406.333333333333,10928.333333333334,2566.5044970412646,-15336.593803037369,-0.6114240282630597
2020,-0.1448413648755802,3949.0,-1.5577860296274366,-1.437850211200323,-0.2428663803205408,-0.1014316631814569,-1.2884083919803997,Official (Quarter),-1.0404233775627345,1.2205846018810202,False,False,True,False,False,False,True,0,0,17,4677.0,9771.0,5784.0,5465.666666666667,9130.666666666666,2029.3884136194565,-7079.775738803758,-1.60015677415382
2020,-0.1448413648755802,5248.0,-1.1626964879034851,1.5980166128294462,-0.5788827543808531,-0.5731077038349071,-1.1462325859445144,Estimated (Region),-1.4235409839116,-1.231731493222399,True,False,False,False,False,False,True,0,0,17,3949.0,7771.0,10841.0,4624.666666666667,7803.333333333333,651.0793602417705,-32256.381607408886,3.74337186963768
2020,-0.1448413648755802,7905.0,-0.5563291163806298,-0.1154728752177189,0.6211757244059766,0.800545326840053,-0.1024679202825415,Official (Quarter),1.5128291727998695,1.2205846018810202,False,False,False,True,False,False,False,0,0,17,5248.0,4677.0,6380.0,5700.666666666667,6553.5,2016.4732414125688,17817.261154287917,-0.06413216790291704
2020,-0.1448413648755802,4600.0,-1.2704481811009267,-1.5663870477495796,-0.2428663803205408,-0.341407192636721,-1.2101423238897429,Official (Quarter),0.2473014889236325,1.2205846018810202,False,True,False,False,False,False,True,0,0,17,7905.0,3949.0,9483.0,5917.666666666667,5691.666666666667,1751.3127457233122,-17008.80361359634,-2.3783846866179976
2020,-0.1448413648755802,6915.0,-0.8223044287830283,-1.040651410564435,0.6211757244059766,0.4198944870144616,-0.4886163900916168,Estimated (Region),0.5153973308381885,-1.231731493222399,False,False,False,False,False,False,False,0,0,17,4600.0,5248.0,8410.0,6473.333333333333,5549.0,1696.1893565675289,38914.869699012226,-0.7329075646688077
2020,-0.1448413648755802,17072.0,1.8761829640374228,-1.59737547486672,-1.298917841652951,-1.3095843287148556,0.3729616322652601,Official (Quarter),0.5352883126576556,1.2205846018810202,False,True,False,False,False,False,False,0,0,17,6915.0,7905.0,5283.0,9529.0,7614.833333333333,6634.187440824977,5935.6446420346265,5.15974268302835
2020,-0.1448413648755802,7718.0,-0.6492913614921477,0.0393459965393293,-1.298917841652951,-1.3013093104577775,-0.9825364428070014,Interpolated (Month),1.4058791111328803,-0.0055734456706894,False,False,False,False,False,True,False,0,0,17,17072.0,4600.0,14735.0,10568.333333333334,8243.0,5646.632831460999,22006.871666570587,-0.1305834077266021
2020,-0.1448413648755802,4355.0,-1.3397003586461231,0.4704363856760831,-0.5788827543808531,-0.7055079959481563,-1.3392926627325374,Estimated (Region),1.434418345917333,-1.231731493222399,True,False,False,True,False,False,False,0,0,17,7718.0,6915.0,13212.0,9715.0,8094.166666666667,6589.501422717796,-12820.121878460377,1.5974504543534747
2020,-0.1448413648755802,7893.0,-0.4349617408183702,-0.8109671590053241,1.5812225074354402,1.7025223168615629,0.2599232300156578,Interpolated (Month),-0.9980469380343048,-0.0055734456706894,False,False,False,False,True,False,False,0,0,17,4355.0,17072.0,15404.0,6655.333333333333,8092.166666666667,1994.0677855411493,13968.965590811114,-0.300077876858053
2020,-0.1448413648755802,2904.0,-1.7930086801368834,-1.5528777297544254,1.5812225074354402,1.4294467143779863,-1.2768270526717602,Interpolated (Month),1.0636965688182805,-0.0055734456706894,False,True,False,False,True,False,False,0,0,17,7893.0,7718.0,9771.0,5050.666666666667,7809.5,2566.2218012737844,-3662.002791064951,-0.6391898700902399
2020,-0.1448413648755802,1288.0,-2.158049819400546,0.9832780299462064,-0.5788827543808531,-0.7220580324623124,-1.8810105167999585,Interpolated (Month),-0.5788949443313324,-0.0055734456706894,True,False,False,False,True,False,False,0,0,17,2904.0,4355.0,7771.0,4028.3333333333335,6871.666666666667,3443.0510210179564,-1112.2146719618,3.5377098271885785
2020,-0.1448413648755802,12434.0,0.5035813297772073,-0.9920611075282229,0.6211757244059766,0.68469507124096,0.9720198582153072,Interpolated (Month),-0.3090694518237792,-0.0055734456706894,False,False,True,False,True,False,False,0,0,17,1288.0,7893.0,4677.0,5542.0,6098.666666666667,6023.089904691741,8269.589249184415,-0.5888668664516616
2020,0.1448413648755802,9358.0,-0.2915275696993363,1.6896687367804546,1.5812225074354402,1.5121968969487674,0.607816469003287,Interpolated (Month),-1.183696101682664,-0.0055734456706894,False,True,False,False,False,False,True,1,0,17,12434.0,2904.0,3949.0,7693.333333333333,6372.0,5756.445546805168,13208.700296253763,0.6725861093263317
2020,0.1448413648755802,2130.0,-1.9406684078518956,1.282008912750748,0.6211757244059766,0.68469507124096,-1.579499267512943,Interpolated (Month),-1.5477875515085608,-0.0055734456706894,False,False,True,False,False,True,False,1,0,17,9358.0,1288.0,5248.0,7974.0,6001.166666666667,5289.583726532716,-2264.3473324080846,0.7609738608699139
2020,0.1448413648755802,7553.0,-0.6337976539735614,0.8662410127661135,-0.2428663803205408,-0.225556937037628,-0.5895071283720109,Official (Quarter),1.1152978115093617,1.2205846018810202,False,True,False,False,False,True,False,1,0,17,2130.0,12434.0,7905.0,6347.0,5944.5,3761.890880926722,20625.20921003247,1.1185341494991243
2020,0.1448413648755802,20003.0,2.663779762898894,-0.7459032417074717,-1.298917841652951,-1.2682092374294651,0.8412271778568625,Interpolated (Month),0.3196585387306794,-0.0055734456706894,False,True,False,False,False,False,False,1,0,17,7553.0,9358.0,4600.0,9895.333333333334,8794.333333333334,9163.83796961367,5459.662232582729,2.781049783580376
2020,0.1448413648755802,15597.0,1.6803988417571047,-0.0817805963752788,-0.5788827543808531,-0.6310328316344536,0.7019396275898798,Estimated (Region),0.940603101616651,-1.231731493222399,False,False,True,True,False,False,False,1,0,17,20003.0,2130.0,6915.0,14384.333333333334,11179.166666666666,6312.9664448128915,5818.910140169874,-0.22164735344218053
2020,0.1448413648755802,12018.0,0.4681336049998355,-0.4239977650529637,0.6211757244059766,0.6267699434414135,0.8332986326088939,Estimated (Region),-1.709509881953793,-1.231731493222399,False,False,False,False,False,False,False,1,0,17,15597.0,7553.0,17072.0,15872.666666666666,11109.833333333334,3999.6312746719063,8185.903489349899,-0.2606378159139093
2020,0.1448413648755802,6574.0,-0.8415541866091507,1.2767652297173089,-0.5788827543808531,-0.6558578864056878,-0.931397325957607,Official (Quarter),-1.4385312890509083,1.2205846018810202,False,True,False,True,False,False,False,1,0,17,12018.0,20003.0,7718.0,11396.333333333334,10645.833333333334,4543.5101335127765,41490.52511588588,3.7099941543986916
2020,0.1448413648755802,9432.0,-0.1727424787235078,0.4273561745933024,-0.2428663803205408,-0.3993323204362675,-0.2961509541971909,Interpolated (Month),-1.064061935667029,-0.0055734456706894,False,False,False,False,False,False,True,1,0,17,6574.0,15597.0,4355.0,9341.333333333334,11862.833333333334,2723.1322651191845,11401.528251379375,0.7114685692822578
2020,0.1448413648755802,11723.0,0.2754012735943905,-0.2968953616065038,-1.298917841652951,-1.2764842556865432,-0.3841294902166086,Estimated (Region),-0.2018311150579568,-1.231731493222399,True,False,False,False,False,False,True,1,0,17,9432.0,12018.0,7893.0,9243.0,12557.833333333334,2579.6978505243205,9191.616977895701,1.0738237548799203
2020,0.1448413648755802,9091.0,-0.0701553546989287,0.2820286176425636,0.6211757244059766,0.68469507124096,0.1442231018613803,Interpolated (Month),1.4430665988823188,-0.0055734456706894,False,False,False,False,False,True,False,1,0,17,11723.0,6574.0,2904.0,10082.0,10739.166666666666,1431.3388837029,9776.902029754072,0.16740632916722376
2020,0.1448413648755802,9915.0,0.0237459029894732,0.9206664664006742,-0.5788827543808531,-0.6889579594340001,-0.3508296001751426,Interpolated (Month),-0.9190595609541022,-0.0055734456706894,False,False,True,False,False,False,True,1,0,17,9091.0,9432.0,1288.0,10243.0,9792.166666666666,1346.3075428741665,9685.020444083724,2.9599422146451557
2020,0.1448413648755802,4471.0,-1.384303456048114,-0.0973148209750049,0.6211757244059766,0.4695445965569301,-1.0491928553559902,Interpolated (Month),-1.6028480953856363,-0.0055734456706894,False,False,False,True,False,False,False,1,0,17,9915.0,11723.0,12434.0,7825.666666666667,8534.333333333334,2934.294690949262,-11634.035368758798,-0.06622107365983224
2020,0.1448413648755802,462.0,-2.3775440092471856,0.4990385642393335,0.6211757244059766,0.5274697243564767,-1.9962575852257805,Official (Quarter),-1.2727731072220163,1.2205846018810202,True,False,False,True,False,False,False,1,0,17,4471.0,9091.0,9358.0,4949.333333333333,7515.666666666667,4744.6184602487065,-335.3794847196777,0.32670929988453856
2020,0.1448413648755802,4897.0,-1.2230280459682836,1.145529014726857,0.6211757244059766,0.7260701625263504,-0.8839110031688837,Official (Quarter),-1.5760385111941808,1.2205846018810202,True,False,False,False,False,False,False,1,0,17,462.0,9915.0,2130.0,3276.6666666666665,6759.833333333333,2446.861322865005,-21956.879811861836,0.6636630651503828
2020,0.1448413648755802,9320.0,-0.1671084032622037,-1.7103144667756556,-0.2428663803205408,-0.1345317362097692,-0.1909844647294997,Interpolated (Month),-0.46560283049002,-0.0055734456706894,False,False,True,False,False,False,False,1,0,17,4897.0,4471.0,7553.0,4893.0,6359.333333333333,4429.001354707342,11189.931602748587,-1.9761723662581296
2020,0.1448413648755802,12980.0,0.930597299115215,-0.4748952886238894,0.6211757244059766,0.68469507124096,1.107229870926192,Estimated (Region),-0.0816203988446559,-1.231731493222399,True,False,False,False,False,True,False,1,0,17,9320.0,462.0,20003.0,9065.666666666666,7007.5,4047.497539632745,6723.307862260391,-0.2818879788578462
2020,0.1448413648755802,16546.0,1.6977705744294591,0.6214738412702493,0.6211757244059766,0.7012451077551162,2.004316449500755,Official (Quarter),1.596717226560231,1.2205846018810202,True,False,False,False,True,False,False,1,0,17,12980.0,4897.0,15597.0,12948.666666666666,8112.666666666667,3613.1018991073906,6133.212422445986,0.3653052922458171
2020,0.1448413648755802,10661.0,0.3519307986104381,1.1699939025251451,-1.298917841652951,-1.2020090913728405,-0.4994331911084874,Interpolated (Month),-0.6613416225975292,-0.0055734456706894,False,False,False,False,True,False,False,1,0,17,16546.0,9320.0,12018.0,13395.666666666666,9144.333333333334,2964.437608271334,7885.758657882304,-5.791788352563459
2020,0.1448413648755802,13904.0,0.9193291481926068,-1.4096277647543758,0.6211757244059766,0.5853948521560232,1.2651778187589289,Estimated (Region),-1.2647014044546965,-1.231731493222399,False,False,True,False,True,False,False,1,0,17,10661.0,12980.0,6574.0,13703.666666666666,11384.666666666666,2947.6102750081277,7244.197803744664,-0.8891335573831234
2020,0.1448413648755802,12506.0,0.540437573419905,-1.01052036290063,0.6211757244059766,0.5109196878423204,0.8783214431241416,Official (Quarter),1.0775337735622574,1.2205846018810202,False,True,False,False,True,False,False,1,0,17,13904.0,16546.0,9432.0,12357.0,12652.833333333334,1626.6262631594423,8118.472449510301,-0.6688114338782036
2020,0.4345240946267408,10062.0,-0.0206224412682966,0.9269698207352788,-0.2428663803205408,-0.2669320283230184,-0.1068286201689239,Estimated (Region),-0.0352081079325661,-1.231731493222399,True,False,False,False,False,False,False,1,0,17,12506.0,10661.0,11723.0,12157.333333333334,12776.5,1944.5866741632703,10273.872328696521,1.2645073261279212
2020,0.4345240946267408,5817.0,-0.9716074285075874,-0.8757577089412444,-1.298917841652951,-1.1937340731157626,-1.227358593571045,Interpolated (Month),1.440472122992823,-0.0055734456706894,False,False,True,False,False,False,False,1,0,17,10062.0,13904.0,9091.0,9461.666666666666,11582.666666666666,3384.6684229527054,204877.53289815577,4.520411380696826
2020,0.4345240946267408,9384.0,-0.1379990133787991,0.8345353690975745,0.6211757244059766,0.7674452538117407,0.2566385469843568,Interpolated (Month),0.4563009355774531,-0.0055734456706894,False,True,False,False,False,False,False,1,0,17,5817.0,12506.0,9915.0,8421.0,10389.0,2280.4677151847027,10886.298444718279,0.47217042072323506
2020,0.4345240946267408,16161.0,1.6843896452088618,-1.2927870750433077,0.6211757244059766,0.5522947791277109,1.785092173394437,Official (Quarter),0.3392612454513136,1.2205846018810202,False,False,False,True,False,False,False,1,0,17,9384.0,10062.0,4471.0,10454.0,11305.666666666666,5254.356192722368,6020.362963642178,-0.8328231805107084
2020,0.4345240946267408,12638.0,0.8690919753293118,-1.3088650521774965,1.5812225074354402,1.5866720612624698,1.6076343410050933,Estimated (Region),1.3320806858316692,-1.231731493222399,False,True,False,True,False,False,False,1,0,17,16161.0,5817.0,462.0,12727.666666666666,11094.666666666666,3389.3896697389932,6761.572018291574,-0.5060034751906982
2020,0.4345240946267408,11637.0,0.2338499670672726,-1.0342928857258773,-0.5788827543808531,-0.4324323934645798,0.1074119989243855,Interpolated (Month),0.4116182952583604,-0.0055734456706894,False,False,False,False,False,True,False,1,0,17,12638.0,9384.0,4897.0,13478.666666666666,10949.833333333334,2376.275306721311,9431.454642463446,-1.8223254354480678
2020,0.4345240946267408,17066.0,1.751059538167627,-0.0580383924756279,-0.2428663803205408,-0.3910573021791895,1.1766895905449988,Interpolated (Month),-0.7481124273462187,-0.0055734456706894,False,True,False,False,False,True,False,1,0,17,11637.0,16161.0,9320.0,13780.333333333334,12117.166666666666,2889.152874690692,6203.428084063566,-0.09531010501205889
2020,0.4345240946267408,9209.0,-0.085649062217515,-0.3613832193180296,1.5812225074354402,1.6363221708049382,0.6232488160037961,Interpolated (Month),-1.1891733285604882,-0.0055734456706894,False,False,True,True,False,False,False,1,0,17,17066.0,12638.0,12980.0,12637.333333333334,12682.5,4022.886070140863,10071.625258387092,-0.13707854954908255
2020,0.4345240946267408,6007.0,-1.0143325007558104,-0.2304606312464492,0.6211757244059766,0.6681450347268039,-0.6245626248612414,Official (Quarter),-1.4526567688937184,1.2205846018810202,True,False,False,False,False,True,False,1,0,17,9209.0,11637.0,16546.0,10760.666666666666,12119.666666666666,5690.4413127044245,-419117.368444217,-0.1381538334190422
2020,0.4345240946267408,9309.0,-0.0771979490255588,-1.664233676121987,-1.298917841652951,-1.359234438257324,-0.7784330351378794,Official (Quarter),-0.025406754572249,1.2205846018810202,False,False,True,False,False,True,False,1,0,17,6007.0,17066.0,10661.0,8175.0,10977.666666666666,1878.2087210956383,10087.75391230446,4.6327230880071575
2020,0.4345240946267408,12554.0,0.83364425055194,0.0994321426921684,1.5812225074354402,1.7769974811752656,1.7056085072835567,Interpolated (Month),-0.0366494834267304,-0.0055734456706894,False,False,True,False,False,False,True,1,0,17,9309.0,9209.0,13904.0,9290.0,10963.666666666666,3273.5413545577526,6846.47526161149,0.035805629413134095
2020,0.4345240946267408,11561.0,0.3275164716114536,-0.1315409117205644,-0.5788827543808531,-0.5234575942924387,0.038915031228547,Estimated (Region),-1.1491030898227212,-1.231731493222399,False,True,False,False,False,False,True,1,0,17,12554.0,6007.0,12506.0,11141.333333333334,10951.0,1662.7075309065294,8708.743166076323,-0.2760319126799532
2020,0.4345240946267408,8893.0,-0.3319051105053491,-1.5019280178689491,-0.5788827543808531,-0.7220580324623124,-0.5469478301302394,Official (Quarter),-0.863710741978194,1.2205846018810202,False,False,False,False,False,False,True,1,0,17,11561.0,9309.0,10062.0,11002.666666666666,9588.833333333334,1893.2861203033412,13310.983424415495,-5.403746800724848
2020,0.4345240946267408,4607.0,-1.3270236888581888,0.4826663444173921,-0.2428663803205408,-0.225556937037628,-1.18137303113283,Interpolated (Month),0.8437426684088114,-0.0055734456706894,True,False,False,False,False,False,True,1,0,17,8893.0,12554.0,5817.0,8353.666666666666,8821.833333333334,3508.2316533166772,-14087.664462734958,0.6232431633787434
2020,0.4345240946267408,11092.0,0.1157691355241071,-0.0038624486877763,0.6211757244059766,0.4695445965569301,0.5172328395452513,Official (Quarter),-1.07732259021334,1.2205846018810202,True,False,False,True,False,False,False,1,0,17,4607.0,11561.0,9384.0,8197.333333333334,9669.333333333334,3297.9948958925115,9941.124599032564,-0.0026283303663092806
2020,0.4345240946267408,9144.0,-0.1229748121486547,1.4599114215809723,-0.2428663803205408,-0.2752070465800964,-0.293177749729203,Official (Quarter),-1.0484950803300546,1.2205846018810202,False,False,False,False,False,False,False,1,0,17,11092.0,8893.0,16161.0,8281.0,9641.833333333334,3327.5190457756557,10426.154375796441,2.014246157737109
2020,0.4345240946267408,14895.0,1.1341282751548265,-0.1741131565417171,0.6211757244059766,0.6267699434414135,1.537155236997263,Official (Quarter),0.5854481798545725,1.2205846018810202,False,False,True,False,True,False,False,1,0,17,9144.0,4607.0,12638.0,11710.333333333334,10032.0,2924.9362956025793,6979.430511935558,-0.10702998124822906
2020,0.4345240946267408,13881.0,1.0097091087176937,1.4244188944023133,1.5812225074354402,1.719072353375719,2.067320067989073,Interpolated (Month),-1.4826373791723355,-0.0055734456706894,False,True,False,False,True,False,False,1,0,17,14895.0,11092.0,11637.0,12640.0,10418.666666666666,3069.7819140779498,6906.9697399425395,0.5238620784157885
2020,0.4345240946267408,14744.0,1.120512592790008,-1.436507728937449,1.5812225074354402,1.363246568321362,2.057550967594256,Interpolated (Month),1.4834251127189186,-0.0055734456706894,False,False,False,False,True,False,False,1,0,17,13881.0,9144.0,17066.0,14506.666666666666,11393.833333333334,547.0779956583578,6953.0358131950425,-0.6078535131261463
2020,0.4345240946267408,9894.0,0.1495735882919318,0.0749916094406708,-0.2428663803205408,-0.1841818457522376,-0.0981921690952445,Official (Quarter),0.9829795411450808,1.2205846018810202,True,False,False,False,True,False,False,1,0,17,14744.0,14895.0,9209.0,12839.666666666666,12275.0,2587.2584589355265,8606.669551882083,0.09192196698517695
2020,0.7242068243779014,6496.0,-0.8662032667523563,1.3504779933151505,-0.5788827543808531,-0.6144827951202975,-0.9315672233557778,Interpolated (Month),0.8832363569489127,-0.0055734456706894,True,False,False,True,False,False,False,1,0,17,9894.0,13881.0,6007.0,10378.0,11509.0,4145.246434170097,48551.26012663242,3.503029115747392
2020,0.7242068243779014,11467.0,0.5671994318610996,0.7698934316002325,1.5812225074354402,1.6942472986044848,1.326793941828852,Official (Quarter),-0.9524994724187136,1.2205846018810202,False,False,True,True,False,False,False,1,0,17,6496.0,14744.0,9309.0,9285.666666666666,11896.166666666666,2540.7208294759866,7316.873504977328,0.2857545526719122
2020,0.7242068243779014,4927.0,-1.2986185584074472,0.0363131099165759,0.6211757244059766,0.4695445965569301,-0.9413080075175672,Estimated (Region),0.4055645181828704,-1.231731493222399,False,False,False,False,False,False,False,1,0,17,11467.0,9894.0,12554.0,7630.0,10234.833333333334,3414.288652120626,-16499.309441034144,0.024710451116390555
2020,0.7242068243779014,7019.0,-0.6197124653203011,-0.2620489754651406,-0.5788827543808531,-0.7303330507193905,-0.8786725000586192,Estimated (Region),-0.1799222075466598,-1.231731493222399,False,True,False,False,False,True,False,1,0,17,4927.0,6496.0,11561.0,7804.333333333333,9091.166666666666,3339.9792414524118,18457.08670391162,-0.9717504357289932
2020,0.7242068243779014,13042.0,0.8951495743378434,-0.3052787930496334,-0.5788827543808531,-0.5317326125495168,0.3082873560282634,Estimated (Region),0.7088299221550348,-1.231731493222399,False,False,True,False,False,False,False,1,0,17,7019.0,11467.0,8893.0,8329.333333333334,8807.5,4213.197874932184,6881.77871372333,-0.6519326377003246
2020,0.7242068243779014,7584.0,-0.5445914591695795,-0.2248531211058561,0.6211757244059766,0.7426201990405065,-0.2064168117300092,Estimated (Region),1.422310791766353,-1.231731493222399,False,True,False,False,False,False,False,1,0,17,13042.0,4927.0,4607.0,9215.0,8422.5,3326.2971905708914,16653.179112914437,-0.1290316279070225
2020,0.7242068243779014,8400.0,-0.2650004644023627,1.646983665793559,-1.298917841652951,-1.2020090913728405,-0.840360636771116,Interpolated (Month),-1.329563301692089,-0.0055734456706894,False,True,False,True,False,False,False,1,0,17,7584.0,7019.0,11092.0,9675.333333333334,8739.833333333334,2944.0274002347833,11428.578649603982,-8.153017542927232
2020,0.7242068243779014,10233.0,0.0225721372683682,-0.0878200269477265,-0.5788827543808531,-0.5400076308065948,-0.2162708608239122,Interpolated (Month),1.2951814731810636,-0.0055734456706894,False,True,False,False,False,False,True,1,0,17,8400.0,13042.0,9144.0,8739.0,8534.166666666666,1356.646969553896,10007.117959751731,-0.19091626911489545
2020,0.7242068243779014,18338.0,2.3003818956447786,-1.3733071829848436,-1.298917841652951,-1.1771840366016064,0.6814953073433334,Official (Quarter),1.3692681735811076,1.2205846018810202,False,False,True,False,False,True,False,1,0,17,10233.0,7584.0,14895.0,12323.666666666666,10769.333333333334,5288.58453022483,5556.326685769011,7.750738776048364
2020,0.7242068243779014,10029.0,-0.0647560323818455,-0.3100522842205484,-1.298917841652951,-1.2185591278869967,-0.6032405013908129,Official (Quarter),0.9576113324477894,1.2205846018810202,True,False,False,False,False,False,True,1,0,17,18338.0,8400.0,13881.0,12866.666666666666,11271.0,4739.411391020349,10723.405172600571,1.418619699017362
2020,0.7242068243779014,6195.0,-0.9342816785764476,-1.3432124186254402,-1.298917841652951,-1.1771840366016064,-1.1649496159763246,Official (Quarter),-1.07530466452151,1.2205846018810202,False,False,False,False,False,True,False,1,0,17,10029.0,10233.0,14744.0,11520.666666666666,10129.833333333334,6207.408020529449,94265.94997874995,7.580888461445415
2020,0.7242068243779014,8632.0,-0.3983402503198935,-0.3202265204001217,-1.298917841652951,-1.3178593469719335,-0.8566991032285362,Estimated (Region),1.0386166352198218,-1.231731493222399,False,False,False,False,False,False,True,1,0,17,6195.0,18338.0,9894.0,8285.333333333334,10304.5,1940.3665461280946,14346.979342709074,1.0074472355484867
2020,0.7242068243779014,10184.0,0.1805610033291045,0.1498987398943747,-1.298917841652951,-1.384059493028558,-0.6665272822094154,Official (Quarter),0.9400265514189852,1.2205846018810202,False,False,False,True,False,False,False,1,0,17,8632.0,10029.0,6496.0,8337.0,10601.833333333334,2010.795613681247,8626.407251537014,-0.39030083259321624
2020,0.7242068243779014,4085.0,-1.5098963882063516,1.4736135878241814,0.6211757244059766,0.6515949982126477,-1.1023424247504052,Estimated (Region),-0.3958402565724688,-1.231731493222399,True,False,False,False,False,False,False,1,0,17,10184.0,6195.0,11467.0,7633.666666666667,9577.166666666666,3169.692782168805,-8011.431527039623,0.8922366496743588
2020,0.7242068243779014,6776.0,-0.8878005560206886,-0.078698503627378,0.6211757244059766,0.8170953633542092,-0.38299684089547,Interpolated (Month),0.9550168565582936,-0.0055734456706894,True,False,False,False,False,True,False,1,0,17,4085.0,8632.0,4927.0,7015.0,7650.166666666667,3056.5161540550766,60392.4561448757,-0.043310056926295276
2020,0.7242068243779014,5968.0,-1.043676643783436,1.1275598324796603,-1.298917841652951,-1.284759273943621,-1.232427199283139,Interpolated (Month),-0.1127541095186044,-0.0055734456706894,False,False,True,False,False,False,True,1,0,17,6776.0,10184.0,7019.0,5609.666666666667,6973.333333333333,1380.8230637315046,-136640.53560505767,-3.9596948568667285
2020,0.7242068243779014,9326.0,-0.1264961093119698,0.7516021728975225,0.6211757244059766,0.792270308582975,0.2538918723805964,Official (Quarter),1.4456610747718144,1.2205846018810202,False,True,False,False,True,False,False,1,0,17,5968.0,4085.0,13042.0,7356.666666666667,7495.166666666667,1752.6897424624244,10676.54088255316,0.4193575987384195
2020,0.7242068243779014,6756.0,-0.6906079148750446,-1.2737502689898712,1.5812225074354402,1.7025223168615629,-0.081032531879999,Interpolated (Month),-0.7942364431594756,-0.0055734456706894,False,False,True,False,True,False,False,1,0,17,9326.0,6776.0,7584.0,7350.0,7182.5,1756.0375850190867,21836.36985177377,-0.47131905666151036
2020,0.7242068243779014,19989.0,2.584902706440636,-0.0426945309661205,-1.298917841652951,-1.284759273943621,0.8221703530287106,Official (Quarter),-1.1000963230211358,1.2205846018810202,False,False,False,False,True,False,False,1,0,17,6756.0,5968.0,8400.0,12023.666666666666,8816.666666666666,7016.845896364931,5575.883541856733,0.1499320123093638
2020,0.7242068243779014,3028.0,-1.71507063625551,-1.5542033129440165,-0.2428663803205408,-0.117981699695613,-1.4818932122638495,Official (Quarter),-0.1248616636695843,1.2205846018810202,True,False,False,False,True,False,False,1,0,17,19989.0,9326.0,10233.0,9924.333333333334,8640.5,8913.340133380596,-4234.546695772907,-1.7620987142870579
2020,1.013889554129062,18392.0,2.1480271050453466,-0.8033590968069498,1.5812225074354402,1.5452969699770795,3.259829905749533,Interpolated (Month),-0.0816203988446559,-0.0055734456706894,False,True,False,False,False,False,False,1,0,17,3028.0,6756.0,18338.0,13803.0,10576.5,9365.525665973062,5842.389339825925,-0.31562489810930944
2020,1.013889554129062,7703.0,-0.4875464451238753,0.3734511130095485,1.5812225074354402,1.603222097776626,0.1636763539519307,Official (Quarter),-1.5250138187007654,1.2205846018810202,True,False,False,True,False,False,False,1,0,17,18392.0,19989.0,10029.0,9707.666666666666,10865.666666666666,7875.731098338311,15031.606136212764,0.14345726141788195
2020,1.013889554129062,11829.0,0.6686127901645736,-0.3562687644920492,-1.298917841652951,-1.243384182658231,-0.348451036600752,Interpolated (Month),-0.0176233269037619,-0.0055734456706894,False,True,False,False,False,False,True,1,0,17,7703.0,3028.0,6195.0,12641.333333333334,11282.833333333334,5390.602409131415,7089.122215606005,1.4638123176325506
2020,1.013889554129062,11466.0,0.2329109544903886,-0.0205100239979196,-1.298917841652951,-1.37578447477148,-0.4803197338142785,Official (Quarter),1.6739749530474362,1.2205846018810202,True,False,False,False,False,False,False,1,0,17,11829.0,18392.0,8632.0,10332.666666666666,12067.833333333334,2284.579246455073,9299.941701580026,0.05457922126876594
2020,1.013889554129062,13412.0,0.7902149188710542,-0.473498132888629,-0.5788827543808531,-0.7137830142052343,0.2514849925731774,Official (Quarter),1.7123155411922062,1.2205846018810202,False,False,False,False,False,False,True,1,0,17,11466.0,7703.0,10184.0,12235.666666666666,10971.666666666666,1034.7764653940385,7491.837912097101,-1.654332748889176
2020,1.013889554129062,11801.0,0.4019332183295121,0.1867009452524759,-1.298917841652951,-1.4006095295427143,-0.447841014530638,Interpolated (Month),-1.5584537301653765,-0.0055734456706894,False,False,True,False,False,True,False,1,0,17,13412.0,11829.0,4085.0,12226.333333333334,12433.833333333334,1040.389510391843,8417.662015357339,-0.46604219691326443
2020,1.013889554129062,5067.0,-1.2631708336300755,1.3536788766076002,-1.298917841652951,-1.4006095295427143,-1.3945659496040863,Interpolated (Month),1.4505617514519729,-0.0055734456706894,False,False,False,True,False,False,False,1,0,17,11801.0,11466.0,6776.0,10093.333333333334,10213.0,4426.83299135321,-19253.653340333287,-3.3790481173845026
2020,1.013889554129062,5855.0,-1.093444310358289,1.0915618241972094,1.5812225074354402,1.7438974081469534,-0.3387668849050194,Interpolated (Month),1.4528679522426358,-0.0055734456706894,False,False,True,True,False,False,False,1,0,17,5067.0,13412.0,5968.0,7574.333333333333,9905.0,3681.5444222952146,-62657.64044435088,0.3978143719791543
2020,1.013889554129062,8875.0,-0.37416067646513,0.4309820198756668,-0.5788827543808531,-0.6641329046627659,-0.5237285190469041,Official (Quarter),0.0334013655896535,1.2205846018810202,True,False,False,False,False,True,False,1,0,17,5855.0,11801.0,9326.0,6599.0,9412.666666666666,2010.066665561019,14180.956143618721,1.2831921490937677
2020,1.013889554129062,10428.0,0.108961294341698,1.5664844331778431,-0.2428663803205408,-0.3248571561225649,-0.065062176451949,Interpolated (Month),0.1305500738963259,-0.0055734456706894,False,False,False,False,False,False,False,1,0,17,8875.0,5067.0,6756.0,8386.0,9239.666666666666,2325.386634519029,9403.394016731912,2.3202266711164627
2020,1.013889554129062,8952.0,-0.1729772318677288,-0.1885608701356512,0.6211757244059766,0.5109196878423204,0.0299387853585257,Official (Quarter),-1.051666106417216,1.2205846018810202,False,False,True,False,False,False,True,1,0,17,10428.0,5855.0,19989.0,9418.333333333334,8496.333333333334,875.2441564118858,10824.369467139322,-0.12479873791632624
2020,1.013889554129062,7925.0,-0.42087655216511,-1.626406094640854,0.6211757244059766,0.8088203450971311,-0.0940296828400611,Estimated (Region),0.1115239173733574,-1.231731493222399,False,False,False,False,False,True,False,1,0,17,8952.0,8875.0,3028.0,9101.666666666666,7850.333333333333,1258.1940761794774,13684.474406326306,-0.8991529197740853
2020,1.013889554129062,6655.0,-0.7185435390373441,0.0689467115209843,0.6211757244059766,0.5522947791277109,-0.5042186344902969,Estimated (Region),-0.9006099546287994,-1.231731493222399,False,True,False,False,False,True,False,1,0,17,7925.0,10428.0,18392.0,7844.0,8115.0,1150.640256552714,23644.864918851505,0.04441599137486495
2020,1.013889554129062,12790.0,0.5859796833987799,0.2602993915898721,0.6211757244059766,0.4943696513281643,0.935237071511341,Interpolated (Month),1.270389814681438,-0.0055734456706894,False,True,False,True,False,False,False,1,0,17,6655.0,8952.0,7703.0,9123.333333333334,9270.833333333334,3238.29559079049,8064.416041314493,0.1741867491477249
2020,1.013889554129062,8208.0,-0.4347269876741492,-0.499898461609402,-0.5788827543808531,-0.6310328316344536,-0.628753427349453,Estimated (Region),1.6241033609493525,-1.231731493222399,False,False,True,False,False,False,False,1,0,17,12790.0,7925.0,11829.0,9217.666666666666,9159.666666666666,3189.6906328566,14520.417251528914,-1.3548589264021944
2020,1.013889554129062,2923.0,-1.717887673986162,1.1961139054420455,-0.5788827543808531,-0.5069075577782824,-1.5619148868022703,Estimated (Region),-1.4405492147427386,-1.231731493222399,True,False,False,False,False,False,True,1,0,17,8208.0,6655.0,11466.0,7973.666666666667,7908.833333333333,4937.672157336192,-4071.667624225491,2.425739684941706
2020,1.013889554129062,8724.0,-0.3053780052083756,0.7104226105275253,-0.2428663803205408,-0.3910573021791895,-0.4283594462070593,Estimated (Region),-1.039846827365069,-1.231731493222399,False,True,False,False,True,False,False,1,0,17,2923.0,12790.0,13412.0,6618.333333333333,7870.833333333333,3210.635503032528,12559.348919864051,1.1666493630186803
2020,1.013889554129062,10348.0,0.0312580036045454,-1.5712688918021331,0.6211757244059766,0.68469507124096,0.4554751353101853,Interpolated (Month),1.274425666065098,-0.0055734456706894,False,False,True,False,True,False,False,1,0,17,8724.0,8208.0,11801.0,7331.666666666667,8274.666666666666,3903.40880940403,10034.346365148918,-0.9326725759604223
2020,1.013889554129062,5140.0,-1.1788944548547349,-1.6534764219141458,1.5812225074354402,1.5287469334629231,-0.611480525202094,Estimated (Region),1.316802105593528,-1.231731493222399,True,False,False,False,True,False,False,1,0,17,10348.0,2923.0,5067.0,8070.666666666667,8022.166666666667,2664.760652166164,-28732.025283700164,-0.6538718446016415
2020,1.013889554129062,9818.0,-0.0708596141315917,0.4895616633484725,-1.298917841652951,-1.384059493028558,-0.7182893561854357,Interpolated (Month),-0.2217220968774239,-0.0055734456706894,False,False,False,False,True,False,False,1,0,17,5140.0,8724.0,5855.0,8435.333333333334,7526.833333333333,2866.11956019512,10566.756272060806,-1.274702675587997
2020,1.3035722838802226,8319.0,-0.3525633871967976,1.6421634536553318,1.5812225074354402,1.4046216596067522,0.2604612384431983,Estimated (Region),0.3554046509859535,-1.231731493222399,False,False,False,True,False,False,False,1,0,17,9818.0,10348.0,8875.0,7759.0,7545.333333333333,2388.7488356877716,12849.134317537706,0.6829196797320243
2020,1.3035722838802226,10833.0,0.254038737470279,-0.8442508778995663,1.5812225074354402,1.6445971890620164,1.1093252721702975,Estimated (Region),-1.3079426692796248,-1.231731493222399,False,True,False,False,False,False,False,1,0,17,8319.0,5140.0,10428.0,9656.666666666666,8863.666666666666,1264.741212000762,8638.489128217017,-0.31923609440082806
2020,1.3035722838802226,4025.0,-1.5206950328405178,1.1358214911888382,-1.298917841652951,-1.2930342922006994,-1.518845896365987,Estimated (Region),0.1694672122387615,-1.231731493222399,False,False,False,False,False,True,False,1,0,17,10833.0,9818.0,8952.0,7725.666666666667,8080.5,3442.5643542761864,-7730.052614565282,-3.876070212324888
2020,1.3035722838802226,5000.0,-1.1540106215673085,0.217360337472162,-0.2428663803205408,-0.1759068274951595,-1.0896850685866846,Interpolated (Month),-0.5843721712091566,-0.0055734456706894,True,False,False,True,False,False,False,1,0,17,4025.0,8319.0,7925.0,6619.333333333333,7189.166666666667,3681.561670450861,-32465.293296766613,0.2637569934131268
2020,1.3035722838802226,8939.0,-0.3732216638882459,1.6602653433309582,0.6211757244059766,0.5274697243564767,0.0344410664100506,Estimated (Region),-0.2442075545863866,-1.231731493222399,True,False,False,False,False,True,False,1,0,17,5000.0,10833.0,6655.0,5988.0,7822.333333333333,2601.721929799485,14261.82030389478,1.0869382985842344
2020,1.3035722838802226,7457.0,-0.7157265013066921,0.5082460740207989,-0.5788827543808531,-0.6227578133773755,-0.7608486544272074,Official (Quarter),0.7388105324336518,1.2205846018810202,False,True,False,False,False,False,True,1,0,17,8939.0,4025.0,12790.0,7132.0,7428.833333333333,1989.5097386038708,26231.780430736108,1.347267331289288
2020,1.3035722838802226,1504.0,-2.1324617266804564,-1.102453309687079,1.5812225074354402,1.363246568321362,-1.6821456122411014,Official (Quarter),0.7601428897472832,1.2205846018810202,False,False,False,False,False,False,True,1,0,17,7457.0,5000.0,8208.0,5966.666666666667,6293.0,3935.1780561154906,-1328.0802031240562,-0.4664994861158998
2020,1.3035722838802226,14412.0,0.932240571124762,0.3670498434562151,-1.298917841652951,-1.384059493028558,-0.0685167568814209,Estimated (Region),-1.4379547388532428,-1.231731493222399,False,False,True,False,False,False,False,1,0,17,1504.0,8939.0,2923.0,7791.0,6889.5,6460.478542646797,7458.69857789537,-0.9557108992718532
2020,1.3035722838802226,12449.0,0.5918485120043051,-0.2884324051126299,-0.2428663803205408,-0.2503819918088622,0.3782284516085533,Estimated (Region),-0.4382166961008987,-1.231731493222399,False,False,False,False,False,False,False,1,0,17,14412.0,7457.0,8724.0,9455.0,8293.5,6955.367927004279,7820.467780772303,-0.3847725134147062
2020,1.3035722838802226,9047.0,-0.2248576767405709,-0.436533895239637,-0.5788827543808531,-0.5813827220919852,-0.4546085942244393,Estimated (Region),0.2931372296380566,-1.231731493222399,False,False,True,False,False,False,True,1,0,17,12449.0,1504.0,10348.0,11969.333333333334,8968.0,2714.4734909984504,11671.405016252864,-1.0427995170700026
2020,1.3035722838802226,10557.0,0.0392396105080595,0.9108192769922862,0.6211757244059766,0.8170953633542092,0.578990543780317,Interpolated (Month),1.5615476645026225,-0.0055734456706894,False,False,True,True,False,False,False,1,0,17,9047.0,14412.0,5140.0,10684.333333333334,9237.666666666666,1704.5707181965847,10158.388780850004,0.5012501244354003
2020,1.3035722838802226,11180.0,0.400289946319965,-0.1559724984038537,0.6211757244059766,0.6350449616984916,0.633017916398614,Interpolated (Month),1.228878200449507,-0.0055734456706894,False,False,True,False,False,True,False,1,0,17,10557.0,12449.0,9818.0,10261.333333333334,9858.166666666666,1096.807336469441,7984.060750690686,-0.09539340021685323
2020,1.3035722838802226,2824.0,-1.817657760280089,-0.9433644397366404,1.5812225074354402,1.4542717691492208,-1.2961104073641398,Official (Quarter),-1.269602081134855,1.2205846018810202,False,True,False,False,False,True,False,1,0,17,11180.0,9047.0,8319.0,8187.0,10078.166666666666,4654.928463467479,-3453.767746340031,-0.38437651917564936
2020,1.3035722838802226,8660.0,-0.4096084012425017,-1.0030738359615792,-0.5788827543808531,-0.7220580324623124,-0.5878081543903034,Interpolated (Month),1.3917536312900705,-0.0055734456706894,False,True,False,True,False,False,False,1,0,17,2824.0,10557.0,10833.0,7554.666666666667,9119.5,4286.257730623882,14668.230405421249,-3.6089326302461577
2020,1.3035722838802226,10137.0,-0.0638170198049615,1.3790155577746703,0.6211757244059766,0.6929700894980381,0.4075357527930068,Official (Quarter),-0.8458376858505569,1.2205846018810202,True,False,False,False,False,False,False,1,0,17,8660.0,11180.0,4025.0,7207.0,8734.166666666666,3866.9625030506354,10828.01141918658,0.8145539997009311
2020,1.3035722838802226,9563.0,0.0162338023744011,0.1318689197959856,0.6211757244059766,0.5191947060993986,0.1798732392442084,Estimated (Region),-1.4970511341139785,-1.231731493222399,True,False,False,False,False,False,True,1,0,17,10137.0,2824.0,5000.0,9453.333333333334,8820.166666666666,744.581985635647,9410.23608706611,0.08680185579014098
2020,1.3035722838802226,10737.0,0.2352584859325986,-0.3275920311937269,-0.5788827543808531,-0.6144827951202975,-0.1641973082845788,Interpolated (Month),-0.9602829000872006,-0.0055734456706894,False,False,False,False,True,False,False,1,0,17,9563.0,8660.0,8939.0,10145.666666666666,8850.166666666666,587.0479821387435,8692.107864285386,-0.8497468518842091
2020,1.3035722838802226,15767.0,1.4925963263803008,-0.3336250003558008,-1.298917841652951,-1.2682092374294651,0.2168825558124022,Official (Quarter),-1.401632076400303,1.2205846018810202,True,False,False,False,True,False,False,1,0,17,10737.0,10137.0,7457.0,12022.333333333334,9614.666666666666,3295.673729805985,6325.532872343002,1.243898247328409
2020,1.3035722838802226,6085.0,-1.05165825068695,-0.6577273565371143,-1.298917841652951,-1.2516592009153091,-1.2049321370125066,Estimated (Region),0.5929433324242268,-1.231731493222399,False,True,False,False,True,False,False,1,0,17,15767.0,9563.0,1504.0,10863.0,10158.166666666666,4842.22965172036,-117793.38090395684,2.613563716903239
2020,1.3035722838802226,11189.0,0.254742996902942,-1.5881803908744334,-1.298917841652951,-1.2930342922006994,-0.4721080262360259,Interpolated (Month),0.1732147885235886,-0.0055734456706894,False,False,True,False,True,False,False,1,0,17,6085.0,10737.0,14412.0,11013.666666666666,10579.666666666666,4843.380775174839,8917.363976222696,5.419776569312534
2020,1.5932550136313832,2506.0,-1.8944220384403576,0.5917354485444926,-0.2428663803205408,-0.225556937037628,-1.603483116888046,Estimated (Region),1.1709349055841027,-1.231731493222399,True,False,False,False,False,False,False,1,0,17,11189.0,15767.0,12449.0,6593.333333333333,9307.833333333334,4363.762634852282,-2801.809316293034,0.7640786997058341
2020,1.5932550136313832,15569.0,1.4864927446305547,-0.3269439020301621,0.6211757244059766,0.5026446695852423,1.6028488976232844,Estimated (Region),-0.8207577522520983,-1.231731493222399,False,False,True,True,False,False,False,1,0,17,2506.0,6085.0,9047.0,9754.666666666666,10308.833333333334,6648.569495262355,6261.429893017144,-0.21757898500408923
2020,1.5932550136313832,14723.0,1.1024366006849906,-0.9027365824061806,-1.298917841652951,-1.2185591278869967,0.1005311542984705,Interpolated (Month),-1.5152124653404482,-0.0055734456706894,False,False,False,False,False,True,False,1,0,17,15569.0,11189.0,10557.0,10932.666666666666,10973.166666666666,7309.956383818799,7002.82709842624,4.130399819644821
2020,1.5932550136313832,10327.0,0.2270421258848634,1.7285023101535009,-0.2428663803205408,-0.4076073386933456,-0.1287170682999216,Official (Quarter),-1.319761948331772,1.2205846018810202,False,False,False,True,False,False,False,1,0,17,14723.0,2506.0,11180.0,13539.666666666666,10066.5,2814.2226872323704,8416.173970027994,2.917832078373326
2020,1.5932550136313832,11971.0,0.6411466722907161,-0.5138834388143197,-1.298917841652951,-1.3095843287148556,-0.3680175536234161,Interpolated (Month),-0.3482748652650476,-0.0055734456706894,False,True,False,True,False,False,False,1,0,17,10327.0,15569.0,2824.0,12340.333333333334,11047.5,2221.1504526558538,7294.2901461030615,1.6599142500124253
2020,1.5932550136313832,1598.0,-2.092788445307107,1.0743893835521552,-1.298917841652951,-1.384059493028558,-1.880925568100873,Official (Quarter),-0.3358790360152348,1.2205846018810202,True,False,False,False,False,True,False,1,0,17,11971.0,14723.0,8660.0,7965.333333333333,9449.0,5575.20262710989,-1462.3141440252998,-2.79745561053549
2020,1.5932550136313832,13334.0,0.7186152098836477,-1.5220185308447447,1.5812225074354402,1.6114971160337042,1.8292088644527733,Interpolated (Month),1.7117389909945404,-0.0055734456706894,False,True,False,False,False,True,False,1,0,17,1598.0,10327.0,10137.0,8967.666666666666,11253.666666666666,6418.600496473751,7758.572089503809,-0.5828145554900552
2020,1.5932550136313832,8596.0,-0.230491752201875,0.5292312438174652,0.6211757244059766,0.6598700164697258,0.0106837468991747,Estimated (Region),-0.5543915609305395,-1.231731493222399,False,False,True,False,False,False,True,1,0,17,13334.0,11971.0,9563.0,7842.666666666667,10091.5,5904.155937416712,11170.770455802964,0.3188389684531167
2020,1.5932550136313832,935.0,-2.251951077088948,-0.4536238286445447,-1.298917841652951,-1.3178593469719335,-1.9715091975589083,Interpolated (Month),-0.383444427322656,-0.0055734456706894,False,False,True,False,False,True,False,1,0,17,8596.0,1598.0,10737.0,7621.666666666667,7793.5,6256.659998220536,-746.834294974268,1.427121250219516
2020,1.5932550136313832,11613.0,0.3756408661767595,0.0248172667999486,-0.5788827543808531,-0.556557667320751,0.0288344522704159,Estimated (Region),0.8103027569442001,-1.231731493222399,False,False,False,False,False,False,True,1,0,17,935.0,13334.0,15767.0,7048.0,8007.833333333333,5504.7387767267965,8441.883550810287,0.055965037550664884
2020,1.5932550136313832,13191.0,0.9949196606317704,-1.4624488004901746,1.5812225074354402,1.3549715500642838,1.613297587610785,Estimated (Region),1.2311844012401696,-1.231731493222399,True,False,False,False,False,False,True,1,0,17,11613.0,8596.0,6085.0,8579.666666666666,8211.166666666666,6667.324600867507,6612.2963547427,-0.6210048696555396
2020,1.5932550136313832,9295.0,-0.1875319268094311,0.6262035936632548,-0.2428663803205408,-0.2669320283230184,-0.2592832187941393,Interpolated (Month),1.615743383083199,-0.0055734456706894,True,False,False,True,False,False,False,1,0,17,13191.0,935.0,11189.0,11366.333333333334,9494.0,1959.6778646842013,11440.449547141536,0.8542230977991555
2020,1.5932550136313832,10150.0,0.0235111498452522,-0.0052501608232608,0.6211757244059766,0.68469507124096,0.4064597359379255,Interpolated (Month),-1.665980342030032,-0.0055734456706894,False,False,True,False,False,False,False,1,0,17,9295.0,11613.0,2506.0,10878.666666666666,8963.333333333334,2047.6621628904509,9916.843604033633,-0.003116386408962121
2020,1.5932550136313832,7133.0,-0.6187734527434171,0.7141463710286184,1.5812225074354402,1.7852724994323437,0.0623042397100528,Estimated (Region),-0.295520522178635,-1.231731493222399,False,True,False,False,False,False,True,1,0,17,10150.0,13191.0,15569.0,8859.333333333334,8719.5,1554.9682740599778,18710.659190266633,0.25640089835883784
2020,1.5932550136313832,13238.0,0.9146340853081868,-0.1176727369339273,-0.2428663803205408,-0.2007318822663938,0.5694762894827556,Official (Quarter),-0.1548422739482013,1.2205846018810202,False,True,False,False,False,False,False,1,0,17,7133.0,9295.0,14723.0,10173.666666666666,10770.0,3052.5688089432406,6914.114870084516,-0.14722561093466172
2020,1.5932550136313832,14908.0,1.3054980704361598,0.1702725608634462,-0.5788827543808531,-0.5317326125495168,0.6538303476745304,Interpolated (Month),-0.8126860494847784,-0.0055734456706894,False,False,False,False,False,False,False,1,0,17,13238.0,10150.0,10327.0,11759.666666666666,11319.166666666666,4092.891194905291,6466.281707700439,0.36362250591592093
2020,1.5932550136313832,14367.0,1.312071158474348,-0.1806993218380298,0.6211757244059766,0.5522947791277109,1.3530430898462322,Estimated (Region),-1.2321263182865838,-1.231731493222399,True,False,False,False,True,False,False,1,0,17,14908.0,7133.0,11971.0,14171.0,11515.166666666666,852.0780480684188,6213.9090950298705,-0.1164078654825929
2020,1.5932550136313832,385.0,-2.407592411707474,0.3664618551122766,0.6211757244059766,0.7674452538117407,-2.009962642011554,Interpolated (Month),1.7451789024591515,-0.0055734456706894,False,False,True,False,True,False,False,1,0,17,14367.0,13238.0,1598.0,9886.666666666666,10030.166666666666,8233.129558881796,-273.5166776957666,0.20733986205340776
2020,1.5932550136313832,3677.0,-1.6275077134610751,-1.3200323574282369,-0.2428663803205408,-0.333132174379643,-1.388534591969025,Estimated (Region),0.0201407110433421,-1.231731493222399,False,True,False,False,True,False,False,1,0,17,385.0,14908.0,13334.0,6143.0,8951.333333333334,7309.921203405655,-5859.688926721197,-1.9794512596259541
2020,1.5932550136313832,12576.0,0.6343388311083069,-0.5975010474823383,-1.298917841652951,-1.259934219172387,-0.24806999051487,Estimated (Region),1.508505046317377,-1.231731493222399,False,False,False,False,True,False,False,1,0,17,3677.0,14367.0,8596.0,5546.0,9858.5,6306.741710265257,7694.854800379269,2.2986625207898417
2021,-1.5932550136313832,7808.0,-0.5805086902353933,0.8549941824646292,-1.298917841652951,-1.1689090183445283,-0.916361406219496,Interpolated (Month),-0.1949125126859683,-0.0055734456706894,False,False,False,True,False,False,False,0,0,18,12576.0,385.0,935.0,8020.333333333333,8953.5,4453.298141078478,18613.01966989824,-5.061862243025262
2021,-1.5932550136313832,6006.0,-1.0913315320603,-1.3169443003015295,-0.5788827543808531,-0.564832685577829,-1.0049062668994828,Interpolated (Month),0.6252301434935066,-0.0055734456706894,False,False,True,False,False,False,False,0,0,18,7808.0,3677.0,11613.0,8796.666666666666,7469.833333333333,3394.749082529234,-65760.42101247837,-3.0262941555024874
2021,-1.5932550136313832,6006.0,-0.9690251439211564,1.4103325227576973,1.5812225074354402,1.479096823920455,-0.3748134495502458,Estimated (Region),0.608510187761201,-1.231731493222399,True,False,False,False,False,False,True,0,0,18,6006.0,12576.0,13191.0,6606.666666666667,6076.333333333333,1040.3851850795168,193899.2060112331,0.5688896493067952
2021,-1.5932550136313832,11739.0,0.5538185026405023,1.3780697067023828,-0.5788827543808531,-0.6972329776910782,-0.0327533545664791,Estimated (Region),1.7151982921805349,-1.231731493222399,True,False,False,True,False,False,False,0,0,18,6006.0,7808.0,9295.0,7917.0,7968.666666666667,3309.9490932640774,7554.936422787587,4.551584568864634
2021,-1.5932550136313832,10798.0,0.0929980805346697,0.6678240230333137,1.5812225074354402,1.570122024748314,1.057648146893363,Official (Quarter),0.540477264436647,1.2205846018810202,False,False,False,False,False,True,False,0,0,18,11739.0,6006.0,10150.0,9514.333333333334,9155.5,3074.5198541126906,9879.24882239305,0.2598413680761761
2021,-1.5932550136313832,7651.0,-0.5668930078705751,-1.0386245158335952,-0.5788827543808531,-0.6310328316344536,-0.729077840969278,Interpolated (Month),0.3369550446606507,-0.0055734456706894,False,True,False,False,False,True,False,0,0,18,10798.0,6006.0,7133.0,10062.666666666666,8334.666666666666,2140.90455960399,17665.380931355776,-2.8149510441118704
2021,-1.5932550136313832,14376.0,1.3235740625411772,-0.2026358100542231,-0.2428663803205408,-0.109706681438535,0.8667401038155027,Estimated (Region),0.8866956581349069,-1.231731493222399,False,False,False,False,False,False,True,0,0,18,7651.0,11739.0,13238.0,10941.666666666666,9429.333333333334,3364.8010837690263,6187.0203458363985,-0.22760567312988694
2021,-1.5932550136313832,4497.0,-1.4279675408732209,0.772178285714424,-1.298917841652951,-1.284759273943621,-1.4479703650957574,Official (Quarter),1.3828171032262515,1.2205846018810202,False,False,True,True,False,False,False,0,0,18,14376.0,10798.0,14908.0,8841.333333333334,9177.833333333334,5045.922148956826,-10507.806248166307,-2.7116879286161755
2021,-1.5932550136313832,12075.0,0.4129666161078993,0.4387963501744084,-0.5788827543808531,-0.6227578133773755,0.0727812459305819,Official (Quarter),-0.979597331709002,1.2205846018810202,True,False,False,False,False,False,False,0,0,18,4497.0,7651.0,14367.0,10316.0,10189.333333333334,5169.063841741543,8545.849464767474,1.1631688229327324
2021,-1.5932550136313832,2137.0,-1.966960760004648,-0.8210370185557961,1.5812225074354402,1.3963466413496743,-1.4997041228387495,Official (Quarter),0.6736603600974264,1.2205846018810202,False,True,False,True,False,False,False,0,0,18,12075.0,14376.0,385.0,6236.333333333333,8589.0,5192.294418976346,-2210.0172916941615,-0.3426203055887484
2021,-1.5932550136313832,8424.0,-0.4619583524037858,-1.6940202809097569,-0.5788827543808531,-0.4241573752075017,-0.5003959430314551,Official (Quarter),-0.7380227988870688,1.2205846018810202,True,False,False,False,False,True,False,0,0,18,2137.0,4497.0,3677.0,7545.333333333333,8193.333333333334,5026.9277231061305,15656.780544100158,-2.9418111962798648
2021,-1.5932550136313832,13269.0,0.6312870402334338,0.4272070651231572,-1.298917841652951,-1.2185591278869967,-0.1174755237876239,Estimated (Region),0.0207172612410078,-1.231731493222399,False,True,False,False,False,False,False,0,0,18,8424.0,12075.0,12576.0,7943.333333333333,9129.666666666666,5581.544260626535,8134.068176071106,-1.95465213122574
2021,-1.5932550136313832,19968.0,2.414941430024629,1.6871472956402995,-1.298917841652951,-1.243384182658231,0.8615016007052376,Interpolated (Month),-1.5584537301653765,-0.0055734456706894,False,False,False,False,False,False,False,0,0,18,13269.0,2137.0,7808.0,13887.0,10061.666666666666,5796.760043334558,5847.245233677694,-6.9320334510375865
2021,-1.5932550136313832,12743.0,0.5564007872269333,0.8615858151081806,1.5812225074354402,1.3218714770359716,1.4653169538040658,Interpolated (Month),-1.126905907212591,-0.0055734456706894,False,False,True,False,False,True,False,0,0,18,19968.0,8424.0,6006.0,15326.666666666666,11436.0,4028.107537458936,8187.479796064886,0.37107386159377526
2021,-1.5932550136313832,13280.0,0.9507860695182216,0.5939348132291341,-1.298917841652951,-1.2930342922006994,-0.1665758718589693,Estimated (Region),0.5116497545533614,-1.231731493222399,False,True,False,False,False,False,True,0,0,18,12743.0,13269.0,6006.0,15330.333333333334,11636.833333333334,4025.3020176545133,6807.5122164880495,-2.026844055583596
2021,-1.5932550136313832,1385.0,-2.148190187343264,0.7505072123550898,-0.5788827543808531,-0.448982429978736,-1.8445675248923337,Interpolated (Month),0.7301622794686662,-0.0055734456706894,False,False,True,False,False,False,True,0,0,18,13280.0,19968.0,11739.0,9136.0,11511.5,6717.930708186842,-1206.246156139583,1.36203862306265
2021,-1.5932550136313832,8899.0,-0.3103078212370166,0.4336436239177579,0.6211757244059766,0.4281695052715397,-0.0204924256651569,Official (Quarter),-1.627639753885262,1.2205846018810202,False,True,False,False,True,False,False,0,0,18,1385.0,12743.0,10798.0,7854.666666666667,11590.666666666666,6015.873197910093,12902.857642899546,0.30363596360034917
2021,-1.5932550136313832,6231.0,-0.8410846803207087,-0.3531041645040012,-1.298917841652951,-1.350959420000246,-1.215041032203666,Interpolated (Month),-0.1591664004306942,-0.0055734456706894,False,False,False,False,True,False,False,0,0,18,8899.0,13280.0,7651.0,5505.0,10417.666666666666,3809.246119640935,39209.561498380695,1.0061110897201555
2021,-1.5932550136313832,10139.0,0.0671752346703591,1.085264931272978,-1.298917841652951,-1.2268341461440748,-0.591064521188576,Estimated (Region),0.5860247300522382,-1.231731493222399,False,False,True,False,True,False,False,0,0,18,6231.0,1385.0,14376.0,8423.0,8779.5,1997.0097646230256,9500.782693042765,-4.7843984237878665
2021,-1.5932550136313832,16493.0,1.6125551830772342,0.8071886922729471,0.6211757244059766,0.6267699434414135,1.928117466421176,Official (Quarter),-1.453521594190217,1.2205846018810202,True,False,False,False,True,False,False,0,0,18,10139.0,8899.0,4497.0,10954.333333333334,9404.5,5179.356845529492,6312.976700677186,0.4961910536442225
2021,-1.3035722838802226,6555.0,-0.7852134319961095,0.2180760629288593,1.5812225074354402,1.7521724264040317,-0.1246112145107951,Official (Quarter),0.1155597687570174,1.2205846018810202,False,False,True,True,False,False,False,0,0,18,16493.0,6231.0,12075.0,11062.333333333334,8283.666666666666,5032.928504691202,30518.668187301482,0.07923779078543995
2021,-1.3035722838802226,14163.0,0.9021921686644736,0.6591085745033278,0.6211757244059766,0.461269578299852,1.237739388954353,Interpolated (Month),-0.2387303277085624,-0.0055734456706894,False,True,False,True,False,False,False,0,0,18,6555.0,10139.0,2137.0,12403.666666666666,10413.333333333334,5197.345604569058,7445.619971164018,0.4510520059345812
2021,-1.3035722838802226,7648.0,-0.5436524465926955,-1.164650348905607,-1.298917841652951,-1.2268341461440748,-0.963507934211878,Interpolated (Month),-0.6682602249695176,-0.0055734456706894,False,False,False,False,False,False,False,0,0,18,14163.0,16493.0,8424.0,9455.333333333334,10204.833333333334,4113.423918505497,16759.15635549364,5.13436962072665
2021,-1.3035722838802226,4938.0,-1.2993228178401102,0.8687579806221642,-1.298917841652951,-1.350959420000246,-1.4001159312776643,Estimated (Region),1.3398641135001563,-1.231731493222399,False,True,False,False,False,True,False,0,0,18,7648.0,6555.0,13269.0,8916.333333333334,9989.333333333334,4741.48271465088,-16497.23878597769,-2.475380146860157
2021,-1.3035722838802226,12392.0,0.8165072710238067,0.1085491927284121,-1.298917841652951,-1.259934219172387,-0.2752818904552177,Interpolated (Month),-0.0412618850080561,-0.0055734456706894,False,False,True,False,False,False,True,0,0,18,4938.0,14163.0,19968.0,8326.0,10364.833333333334,3772.968592501097,6821.882960598176,-0.4176025498836798
2021,-1.3035722838802226,16194.0,1.606451601327488,1.190272293433324,-1.298917841652951,-1.4006095295427143,0.169764344053049,Official (Quarter),-0.4413877221880601,1.2205846018810202,True,False,False,False,False,False,True,0,0,18,12392.0,7648.0,12743.0,11174.666666666666,10315.0,5725.889392341877,6213.044582048735,-2.971153219425384
2021,-1.3035722838802226,11811.0,0.685515016548486,0.8771602992648458,-0.2428663803205408,-0.1924568640093157,0.2860024806348673,Interpolated (Month),-0.4811696858269942,-0.0055734456706894,True,False,False,False,False,True,False,0,0,18,16194.0,4938.0,13280.0,13465.666666666666,11191.0,2380.597053962174,7007.353766676004,1.0862086001000504
2021,-1.3035722838802226,10288.0,0.1045009846014989,-1.243995971253966,-1.298917841652951,-1.4088845477997924,-0.6649132569267933,Estimated (Region),1.092235803602733,-1.231731493222399,False,False,False,False,False,True,False,0,0,18,11811.0,12392.0,1385.0,12764.333333333334,10545.166666666666,3066.2423800693477,9314.613697435394,3.042413752116356
2021,-1.3035722838802226,20337.625,2.8694235172364944,1.6213661617910484,1.5812225074354402,1.3549715500642838,3.6938328093767017,Interpolated (Month),-1.5253020937995982,-0.0055734456706894,False,False,True,False,False,True,False,0,0,18,10288.0,16194.0,8899.0,14145.541666666666,12660.104166666666,5416.299867548734,5255.983199927658,0.6884865177020036
2021,-1.3035722838802226,9838.0,0.1206989515527482,-1.2488862648431611,-0.2428663803205408,-0.3827822839221114,-0.2098430759264523,Estimated (Region),-0.2416130786968909,-1.231731493222399,False,False,False,True,False,False,False,0,0,18,20337.625,11811.0,6231.0,13487.875,13476.770833333334,5936.323045191784,8778.450257644372,-2.023412861152482
2021,-1.3035722838802226,10720.0,0.2969985628627229,-0.6505203988134303,-0.2428663803205408,-0.3083071196084087,0.0011978088346414,Official (Quarter),1.1882314115140742,1.2205846018810202,False,False,True,False,False,False,False,0,0,18,9838.0,10288.0,10139.0,13631.875,13198.104166666666,5824.070165861248,8265.236606229477,-0.9404757765399407
2021,-1.3035722838802226,10739.0,0.1761006935889054,0.6640366424916261,0.6211757244059766,0.5522947791277109,0.4793174035201467,Interpolated (Month),-0.7509951783345473,-0.0055734456706894,True,False,False,True,False,False,False,0,0,18,10720.0,20337.625,16493.0,10432.333333333334,12288.9375,514.7954286249969,9131.020888381276,0.4277774114944661
2021,-1.3035722838802226,12952.0,0.5789370890721498,0.470298707931983,-0.5788827543808531,-0.448982429978736,0.3466275355487948,Estimated (Region),-0.9885338597728204,-1.231731493222399,False,False,False,False,False,False,True,0,0,18,10739.0,9838.0,6555.0,11470.333333333334,12479.104166666666,1283.1961398528524,8202.986736863051,0.8535094587162327
2021,-1.3035722838802226,11280.0,0.2406578082496817,-0.1788434059662895,1.5812225074354402,1.3549715500642838,1.074354724380153,Official (Quarter),1.590375174385908,1.2205846018810202,True,False,False,False,False,False,False,0,0,18,12952.0,10720.0,14163.0,11657.0,12644.4375,1153.6632957669842,9091.950999698949,-0.07594291572711678
2021,-1.3035722838802226,10591.0,0.2305634230481785,0.4384668182453879,-0.5788827543808531,-0.6393078498915317,-0.2040948806216755,Estimated (Region),-0.4024705838456245,-1.231731493222399,False,True,False,False,False,False,False,0,0,18,11280.0,10739.0,7648.0,11607.666666666666,11020.0,1214.1269840231992,8606.626689557752,1.215626173493188
2021,-1.3035722838802226,9542.0,-0.0553659066130053,-1.4298161929489,-0.2428663803205408,-0.2752070465800964,-0.2142320920458635,Estimated (Region),0.7572601387589546,-1.231731493222399,False,True,False,False,False,False,True,0,0,18,10591.0,12952.0,4938.0,10471.0,10970.666666666666,875.191978939399,10101.265735378094,-1.9727236394923202
2021,-1.3035722838802226,8908.0,-0.3877763588299482,1.3305544829459173,-0.2428663803205408,-0.3248571561225649,-0.3626941018140661,Interpolated (Month),0.3409908960443107,-0.0055734456706894,True,False,False,False,True,False,False,0,0,18,9542.0,11280.0,12392.0,9680.333333333334,10668.666666666666,849.9849018265814,14550.238509207955,1.970774770127705
2021,-1.3035722838802226,10922.0,0.2406578082496817,0.350546407300546,-0.2428663803205408,-0.3496822108937991,0.0177344889232607,Official (Quarter),0.8552736723621256,1.2205846018810202,False,True,False,False,True,False,False,0,0,18,8908.0,10591.0,16194.0,9790.666666666666,10699.166666666666,1029.7695535085272,8803.394398821978,0.5390386256884319
2021,-1.3035722838802226,4619.0,-1.3127037470607077,0.6754032574007939,-0.2428663803205408,-0.117981699695613,-1.1534532253667709,Official (Quarter),-0.5258523261460869,1.2205846018810202,False,False,True,False,True,False,False,0,0,18,10922.0,9542.0,11811.0,8149.666666666667,9310.333333333334,3219.2008842775012,-14771.169336526295,0.7657474421649871
2021,-1.3035722838802226,11057.0,0.3096752326506572,1.503568189281648,-0.5788827543808531,-0.7303330507193905,-0.1720409048334615,Official (Quarter),0.8780474051699212,1.2205846018810202,False,False,False,False,True,False,False,0,0,18,4619.0,8908.0,10288.0,8866.0,9273.166666666666,3678.6292283946964,8442.551041926394,5.575648752257985
2021,-1.013889554129062,7790.0,-0.5746398616298681,-1.7056006193927993,-0.2428663803205408,-0.1262567179526911,-0.5022081819452763,Interpolated (Month),-1.599677069298475,-0.0055734456706894,False,True,False,False,False,False,True,0,0,18,11057.0,10922.0,20337.625,7822.0,8806.333333333334,3219.119289495139,18313.892857589406,-1.95206149728136
2021,-1.013889554129062,6907.0,-0.8708983296367763,-1.3068794110667292,0.6211757244059766,0.8170953633542092,-0.3496686346209756,Official (Quarter),-0.6198300083655979,1.2205846018810202,True,False,False,True,False,False,False,0,0,18,7790.0,4619.0,9838.0,8584.666666666666,8367.166666666666,2186.148744558126,53500.46967298997,-0.7192134421906933
2021,-1.013889554129062,6517.0,-0.9453150763548348,-1.362758682035206,-0.5788827543808531,-0.5069075577782824,-0.891782915950795,Official (Quarter),1.2458864312806452,1.2205846018810202,True,False,False,False,False,True,False,0,0,18,6907.0,11057.0,10720.0,7071.333333333333,7968.666666666667,652.2164773546965,119173.61432717628,-2.7636981737035944
2021,-1.013889554129062,7552.0,-0.5795696776585093,-1.404282190249671,-0.5788827543808531,-0.6641329046627659,-0.7597160051060692,Official (Quarter),-0.2799536668416608,1.2205846018810202,False,False,False,True,False,False,False,0,0,18,6517.0,7790.0,10739.0,6992.0,7407.0,522.7092882278166,17962.54836697044,-4.181065099097228
2021,-1.013889554129062,9365.0,-0.2274399613270019,0.0600846386786892,0.6211757244059766,0.5109196878423204,0.1285359087636149,Estimated (Region),1.5433863332761526,-1.231731493222399,True,False,False,False,False,False,True,0,0,18,7552.0,6907.0,12952.0,7811.333333333333,8198.0,1441.6020024032352,12122.035222124567,0.0397669308052326
2021,-1.013889554129062,5611.0,-0.998604040093003,1.368718554798011,0.6211757244059766,0.6267699434414135,-0.7342030791474288,Official (Quarter),0.17033203753526,1.2205846018810202,False,True,False,False,False,False,False,0,0,18,9365.0,6517.0,11280.0,7509.333333333333,7290.333333333333,1877.3636657113075,4019456.4126632307,0.8413719225119825
2021,-1.013889554129062,9755.0,0.0702270255452322,0.4031189272527692,-0.2428663803205408,-0.1262567179526911,-0.0973993145704477,Interpolated (Month),-0.0011916462702891,-0.0055734456706894,False,False,False,False,False,False,False,0,0,18,5611.0,7552.0,10591.0,8243.666666666666,7617.833333333333,2288.279994522752,9114.888492962762,0.4613699876561023
2021,-1.013889554129062,13823.0,1.203145699555802,-0.0329134467561636,-0.5788827543808531,-0.6227578133773755,0.3883373467997127,Official (Quarter),1.4868844139049129,1.2205846018810202,False,False,True,False,False,False,True,0,0,18,9755.0,9365.0,9542.0,9729.666666666666,8770.5,4106.058612992896,6274.2105539306785,-0.08724752406625369
2021,-1.013889554129062,8946.0,-0.28072892506517,1.2887824589478765,-0.2428663803205408,-0.2172819187805499,-0.3058634221259521,Interpolated (Month),-0.1897235609069769,-0.0055734456706894,False,False,False,False,False,False,True,0,0,18,13823.0,5611.0,8908.0,10841.333333333334,9175.333333333334,2613.6894102653478,12437.591767207598,1.6465474477604938
2021,-1.013889554129062,13830.0,0.8113427018509446,-1.0506820046211025,-0.2428663803205408,-0.3910573021791895,0.5540722587152745,Interpolated (Month),-1.0248565222257604,-0.0055734456706894,False,True,False,False,False,True,False,0,0,18,8946.0,9755.0,10922.0,12199.666666666666,10221.666666666666,2817.7601624931303,7635.219986735602,-1.7254201559212712
2021,-1.013889554129062,6327.0,-0.8145575750237352,0.2370388112787896,-0.5788827543808531,-0.6227578133773755,-0.9648104809311868,Estimated (Region),-0.3918044051888089,-1.231731493222399,True,False,False,False,False,False,False,0,0,18,13830.0,13823.0,4619.0,9701.0,9715.333333333334,3808.0534397510514,34118.40629677813,0.628346509707601
2021,-1.013889554129062,7810.0,-0.5762831336394152,-1.6454414095995886,-0.5788827543808531,-0.6227578133773755,-0.6971088138801496,Interpolated (Month),1.068597245498439,-0.0055734456706894,False,False,True,True,False,False,False,0,0,18,6327.0,8946.0,11057.0,9322.333333333334,10081.833333333334,3973.5521052747154,18432.119700785424,-4.361764054892438
2021,-1.013889554129062,11349.0,0.2258683601637584,-0.1496601975010407,0.6211757244059766,0.6598700164697258,0.6888858441637609,Estimated (Region),0.6831734383589106,-1.231731493222399,False,False,False,False,False,True,False,0,0,18,7810.0,13830.0,7790.0,8495.333333333334,10347.5,2580.1903676537263,9257.92717130242,-0.09016380560891368
2021,-1.013889554129062,7304.0,-0.6593857466936509,-0.2698394482486591,-0.5788827543808531,-0.6062077768632194,-0.7822557265967213,Estimated (Region),-0.9098347577914508,-1.231731493222399,False,True,False,True,False,False,False,0,0,18,11349.0,6327.0,6907.0,8821.0,9261.0,2203.8822563829854,21443.61232420526,-0.6852330553895486
2021,-1.013889554129062,10254.0,0.1037967251688359,-0.9719407726583984,1.5812225074354402,1.5287469334629231,0.8764525717442632,Interpolated (Month),0.5462427664133042,-0.0055734456706894,False,False,True,False,False,False,False,0,0,18,7304.0,7810.0,6517.0,9635.666666666666,9479.0,2092.1898416092995,9289.753961202916,-0.3843566787157309
2021,-1.013889554129062,10175.0,0.0502730082864468,-1.6277595115982049,-0.5788827543808531,-0.457257448235814,-0.1837638253072432,Interpolated (Month),-1.6651155167335332,-0.0055734456706894,False,False,True,False,False,True,False,0,0,18,10254.0,11349.0,7552.0,9244.333333333334,8869.833333333334,1680.842150034654,9687.95724513651,-2.9991374479615955
2021,-1.013889554129062,11207.0,0.3282207310441166,0.7309470320614435,-1.298917841652951,-1.350959420000246,-0.502802822838874,Interpolated (Month),-0.5878314723951509,-0.0055734456706894,False,False,True,False,True,False,False,0,0,18,10175.0,7304.0,9365.0,10545.333333333334,9683.166666666666,574.3799555461541,8437.603583547561,-2.0827109643073016
2021,-1.013889554129062,16317.0,1.5883756092224708,1.2457479747692743,-1.298917841652951,-1.1771840366016064,0.374179230285484,Estimated (Region),-0.5480495087562167,-1.231731493222399,False,False,False,False,True,False,False,0,0,18,11207.0,10254.0,5611.0,12566.333333333334,11101.0,3288.902755226024,6303.9537004837985,-7.030813828732808
2021,-1.013889554129062,8512.0,-0.2854239879495902,-1.7325109025014684,1.5812225074354402,1.7852724994323437,0.4816959670945372,Interpolated (Month),-1.1410313870554012,-0.0055734456706894,True,False,False,False,True,False,False,0,0,18,16317.0,10175.0,9755.0,12012.0,10628.166666666666,3964.281145428508,11911.958778990638,-0.6220256376546874
2021,-1.013889554129062,7004.0,-0.8281732573885534,-1.6875489299054554,1.5812225074354402,1.4708218056633768,-0.0899521452839634,Estimated (Region),0.7042175205737091,-1.231731493222399,False,True,False,False,True,False,False,0,0,18,8512.0,11207.0,13823.0,10611.0,10578.166666666666,4998.734139759772,40761.99020916209,-0.6829909490184279
2021,-0.7242068243779014,11164.0,0.2744622610175065,-0.0224762808775673,1.5812225074354402,1.7521724264040317,1.269255356315026,Official (Quarter),-0.2819715925334908,1.2205846018810202,True,False,False,True,False,False,False,0,0,18,7004.0,16317.0,8946.0,8893.333333333334,10729.833333333334,2106.053497262852,8759.772918726423,-0.008166741539131923
2021,-0.7242068243779014,8454.0,-0.4089041418098387,0.495196510225259,-0.2428663803205408,-0.109706681438535,-0.3582484532285985,Interpolated (Month),-1.1430493127472312,-0.0055734456706894,False,False,False,False,False,True,False,0,0,18,11164.0,8512.0,13830.0,8874.0,10443.0,2111.563401842283,14302.2487518095,0.5562172599760683
2021,-0.7242068243779014,16328.0,1.647533401566164,1.3539085051916235,1.5812225074354402,1.37152158657844,2.511913242768885,Official (Quarter),1.1354770684276616,1.2205846018810202,False,False,True,True,False,False,False,0,0,18,8454.0,7004.0,6327.0,11982.0,11296.5,4000.2264935875764,6167.249859941739,0.570902880603757
2021,-0.7242068243779014,1178.0,-2.2092260048407253,-1.2448921191695386,1.5812225074354402,1.6280471525478604,-1.7582030141555385,Estimated (Region),0.8111675822406986,-1.231731493222399,False,False,False,False,False,False,True,0,0,18,16328.0,11164.0,7810.0,8653.333333333334,8773.333333333334,7576.966763377881,-974.1768662634424,-0.47369474248688065
2021,-0.7242068243779014,4781.0,-1.244390582092395,-0.1988106551134315,-1.298917841652951,-1.2930342922006994,-1.408384271321974,Estimated (Region),1.2259954494611782,-1.231731493222399,False,False,True,False,False,False,True,0,0,18,1178.0,8454.0,11349.0,7429.0,8151.5,7914.515335761228,-19562.946980471123,0.6784552538897595
2021,-0.7242068243779014,6976.0,-0.8359201111478466,-0.3051823689256061,-0.2428663803205408,-0.1924568640093157,-0.6935976009846208,Interpolated (Month),0.7529360122764618,-0.0055734456706894,True,False,False,False,False,False,True,0,0,18,4781.0,16328.0,7304.0,4311.666666666667,8146.833333333333,2927.354835569611,42515.8747290829,-0.3779146343076918
2021,-0.7242068243779014,11441.0,0.2561515157682681,-1.4581002713091735,-1.298917841652951,-1.1771840366016064,-0.3672530153316478,Interpolated (Month),-0.8086501981011185,-0.0055734456706894,True,False,False,False,False,False,False,0,0,18,6976.0,1178.0,10254.0,7732.666666666667,8193.0,3393.863334510246,9107.977705223428,8.229298187780161
2021,-0.7242068243779014,11991.0,0.4242347670305075,-1.3109257450549028,1.5812225074354402,1.570122024748314,1.4072969923287564,Official (Quarter),0.314469586951688,1.2205846018810202,False,False,False,True,False,False,False,0,0,18,11441.0,4781.0,10175.0,10136.0,8782.5,2750.4226947870816,8419.25803075354,-0.5100636204941587
2021,-0.7242068243779014,8545.0,-0.3340178888033381,-1.563480407144883,1.5812225074354402,1.3218714770359716,0.2884659929083431,Interpolated (Month),-0.8634224668793611,-0.0055734456706894,True,False,False,False,False,True,False,0,0,18,11991.0,6976.0,11207.0,10659.0,7485.333333333333,1851.3162884822964,12830.674963094758,-0.6733707798248907
2021,-0.7242068243779014,5163.0,-1.1220841939532515,0.9003970220607046,-0.5788827543808531,-0.5069075577782824,-1.144250449632522,Interpolated (Month),0.7431346589161447,-0.0055734456706894,False,True,False,False,False,False,True,0,0,18,8545.0,11441.0,16317.0,8566.333333333334,8149.5,3414.0499898702515,-42290.48685841359,1.826020731536266
2021,-0.7242068243779014,8093.0,-0.5114912658344178,-0.3427763455701786,-0.5788827543808531,-0.6806829411769221,-0.670095127571001,Estimated (Region),0.0316717149966563,-1.231731493222399,False,False,True,False,False,True,False,0,0,18,5163.0,11991.0,8512.0,7267.0,8701.5,1836.0795189750493,16566.745759057078,-1.0734670638442108
2021,-0.7242068243779014,12967.0,0.6679085307319106,-1.6208870561192132,1.5812225074354402,1.5287469334629231,1.6657958836455449,Estimated (Region),1.3862764044122462,-1.231731493222399,False,True,False,False,False,True,False,0,0,18,8093.0,8545.0,7004.0,8741.0,9700.0,3942.148145364369,7774.407145882172,-0.6409842893608709
2021,-0.7242068243779014,9368.0,0.0110692332015389,-1.5149000447400134,1.5812225074354402,1.6197721342907825,0.6624384825151814,Official (Quarter),-1.5126179894509524,1.2205846018810202,False,False,False,False,False,False,False,0,0,18,12967.0,5163.0,11164.0,10142.666666666666,9354.5,2527.6570838096595,9265.438698333583,-0.5782564158581384
2021,-0.7242068243779014,10226.0,-0.0288388013160318,-1.0008660217402965,-0.2428663803205408,-0.1759068274951595,-0.026438834601133,Interpolated (Month),-0.9501932716280508,-0.0055734456706894,False,True,False,False,False,False,False,0,0,18,9368.0,8093.0,8454.0,10853.666666666666,9060.333333333334,1879.80699363876,10529.66285500015,-1.2145059019214453
2021,-0.7242068243779014,8550.0,-0.4556200175098187,-0.105124677989643,1.5812225074354402,1.6114971160337042,0.4169933746245117,Estimated (Region),-1.6031363704844692,-1.231731493222399,False,True,False,True,False,False,False,0,0,18,10226.0,12967.0,16328.0,9381.333333333334,9061.166666666666,838.0795507188496,15705.941208362141,-0.0402545640752246
2021,-0.7242068243779014,9651.0,-0.1483281517245233,1.3438505743987634,1.5812225074354402,1.603222097776626,0.7379012435360206,Interpolated (Month),-0.945292594947892,-0.0055734456706894,False,False,True,False,False,False,False,0,0,18,8550.0,9368.0,1178.0,9475.666666666666,9809.166666666666,851.645661841305,11331.829294982574,0.5162258631511029
2021,-0.7242068243779014,17519.0,1.7771171371761587,1.059272665468836,-1.298917841652951,-1.4006095295427143,0.3560568411472712,Official (Quarter),1.7218286194536905,1.2205846018810202,True,False,False,False,True,False,False,0,0,18,9651.0,10226.0,4781.0,11906.666666666666,11380.166666666666,4891.499190773035,6308.340316467079,-2.6441524411013613
2021,-0.7242068243779014,7580.0,-0.5028053994982407,0.9413877124351836,-1.298917841652951,-1.2682092374294651,-0.9897570822292578,Interpolated (Month),-0.5437253822737239,-0.0055734456706894,False,False,False,False,True,False,False,0,0,18,17519.0,8550.0,6976.0,11583.333333333334,10482.333333333334,5243.697582177411,15245.539658617387,-3.509900410058598
2021,-0.7242068243779014,5351.0,-1.1234927128185777,-1.5792457514233336,1.5812225074354402,1.3466965318072055,-0.6000690832916257,Interpolated (Month),-0.1286092399544114,-0.0055734456706894,False,False,True,False,True,False,False,0,0,18,7580.0,9651.0,11441.0,10150.0,9812.833333333334,6478.327793497317,-43330.49196077763,-0.6729654772222068
2021,-0.7242068243779014,11233.0,0.4887918816912839,0.1083175760181204,-0.5788827543808531,-0.5234575942924387,-0.0219648697826366,Estimated (Region),1.1663225040027771,-1.231731493222399,False,True,False,False,True,False,False,0,0,18,5351.0,17519.0,11991.0,8054.666666666667,9980.666666666666,2969.5895900499495,7545.04382925516,0.22729892391694392
2021,-0.4345240946267408,2210.0,-1.924000934612204,-0.8395738108526787,0.6211757244059766,0.6929700894980381,-1.5587434687030832,Interpolated (Month),-1.5728674851070197,-0.0055734456706894,False,False,True,False,False,False,False,0,0,18,11233.0,7580.0,8545.0,6264.666666666667,8924.0,4580.362685785147,-2391.7724725327466,-0.49591768694602895
2021,-0.4345240946267408,8739.0,-0.2485677443068924,-0.9402609746313516,-0.2428663803205408,-0.3165821378654868,-0.392086351697605,Interpolated (Month),-0.6209831087609293,-0.0055734456706894,False,False,True,True,False,False,False,0,0,18,2210.0,5351.0,5163.0,7394.0,8772.0,4659.4421339898245,11629.79088772188,-1.3758214801331683
2021,-0.4345240946267408,6296.0,-0.8666727730407983,-1.6265407901955518,1.5812225074354402,1.7521724264040317,-0.2029339150675089,Estimated (Region),-1.2306849427924194,-1.231731493222399,False,False,False,False,False,True,False,0,0,18,8739.0,11233.0,8093.0,5748.333333333333,6901.5,3298.774671500448,47222.16267144431,-0.5910025020927842
2021,-0.4345240946267408,15561.0,1.354091971289908,-0.0439033117374312,0.6211757244059766,0.5357447426135546,1.6273707554259282,Official (Quarter),-1.2194422139379382,1.2205846018810202,False,True,False,False,False,False,True,0,0,18,6296.0,2210.0,12967.0,10198.666666666666,8231.666666666666,4801.8773759159185,6610.192035731493,-0.028587636030396466
2021,-0.4345240946267408,9058.0,-0.1415203105421141,0.6513101492147341,-0.2428663803205408,-0.1262567179526911,-0.2409909322577556,Interpolated (Month),-0.845549410751724,-0.0055734456706894,False,True,False,False,False,True,False,0,0,18,15561.0,8739.0,9368.0,10305.0,8849.5,4756.712415103505,10551.210600823835,0.7454250723263001
2021,-0.4345240946267408,9545.0,-0.2180498355581617,-1.1238023065909,1.5812225074354402,1.7935475176894218,0.7998854776353141,Official (Quarter),0.6877858399402363,1.2205846018810202,False,False,False,False,False,False,True,0,0,18,9058.0,6296.0,10226.0,11388.0,8568.166666666666,3622.118026790387,12206.660263078646,-0.40228501554912194
2021,-0.4345240946267408,17149.0,1.653167477027468,-1.367899479534245,1.5812225074354402,1.6528722073190945,2.9917884439021547,Estimated (Region),0.5753585513954226,-1.231731493222399,False,True,False,False,False,False,False,0,0,18,9545.0,15561.0,8550.0,11917.333333333334,11058.0,4537.294825480624,6463.594985422195,-0.5156296167453159
2021,-0.4345240946267408,7656.0,-0.5100827469690918,0.6562044190564664,1.5812225074354402,1.363246568321362,0.0555366600162515,Estimated (Region),1.4811189119282555,-1.231731493222399,False,False,True,False,False,False,True,0,0,18,17149.0,9058.0,9651.0,11450.0,10877.5,5025.040397847552,15627.128770492583,0.2776707381500929
2021,-0.4345240946267408,14405.0,1.120043086501566,0.4142032282317958,-1.298917841652951,-1.3013093104577775,-0.0083164454629203,Interpolated (Month),1.3828171032262515,-0.0055734456706894,True,False,False,True,False,False,False,0,0,18,7656.0,9545.0,17519.0,13070.0,12229.0,4885.276962465893,6794.673227028946,-1.3746778272549864
2021,-0.4345240946267408,1691.0,-2.0779989972211834,0.2504631368759614,0.6211757244059766,0.5853948521560232,-1.6968417371828706,Estimated (Region),-0.2750529901615022,-1.231731493222399,False,True,False,True,False,False,False,0,0,18,14405.0,17149.0,7580.0,7917.333333333333,9917.333333333334,6361.027458935625,-1568.6470992635268,0.15798155048589285
2021,-0.4345240946267408,10336.0,0.2812701021999156,-0.8016135219431163,-1.298917841652951,-1.4006095295427143,-0.653813293579638,Official (Quarter),0.7287209039745018,1.2205846018810202,False,False,False,True,False,False,False,0,0,18,1691.0,7656.0,5351.0,8810.666666666666,10130.333333333334,6492.798343806241,8066.9953839188875,2.0009846567008474
2021,-0.4345240946267408,12865.0,0.7439685494595162,1.193833524611958,-1.298917841652951,-1.2102841096299186,-0.1725789132610024,Official (Quarter),-0.2900432953008107,1.2205846018810202,True,False,False,False,False,True,False,0,0,18,10336.0,14405.0,11233.0,8297.333333333334,10683.666666666666,5859.325074898391,7376.85321446139,-5.677240789677352
2021,-0.4345240946267408,8270.0,-0.4621931055480068,-0.9191833569631946,0.6211757244059766,0.6102199069272574,-0.0906883673427033,Interpolated (Month),0.1985829972208799,-0.0055734456706894,False,False,False,False,False,False,False,0,0,18,12865.0,1691.0,2210.0,10490.333333333334,9203.833333333334,2301.3844384051017,15377.266608727372,-0.5708433692869003
2021,-0.4345240946267408,4349.0,-1.4265590220078948,0.499384001178503,-0.2428663803205408,-0.3248571561225649,-1.255391664269218,Estimated (Region),-1.3321577775815847,-1.231731493222399,True,False,False,False,False,False,False,0,0,18,8270.0,10336.0,8739.0,8494.666666666666,8652.666666666666,4262.443000596378,-10195.541005154286,0.7396716201722205
2021,-0.4345240946267408,8612.0,-0.4164162424249109,-0.1508157958946659,-0.5788827543808531,-0.448982429978736,-0.4755342904324694,Estimated (Region),-1.3488777333138904,-1.231731493222399,False,False,True,False,False,True,False,0,0,18,4349.0,12865.0,6296.0,7077.0,7687.166666666667,2368.6977434868377,14757.093370426615,-0.2737041504662834
2021,-0.4345240946267408,8033.0,-0.3821422833686442,-0.943020990923739,-1.298917841652951,-1.284759273943621,-0.9298116169080134,Official (Quarter),1.078398598858756,1.2205846018810202,True,False,False,False,False,False,True,0,0,18,8612.0,8270.0,15561.0,6998.0,8744.166666666666,2312.2956125892792,13001.375209485133,3.311642770624727
2021,-0.4345240946267408,9541.0,-0.1706297004255187,1.2401096486715175,0.6211757244059766,0.5522947791277109,0.1908033051931931,Official (Quarter),1.6558136218209665,1.2205846018810202,False,False,False,False,True,False,False,0,0,18,8033.0,4349.0,9058.0,8728.666666666666,8611.666666666666,760.7393333679179,11503.908453069911,0.7988879852887084
2021,-0.4345240946267408,15090.0,1.3766282731351245,-0.8404326814007149,0.6211757244059766,0.800545326840053,1.7194551452344722,Interpolated (Month),-1.1228700558289313,-0.0055734456706894,False,True,False,False,True,False,False,0,0,18,9541.0,8612.0,9545.0,10888.0,8982.5,3716.3313899597083,6349.331180889326,-0.4667656342068709
2021,-0.4345240946267408,13913.0,1.175679581681944,-0.1757195625667475,1.5812225074354402,1.6363221708049382,2.017851608888358,Official (Quarter),-0.9450043198490592,1.2205846018810202,True,False,False,False,True,False,False,0,0,18,15090.0,8033.0,17149.0,12848.0,9923.0,2923.7850468185884,6394.783550454765,-0.0666532962142088
2021,-0.4345240946267408,15795.0,1.642368832393302,-0.1580073456397677,-0.2428663803205408,-0.1428067544668473,1.1334223864775153,Estimated (Region),1.1908258874035698,-1.231731493222399,False,False,True,False,True,False,False,0,0,18,13913.0,9541.0,7656.0,14932.666666666666,11830.666666666666,950.8135113330214,5977.590942780618,-0.1843310670763523
2021,-0.1448413648755802,3639.0,-1.5535604730314585,-0.8923953436200448,-0.5788827543808531,-0.6806829411769221,-1.460854251123706,Estimated (Region),0.1227666462278388,-1.231731493222399,False,False,True,False,False,False,False,0,0,18,15795.0,15090.0,14405.0,11115.666666666666,11001.833333333334,6543.003082173598,-6573.80751929735,-2.7946998726256242
2021,-0.1448413648755802,6935.0,-0.8147923281679561,1.5219827118130114,1.5812225074354402,1.5783970430053915,-0.071546593815466,Interpolated (Month),-0.4483063245600486,-0.0055734456706894,False,True,False,True,False,False,False,0,0,18,3639.0,13913.0,1691.0,8789.666666666666,10818.833333333334,6286.646588868591,37444.45319894213,0.5902825229891597
2021,-0.1448413648755802,3973.0,-1.474213910284759,-0.7274827547973022,0.6211757244059766,0.6433199799555697,-1.131564777235773,Estimated (Region),-1.4823491040735026,-1.231731493222399,False,True,False,False,False,False,True,0,0,18,6935.0,15795.0,10336.0,4849.0,9890.833333333334,1814.2315177505654,-8378.075619110938,-0.4426908719365605
2021,-0.1448413648755802,4618.0,-1.284768122898408,1.057281059979263,1.5812225074354402,1.5618470064912358,-0.7554968863848289,Official (Quarter),-0.6777733032310019,1.2205846018810202,False,False,False,False,False,False,False,0,0,18,3973.0,3639.0,12865.0,5175.333333333333,8145.5,1557.6669519935488,-16216.70274396368,0.41270265449119825
2021,-0.1448413648755802,5982.0,-1.0570575730040332,-0.3175519935372842,-0.5788827543808531,-0.4407074117216579,-0.9712099495956183,Interpolated (Month),-0.4050650597351202,-0.0055734456706894,False,True,False,False,False,False,False,0,0,18,4618.0,6935.0,8270.0,4857.666666666667,6823.666666666667,1025.7194223240847,-104841.47300792392,-0.5677743638884923
2021,-0.1448413648755802,6712.0,-0.7380280500076876,-1.1043952120199363,-0.2428663803205408,-0.1676318092380815,-0.7385354628007829,Interpolated (Month),-0.3785437506424975,-0.0055734456706894,False,False,False,True,False,False,False,0,0,18,5982.0,3973.0,4349.0,5770.666666666667,5309.833333333333,1062.875972695266,25621.0636298923,-1.326810928477474
2021,-0.1448413648755802,15411.0,1.638612782085766,-1.2943412927537874,1.5812225074354402,1.5287469334629231,2.3768731274561707,Estimated (Region),-0.0464508367870475,-1.231731493222399,False,False,False,False,False,True,False,0,0,18,6712.0,4618.0,8612.0,9368.333333333334,7271.833333333333,5245.816460126404,5840.568993157814,-0.5118508600547416
2021,-0.1448413648755802,12017.0,0.6078117258113334,-1.5139502174151884,-0.2428663803205408,-0.2752070465800964,0.2766864399685045,Official (Quarter),1.6238150858505194,1.2205846018810202,True,False,False,False,False,True,False,0,0,18,15411.0,5982.0,8033.0,11380.0,8118.833333333333,4384.3445348193045,7474.1338224386855,-2.0888037201130074
2021,-0.1448413648755802,8537.0,-0.2635919455370367,0.382349966187813,1.5812225074354402,1.8018225359465,0.4965336732014487,Official (Quarter),-0.4177491640837659,1.2205846018810202,True,False,False,True,False,False,False,0,0,18,12017.0,6712.0,9541.0,11988.333333333334,8879.5,3437.0896603570404,11592.757504839808,0.1364647336804467
2021,-0.1448413648755802,8154.0,-0.3366001733897692,-0.360746521880509,1.5812225074354402,1.487371842177533,0.2481436770758195,Interpolated (Month),-0.9931462613541462,-0.0055734456706894,False,True,False,False,False,True,False,0,0,18,8537.0,15411.0,15090.0,9569.333333333334,9468.833333333334,2128.37410558697,12291.230224862184,-0.14503119950280483
2021,-0.1448413648755802,8133.0,-0.4844946542490023,-0.4713897249807762,-0.2428663803205408,-0.3910573021791895,-0.5420774380493446,Interpolated (Month),0.6612645308476136,-0.0055734456706894,False,False,False,False,False,False,True,0,0,18,8154.0,12017.0,13913.0,8274.666666666666,9827.333333333334,227.42984266155193,15776.75201049893,-0.7741117951947079
2021,-0.1448413648755802,14393.0,0.9193291481926068,-1.0702933791661648,1.5812225074354402,1.5370219517200014,2.086801636312652,Interpolated (Month),0.3127399363586908,-0.0055734456706894,False,False,True,True,False,False,False,0,0,18,8133.0,8537.0,15795.0,10226.666666666666,11107.5,3608.1657851785535,7498.974323165776,-0.4218699717755882
2021,-0.1448413648755802,9493.0,-0.0248479978642747,0.9454280820445514,-0.2428663803205408,-0.2421069735517841,-0.2078326233814321,Official (Quarter),-0.6544230202255406,1.2205846018810202,False,False,True,False,False,False,True,0,0,18,14393.0,8154.0,3639.0,10673.0,10121.166666666666,3292.5977586094323,9734.892590292533,1.247442645666234
2021,-0.1448413648755802,11325.0,0.5362120168239269,-1.65775636073888,1.5812225074354402,1.4708218056633768,1.154376398918574,Estimated (Region),1.4759299601492644,-1.231731493222399,True,False,False,False,False,False,False,0,0,18,9493.0,8133.0,6935.0,11737.0,10005.833333333334,2475.8449062895525,7372.029300626162,-0.6709331919198432
2021,-0.1448413648755802,7939.0,-0.4138339578384798,0.3677690481338821,-1.298917841652951,-1.367509456514402,-0.9773262559297652,Official (Quarter),0.0014028296192065,1.2205846018810202,False,False,True,False,False,True,False,0,0,18,11325.0,14393.0,3973.0,9585.666666666666,9906.166666666666,1694.9009803918134,13543.943915148157,-1.000706353577789
2021,-0.1448413648755802,2784.0,-1.8362032586735484,0.7127253577781343,-1.298917841652951,-1.2516592009153091,-1.694264959977281,Interpolated (Month),-0.4165960636884345,-0.0055734456706894,True,False,False,False,False,False,True,0,0,18,7939.0,9493.0,4618.0,7349.333333333333,9011.166666666666,4300.924358011078,-3329.334071737774,-2.8321053042602156
2021,-0.1448413648755802,5451.0,-1.1195019093668206,1.1311831926041884,-1.298917841652951,-1.384059493028558,-1.3359513472351796,Interpolated (Month),1.5520345862411382,-0.0055734456706894,False,False,False,False,True,False,False,0,0,18,2784.0,11325.0,5982.0,5391.333333333333,8564.166666666666,2578.017907876686,-45614.33393727395,-2.945333244295242
2021,-0.1448413648755802,7341.0,-0.7032845846629788,0.453094954298198,0.6211757244059766,0.4529945600427739,-0.3764274748328681,Interpolated (Month),0.5554675695759556,-0.0055734456706894,True,False,False,False,True,False,False,0,0,18,5451.0,7939.0,6712.0,5192.0,7388.833333333333,2289.51370382436,24740.878365425673,0.31183527231159053
2021,-0.1448413648755802,8875.0,-0.2187540949908247,-0.7324600289107486,-1.298917841652951,-1.350959420000246,-0.8365945777783312,Official (Quarter),0.8169330842173558,1.2205846018810202,False,True,False,False,True,False,False,0,0,18,7341.0,2784.0,15411.0,7222.333333333333,7285.833333333333,1715.0817278873305,11360.059544754693,2.0870219950506965
2021,-0.1448413648755802,9313.0,-0.1232095652928758,1.6609870331664605,1.5812225074354402,1.5783970430053915,0.626391917869955,Official (Quarter),1.4214459664698544,1.2205846018810202,False,False,True,False,True,False,False,0,0,18,8875.0,5451.0,12017.0,8509.666666666666,6950.5,1035.5179058485978,10621.694342629133,0.6441936619778335
2021,0.1448413648755802,8642.0,-0.4502206951927356,0.0407640276004099,-1.298917841652951,-1.1689090183445283,-0.7891932036886933,Official (Quarter),0.6877858399402363,1.2205846018810202,False,True,False,True,False,False,False,1,0,18,9313.0,7341.0,8537.0,8943.333333333334,7067.666666666667,340.6792235125154,15719.0347552817,-0.24133718850501162
2021,0.1448413648755802,5159.0,-1.1230232065301355,1.6694335876186184,0.6211757244059766,0.4116194687573836,-0.901750229976812,Interpolated (Month),0.4439051063276403,-0.0055734456706894,True,False,False,False,False,False,False,1,0,18,8642.0,8875.0,8154.0,7704.666666666667,7463.5,2229.9942451345064,-41935.17748000058,1.1826371232242798
2021,0.1448413648755802,6373.0,-0.8462492494935708,0.6216169863615882,-0.2428663803205408,-0.3993323204362675,-0.8834296272074,Estimated (Region),-0.2860074439171507,-1.231731493222399,True,False,False,False,False,True,False,1,0,18,5159.0,9313.0,8133.0,6724.666666666667,7617.166666666667,1767.9293915009614,41450.20417141645,1.0348767005627326
2021,0.1448413648755802,5107.0,-1.192744890363774,0.6866421351972036,1.5812225074354402,1.487371842177533,-0.6319248454486404,Official (Quarter),-1.3367701791629103,1.2205846018810202,False,False,False,False,False,True,False,1,0,18,6373.0,8642.0,14393.0,5546.333333333333,7244.833333333333,716.3863017484988,-26496.162831405716,0.2760512616385063
2021,0.1448413648755802,12772.0,0.6582836518188494,-1.2973110563675123,-0.2428663803205408,-0.2090069005234718,0.4698314654556134,Official (Quarter),0.106334965594366,1.2205846018810202,False,False,True,False,False,False,False,1,0,18,5107.0,5159.0,9493.0,8084.0,7894.333333333333,4108.977610063081,7701.939282818914,-1.6401041389944624
2021,0.1448413648755802,16161.0,1.3083151081668118,1.1476349374768742,-0.5788827543808531,-0.4820825030070482,0.9270536801661172,Official (Quarter),-0.8141274249789427,1.2205846018810202,False,True,False,False,False,False,True,1,0,18,12772.0,6373.0,11325.0,11346.666666666666,9035.666666666666,5663.162573450742,7001.210511867479,2.2158643879383977
2021,0.1448413648755802,477.0,-2.3749617246607544,-1.0649711651451157,-0.2428663803205408,-0.3745072656650333,-2.014748085393363,Official (Quarter),1.3955012075748976,1.2205846018810202,False,False,True,False,False,False,True,1,0,18,16161.0,5107.0,7939.0,9803.333333333334,7674.833333333333,8252.678373312094,-346.91874795110436,-1.7026115679463631
2021,0.1448413648755802,10517.0,0.1756311873004634,-0.6447294840245578,1.5812225074354402,1.4625467874062987,0.9172279473052424,Official (Quarter),0.8267344375776728,1.2205846018810202,False,False,True,False,False,True,False,1,0,18,477.0,12772.0,2784.0,9051.666666666666,8567.833333333334,7944.014434360822,8945.832769331002,-0.2618141053488877
2021,0.1448413648755802,13236.0,0.6866887822695911,0.9118446531153176,1.5812225074354402,1.3218714770359716,1.6035001709829384,Estimated (Region),0.2193388043368455,-1.231731493222399,False,False,True,True,False,False,False,1,0,18,10517.0,16161.0,5451.0,8076.666666666667,9711.666666666666,6720.449414535685,7847.327935737958,0.39271969277100127
2021,0.1448413648755802,10432.0,0.205444836616531,1.022985384814303,-0.2428663803205408,-0.2007318822663938,0.002160560757609,Official (Quarter),-1.1822547261884997,1.2205846018810202,True,False,False,True,False,False,False,1,0,18,13236.0,477.0,7341.0,11395.0,10599.166666666666,1594.919120206379,8654.06668403074,1.2799026535864666
2021,0.1448413648755802,15698.0,1.221925951093482,0.3140334743145268,0.6211757244059766,0.6267699434414135,1.7336132617487008,Estimated (Region),0.8572915980539556,-1.231731493222399,False,False,False,False,False,False,True,1,0,18,10432.0,10517.0,8875.0,13122.0,11086.833333333334,2634.850280376476,7065.04192557565,0.19304110921191014
2021,0.1448413648755802,9834.0,-0.1685169221275297,-1.0761767418265265,1.5812225074354402,1.7025223168615629,0.8419633999156023,Official (Quarter),1.200627240763887,1.2205846018810202,False,True,False,False,False,True,False,1,0,18,15698.0,13236.0,9313.0,11988.0,10032.333333333334,3226.836841242508,11827.059698150948,-0.3982119722423938
2021,0.1448413648755802,813.0,-2.299371212221591,-1.6429905469419688,-0.2428663803205408,-0.3000321013513307,-1.946732493659008,Official (Quarter),1.6661915253789492,1.2205846018810202,False,False,False,False,False,False,False,1,0,18,9834.0,10432.0,8642.0,8781.666666666666,10088.333333333334,7498.090445795721,-625.687249612048,-2.347236994887712
2021,0.1448413648755802,8967.0,-0.3694656135807099,-1.0967145832127576,-1.298917841652951,-1.2268341461440748,-0.7662853711686712,Interpolated (Month),-1.6342700811584177,-0.0055734456706894,False,False,False,True,False,False,False,1,0,18,813.0,15698.0,5159.0,6538.0,9830.0,4976.910788832729,14221.270390854088,4.8348742984937285
2021,0.1448413648755802,14909.0,1.1118267264538308,0.3207687490809847,-0.5788827543808531,-0.448982429978736,0.7173436583573605,Estimated (Region),1.0495710889754704,-1.231731493222399,True,False,False,False,False,False,True,1,0,18,8967.0,9834.0,6373.0,8229.666666666666,10108.833333333334,7076.867197661197,7059.764806099939,0.5821388763857495
2021,0.1448413648755802,15021.0,1.3993993281245618,-0.987478476479094,-0.2428663803205408,-0.3993323204362675,0.7768360639501497,Official (Quarter),-1.0144786186677774,1.2205846018810202,False,True,False,False,False,False,False,1,0,18,14909.0,813.0,5107.0,12965.666666666666,10873.666666666666,3463.3996785432255,6260.31683177174,-1.6439680543429671
2021,0.1448413648755802,1889.0,-2.044664050741801,-0.1628529063879194,1.5812225074354402,1.710797335118641,-1.5396866438749313,Estimated (Region),0.332342643079325,-1.231731493222399,True,False,False,False,True,False,False,1,0,18,15021.0,8967.0,12772.0,10606.333333333334,8572.166666666666,7549.639814807934,-1808.2368189645733,-0.060075647957205915
2021,0.1448413648755802,5168.0,-1.2652836119280646,-1.5313433400760577,-0.2428663803205408,-0.3083071196084087,-1.0906195042766236,Estimated (Region),-1.1649582202585282,-1.231731493222399,False,False,True,False,True,False,False,1,0,18,1889.0,14909.0,16161.0,7359.333333333333,7794.5,6834.750349012975,-19481.037529756555,-2.213906465553196
2021,0.1448413648755802,11357.0,0.5139104681229314,-0.5890261622308525,-1.298917841652951,-1.2682092374294651,-0.4330882571228115,Estimated (Region),1.2208064976821869,-1.231731493222399,False,True,False,False,True,False,False,1,0,18,5168.0,15021.0,477.0,6138.0,9551.833333333334,4807.954970670959,7501.764628182621,2.1961442039659698
2021,0.1448413648755802,14261.0,0.972618111930775,1.678213153220767,1.5812225074354402,1.6197721342907825,2.108916614307877,Official (Quarter),1.0348690589349947,1.2205846018810202,False,False,False,False,True,False,False,1,0,18,11357.0,1889.0,10517.0,10262.0,10434.166666666666,4644.34397950882,7229.478383954157,0.6405950850664683
2021,0.4345240946267408,10980.0,0.2488741682974169,1.0131083735118855,-0.5788827543808531,-0.5400076308065948,-0.0782575410432102,Official (Quarter),-1.3188971230352733,1.2205846018810202,False,False,False,True,False,False,False,1,0,18,14261.0,5168.0,13236.0,12199.333333333334,9779.333333333334,1795.378604454578,8791.918576527987,2.2024460433732127
2021,0.4345240946267408,9136.0,-0.22931798648077,0.8519498641158315,-0.2428663803205408,-0.2172819187805499,-0.2676081913045056,Estimated (Region),-0.367589296886849,-1.231731493222399,False,False,False,False,False,True,False,1,0,18,10980.0,11357.0,10432.0,11459.0,8798.5,2595.8595878821893,11854.435214183233,1.0884504709390648
2021,0.4345240946267408,5288.0,-1.2284273682853668,-0.9457884626896336,1.5812225074354402,1.603222097776626,-0.5481937443834913,Official (Quarter),-0.2453606549817181,1.2205846018810202,False,False,False,False,False,False,True,1,0,18,9136.0,14261.0,15698.0,8468.0,9365.0,2904.2010949656556,-23149.59034765867,-0.3633145491110488
2021,0.4345240946267408,9993.0,-0.1544317334742694,-0.8947512732483385,0.6211757244059766,0.6184949251843354,0.3336303845887327,Interpolated (Month),-0.3958402565724688,-0.0055734456706894,False,True,False,False,False,False,False,1,0,18,5288.0,10980.0,9834.0,8139.0,10169.166666666666,2505.945530134223,11818.08778262129,-0.5528292114641215
2021,0.4345240946267408,4842.0,-1.2519026827074673,1.2311655656206422,-1.298917841652951,-1.350959420000246,-1.4138776205294947,Official (Quarter),-0.0098398992352748,1.2205846018810202,False,False,False,False,False,False,False,1,0,18,9993.0,9136.0,813.0,6707.666666666667,9083.333333333334,2853.907905545121,-19221.70874862408,-3.5079997727936165
2021,0.4345240946267408,9567.0,-0.0048939806054893,0.4201815239214835,1.5812225074354402,1.719072353375719,0.77004016802332,Interpolated (Month),-0.2165331450984325,-0.0055734456706894,False,False,True,False,False,False,False,1,0,18,4842.0,5288.0,8967.0,8134.0,8301.0,2858.901362411738,9614.050979031566,0.15453120377610752
2021,0.4345240946267408,9226.0,-0.0213267007009596,0.8848001714835176,1.5812225074354402,1.719072353375719,0.6674787719942468,Interpolated (Month),-1.5967943183101465,-0.0055734456706894,True,False,False,False,False,True,False,1,0,18,9567.0,9993.0,14909.0,7878.333333333333,8008.666666666667,2635.063629845209,9427.047827510958,0.32540515900028966
2021,0.4345240946267408,12327.0,0.4817492873646538,-0.1998693323514625,-0.2428663803205408,-0.3910573021791895,0.2648785707956378,Interpolated (Month),1.1447018715903128,-0.0055734456706894,False,False,True,False,False,False,True,1,0,18,9226.0,4842.0,15021.0,10373.333333333334,8540.5,1700.4941438691153,8319.22114295329,-0.3282235472512008
2021,0.4345240946267408,13069.0,0.8348180162730451,0.1381523928679038,-0.2428663803205408,-0.2586570100659403,0.4964487245023634,Official (Quarter),-0.9862276589821576,1.2205846018810202,False,True,False,False,False,False,True,1,0,18,12327.0,9567.0,1889.0,11540.666666666666,9837.333333333334,2038.6030347601327,7122.7772368108035,0.18635421760741547
2021,0.4345240946267408,11564.0,0.5622696158324585,-0.0128502705165612,1.5812225074354402,1.379796604835518,1.1691857887924573,Interpolated (Month),0.6981637434982192,-0.0055734456706894,False,False,True,False,False,True,False,1,0,18,13069.0,9226.0,5168.0,12320.0,10099.166666666666,752.5244182084285,7402.051401888207,-0.0053997347884481755
2021,0.4345240946267408,6851.0,-0.661968031280082,0.754943716123476,1.5812225074354402,1.710797335118641,-0.0496298294514399,Estimated (Region),0.7255498778873405,-1.231731493222399,False,True,False,True,False,False,False,1,0,18,11564.0,12327.0,11357.0,10494.666666666666,10434.0,3243.9923448327004,20267.31384591766,0.27849507830891945
2021,0.4345240946267408,15900.0,1.6909627332470498,0.1941852465906301,1.5812225074354402,1.4046216596067522,2.4178467166483486,Estimated (Region),-0.0919983024026387,-1.231731493222399,True,False,False,True,False,False,False,1,0,18,6851.0,13069.0,14261.0,11438.333333333334,11489.5,4525.808693850549,5908.665996579695,0.08075501017585729
2021,0.4345240946267408,18572.0,2.40109099451559,-1.563570866890104,-0.2428663803205408,-0.1262567179526911,1.7188888205739028,Official (Quarter),0.1867637181687328,1.2205846018810202,True,False,False,False,False,False,True,1,0,18,15900.0,11564.0,10980.0,13774.333333333334,13047.166666666666,6142.825435687829,5460.600739570971,-1.7895083132730105
2021,0.4345240946267408,5906.0,-1.1091727710210963,0.3702770694217245,-1.298917841652951,-1.3178593469719335,-1.2515406565773477,Interpolated (Month),-0.6769084779345034,-0.0055734456706894,False,False,True,True,False,False,False,1,0,18,18572.0,6851.0,9136.0,13459.333333333334,11977.0,6676.415904760079,-54097.73833494375,-1.1649085450817949
2021,0.4345240946267408,8120.0,-0.5389573837082754,-0.6312037639876882,-1.298917841652951,-1.3426844017431678,-0.9412230588184818,Estimated (Region),0.1262259474138331,-1.231731493222399,True,False,False,False,False,False,False,1,0,18,5906.0,15900.0,5288.0,10866.0,11152.166666666666,6764.782036399979,17612.254731050874,1.8419389991983275
2021,0.4345240946267408,10813.0,0.2613160849411302,-0.1696592566684803,-1.298917841652951,-1.2020090913728405,-0.4765253585884655,Estimated (Region),1.5998882526473923,-1.231731493222399,False,True,False,False,False,True,False,1,0,18,8120.0,18572.0,9993.0,8279.666666666666,11027.0,2457.393402231932,8572.791649211924,0.8398595108541261
2021,0.4345240946267408,7933.0,-0.5225246636128051,0.034314048953496,-0.2428663803205408,-0.2503819918088622,-0.5232754593184489,Official (Quarter),-0.7737689111423429,1.2205846018810202,False,False,True,False,True,False,False,1,0,18,10813.0,5906.0,4842.0,8955.333333333334,11207.333333333334,1611.501266934988,16614.470728529865,0.045775379698117645
2021,0.4345240946267408,8848.0,-0.3518591277641345,-0.1576286075855991,1.5812225074354402,1.5783970430053915,0.4899359909058183,Estimated (Region),0.9313782984539996,-1.231731493222399,False,False,False,False,True,False,False,1,0,18,7933.0,8120.0,9567.0,9198.0,10032.0,1471.5552996743795,13651.353245903796,-0.06113434236717339
2021,0.4345240946267408,10233.0,0.252160712316511,-0.575583446465697,1.5812225074354402,1.6114971160337042,0.9138016831087988,Estimated (Region),-1.3981727752143087,-1.231731493222399,False,True,False,False,True,False,False,1,0,18,8848.0,10813.0,9226.0,9004.666666666666,8642.166666666666,1157.975964056713,8172.273654129299,-0.22040363090267662
2021,0.4345240946267408,14448.0,1.2900043629175737,-0.1260154117885509,0.6211757244059766,0.800545326840053,1.5566651215538698,Estimated (Region),-0.0277129553629119,-1.231731493222399,True,False,False,False,True,False,False,1,0,18,10233.0,7933.0,12327.0,11176.333333333334,10065.833333333334,2916.7461893920795,6309.158285442113,-0.06998735877963554
2021,0.7242068243779014,9140.0,-0.1455111139938712,1.5918996453325231,0.6211757244059766,0.4116194687573836,0.0282398113768182,Interpolated (Month),-0.8524680131237126,-0.0055734456706894,False,False,False,False,False,False,True,1,0,18,14448.0,8848.0,13069.0,11273.666666666666,10235.833333333334,2802.84789693148,10696.452756360886,1.1277115969035452
2021,0.7242068243779014,10064.0,-0.0788412210351058,-0.6352063591979522,-0.5788827543808531,-0.5979327586061413,-0.2774056079323521,Official (Quarter),-0.6402975403827307,1.2205846018810202,False,True,False,True,False,False,False,1,0,18,9140.0,10233.0,11564.0,11217.333333333334,10111.0,2835.7273023570547,10925.36946921237,-1.579851064204741
2021,0.7242068243779014,7322.0,-0.6370841979926555,1.2525046218931193,-0.2428663803205408,-0.3745072656650333,-0.6918986270029133,Estimated (Region),1.0074829245458734,-1.231731493222399,True,False,False,False,False,True,False,1,0,18,10064.0,14448.0,6851.0,8842.0,10009.166666666666,1395.078492415295,20175.47860826358,2.002428730406918
2021,0.7242068243779014,3727.0,-1.5967550515681237,-1.6949035060045834,1.5812225074354402,1.379796604835518,-1.0510617267358686,Official (Quarter),-0.6402975403827307,1.2205846018810202,False,False,True,False,False,True,False,1,0,18,7322.0,9140.0,15900.0,7037.666666666667,9155.666666666666,3178.053859413485,-6245.443570534296,-0.7122051954190969
2021,0.7242068243779014,7479.0,-0.6683063661740491,-1.681895195829117,-0.2428663803205408,-0.333132174379643,-0.6456865347004708,Interpolated (Month),-0.7348517727999073,-0.0055734456706894,False,False,False,True,False,False,False,1,0,18,3727.0,10064.0,18572.0,6176.0,8696.666666666666,2122.3484633771996,22547.915417407276,-2.5220817847442643
2021,0.7242068243779014,13744.0,0.7690871358911637,0.0528826512706762,-1.298917841652951,-1.359234438257324,-0.1454802782527683,Official (Quarter),-1.08337636728883,1.2205846018810202,False,False,False,False,False,False,False,1,0,18,7479.0,7322.0,5906.0,8316.666666666666,8579.333333333334,5060.764402077322,7768.978543318935,-0.1472093030033933
2021,0.7242068243779014,7002.0,-0.6866171114232875,-0.1987644311776868,1.5812225074354402,1.7852724994323437,0.022463299839013,Official (Quarter),-1.2203070392344366,1.2205846018810202,True,False,False,False,False,False,True,1,0,18,13744.0,3727.0,8120.0,9408.333333333334,8223.0,3762.364460460086,22343.274809294482,-0.071362651668085
2021,0.7242068243779014,9048.0,-0.3185241812847518,0.5323332178280524,-0.5788827543808531,-0.5069075577782824,-0.4198362600654935,Interpolated (Month),0.6699127838125993,-0.0055734456706894,False,True,False,False,False,False,True,1,0,18,7002.0,7479.0,10813.0,9931.333333333334,8053.666666666667,3456.7107679603664,13277.066847445498,1.079580971530467
2021,0.7242068243779014,11351.0,0.4200092104345295,-0.4060121807640511,-0.5788827543808531,-0.4324323934645798,0.0529881990436901,Interpolated (Month),-0.5688053158721824,-0.0055734456706894,True,False,False,False,False,False,False,1,0,18,9048.0,13744.0,7933.0,9133.666666666666,8725.166666666666,2175.7652293694496,7993.610123505144,-0.7153547455649463
2021,0.7242068243779014,9843.0,0.0777391261603043,0.2505277509796911,-0.5788827543808531,-0.4903575212641263,-0.2632474914181233,Estimated (Region),-1.191767804449984,-1.231731493222399,False,False,True,True,False,False,False,1,0,18,11351.0,7002.0,8848.0,10080.666666666666,9744.5,1169.7505432070345,9133.007943274708,0.49157548954927105
2021,0.7242068243779014,6586.0,-0.8037589303895689,-0.2868940924122988,-0.2428663803205408,-0.3496822108937991,-0.825749460528432,Official (Quarter),0.6736603600974264,1.2205846018810202,True,False,False,True,False,False,False,1,0,18,9843.0,9048.0,10233.0,9260.0,9595.666666666666,2435.4102323838115,33560.76285700149,-0.441159840955
2021,0.7242068243779014,4985.0,-1.1781901954220717,0.7175366233481525,-0.5788827543808531,-0.7055079959481563,-1.2282363967949272,Estimated (Region),0.5387476138436499,-1.231731493222399,False,False,False,False,False,True,False,1,0,18,6586.0,11351.0,14448.0,7138.0,8135.833333333333,2475.594676032336,-27975.72553412514,2.436523278988023
2021,0.7242068243779014,11529.0,0.2307981761923995,1.2655939482140317,1.5812225074354402,1.7935475176894218,1.404097257996541,Interpolated (Month),-0.8567921396062054,-0.0055734456706894,False,False,True,False,False,False,False,1,0,18,4985.0,9843.0,9140.0,7700.0,8890.333333333334,3411.265307770663,9367.092203261258,0.4530418545594744
2021,0.7242068243779014,11865.0,0.4171921727038774,-0.8575370287210697,1.5812225074354402,1.7935475176894218,1.506432124161386,Estimated (Region),1.4837133878177513,-1.231731493222399,False,True,False,False,False,False,False,1,0,18,11529.0,6586.0,10064.0,9459.666666666666,9359.833333333334,3878.8149392995165,8372.188492519423,-0.30697062544701204
2021,0.7242068243779014,10573.0,0.0850164736311555,1.6475970027474227,-0.5788827543808531,-0.6806829411769221,-0.2297777039784867,Estimated (Region),0.8264461624788401,-1.231731493222399,False,True,False,False,False,True,False,1,0,18,11865.0,4985.0,7322.0,11322.333333333334,9230.166666666666,670.3352395131994,9744.55250860479,5.15975253191937
2021,0.7242068243779014,11828.0,0.3237604213039174,1.6950143112851597,1.5812225074354402,1.4708218056633768,1.299242247092163,Official (Quarter),-1.259512452675705,1.2205846018810202,False,False,True,False,False,False,True,1,0,18,10573.0,11529.0,3727.0,11422.0,9561.0,735.4882731899204,8935.151564925396,0.6860123653595792
2021,0.7242068243779014,13332.0,1.0956287595025815,-0.8559345989485758,-0.2428663803205408,-0.2669320283230184,0.5431988252323467,Official (Quarter),0.0893267347632275,1.2205846018810202,False,False,False,False,True,False,False,1,0,18,11828.0,11865.0,7479.0,11911.0,10685.333333333334,1381.371420002571,6361.813818190052,-1.1676060502145822
2021,0.7242068243779014,13107.0,0.9493775506528956,-1.2651774685196575,-1.298917841652951,-1.2930342922006994,-0.1918622679533818,Estimated (Region),1.536467730904164,-1.231731493222399,False,True,False,False,True,False,False,1,0,18,13332.0,10573.0,13744.0,12755.666666666666,12039.0,811.2215069469638,6723.684693921983,4.317506524639568
2021,0.7242068243779014,11461.0,0.3303335093421056,-0.1617604310033226,0.6211757244059766,0.461269578299852,0.5996613938910912,Interpolated (Month),-1.5443282503225666,-0.0055734456706894,False,False,True,False,True,False,False,1,0,18,13107.0,11828.0,7002.0,12633.333333333334,12027.666666666666,1021.4843774298731,8615.132911797318,-0.11069855515060167
2021,0.7242068243779014,4751.0,-1.3110604750511603,-1.657994438859545,-0.5788827543808531,-0.5317326125495168,-1.227103747473789,Estimated (Region),-0.2782240162486636,-1.231731493222399,True,False,False,False,True,False,False,1,0,18,11461.0,13332.0,9048.0,9773.0,10842.0,4426.36329281723,-15273.557333886924,-3.540700213795839
2021,1.013889554129062,11128.0,0.2876084370938827,-0.3154127696722675,-1.298917841652951,-1.243384182658231,-0.4526547741454756,Official (Quarter),-0.8458376858505569,1.2205846018810202,False,True,False,False,False,True,False,1,0,18,4751.0,13107.0,11351.0,9113.333333333334,10934.5,3781.5587174250095,8642.378909162608,1.2959460480436464
2021,1.013889554129062,12459.0,0.4979472543159031,1.3873139968198176,-0.5788827543808531,-0.5234575942924387,0.2056126950670764,Official (Quarter),1.340440663697822,1.2205846018810202,True,False,False,False,False,False,True,1,0,18,11128.0,11461.0,9843.0,9446.0,11039.666666666666,4120.092110620802,8317.382313765043,2.9112078593718422
2021,1.013889554129062,7975.0,-0.5537468317941987,0.9385014501247404,-0.2428663803205408,-0.109706681438535,-0.457326952595171,Estimated (Region),-0.943851219453728,-1.231731493222399,False,False,False,False,False,True,False,1,0,18,12459.0,4751.0,6586.0,10520.666666666666,10146.833333333334,2302.8687182149947,17871.02158190644,1.05414859412982
2021,1.013889554129062,14193.0,1.123094877376439,0.6106584343690513,-0.5788827543808531,-0.4820825030070482,0.5576117878438317,Estimated (Region),0.5698813245175983,-1.231731493222399,False,False,True,False,False,False,False,1,0,18,7975.0,11128.0,4985.0,11542.333333333334,10327.833333333334,3208.7519900006655,6685.052161935712,1.1790650787327264
2021,1.013889554129062,9106.0,-0.2337782962209691,0.6293060647054091,-1.298917841652951,-1.3923345112856362,-0.8228612047595293,Official (Quarter),0.3435853719338064,1.2205846018810202,True,False,False,False,False,True,False,1,0,18,14193.0,12459.0,11529.0,10424.666666666666,9935.333333333334,3312.1054230403306,11884.288783636519,-1.6040038451963954
2021,1.013889554129062,14290.0,1.310662639609022,-1.6722676943734096,1.5812225074354402,1.594947079519548,2.099289095078201,Official (Quarter),1.0135367016213634,1.2205846018810202,False,False,True,False,False,True,False,1,0,18,9106.0,7975.0,11865.0,12529.666666666666,11525.166666666666,2965.378952736612,6184.373155580148,-0.644432292115579
2021,1.013889554129062,9412.0,-0.1140541926682566,-1.6567076241321916,-0.5788827543808531,-0.5896577403490633,-0.3919447705324628,Official (Quarter),0.992780894505398,1.2205846018810202,False,False,True,True,False,False,False,1,0,18,14290.0,14193.0,10573.0,10936.0,11239.166666666666,2908.6759874554373,10623.674633493316,-4.037379980169463
2021,1.013889554129062,15715.0,1.4871970040632176,-0.6081007426833924,-0.5788827543808531,-0.6889579594340001,0.676455017864268,Official (Quarter),1.3600433704184562,1.2205846018810202,False,False,True,False,False,False,True,1,0,18,9412.0,9106.0,11828.0,13139.0,11781.833333333334,3305.382428706245,6318.357562479828,-1.955043574099623
2021,1.013889554129062,6769.0,-0.6945987183268016,-1.418269652612424,-1.298917841652951,-1.2516592009153091,-1.1035317065376002,Interpolated (Month),-0.2808184921381593,-0.0055734456706894,True,False,False,True,False,False,False,1,0,18,15715.0,14290.0,13332.0,10632.0,11580.833333333334,4596.088445624153,22164.281573786335,5.635675737084274
2021,1.013889554129062,11296.0,0.2427705865476708,1.5715760245517345,0.6211757244059766,0.800545326840053,0.7574111280926279,Estimated (Region),-1.3722280163193517,-1.231731493222399,False,True,False,False,False,False,False,1,0,18,6769.0,9412.0,13107.0,11260.0,11098.0,4473.1086505918765,9089.368643153595,0.8728333583858406
2021,1.013889554129062,12038.0,0.5301084350741808,0.1508485672191995,-0.5788827543808531,-0.448982429978736,0.1734737705797771,Official (Quarter),1.402708085045719,1.2205846018810202,True,False,False,False,False,False,False,1,0,18,11296.0,15715.0,11461.0,10034.333333333334,11586.666666666666,2852.0943766525575,7867.416271982311,0.27376362465788195
2021,1.013889554129062,9281.0,-0.1713339598581817,-0.098643883385566,0.6211757244059766,0.7674452538117407,0.2306725612972611,Interpolated (Month),0.928495547465671,-0.0055734456706894,False,False,False,False,False,False,True,1,0,18,12038.0,6769.0,4751.0,10871.666666666666,10751.833333333334,1426.6416275060776,11199.92801733693,-0.05581156370915975
2021,1.013889554129062,18256.0,2.32878702609552,-1.7018167180720811,0.6211757244059766,0.5771198338989451,2.3129067570448854,Official (Quarter),1.4280762937430105,1.2205846018810202,False,False,False,False,False,False,False,1,0,18,9281.0,11296.0,11128.0,13191.666666666666,12225.833333333334,4597.376026967266,5484.279966511784,-1.0790662075847852
2021,1.013889554129062,18542.0,2.124317037479025,0.7496915835533954,1.5812225074354402,1.7438974081469534,3.4925893412434537,Estimated (Region),-1.1750478487176783,-1.231731493222399,False,True,False,True,False,False,False,1,0,18,18256.0,12038.0,12459.0,15359.666666666666,12697.0,5266.221637315833,5934.737024947162,0.27322143361755186
2021,1.013889554129062,8427.0,-0.2678175021330148,-1.491940168527057,-0.2428663803205408,-0.1841818457522376,-0.3960223080885606,Official (Quarter),-1.1124921522709486,1.2205846018810202,False,False,False,True,False,False,False,1,0,18,18542.0,9281.0,7975.0,15075.0,12973.333333333334,5759.112518435465,11509.425620729497,-1.8287655904185207
2021,1.013889554129062,13488.0,0.8632231467237866,1.434619970286513,1.5812225074354402,1.810097554203578,2.012160046049638,Official (Quarter),-1.3431122313372332,1.2205846018810202,False,True,False,False,False,False,True,1,0,18,8427.0,18256.0,14193.0,13485.666666666666,13338.666666666666,5057.500403690871,7239.068505410494,0.5105231909619966
2021,1.013889554129062,14764.0,1.1993896492482656,-0.2584618986450146,0.6211757244059766,0.4695445965569301,1.3859465526252994,Interpolated (Month),-0.2352710265225681,-0.0055734456706894,False,False,True,False,True,False,False,1,0,18,13488.0,18542.0,9106.0,12226.333333333334,13793.0,3351.6032481982793,6712.771429585576,-0.1758789078266682
2021,1.013889554129062,9675.0,-0.0948044348421342,0.0520391887012215,-0.2428663803205408,-0.1428067544668473,-0.1221193860042909,Official (Quarter),-0.4177491640837659,1.2205846018810202,True,False,False,False,True,False,False,1,0,18,14764.0,8427.0,14290.0,12642.333333333334,13858.666666666666,2647.7999043230748,10688.298056688649,0.0607088179618756
2021,1.013889554129062,3157.0,-1.7167139082650569,-0.3858873726101224,0.6211757244059766,0.5274697243564767,-1.3506757884099776,Official (Quarter),-0.7812640637119972,1.2205846018810202,False,False,False,False,True,False,False,1,0,18,9675.0,13488.0,9412.0,9198.666666666666,11342.166666666666,5818.142515728975,-4404.825919511068,-0.2526317651059807
2021,1.013889554129062,10632.0,0.2714104701426334,0.1536602747945702,-1.298917841652951,-1.284759273943621,-0.5489582826752596,Official (Quarter),-0.5071144447219512,1.2205846018810202,False,True,False,False,True,False,False,1,0,18,3157.0,14764.0,15715.0,7821.333333333333,10023.833333333334,4067.673331688891,8362.366245739071,-0.539614645965817
2021,1.3035722838802226,6204.0,-0.9281780968267016,-0.1723193696158706,0.6211757244059766,0.5936698704131012,-0.5996726560292273,Official (Quarter),-1.3950017491271474,1.2205846018810202,False,False,True,False,False,False,False,1,0,18,10632.0,9675.0,6769.0,6664.333333333333,9653.333333333334,3758.701415826075,86380.33421406875,-0.10812739376895107
2021,1.3035722838802226,5293.0,-1.2173939705069796,-1.0807076815926715,0.6211757244059766,0.5853948521560232,-0.8232293157888992,Interpolated (Month),0.5669985735292697,-0.0055734456706894,False,False,False,False,False,False,True,1,0,18,6204.0,3157.0,11296.0,7376.333333333333,8287.5,2856.046976737774,-24347.501394156945,-0.681664684430498
2021,1.3035722838802226,3096.0,-1.6869002589489892,-0.7277779915481891,1.5812225074354402,1.6445971890620164,-1.1877441835642328,Official (Quarter),-0.2344062012260695,1.2205846018810202,False,True,False,False,False,True,False,1,0,18,5293.0,10632.0,12038.0,4864.333333333333,6342.833333333333,1597.727239967085,-4507.204589989703,-0.2751942694933881
2021,1.3035722838802226,10128.0,0.1413572282441967,0.0158055874559407,1.5812225074354402,1.3549715500642838,0.7494542666116314,Official (Quarter),0.7927179759153958,1.2205846018810202,False,True,False,True,False,False,False,1,0,18,3096.0,6204.0,9281.0,6172.333333333333,6418.333333333333,3597.5236390235036,8873.645997388896,0.006711583184734973
2021,1.3035722838802226,9950.0,0.0211636184030422,-1.2345732468039243,-0.5788827543808531,-0.7303330507193905,-0.3657522549811396,Estimated (Region),1.0853172012307446,-1.231731493222399,False,False,False,True,False,False,False,1,0,18,10128.0,5293.0,18256.0,7724.666666666667,7550.5,4009.530812119168,9743.786226501505,-4.578140740262739
2021,1.3035722838802226,10035.0,-0.0457410276999441,0.6543698755421132,-0.2428663803205408,-0.1841818457522376,-0.0695644575034739,Estimated (Region),-0.9441394945525609,-1.231731493222399,False,False,True,True,False,False,False,1,0,18,9950.0,3096.0,18542.0,10037.666666666666,7451.0,89.02995750375779,10516.013253522346,0.8021026158034997
2021,1.3035722838802226,11027.0,0.1725793964255903,-0.3832193071576582,1.5812225074354402,1.7438974081469534,1.2231282127116687,Official (Quarter),0.7958890020025573,1.2205846018810202,False,True,False,False,False,False,False,1,0,18,10035.0,10128.0,8427.0,10337.333333333334,8254.833333333334,598.7790354823208,9404.054031320984,-0.13966240356502949
2021,1.3035722838802226,9645.0,-0.1391727790999041,1.0796072209441023,1.5812225074354402,1.719072353375719,0.7934860089708827,Estimated (Region),-0.1291857901520771,-1.231731493222399,False,False,True,False,False,True,False,1,0,18,11027.0,9950.0,13488.0,10235.666666666666,8980.166666666666,712.5176021216126,11204.338996058954,0.397049831941314
2021,1.3035722838802226,11543.0,0.3451229574280289,0.3020301619678391,-0.5788827543808531,-0.6310328316344536,-0.028166124815869,Estimated (Region),-1.40941550406879,-1.231731493222399,False,False,False,False,False,True,False,1,0,18,9645.0,10035.0,14764.0,10738.333333333334,10388.0,981.3752255550177,8581.371640605288,0.8185827571211135
2021,1.3035722838802226,4265.0,-1.477030948015411,1.3281771809602356,-0.5788827543808531,-0.5979327586061413,-1.3316189635818256,Official (Quarter),-0.2845660684229865,1.2205846018810202,True,False,False,False,False,True,False,1,0,18,11543.0,11027.0,9675.0,8484.333333333334,9410.833333333334,3775.2723522062656,-8940.719711674168,3.303370790308117
2021,1.3035722838802226,17733.0,2.212818972850344,-0.0102960252929742,1.5812225074354402,1.4708218056633768,2.999745305383151,Official (Quarter),0.8967852865940569,1.2205846018810202,False,True,False,False,False,False,True,1,0,18,4265.0,9645.0,3157.0,11180.333333333334,10708.0,6741.320444344207,5519.4519672135975,-0.004167044855025424
2021,1.3035722838802226,19764.0,2.808152946594812,0.3158943605019388,-1.298917841652951,-1.2930342922006994,0.7808003365741341,Estimated (Region),0.2732462478185896,-1.231731493222399,False,False,False,False,False,False,False,1,0,18,17733.0,11543.0,10632.0,13920.666666666666,12329.5,8423.488845682254,5189.917599731031,-1.078011580588604
2021,1.3035722838802226,11766.0,0.4143751349732253,-0.1731419568595043,-1.298917841652951,-1.2764842556865432,-0.3777866540182341,Official (Quarter),-1.0061186408016247,1.2205846018810202,True,False,False,True,False,False,False,1,0,18,19764.0,4265.0,6204.0,16421.0,12452.666666666666,4157.283848860955,8318.867964419309,0.6262271840021134
2021,1.3035722838802226,7825.0,-0.5950633851770956,1.0857053012414737,-1.298917841652951,-1.1771840366016064,-0.917097628278236,Interpolated (Month),-1.2399097459550708,-0.0055734456706894,True,False,False,False,False,False,False,1,0,18,11766.0,17733.0,5293.0,13118.333333333334,12149.333333333334,6083.299625477386,19324.011989931307,-6.127557098626515
2021,1.3035722838802226,9990.0,0.0385353510753965,0.2093258221891723,-0.2428663803205408,-0.1759068274951595,-0.0744631658173971,Estimated (Region),-1.0963487467363089,-1.231731493222399,True,False,False,False,False,False,True,1,0,18,7825.0,19764.0,3096.0,9860.333333333334,11890.5,1973.6971229986468,9619.31627041431,0.25400747048167394
2021,1.3035722838802226,8184.0,-0.4056175977907446,0.3673475653649387,-0.2428663803205408,-0.1345317362097692,-0.424508438515189,Estimated (Region),-0.2398834281038938,-1.231731493222399,False,False,True,False,False,False,True,1,0,18,9990.0,11766.0,10128.0,8666.333333333334,12543.666666666666,1160.2975193169525,13768.913698623905,0.4244494925280993
2021,1.3035722838802226,11748.0,0.6402076597138321,1.147105598857859,1.5812225074354402,1.479096823920455,1.2811764904200067,Official (Quarter),-0.8893672257743181,1.2205846018810202,False,True,False,False,True,False,False,1,0,18,8184.0,7825.0,9950.0,9974.0,11546.166666666666,1782.053871239533,7162.507704694953,0.46271109211612843
2021,1.3035722838802226,4017.0,-1.550039175868143,-0.6025071494266795,-0.2428663803205408,-0.3662322474079552,-1.3289289214441222,Interpolated (Month),0.7457291348056404,-0.0055734456706894,False,False,False,False,True,False,False,1,0,18,11748.0,9990.0,10035.0,7983.0,8921.666666666666,3869.4173980070573,-7303.116171061543,-0.9506749861640755
2021,1.3035722838802226,14807.0,0.9850600285744884,0.3681457980617824,-0.2428663803205408,-0.3165821378654868,0.7986678796150909,Interpolated (Month),1.2729842905709337,-0.0055734456706894,False,False,True,False,True,False,False,1,0,18,4017.0,8184.0,11027.0,10190.666666666666,9428.5,5561.0242162153145,7459.220268836507,0.5386833128884804
2021,1.3035722838802226,6372.0,-0.8446059774840238,-0.9913677484920478,1.5812225074354402,1.4128966778638303,-0.2909124510869262,Estimated (Region),-0.2822598676323236,-1.231731493222399,True,False,False,False,True,False,False,1,0,18,14807.0,11748.0,9645.0,8398.666666666666,9186.333333333334,5673.319868765823,41005.43828411989,-0.41086208024859106
2021,1.5932550136313832,10989.0,0.3437144385627029,1.1922609167334937,1.5812225074354402,1.5204719152058452,1.085624585125479,Interpolated (Month),0.9460803284944752,-0.0055734456706894,False,False,False,False,False,False,False,1,0,18,6372.0,4017.0,11543.0,10722.666666666666,9352.833333333334,4223.802354908806,8178.076892404554,0.4730308278940385
2021,1.5932550136313832,10220.0,0.0408828825176066,-1.1430066122824658,-0.5788827543808531,-0.6475828681486098,-0.2750836768240187,Estimated (Region),-0.7997136700372999,-1.231731493222399,True,False,False,False,False,True,False,1,0,18,10989.0,14807.0,4265.0,9193.666666666666,9692.166666666666,2473.7001300345796,9818.587827365032,-3.243334415321378
2021,1.5932550136313832,13787.0,0.8146292458700387,1.0626688821671757,-0.5788827543808531,-0.4820825030070482,0.4813844885312242,Official (Quarter),-1.2701786313325207,1.2205846018810202,True,False,False,True,False,False,False,1,0,18,10220.0,6372.0,17733.0,11665.333333333334,10032.0,1877.2166452845083,7597.695248976169,2.051811125009428
2021,1.5932550136313832,11729.0,0.4324511270782427,-0.3309703547556498,1.5812225074354402,1.3880716230925962,1.2209195465354492,Interpolated (Month),0.0429144438511377,-0.0055734456706894,False,False,False,False,False,True,False,1,0,18,13787.0,10989.0,19764.0,11912.0,11317.333333333334,1790.5275758836844,8188.062949081923,-0.1385931441733884
2021,1.5932550136313832,4856.0,-1.3467429529727533,0.5897433460233528,-1.298917841652951,-1.1937340731157626,-1.372677501473089,Estimated (Region),-1.5103117886602897,-1.231731493222399,False,False,False,True,False,False,False,1,0,18,11729.0,10220.0,11766.0,10124.0,9658.833333333334,4676.826808852325,-14004.610499990695,-3.0440868585411986
2021,1.5932550136313832,7084.0,-0.8162008470332822,0.3203577039749509,-1.298917841652951,-1.2682092374294651,-1.0628695959087353,Estimated (Region),-0.261504060516358,-1.231731493222399,False,False,True,False,False,True,False,1,0,18,4856.0,13787.0,7825.0,7889.666666666667,9777.5,3506.6160801167034,38542.07098159351,-1.1944320301764402
2021,1.5932550136313832,15357.0,1.5214709631194845,-0.5556539717176582,-1.298917841652951,-1.37578447477148,0.0716769128424721,Interpolated (Month),1.2574174352339595,-0.0055734456706894,True,False,False,False,False,False,False,1,0,18,7084.0,11729.0,9990.0,9099.0,10505.5,5532.894269728978,6090.492504026619,1.4786506868213738
2021,1.5932550136313832,13859.0,1.0334191762840153,-0.5441874534634934,-1.298917841652951,-1.3923345112856362,-0.1526159689759399,Estimated (Region),1.7241348202443532,-1.231731493222399,False,True,False,False,False,True,False,1,0,18,15357.0,4856.0,8184.0,12100.0,11112.0,4408.082689787014,6815.613898815845,1.387049667591699
2021,1.5932550136313832,7131.0,-0.7957773234860548,-0.076737217063402,-0.2428663803205408,-0.1510817727239253,-0.6470457138858364,Official (Quarter),-0.8167219008684384,1.2205846018810202,False,False,False,False,False,False,True,1,0,18,13859.0,7084.0,11748.0,12115.666666666666,10002.666666666666,4381.344238168606,34917.767809751844,-0.09039412112710647
2021,1.5932550136313832,1560.0,-2.0833983195382664,-1.295335355888089,1.5812225074354402,1.8018225359465,-1.6312047090229065,Interpolated (Month),-0.9124292336809464,-0.0055734456706894,True,False,False,False,False,False,True,1,0,18,7131.0,15357.0,4017.0,7516.666666666667,8307.833333333334,6158.563495924436,-1439.9136235183164,-0.4623188439914893
2021,1.5932550136313832,8284.0,-0.3659443164173948,0.7328561303108693,0.6211757244059766,0.6515949982126477,-0.0696777224355876,Interpolated (Month),-0.4745393585538385,-0.0055734456706894,False,True,False,True,False,False,False,1,0,18,1560.0,13859.0,14807.0,5658.333333333333,8879.166666666666,3595.775901433919,13065.098562310663,0.4437262955530651
2021,1.5932550136313832,12810.0,0.6603964301168385,-0.3060874634093877,-1.298917841652951,-1.235109164401153,-0.1971574035297033,Estimated (Region),0.0593461244846105,-1.231731493222399,False,True,False,False,False,False,False,1,0,18,8284.0,7131.0,6372.0,7551.333333333333,9833.5,5660.67357593891,7715.025019114614,1.301895075800315
2021,1.5932550136313832,5022.0,-1.2781950348602198,-1.131109167659581,-1.298917841652951,-1.1771840366016064,-1.3433135678225785,Official (Quarter),1.246174706379478,1.2205846018810202,False,False,True,False,False,False,False,1,0,18,12810.0,1560.0,10989.0,8705.333333333334,8111.0,3911.058339290411,-18052.08350509679,6.383809678085447
2021,1.5932550136313832,8179.0,-0.5089089812479868,-0.154856165504033,-0.5788827543808531,-0.6144827951202975,-0.6270261371347171,Interpolated (Month),1.686947332494915,-0.0055734456706894,False,False,True,True,False,False,False,1,0,18,5022.0,8284.0,10220.0,8670.333333333334,7164.333333333333,3917.1791295947987,16654.753778199636,-0.40168418826432034
2021,1.5932550136313832,9243.0,-0.1912879771169672,-1.547361673422188,0.6211757244059766,0.6184949251843354,0.1504526731276411,Interpolated (Month),0.0357075663803163,-0.0055734456706894,False,False,True,False,False,False,True,1,0,18,8179.0,12810.0,13787.0,7481.333333333333,7516.333333333333,2195.282290124211,11429.284762020721,-0.956049752980198
2021,1.5932550136313832,8528.0,-0.3044389926314915,-0.5903214264948476,1.5812225074354402,1.5121968969487674,0.3670152233292843,Official (Quarter),-0.803461246322127,1.2205846018810202,False,True,False,False,False,False,True,1,0,18,9243.0,5022.0,11729.0,8650.0,8677.666666666666,542.3900810299989,12260.606775908387,-0.23498214937365494
2021,1.5932550136313832,14275.0,1.1341282751548265,-0.0936606448933133,-0.2428663803205408,-0.2421069735517841,0.7488313094850053,Interpolated (Month),0.8226985861940129,-0.0055734456706894,False,False,False,False,True,False,False,1,0,18,8528.0,8179.0,4856.0,10682.0,9676.166666666666,3132.0988170873266,6688.913766893595,-0.1235802964598366
2021,1.5932550136313832,9961.0,-0.1490324111571863,-1.3073699812235071,-0.5788827543808531,-0.6641329046627659,-0.3299888526661978,Interpolated (Month),-0.3197356304805949,-0.0055734456706894,False,True,False,False,True,False,False,1,0,18,14275.0,9243.0,7084.0,10921.333333333334,9201.333333333334,2991.434828528473,11705.498694192858,-3.8925217723719436
2021,1.5932550136313832,4600.0,-1.3641146856451076,-0.7465439153975288,0.6211757244059766,0.4778196148140081,-1.0167141360723495,Official (Quarter),0.8610391743387827,1.2205846018810202,False,False,True,False,True,False,False,1,0,18,9961.0,8528.0,15357.0,9612.0,9131.0,4846.932741435534,-12633.382231892429,-0.5051657914903813
2021,1.5932550136313832,11799.0,0.3639032089657093,-0.5953295165654571,-0.2428663803205408,-0.341407192636721,0.1933517661657542,Official (Quarter),-0.0086867988399434,1.2205846018810202,True,False,False,False,True,False,False,1,0,18,4600.0,14275.0,13859.0,8786.666666666666,9734.333333333334,3740.413658050814,8650.907133613648,-0.9039417222743431
2022,-1.5932550136313832,12858.0,0.8702657410504169,0.8933282391126882,1.5812225074354402,1.6197721342907825,1.69416874914006,Official (Quarter),0.4580305861704502,1.2205846018810202,False,False,False,False,False,True,False,0,0,19,11799.0,9961.0,7131.0,9752.333333333334,10336.833333333334,4493.358914368306,6874.958845569415,0.3409946336247017
2022,-1.5932550136313832,17648.0,1.9555295267841224,1.1078739031995253,-0.5788827543808531,-0.4655324664928921,1.221231025098762,Interpolated (Month),0.4194017229268475,-0.0055734456706894,False,False,True,False,False,False,False,0,0,19,12858.0,4600.0,1560.0,14101.666666666666,11856.833333333334,3116.525362215643,5971.180406105631,2.0728553817475084
2022,-1.5932550136313832,10388.0,0.0253891749990202,1.3138094894486128,-1.298917841652951,-1.4088845477997924,-0.6508967215777067,Interpolated (Month),0.8235634114905115,-0.0055734456706894,False,False,True,True,False,False,False,0,0,19,17648.0,11799.0,8284.0,13631.333333333334,11209.0,3691.2644626649717,10130.7876592416,-3.21315514738383
2022,-1.5932550136313832,4983.0,-1.2291316277180298,-0.1940088331431892,-1.298917841652951,-1.4006095295427143,-1.4063738187769534,Interpolated (Month),-0.6045514281274565,-0.0055734456706894,True,False,False,False,False,False,True,0,0,19,10388.0,12858.0,12810.0,11006.333333333334,10379.333333333334,6355.100969562418,-21747.32510577762,0.4842841191637288
2022,-1.5932550136313832,7779.0,-0.4535072392118296,0.6646191634883266,-0.5788827543808531,-0.5069075577782824,-0.6564467032512845,Official (Quarter),0.7047940707713748,1.2205846018810202,True,False,False,False,False,False,False,0,0,19,4983.0,17648.0,5022.0,7716.666666666667,10909.166666666666,2703.0390920837617,14234.406305365988,1.3478591569843663
2022,-1.5932550136313832,10130.0,0.0880682645060285,-1.1637691119370492,-1.298917841652951,-1.384059493028558,-0.6741726651270988,Official (Quarter),1.6800287301229262,1.2205846018810202,False,True,False,False,False,True,False,0,0,19,7779.0,10388.0,8179.0,7630.666666666667,10631.0,2576.704161003549,9310.077621461474,3.030179264050931
2022,-1.5932550136313832,13491.0,1.079900298839774,-0.9847467909860343,-1.298917841652951,-1.3923345112856362,-0.2045196241171024,Interpolated (Month),-0.0398205095138918,-0.0055734456706894,False,False,False,False,False,False,False,0,0,19,10130.0,4983.0,9243.0,10466.666666666666,10736.5,2870.8438364587437,6486.368605036336,2.5099672923473633
2022,-1.5932550136313832,8808.0,-0.4309709373666132,-1.2477580031857294,-0.5788827543808531,-0.6310328316344536,-0.520698682112859,Estimated (Region),0.2914075790450595,-1.231731493222399,False,False,False,True,False,False,False,0,0,19,13491.0,7779.0,8528.0,10809.666666666666,9263.166666666666,2414.349256701105,15478.998487771098,-3.3817588939228855
2022,-1.5932550136313832,7872.0,-0.6293373442333623,1.373799211477425,0.6211757244059766,0.568844815641867,-0.204434675418017,Interpolated (Month),-0.6261720605399207,-0.0055734456706894,False,True,False,False,False,False,False,0,0,19,8808.0,10130.0,14275.0,10057.0,8843.833333333334,3010.530019780537,21237.639879632396,0.87567565496614
2022,-1.5932550136313832,12149.0,0.3627294432446043,0.6650346818784646,1.5812225074354402,1.5535719882341577,1.443286924507926,Official (Quarter),-1.2799799846928377,1.2205846018810202,False,False,True,False,False,False,True,0,0,19,7872.0,13491.0,9961.0,9609.666666666666,10038.166666666666,2248.373708557611,8915.195940196108,0.26043310505545936
2022,-1.5932550136313832,15237.0,1.5714733828385583,-1.343578233858863,-0.5788827543808531,-0.6972329776910782,0.5853333799786915,Estimated (Region),-0.5581391372153667,-1.231731493222399,True,False,False,False,False,True,False,0,0,19,12149.0,8808.0,4600.0,11752.666666666666,11281.166666666666,3698.4613467404556,5925.3967401289665,-4.437663731051831
2022,-1.5932550136313832,4738.0,-1.236408975188881,-1.2688768744739596,1.5812225074354402,1.6528722073190945,-0.6982414632012878,Estimated (Region),-1.6950961270121505,-1.231731493222399,True,False,False,True,False,False,False,0,0,19,15237.0,7872.0,11799.0,10708.0,10382.5,5395.795678118273,-20041.5402850697,-0.4783030524324595
2022,-1.5932550136313832,9065.0,-0.1699254409928557,0.4524557717028423,-0.2428663803205408,-0.225556937037628,-0.2857588966757471,Estimated (Region),1.7019376376342232,-1.231731493222399,False,False,False,False,False,False,True,0,0,19,4738.0,12149.0,12858.0,9680.0,9644.833333333334,5276.449469103231,10920.705738581706,0.584233745954318
2022,-1.5932550136313832,7772.0,-0.5086742281037658,1.1459405568644578,-0.5788827543808531,-0.6806829411769221,-0.727095704657286,Interpolated (Month),0.3456032976256364,-0.0055734456706894,False,True,False,True,False,False,False,0,0,19,9065.0,15237.0,17648.0,7191.666666666667,9472.166666666666,2221.1083569544635,15818.425257858064,3.5887232617264653
2022,-1.5932550136313832,10780.0,0.1955852045592488,-1.578854090548419,-1.298917841652951,-1.1854590548586843,-0.4723345561002537,Official (Quarter),-0.0833500494376531,1.2205846018810202,False,False,True,False,False,True,False,0,0,19,7772.0,4738.0,10388.0,9205.666666666666,9956.833333333334,1508.925555928149,9016.505021048697,8.513221917104403
2022,-1.5932550136313832,4543.0,-1.4077787704702145,0.5877288770816913,-0.5788827543808531,-0.5400076308065948,-1.2675676444714548,Official (Quarter),0.5159738810358543,1.2205846018810202,False,True,False,False,False,False,True,0,0,19,10780.0,9065.0,4983.0,7698.333333333333,8689.166666666666,3119.1525024168,-11140.844813381073,1.2776926671898308
2022,-1.5932550136313832,7476.0,-0.6748794542122373,1.1589598017344014,-1.298917841652951,-1.1689090183445283,-0.9669908308743782,Estimated (Region),-0.0017681964679548,-1.231731493222399,False,False,False,False,True,False,False,0,0,19,4543.0,7772.0,7779.0,7599.666666666667,7395.666666666667,3120.3384965950377,22994.548012601765,-6.86144418512006
2022,-1.5932550136313832,20337.625,3.0196655295379373,-1.5639714743332278,-0.2428663803205408,-0.2172819187805499,2.053898173533584,Interpolated (Month),1.242715405193484,-0.0055734456706894,False,False,True,False,True,False,False,0,0,19,7476.0,10780.0,10130.0,10785.541666666666,9995.604166666666,8401.32990991356,5059.53165768442,-1.9981287156374483
2022,-1.5932550136313832,12928.0,0.7672091107373957,1.1499014014230813,-0.2428663803205408,-0.2586570100659403,0.4683590213381337,Estimated (Region),0.2645979948536039,-1.231731493222399,False,True,False,False,True,False,False,0,0,19,20337.625,4543.0,13491.0,13580.541666666666,10639.4375,6455.595044626665,7315.489673208843,1.5511057864395015
2022,-1.5932550136313832,14656.0,0.9456215003453594,0.6838527940423546,-1.298917841652951,-1.3095843287148556,0.0220102401105577,Official (Quarter),0.2461483885283011,1.2205846018810202,True,False,False,False,True,False,False,0,0,19,12928.0,7476.0,8808.0,15973.875,11786.770833333334,3876.626309934343,7532.8114936016445,-2.208938665859346
2022,-1.3035722838802226,8449.0,-0.3502158557545875,-1.336519888573757,1.5812225074354402,1.810097554203578,0.4732860458850853,Estimated (Region),-0.2381537775108967,-1.231731493222399,False,True,False,False,False,True,False,0,0,19,14656.0,20337.625,7872.0,12011.0,11398.270833333334,3203.4948103594497,13002.779576611147,-0.47561334181245035
2022,-1.3035722838802226,13461.0,0.8012483166494414,0.2767844375775569,-1.298917841652951,-1.2930342922006994,-0.1401285102103899,Official (Quarter),0.2945786051322209,1.2205846018810202,False,False,False,False,False,False,True,0,0,19,8449.0,12928.0,12149.0,12188.666666666666,12884.604166666666,3293.3017373652947,7473.150634244161,-0.9445462355238171
2022,-1.3035722838802226,12532.0,0.6542928483670923,-0.6718370886653858,-1.298917841652951,-1.284759273943621,-0.2705530795394654,Estimated (Region),-0.3889216542004803,-1.231731493222399,False,True,False,True,False,False,False,0,0,19,13461.0,14656.0,15237.0,11480.666666666666,13727.270833333334,2666.273116793032,7575.442287845224,2.3593159209922745
2022,-1.3035722838802226,6869.0,-0.6999980406438848,1.503480711725829,-0.5788827543808531,-0.6558578864056878,-0.8786441838255907,Estimated (Region),0.2856420770684024,-1.231731493222399,False,False,True,True,False,False,False,0,0,19,12532.0,8449.0,4738.0,10954.0,11482.5,3568.077773816017,22896.517125230515,4.368778630499692
2022,-1.3035722838802226,10212.0,0.156381429474341,-0.2178966672920156,1.5812225074354402,1.6280471525478604,0.9162651953822748,Official (Quarter),-0.5321943783204097,1.2205846018810202,False,False,False,False,False,True,False,0,0,19,6869.0,13461.0,9065.0,9871.0,11029.833333333334,2846.858443969387,8830.996191837923,-0.08291200828751014
2022,-1.3035722838802226,12927.0,0.8233151122062159,0.1904923020467008,1.5812225074354402,1.3218714770359716,1.5168808141488872,Interpolated (Month),0.6993168438935505,-0.0055734456706894,True,False,False,False,False,False,True,0,0,19,10212.0,12532.0,7772.0,10002.666666666666,10741.666666666666,3034.4202631364587,7089.833190905931,0.08204256950943613
2022,-1.3035722838802226,10944.0,0.1735184090024743,-1.4579019557138806,-1.298917841652951,-1.3095843287148556,-0.5171874692173305,Estimated (Region),0.2072312501858656,-1.231731493222399,True,False,False,True,False,False,False,0,0,19,12927.0,6869.0,10780.0,11361.0,11157.5,1404.714561752629,9325.801722448245,4.709224015847034
2022,-1.3035722838802226,13191.0,0.5974825874656092,0.2301255992112916,-0.2428663803205408,-0.3000321013513307,0.4927392979756356,Interpolated (Month),-0.5938852494706408,-0.0055734456706894,False,False,True,False,False,True,False,0,0,19,10944.0,10212.0,4543.0,12354.0,11112.5,1228.209672653631,8257.366999490989,0.3287659329171568
2022,-1.3035722838802226,6490.0,-0.9589307587196532,-1.5531237603801653,-1.298917841652951,-1.350959420000246,-1.1779750831694151,Interpolated (Month),-1.453521594190217,-0.0055734456706894,False,False,False,False,False,False,False,0,0,19,13191.0,12927.0,7476.0,10208.333333333334,10105.5,3410.5357839103735,158025.80709241657,4.425365645917346
2022,-1.3035722838802226,15018.0,1.222864963670366,1.5445424776144112,1.5812225074354402,1.7273473716327972,2.4156097342391005,Estimated (Region),0.3228295648178408,-1.231731493222399,True,False,False,False,False,False,False,0,0,19,6490.0,10944.0,20337.625,11566.333333333334,11463.666666666666,4490.13945588923,6756.145895251537,0.5663167419299914
2022,-1.3035722838802226,7392.0,-0.7232386019217643,1.666674068357798,1.5812225074354402,1.37152158657844,-0.0159051959145467,Official (Quarter),1.5136939980963684,1.2205846018810202,False,False,False,True,False,False,False,0,0,19,15018.0,13191.0,12928.0,9633.333333333334,10993.666666666666,4685.016257531356,26708.92708061262,0.7027868005884041
2022,-1.3035722838802226,15256.0,1.2752149148316505,1.1641403617588122,-1.298917841652951,-1.3013093104577775,0.1156520227356666,Estimated (Region),0.7788807711714189,-1.231731493222399,False,True,False,False,False,False,True,0,0,19,7392.0,6490.0,14656.0,12555.333333333334,11381.833333333334,4473.161000157862,6705.300629206201,-3.863605674813501
2022,-1.3035722838802226,7779.0,-0.4988145960464836,1.2274974726550705,-0.2428663803205408,-0.2090069005234718,-0.5375185245317629,Official (Quarter),1.2412740296993197,1.2205846018810202,False,False,True,False,False,False,True,0,0,19,15256.0,15018.0,8449.0,10142.333333333334,10854.333333333334,4432.790580811724,15521.202211071337,1.551843465470706
2022,-1.3035722838802226,6205.0,-1.0213750950824405,1.208830458087594,-0.2428663803205408,-0.1593567909810034,-0.8392563036830062,Official (Quarter),-0.9778676811160047,1.2205846018810202,False,True,False,False,False,False,False,0,0,19,7779.0,7392.0,13461.0,9746.666666666666,9690.0,4835.693779938213,-290291.1063585099,1.4379827792795232
2022,-1.3035722838802226,10571.0,0.1476955631381638,-1.694489975740714,-1.298917841652951,-1.2764842556865432,-0.5534322474937561,Estimated (Region),0.5782413023837512,-1.231731493222399,False,False,True,False,False,False,False,0,0,19,6205.0,15256.0,12532.0,8185.0,10370.166666666666,2211.1345504061246,9210.630710373693,6.1287033199525025
2022,-1.3035722838802226,6243.0,-0.9638605747482942,0.7715430793716056,-0.2428663803205408,-0.1924568640093157,-0.842087926985852,Interpolated (Month),-0.5590039625118652,-0.0055734456706894,True,False,False,False,False,True,False,0,0,19,10571.0,7779.0,6869.0,7673.0,8907.666666666666,2509.813538890821,172747.62829011324,0.9554202679527277
2022,-1.3035722838802226,856.0,-2.2747221320783857,1.4980993509482898,1.5812225074354402,1.4708218056633768,-1.8604246153882693,Interpolated (Month),1.278461517448758,-0.0055734456706894,False,False,True,False,True,False,False,0,0,19,6243.0,6205.0,10212.0,5890.0,7818.333333333333,4867.110333657904,-671.5188969099679,0.6063162254414676
2022,-1.3035722838802226,6882.0,-0.803524177245348,-0.0769196276485462,1.5812225074354402,1.4625467874062987,-0.1280091624742102,Interpolated (Month),0.0711654035367576,-0.0055734456706894,False,False,False,False,True,False,False,0,0,19,856.0,10571.0,12927.0,4660.333333333333,6422.666666666667,3310.1048825275643,35027.21049090022,-0.031235803535559433
2022,-1.3035722838802226,4371.0,-1.4594244621988357,1.093352628933653,-0.5788827543808531,-0.7220580324623124,-1.3401987821894483,Interpolated (Month),0.5693047743199325,-0.0055734456706894,False,True,False,False,True,False,False,0,0,19,6882.0,6243.0,10944.0,4036.3333333333335,5854.666666666667,3026.907718007403,-9514.077633306913,3.933744294248761
2022,-1.3035722838802226,3095.0,-1.7106103265153108,0.8266753118946545,-1.298917841652951,-1.2682092374294651,-1.6507995422785986,Interpolated (Month),-1.4791780779863413,-0.0055734456706894,True,False,False,False,True,False,False,0,0,19,4371.0,856.0,13191.0,4782.666666666667,5336.333333333333,1926.7704412650796,-4355.410953816635,-3.0822029838254816
2022,-1.013889554129062,10627.0,0.1732836558582533,0.4129069699046669,-0.5788827543808531,-0.6062077768632194,-0.1795730228190314,Official (Quarter),-1.0239916969292615,1.2205846018810202,False,True,False,False,False,False,False,0,0,19,3095.0,6882.0,6490.0,6031.0,5345.666666666667,4031.061398688883,9057.485755417247,1.0485401834897254
2022,-1.013889554129062,14670.0,1.112296232742273,-1.2540648367413036,-0.2428663803205408,-0.2752070465800964,0.8029153145693595,Interpolated (Month),1.6794521799252604,-0.0055734456706894,True,False,False,False,False,False,True,0,0,19,10627.0,4371.0,15018.0,9464.0,6750.166666666667,5874.485764728669,6945.048602844298,-1.730238726555017
2022,-1.013889554129062,12989.0,0.7273010762198249,1.611179002790729,-0.5788827543808531,-0.5979327586061413,0.2543166158760231,Interpolated (Month),0.3689535806310977,-0.0055734456706894,False,True,False,True,False,False,False,0,0,19,14670.0,3095.0,7392.0,12762.0,8772.333333333334,2031.0364349267527,7519.823948947135,4.007237687918084
2022,-1.013889554129062,7888.0,-0.5098479938248708,-0.1194923695012658,-0.2428663803205408,-0.3248571561225649,-0.562408493363777,Interpolated (Month),0.0368606667756477,-0.0055734456706894,False,False,True,False,False,False,False,0,0,19,12989.0,10627.0,15256.0,11849.0,8940.0,3531.7957188942737,16092.966876854221,-0.1769882782360622
2022,-1.013889554129062,12358.0,0.5603915906786904,0.8423318062598993,0.6211757244059766,0.7343451807834285,0.9847055306120563,Estimated (Region),0.930225198058668,-1.231731493222399,True,False,False,True,False,False,False,0,0,19,7888.0,14670.0,7779.0,11078.333333333334,10271.166666666666,2780.8650332824864,7919.806844527342,0.4856771394719741
2022,-1.013889554129062,9544.0,0.0535595523055408,-0.4191765588516026,-1.298917841652951,-1.2682092374294651,-0.7002802319793368,Interpolated (Month),1.029680107156003,-0.0055734456706894,False,False,False,True,False,False,False,0,0,19,12358.0,12989.0,6205.0,9930.0,11346.0,2259.8610576758483,9058.813978872418,1.5628714464461335
2022,-1.013889554129062,6634.0,-0.851413818666433,0.252743517706048,-1.298917841652951,-1.1771840366016064,-1.0981799384952218,Estimated (Region),0.0772191806122476,-1.231731493222399,False,False,True,True,False,False,False,0,0,19,9544.0,7888.0,10571.0,9512.0,10680.5,2862.1341687628446,44647.48969560681,-1.4264463241366099
2022,-1.013889554129062,11191.0,0.4052197623486062,1.57231461346052,1.5812225074354402,1.4377217326350646,1.0967811809386916,Estimated (Region),0.8708405276990998,-1.231731493222399,False,True,False,False,False,True,False,0,0,19,6634.0,12358.0,6243.0,9123.0,10100.666666666666,2307.48629465047,7963.878889161069,0.6449934758389837
2022,-1.013889554129062,15239.0,1.5367299174938496,-0.9405055141623896,-0.5788827543808531,-0.6641329046627659,0.6115825279960716,Official (Quarter),-1.0141903435689448,1.2205846018810202,False,False,True,False,False,False,True,0,0,19,11191.0,9544.0,856.0,11021.333333333334,10475.666666666666,4305.008284932005,6007.340353779286,-2.8002311843559906
2022,-1.013889554129062,14748.0,1.030836891697584,-0.7215298077175389,-1.298917841652951,-1.37578447477148,-0.0147442303603801,Interpolated (Month),1.0959833798875602,-0.0055734456706894,False,False,False,False,False,True,False,0,0,19,15239.0,6634.0,6882.0,13726.0,11619.0,2209.0583966930403,7262.030771792851,1.9200628449493866
2022,-1.013889554129062,3025.0,-1.7087323013615427,0.1862983496830836,0.6211757244059766,0.68469507124096,-1.3578681115992055,Official (Quarter),-0.5933086992729751,1.2205846018810202,False,True,False,False,False,False,True,0,0,19,14748.0,11191.0,4371.0,11004.0,10063.5,6914.376399936575,-4268.184184901245,0.11058283060438631
2022,-1.013889554129062,6899.0,-0.8272342448116694,0.3948304288389656,-1.298917841652951,-1.3095843287148556,-1.1047776207908524,Estimated (Region),-1.4644760479458656,-1.231731493222399,True,False,False,False,False,False,False,0,0,19,3025.0,15239.0,3095.0,8224.0,9622.666666666666,5972.763263348021,39932.68221748838,-1.2753566386192188
2022,-1.013889554129062,607.0,-2.343739556479361,-1.0234894075822911,-0.5788827543808531,-0.6227578133773755,-1.9973619183138904,Official (Quarter),-0.0847914249318173,1.2205846018810202,True,False,False,False,False,True,False,0,0,19,6899.0,14748.0,10627.0,3510.3333333333335,8618.166666666666,3173.9529507118964,-451.72444099983085,-2.7130831170961853
2022,-1.013889554129062,1738.0,-2.0737734406252053,-0.0800961563942053,-0.2428663803205408,-0.2090069005234718,-1.7563058265426317,Official (Quarter),1.700496262140059,1.2205846018810202,False,False,False,False,False,False,False,0,0,19,607.0,3025.0,14670.0,3081.3333333333335,7042.666666666667,3354.20994174973,-1618.5909748224433,-0.10126024670406376
2022,-1.013889554129062,6140.0,-1.0119849693136005,0.7610005428007736,-0.2428663803205408,-0.0931566449243788,-0.8316675532313796,Official (Quarter),0.1155597687570174,1.2205846018810202,False,False,False,False,False,False,True,0,0,19,1738.0,6899.0,12989.0,2828.3333333333335,5526.166666666667,2923.20754195331,-512308.3621943324,0.8391752980726358
2022,-1.013889554129062,10773.0,0.0427609076713746,-0.6390215735074002,-0.5788827543808531,-0.5482826490636729,-0.1210716853822379,Estimated (Region),1.5782676202349282,-1.231731493222399,False,False,True,False,False,True,False,0,0,19,6140.0,607.0,7888.0,6217.0,4863.666666666667,4517.992142534069,10331.227341517393,-1.4146491654190962
2022,-1.013889554129062,18486.0,2.4485111296482325,1.2646157900898791,0.6211757244059766,0.7757202720688188,2.557021001983217,Estimated (Region),-0.0917100273038059,-1.231731493222399,False,True,False,False,True,False,False,0,0,19,10773.0,1738.0,12358.0,11799.666666666666,7440.5,6236.702841512753,5360.574260894346,0.7121706104174432
2022,-1.013889554129062,17591.0,1.945904647871061,1.2992444764048303,1.5812225074354402,1.4625467874062987,2.9513811793705447,Interpolated (Month),-1.4120099799582857,-0.0055734456706894,False,False,False,False,True,False,False,0,0,19,18486.0,6140.0,9544.0,15616.666666666666,9222.5,4218.540782466546,5971.340590644241,0.5276019456967443
2022,-1.013889554129062,15412.0,1.1329545094337212,-1.2764073997478584,-0.5788827543808531,-0.457257448235814,0.8060867326685465,Interpolated (Month),0.8901549593209012,-0.0055734456706894,True,False,False,False,True,False,False,0,0,19,17591.0,10773.0,6634.0,17163.0,11690.0,1581.0619848697327,7225.658086862685,-2.3517732221269423
2022,-1.013889554129062,8256.0,-0.279789912488286,-0.8414312178191203,-0.5788827543808531,-0.5896577403490633,-0.6025892280311583,Interpolated (Month),-1.6063073965716306,-0.0055734456706894,False,False,True,False,True,False,False,0,0,19,15412.0,18486.0,11191.0,13753.0,12776.333333333334,4883.622323644614,11463.321804508492,-2.050559497661526
2022,-0.7242068243779014,14226.0,1.2029109464115808,-1.7348211052255849,-0.5788827543808531,-0.4324323934645798,0.6000578211534896,Estimated (Region),1.106361283445543,-1.231731493222399,True,False,False,False,False,False,True,0,0,19,8256.0,17591.0,15239.0,12631.333333333334,14124.0,3835.271220309365,6457.81892507882,-3.0565893564916125
2022,-0.7242068243779014,6584.0,-0.902355250962391,1.0412155086342536,0.6211757244059766,0.6433199799555697,-0.4905702101705802,Interpolated (Month),-1.6901954503319916,-0.0055734456706894,True,False,False,True,False,False,False,0,0,19,14226.0,15412.0,14748.0,9688.666666666666,13425.833333333334,4017.3923549154515,67428.1009976696,0.6336048495329588
2022,-0.7242068243779014,5516.0,-1.0786548622723655,-0.337075890526528,-0.5788827543808531,-0.448982429978736,-1.0620201089178816,Official (Quarter),0.4966594494140529,1.2205846018810202,False,False,True,False,False,False,True,0,0,19,6584.0,8256.0,3025.0,8775.333333333334,11264.166666666666,4750.524321938901,-70129.16736029915,-0.6117334707013427
2022,-0.7242068243779014,13867.0,1.1951640926522875,-1.6805785592077351,-0.2428663803205408,-0.0931566449243788,0.7732115861225073,Estimated (Region),1.0910827032074015,-1.231731493222399,True,False,False,False,False,False,False,0,0,19,5516.0,14226.0,6899.0,8655.666666666666,10643.5,4544.628954417846,6317.067615316775,-1.8532181437968331
2022,-0.7242068243779014,7427.0,-0.6457700643288327,-0.3158834585663592,-0.5788827543808531,-0.6972329776910782,-0.7946582366631857,Estimated (Region),0.6286894446795009,-1.231731493222399,True,False,False,False,False,True,False,0,0,19,13867.0,6584.0,607.0,8936.666666666666,9312.666666666666,4375.399448431316,20966.60742669277,-1.0433218788407355
2022,-0.7242068243779014,5781.0,-0.955644214700559,-0.15510269316134,1.5812225074354402,1.6859722803474069,-0.3783246624457746,Estimated (Region),-0.4399463466938958,-1.231731493222399,False,True,False,True,False,False,False,0,0,19,7427.0,5516.0,1738.0,9025.0,8900.166666666666,4273.295215638598,130332.4912629348,-0.05774545563861099
2022,-0.7242068243779014,7487.0,-0.4908329891429694,1.119561103469505,1.5812225074354402,1.7438974081469534,0.1540771509552836,Official (Quarter),-1.1145100779627786,1.2205846018810202,False,False,True,False,False,False,False,0,0,19,5781.0,13867.0,6140.0,6898.333333333333,7777.0,968.1039889045709,14704.409045271555,0.4080185724675408
2022,-0.7242068243779014,11546.0,0.5784675827837078,1.542391324991783,0.6211757244059766,0.4364445235286178,0.6050131619334697,Interpolated (Month),-0.3182942549864306,-0.0055734456706894,False,False,False,False,False,True,False,0,0,19,7487.0,7427.0,10773.0,8271.333333333334,8604.0,2961.450714317736,7314.689339161494,1.073756277898507
2022,-0.7242068243779014,12255.0,0.5519404774867342,0.1583179576103391,1.5812225074354402,1.5866720612624698,1.4950773147169747,Estimated (Region),0.0094745323865264,-1.231731493222399,False,False,True,True,False,False,False,0,0,19,11546.0,5781.0,18486.0,10429.333333333334,9727.166666666666,2572.6764921639815,7896.565736751817,0.061205268337366774
2022,-0.7242068243779014,10731.0,0.2185910126929073,-0.8082185744389817,0.6211757244059766,0.7757202720688188,0.6004542484158879,Estimated (Region),1.4978388676605614,-1.231731493222399,False,False,False,False,False,False,False,0,0,19,12255.0,7487.0,17591.0,11510.666666666666,9204.5,762.6141444618225,8806.071838890444,-0.45514971426065853
2022,-0.7242068243779014,9951.0,-0.1063073389089634,-1.296150487658216,-0.5788827543808531,-0.4407074117216579,-0.2176583562423066,Estimated (Region),0.382502510276242,-1.231731493222399,False,False,True,False,False,True,False,0,0,19,10731.0,11546.0,15412.0,10979.0,9625.166666666666,1171.849819729418,11134.700365393663,-2.317481967082966
2022,-0.7242068243779014,15437.0,1.1350672877317105,-0.5888914666761551,-0.5788827543808531,-0.564832685577829,0.7255836821686419,Interpolated (Month),1.440472122992823,-0.0055734456706894,False,False,False,False,False,False,True,0,0,19,9951.0,12255.0,8256.0,12039.666666666666,11234.5,2967.912622253774,7230.217093719901,-1.353252983758911
2022,-0.7242068243779014,14998.0,1.3881311772019536,0.714143388839215,1.5812225074354402,1.5618470064912358,2.2821836442090087,Official (Quarter),1.4545976028356329,1.2205846018810202,False,True,False,False,False,False,True,0,0,19,15437.0,10731.0,14226.0,13462.0,12486.333333333334,3048.5276774206977,6280.224530032877,0.2787611387525136
2022,-0.7242068243779014,5774.0,-1.046728434658309,-0.1684330797923197,-1.298917841652951,-1.367509456514402,-1.2853785550463546,Interpolated (Month),-0.6460630423593877,-0.0055734456706894,False,True,False,False,False,False,False,0,0,19,14998.0,9951.0,6584.0,12069.666666666666,11524.333333333334,5456.623895169363,-123565.02078918446,0.45830951233147155
2022,-0.7242068243779014,9731.0,-0.2107724880873106,-1.3852374316911604,-1.298917841652951,-1.2930342922006994,-0.6851310473091119,Official (Quarter),0.6765431110857549,1.2205846018810202,False,True,False,False,False,True,False,0,0,19,5774.0,15437.0,5516.0,10167.666666666666,11103.666666666666,4627.477966812284,12329.777983052016,4.727219539010165
2022,-0.7242068243779014,17279.0,2.122204259181036,-1.4702894734619758,-1.298917841652951,-1.284759273943621,0.4250635010376222,Official (Quarter),0.6661652075277722,1.2205846018810202,False,False,False,True,False,False,False,0,0,19,9731.0,14998.0,13867.0,10928.0,12195.0,5845.1572262856935,5534.23112827741,5.163271605170181
2022,-0.7242068243779014,15145.0,1.1982158835271606,-0.7412470499864042,0.6211757244059766,0.5191947060993986,1.514700464205696,Interpolated (Month),1.248769182268974,-0.0055734456706894,True,False,False,False,True,False,False,0,0,19,17279.0,5774.0,7427.0,14051.666666666666,13060.666666666666,3890.9650902229123,6889.678176512399,-0.48792103277504806
2022,-0.7242068243779014,10056.0,0.1190556795432012,-0.3048811677959129,1.5812225074354402,1.4956468604346111,0.8017543490151926,Estimated (Region),-0.3018625743529578,-1.231731493222399,False,False,True,False,True,False,False,0,0,19,15145.0,9731.0,5781.0,14160.0,12163.833333333334,3710.876042122678,8986.1480387686,-0.12216518796366026
2022,-0.7242068243779014,12876.0,0.9498470569413376,-0.193928811060878,-1.298917841652951,-1.2682092374294651,-0.2091918025667978,Official (Quarter),-0.0623059672228546,1.2205846018810202,False,False,False,False,True,False,False,0,0,19,10056.0,17279.0,7487.0,12692.333333333334,11810.166666666666,2549.4666762547236,6603.594858459395,0.7230504546357329
2022,-0.7242068243779014,6662.0,-0.8431974586186978,1.3625543693022086,-0.5788827543808531,-0.6144827951202975,-0.9015237001125844,Estimated (Region),0.8385537166298199,-1.231731493222399,False,True,False,False,True,False,False,0,0,19,12876.0,15145.0,11546.0,9864.666666666666,11958.166666666666,3111.415326396192,42486.5562848231,3.5343542442609857
2022,-0.4345240946267408,12541.0,0.7611055289876496,-1.4283931915721475,1.5812225074354402,1.7356223898898753,1.6750269756128222,Official (Quarter),0.8229868612928457,1.2205846018810202,True,False,False,True,False,False,False,0,0,19,6662.0,10056.0,12255.0,10693.0,12426.5,3494.964520563813,7121.095126655496,-0.5221455990604202
2022,-0.4345240946267408,17889.0,2.171737172611668,1.2707054208506083,-0.5788827543808531,-0.5317326125495168,1.2058836267973383,Estimated (Region),1.2519402083561353,-1.231731493222399,False,True,False,False,False,False,False,0,0,19,12541.0,12876.0,10731.0,12364.0,12528.166666666666,5615.592488776225,5640.126853660407,2.7136321146963893
2022,-0.4345240946267408,6711.0,-0.7586863266991359,-0.4551835137022629,1.5812225074354402,1.594947079519548,-0.1315770078357958,Official (Quarter),-1.3644445886508645,1.2205846018810202,False,False,False,False,False,True,False,0,0,19,17889.0,6662.0,9951.0,12380.333333333334,11122.5,5590.731735053409,27810.276592296064,-0.17541148229756567
2022,-0.4345240946267408,12897.0,0.923789457932806,1.0533013282210877,-0.5788827543808531,-0.4407074117216579,0.3416721947688147,Estimated (Region),-1.369633540429856,-1.231731493222399,True,False,False,False,False,False,False,0,0,19,6711.0,12541.0,15437.0,12499.0,11596.0,5599.6182012705085,6703.9560627691435,1.8832742473191744
2022,-0.4345240946267408,3048.0,-1.7589694742248378,0.811005894708664,-1.298917841652951,-1.37578447477148,-1.6745568617894748,Estimated (Region),-0.4947186154721384,-1.231731493222399,False,False,False,True,False,False,False,0,0,19,12897.0,17889.0,14998.0,7552.0,9958.0,4978.067998732003,-4015.9717926903836,-2.1581676443707485
2022,-0.4345240946267408,9529.0,-0.0595914632089834,1.1189756002834017,0.6211757244059766,0.5771198338989451,0.2000627133934986,Estimated (Region),-0.943851219453728,-1.231731493222399,True,False,False,False,False,True,False,0,0,19,3048.0,6711.0,5774.0,8491.333333333334,10435.833333333334,5005.823042550848,10132.830176676282,0.7095057561460486
2022,-0.4345240946267408,13056.0,0.8543025272433885,1.660762871929676,-0.5788827543808531,-0.6310328316344536,0.2443209856169777,Official (Quarter),-0.1156368605069329,1.2205846018810202,False,True,False,False,False,True,False,0,0,19,9529.0,12897.0,9731.0,8544.333333333334,10521.666666666666,5076.139510822475,7040.922291902976,4.501112874856958
2022,-0.4345240946267408,11881.0,0.640442412858053,0.9152662184235828,-1.298917841652951,-1.4006095295427143,-0.4365994700183403,Estimated (Region),1.7437375269649873,-1.231731493222399,False,True,False,False,False,False,True,0,0,19,13056.0,3048.0,17279.0,11488.666666666666,9520.333333333334,1795.9332764145854,7242.558414044162,-2.284684089937491
2022,-0.4345240946267408,2178.0,-1.967665019437311,-0.7603564226486444,0.6211757244059766,0.4695445965569301,-1.5916752477151794,Interpolated (Month),-0.7097718392014489,-0.0055734456706894,False,False,True,False,False,False,True,0,0,19,11881.0,9529.0,15145.0,9038.333333333334,8764.833333333334,5970.199857067858,-2250.778891714499,-0.5174095596895267
2022,-0.4345240946267408,11824.0,0.5603915906786904,0.4683279777682302,-0.5788827543808531,-0.4820825030070482,0.1128487156658493,Estimated (Region),-1.5552827040782151,-1.231731493222399,False,False,True,False,False,True,False,0,0,19,2178.0,13056.0,10056.0,8627.666666666666,8586.0,5585.647888413039,7577.58505661849,0.9042520874219538
2022,-0.4345240946267408,14152.0,1.0404617706106454,0.7577743108983986,-0.5788827543808531,-0.6144827951202975,0.4537195288624209,Interpolated (Month),-0.9793090566101692,-0.0055734456706894,False,True,False,True,False,False,False,0,0,19,11824.0,11881.0,12876.0,9384.666666666666,10436.666666666666,6348.77384487218,6935.684953198,1.965604391469003
2022,-0.4345240946267408,10895.0,0.3106142452275412,-0.409071907091431,-1.298917841652951,-1.235109164401153,-0.4826699811556406,Estimated (Region),-0.547472958558551,-1.231731493222399,False,False,True,False,False,False,False,0,0,19,14152.0,2178.0,6662.0,12290.333333333334,10664.333333333334,1677.8296496764106,8312.896063561764,1.7399232740815482
2022,-0.4345240946267408,8324.0,-0.4765130473454881,-1.1468158622131082,0.6211757244059766,0.7260701625263504,-0.0280245436507268,Interpolated (Month),-1.2615303783675351,-0.0055734456706894,False,False,True,True,False,False,False,0,0,19,10895.0,11824.0,12541.0,11123.666666666666,9875.666666666666,2920.721200890833,15901.064883834133,-0.6644086011744617
2022,-0.4345240946267408,11224.0,0.3768146318978645,-0.2433754994872916,-0.2428663803205408,-0.3496822108937991,0.07649067245731,Estimated (Region),1.5494401103516424,-1.231731493222399,False,False,False,False,False,False,False,0,0,19,8324.0,14152.0,17889.0,10147.666666666666,9766.166666666666,1587.8854912534237,8152.150434752661,-0.37424087663631
2022,-0.4345240946267408,4849.0,-1.2258450836989356,-0.4480809326076807,-0.5788827543808531,-0.5317326125495168,-1.208981358335576,Interpolated (Month),0.7990600280897187,-0.0055734456706894,False,False,False,False,False,False,True,0,0,19,11224.0,10895.0,6711.0,8132.333333333333,10211.333333333334,3191.8189693861073,-21470.469582875638,-0.9568911793052487
2022,-0.4345240946267408,20337.625,3.0222478141243685,0.2310118064955213,-1.298917841652951,-1.1771840366016064,1.2036749606211188,Official (Quarter),1.4107797878130388,1.2205846018810202,True,False,False,False,False,False,True,0,0,19,4849.0,8324.0,12897.0,12136.875,11630.270833333334,7784.560467481445,5056.283436486234,-1.3037958211491998
2022,-0.4345240946267408,2213.0,-1.959448659389576,0.1479076314363694,1.5812225074354402,1.3301464952930495,-1.4856309550236062,Estimated (Region),-1.4342071625684156,-1.231731493222399,True,False,False,False,True,False,False,0,0,19,20337.625,11224.0,3048.0,9133.208333333334,9640.4375,9792.412298826479,-2306.533005536704,0.06347567920521147
2022,-0.4345240946267408,10488.0,0.0521510334402148,-0.6767815586954008,-1.298917841652951,-1.2185591278869967,-0.5344320551316609,Estimated (Region),-0.5783183941336666,-1.231731493222399,False,False,True,False,True,False,False,0,0,19,2213.0,4849.0,9529.0,11012.875,9572.604166666666,9073.705316565822,9968.150642505592,3.096560483373279
2022,-0.4345240946267408,9075.0,-0.1300174064752849,-1.0112415557045655,-1.298917841652951,-1.3261343652290116,-0.79641384311095,Estimated (Region),1.0907944281085689,-1.231731493222399,False,True,False,False,True,False,False,0,0,19,10488.0,20337.625,13056.0,7258.666666666667,9697.770833333334,4426.4213912971445,10431.24318526057,3.1006899717374816
2022,-0.4345240946267408,9853.0,0.1052052440341619,0.0225781395899356,-0.5788827543808531,-0.4986325395212044,-0.2655411062934285,Interpolated (Month),-1.229531842397088,-0.0055734456706894,False,False,False,False,True,False,False,0,0,19,9075.0,2213.0,11881.0,9805.333333333334,9469.270833333334,707.70497619638,8915.086182576459,0.04503311716395384
2022,-0.1448413648755802,10312.0,0.112013085216571,1.0677888043403947,-0.2428663803205408,-0.1428067544668473,0.0085600294220404,Estimated (Region),0.3009206573065437,-1.231731493222399,False,False,True,False,False,False,True,0,0,19,9853.0,10488.0,2178.0,9746.666666666666,10379.770833333334,625.3177858762019,9273.272173763744,1.2456803759300004
2022,-0.1448413648755802,11175.0,0.3293944967652216,0.0653561554798887,-1.298917841652951,-1.1854590548586843,-0.4124457232450661,Interpolated (Month),0.1890699189593957,-0.0055734456706894,False,False,False,False,False,False,True,0,0,19,10312.0,9075.0,11824.0,10446.666666666666,8852.666666666666,671.2096046192739,8406.082639270597,-0.35240207349103897
2022,-0.1448413648755802,6353.0,-0.900946732097065,-1.656479983674437,-0.5788827543808531,-0.5151825760353606,-0.9250544897592324,Interpolated (Month),-0.6930518834691433,-0.0055734456706894,True,False,False,False,False,False,False,0,0,19,11175.0,9853.0,14152.0,9280.0,9542.666666666666,2571.3204778867516,64137.207529846244,-3.4167088511968453
2022,-0.1448413648755802,13128.0,0.7550019472379035,-1.7067949862486622,1.5812225074354402,1.3218714770359716,1.573230117875518,Estimated (Region),-0.1170782360010972,-1.231731493222399,True,False,False,False,False,False,True,0,0,19,6353.0,10312.0,10895.0,10218.666666666666,9982.666666666666,3487.274915078126,7480.333580633003,-0.7350945145454405
2022,-0.1448413648755802,7479.0,-0.7326287276906045,1.3045602290155065,-0.5788827543808531,-0.7055079959481563,-0.7886268790281242,Official (Quarter),-0.8567921396062054,1.2205846018810202,False,False,True,False,False,False,False,0,0,19,13128.0,11175.0,8324.0,8986.666666666666,9716.666666666666,3630.4201317937113,27972.339494070566,4.429866383692529
2022,-0.1448413648755802,12159.0,0.4378504493953258,0.0338518095960458,0.6211757244059766,0.4695445965569301,0.7696437407609217,Interpolated (Month),0.6108163885518638,-0.0055734456706894,False,False,False,True,False,False,False,0,0,19,7479.0,6353.0,11224.0,10922.0,10101.0,3020.8321701146956,8456.373195914324,0.02303557828415613
2022,-0.1448413648755802,2499.0,-1.867894933143384,1.3148736340338818,-0.2428663803205408,-0.1014316631814569,-1.5889568893444477,Estimated (Region),-0.7902005917758157,-1.231731493222399,True,False,False,True,False,False,False,0,0,19,12159.0,13128.0,4849.0,7379.0,8798.833333333334,4830.776335124576,-2879.380792037811,1.463298427239605
2022,-0.1448413648755802,7532.0,-0.6072705486765878,-1.5799361282701057,-0.2428663803205408,-0.0848816266673007,-0.5393590796786125,Official (Quarter),0.7667732170204389,1.2205846018810202,False,True,False,False,False,False,True,0,0,19,2499.0,7479.0,20337.625,7396.666666666667,8191.666666666667,4831.421771418116,19178.59731328733,-1.7264827964455107
2022,-0.1448413648755802,8196.0,-0.4424738414334424,-1.4884266523788694,1.5812225074354402,1.6114971160337042,0.3124781585164748,Estimated (Region),-0.79567781865364,-1.231731493222399,False,False,False,False,False,True,False,0,0,19,7532.0,12159.0,2213.0,6075.666666666667,8498.833333333334,3115.225888010832,14700.655519146478,-0.5699514823280623
2022,-0.1448413648755802,14086.0,0.8054738732454195,0.7534620650218,-0.2428663803205408,-0.3496822108937991,0.6332444462628418,Official (Quarter),-1.3488777333138904,1.2205846018810202,False,True,False,False,False,True,False,0,0,19,8196.0,2499.0,10488.0,9938.0,8658.5,3607.582570087592,7801.829873439147,1.15860595795382
2022,-0.1448413648755802,15131.0,1.2738063959663242,-1.0600570140406973,-0.5788827543808531,-0.6393078498915317,0.6115825279960716,Official (Quarter),0.0371489418744806,1.2205846018810202,False,False,True,False,False,True,False,0,0,19,14086.0,7532.0,9075.0,12471.0,9933.833333333334,3738.947044289336,6654.480358064792,-2.93895227196354
2022,-0.1448413648755802,6816.0,-0.7009370532207688,-1.169101763621008,-0.2428663803205408,-0.117981699695613,-0.6999404371829953,Official (Quarter),0.6655886573301064,1.2205846018810202,False,False,True,True,False,False,False,0,0,19,15131.0,8196.0,9853.0,12011.0,9043.333333333334,4529.241106410646,22791.1885220324,-1.325484701641165
2022,-0.1448413648755802,4608.0,-1.3674012296642015,-0.6261867273488697,1.5812225074354402,1.5370219517200014,-0.7643032348566791,Estimated (Region),0.4560126604786202,-1.231731493222399,False,True,False,False,False,False,False,0,0,19,6816.0,14086.0,10312.0,8851.666666666666,9394.833333333334,5548.994173121203,-12542.14637281327,-0.24681959370684184
2022,-0.1448413648755802,14719.0,1.1932860674985195,0.1755883134741221,-0.5788827543808531,-0.4324323934645798,0.6938695011767694,Interpolated (Month),1.744314077162653,-0.0055734456706894,True,False,False,False,False,True,False,0,0,19,4608.0,15131.0,11175.0,8714.333333333334,10592.666666666666,5316.091828903359,6710.93489267785,0.3093698644042754
2022,-0.1448413648755802,2877.0,-1.7300948374856542,0.9689963248956996,-1.298917841652951,-1.3426844017431678,-1.6939251651809395,Interpolated (Month),1.2101403190253712,-0.0055734456706894,False,False,False,False,False,False,False,0,0,19,14719.0,6816.0,6353.0,7401.333333333333,9706.166666666666,6396.11400252786,-3940.5839519534074,-2.827663937916657
2022,-0.1448413648755802,5746.0,-1.092505297781405,-0.7039443338401826,1.5812225074354402,1.6776972620903288,-0.391208548473723,Estimated (Region),-0.9153119846692752,-1.231731493222399,False,True,False,True,False,False,False,0,0,19,2877.0,4608.0,13128.0,7780.666666666667,8316.166666666666,6177.632421351483,-62115.361366417215,-0.26289168077598607
2022,-0.1448413648755802,8749.0,-0.1776722947521489,-1.0334022051575436,1.5812225074354402,1.3549715500642838,0.3605308059657673,Official (Quarter),1.0161311775108592,1.2205846018810202,False,False,True,False,True,False,False,0,0,19,5746.0,14719.0,7479.0,5790.666666666667,7252.5,2936.254814101264,10639.310756729321,-0.4388172779112065
2022,-0.1448413648755802,2823.0,-1.822352823164509,-0.318357681707635,1.5812225074354402,1.4294467143779863,-1.2999897312890385,Official (Quarter),0.1397748770589773,1.2205846018810202,False,False,False,False,True,False,False,0,0,19,8749.0,2877.0,12159.0,5772.666666666667,6587.0,2963.0899975081497,-3432.8331106553132,-0.13104122836838775
2022,-0.1448413648755802,16010.0,1.500577933283815,1.1481110937182044,-0.5788827543808531,-0.4738074847499702,0.9055050268314604,Official (Quarter),-1.0568550581962073,1.2205846018810202,False,True,False,False,True,False,False,0,0,19,2823.0,5746.0,2499.0,9194.0,8487.333333333334,6604.752909836957,6402.519908257892,2.181922130102248
2022,-0.1448413648755802,12296.0,0.685984522836928,-0.3104449391585971,-0.2428663803205408,-0.117981699695613,0.4312647560708542,Estimated (Region),-0.6795029538239991,-1.231731493222399,True,False,False,False,True,False,False,0,0,19,16010.0,8749.0,7532.0,10376.333333333334,8083.5,6799.858993636057,7293.068135234178,-0.35197108614578826
2022,0.1448413648755802,8386.0,-0.5229941699012471,0.3287157868081561,-0.5788827543808531,-0.672407922919844,-0.6145103621361391,Official (Quarter),-0.513456496896274,1.2205846018810202,False,True,False,False,False,True,False,1,0,19,12296.0,2823.0,8196.0,12230.666666666666,9001.666666666666,3812.419878939532,17580.497911868028,1.0034302103335824
2022,0.1448413648755802,16921.0,1.7757086183108326,-0.4819909112765323,-0.5788827543808531,-0.5896577403490633,0.9763239256356328,Estimated (Region),0.6762548359869222,-1.231731493222399,False,False,True,False,False,False,True,1,0,19,8386.0,16010.0,14086.0,12534.333333333334,10864.166666666666,4272.488541041782,6096.100969811931,-1.1746070504328374
2022,0.1448413648755802,8274.0,-0.4619583524037858,-1.361471867307853,-1.298917841652951,-1.37578447477148,-0.9331529324053714,Estimated (Region),-1.5944881175194836,-1.231731493222399,False,True,False,False,False,False,True,1,0,19,16921.0,12296.0,15131.0,11193.666666666666,10785.0,4960.3322805365815,15377.991716747947,3.623012547646583
2022,0.1448413648755802,8531.0,-0.2997439297470715,-0.5461139478177689,1.5812225074354402,1.6611472255761726,0.4331053112177039,Interpolated (Month),-1.6420535088269048,-0.0055734456706894,False,False,True,True,False,False,False,1,0,19,8274.0,8386.0,6816.0,11242.0,11736.333333333334,4919.836684281289,12182.686252071546,-0.20521748761928352
2022,0.1448413648755802,8140.0,-0.4389525442701273,-0.3590108876480191,1.5812225074354402,1.479096823920455,0.240639875323278,Estimated (Region),0.4012403917003776,-1.231731493222399,False,False,False,False,False,False,True,1,0,19,8531.0,16921.0,4608.0,8315.0,10424.666666666666,198.69826370579943,14508.576621937596,-0.1448151940593743
2022,0.1448413648755802,9098.0,-0.0715638735642547,1.101187337526648,-0.5788827543808531,-0.4241573752075017,-0.3718685613152864,Official (Quarter),1.334963436819998,1.2205846018810202,False,False,True,False,False,False,False,1,0,19,8140.0,8274.0,14719.0,8589.666666666666,9891.666666666666,481.6869661232829,9799.27400598586,1.9123060539734353
2022,0.1448413648755802,5763.0,-1.0173842916306834,-0.119698637601633,0.6211757244059766,0.6102199069272574,-0.7019225734949872,Estimated (Region),-0.2306586249412424,-1.231731493222399,True,False,False,False,False,False,True,1,0,19,9098.0,8531.0,2877.0,7667.0,9454.5,1717.076876554935,-331506.1736440413,-0.07433682634693725
2022,0.1448413648755802,11844.0,0.3204738772848234,-0.4709190360866844,1.5812225074354402,1.570122024748314,1.364199685659444,Estimated (Region),-1.5601833807583736,-1.231731493222399,True,False,False,False,False,True,False,1,0,19,5763.0,8140.0,5746.0,8901.666666666666,8608.333333333334,3045.2504549434148,8969.507238078648,-0.18322827926148774
2022,0.1448413648755802,10399.0,0.0451084391135847,-1.17725457241698,-0.2428663803205408,-0.225556937037628,-0.0177457510613967,Interpolated (Month),0.1311266240939916,-0.0055734456706894,False,False,False,True,False,False,False,1,0,19,11844.0,9098.0,8749.0,9335.333333333334,8962.5,3176.976602578796,9950.163648874539,-1.5201305670087455
2022,0.1448413648755802,10705.0,0.0397091167965015,-0.1321800943159201,0.6211757244059766,0.7757202720688188,0.5939131985863144,Estimated (Region),-1.383470745173833,-1.231731493222399,False,False,False,False,False,False,False,1,0,19,10399.0,5763.0,2823.0,10982.666666666666,9324.833333333334,761.4659108149414,10296.149016162999,-0.07443745301275549
2022,0.1448413648755802,7998.0,-0.3549109186390076,-0.987893994869232,-0.2428663803205408,-0.2338319552947061,-0.5035107286645855,Interpolated (Month),0.8359592407403242,-0.0055734456706894,True,False,False,False,False,False,False,1,0,19,10705.0,11844.0,16010.0,9700.666666666666,9301.166666666666,1482.4689991136863,12398.287664590485,-1.2893959774180153
2022,0.1448413648755802,10868.0,0.2883126965265457,-1.077372102745524,-1.298917841652951,-1.2930342922006994,-0.5189997081311518,Estimated (Region),0.7814752470609145,-1.231731493222399,False,False,False,False,False,True,False,1,0,19,7998.0,10399.0,12296.0,9857.0,9596.166666666666,1612.0027915608002,8435.840172422042,3.676607589693397
2022,0.1448413648755802,14063.0,1.0068920709870417,-0.2011725491205315,0.6211757244059766,0.6681450347268039,1.363463463600704,Official (Quarter),0.9688540613022708,1.2205846018810202,False,True,False,True,False,False,False,1,0,19,10868.0,10705.0,8386.0,10976.333333333334,10979.5,3033.9509444506893,7007.352414862774,-0.12059655781277916
2022,0.1448413648755802,9618.0,0.0317275098929874,1.5863905474422255,0.6211757244059766,0.792270308582975,0.327825556817899,Official (Quarter),1.4352831712138316,1.2205846018810202,False,False,True,False,False,True,False,1,0,19,14063.0,7998.0,16921.0,11516.333333333334,10608.5,2292.325965767798,9322.228890647295,0.8851290677779936
2022,0.1448413648755802,1519.0,-2.119785056892522,1.5857294954579153,-1.298917841652951,-1.384059493028558,-1.8921104801471136,Estimated (Region),1.5632773150956196,-1.231731493222399,False,True,False,False,False,False,False,1,0,19,9618.0,10868.0,8274.0,8400.0,9128.5,6360.0807384812115,-1356.510332630555,-4.128864210472734
2022,0.1448413648755802,14915.0,1.4719380496888523,0.4351710019236123,-0.2428663803205408,-0.4076073386933456,0.7501621724373428,Interpolated (Month),-1.0657915862600258,-0.0055734456706894,True,False,False,True,False,False,False,1,0,19,1519.0,14063.0,8531.0,8684.0,9830.166666666666,6746.6636940045955,6033.727261845166,0.7345989076970424
2022,0.1448413648755802,11182.0,0.2336152139230516,-1.3663611668339135,-1.298917841652951,-1.384059493028558,-0.5253708605625547,Estimated (Region),-0.7028532368294603,-1.231731493222399,True,False,False,False,True,False,False,1,0,19,14915.0,9618.0,8140.0,9205.333333333334,10360.833333333334,6913.292438001817,9064.414797901067,3.5576810146242464
2022,0.1448413648755802,8707.0,-0.1941050148476192,-0.8434377342557079,-0.2428663803205408,-0.2834820648371745,-0.3835631655560393,Estimated (Region),1.3038297261460494,-1.231731493222399,False,False,True,False,True,False,False,1,0,19,11182.0,1519.0,9098.0,11601.333333333334,10000.666666666666,3125.1714086323777,10804.13721442088,-1.1771341551471988
2022,0.1448413648755802,11804.0,0.6803504473756239,1.5670172510178286,-0.2428663803205408,-0.3827822839221114,0.1692546518585369,Official (Quarter),1.5185946747765269,1.2205846018810202,False,True,False,False,True,False,False,1,0,19,8707.0,14915.0,5763.0,10564.333333333334,9624.166666666666,1638.2876222852944,7024.725121140962,2.538840364102708
2022,0.1448413648755802,13013.0,0.7263620636429409,-0.1217742414260545,-1.298917841652951,-1.3923345112856362,-0.2719122587248315,Estimated (Region),0.3963397150202191,-1.231731493222399,False,False,False,False,True,False,False,1,0,19,11804.0,11182.0,11844.0,11174.666666666666,10190.0,2220.9129504177436,7537.816240319937,0.31038371064277254
2022,0.4345240946267408,11585.0,0.5127367024018264,-1.07236301861178,1.5812225074354402,1.5370219517200014,1.2686323991884,Estimated (Region),-1.4627463973528685,-1.231731493222399,False,False,False,False,False,True,False,1,0,19,13013.0,8707.0,10399.0,12134.0,11867.666666666666,769.0715181307809,7658.305626885419,-0.42268574691864996
2022,0.4345240946267408,9876.0,-0.1236790715813178,-1.5822513013098936,0.6211757244059766,0.6764200529838819,0.334394922880501,Interpolated (Month),0.9671244107092736,-0.0055734456706894,True,False,False,False,False,False,False,1,0,19,11585.0,11804.0,10705.0,11491.333333333334,11027.833333333334,1570.596171309885,11269.843820598015,-0.9438274724127904
2022,0.4345240946267408,1388.0,-2.1639186480060717,-0.3485284918968127,-1.298917841652951,-1.4088845477997924,-1.9123849029954891,Interpolated (Month),0.9619354589302824,-0.0055734456706894,True,False,False,False,False,False,True,1,0,19,9876.0,13013.0,7998.0,7616.333333333333,9395.5,5461.160346788307,-1192.5232080247238,0.8523885135113184
2022,0.4345240946267408,13977.0,0.8028915886589885,-0.3938682084838604,-0.5788827543808531,-0.6806829411769221,0.3745756575478823,Estimated (Region),0.6952809925098906,-1.231731493222399,False,False,False,False,False,False,False,1,0,19,1388.0,11585.0,10868.0,8413.666666666666,10273.833333333334,6420.634262542373,7752.546014370311,-1.2334706136138145
2022,0.4345240946267408,9804.0,-0.0701553546989287,0.6039465200862496,-1.298917841652951,-1.2185591278869967,-0.6369934511607341,Estimated (Region),0.1259376723150002,-1.231731493222399,False,True,False,False,False,True,False,1,0,19,13977.0,9876.0,14063.0,8389.666666666666,9940.5,6412.564567576146,10543.696788000101,-2.763309526008507
2022,0.4345240946267408,11368.0,0.3188306052752764,-0.5511130913201701,-1.298917841652951,-1.259934219172387,-0.4266321559923233,Estimated (Region),1.3718626494706032,-1.231731493222399,False,False,True,False,False,True,False,1,0,19,9804.0,1388.0,9618.0,11716.333333333334,9666.333333333334,2108.1945672383495,8619.757499203004,2.1202021537405766
2022,0.4345240946267408,8566.0,-0.3835508022339702,1.0170731943230455,-0.5788827543808531,-0.5731077038349071,-0.538821071251072,Estimated (Region),-1.2678724305418578,-1.231731493222399,True,False,False,True,False,False,False,1,0,19,11368.0,13977.0,1519.0,9912.666666666666,9163.166666666666,1404.157161194273,13895.711164914488,2.382505384753326
2022,0.4345240946267408,15457.0,1.6186587648269803,-1.3718737439451814,0.6211757244059766,0.8170953633542092,1.825641019091188,Estimated (Region),1.2654891380012796,-1.231731493222399,False,False,False,True,False,False,False,1,0,19,8566.0,9804.0,14915.0,11797.0,10093.333333333334,3465.4726950302124,5902.640010838248,-0.7549816986010106
2022,0.4345240946267408,11575.0,0.4272865579053806,0.2227133674503748,0.6211757244059766,0.800545326840053,0.8281450781977148,Official (Quarter),-1.033793050289579,1.2205846018810202,False,True,False,False,False,False,False,1,0,19,15457.0,11368.0,11182.0,11866.0,11791.166666666666,3454.7041841523805,8109.794025515754,0.12369217488194842
2022,0.4345240946267408,10678.0,0.1516863665899209,0.8451957021498218,-1.298917841652951,-1.3178593469719335,-0.5603697245857282,Estimated (Region),-0.567652215476851,-1.231731493222399,False,False,False,False,False,False,True,1,0,19,11575.0,8566.0,8707.0,12570.0,11241.333333333334,2540.1238158798515,9271.621432505937,-2.6590242199939182
2022,0.4345240946267408,8498.0,-0.3619535129656377,0.0082497135721174,-1.298917841652951,-1.3344093834860895,-0.8833446785083146,Official (Quarter),-1.2531704005013822,1.2205846018810202,False,True,False,True,False,False,False,1,0,19,10678.0,15457.0,11804.0,10250.333333333334,11023.666666666666,1582.4526322557595,13318.778760931154,-0.024669503846205816
2022,0.4345240946267408,3869.0,-1.4955764464088703,0.849435381417616,-0.2428663803205408,-0.3910573021791895,-1.3625119738158729,Official (Quarter),-0.945292594947892,1.2205846018810202,False,False,True,False,False,False,False,1,0,19,8498.0,11575.0,13013.0,7681.666666666667,9773.833333333334,3477.128173267847,-7807.06998493613,1.3949348345212829
2022,0.4345240946267408,4748.0,-1.33899609921346,-1.1717345398322048,0.6211757244059766,0.5109196878423204,-0.9735601969369804,Estimated (Region),-0.9323202155004136,-1.231731493222399,False,True,False,False,False,False,True,1,0,19,3869.0,10678.0,11585.0,5705.0,9137.5,2458.4135128166536,-14006.060869185007,-0.7755108026327386
2022,0.4345240946267408,5100.0,-1.1716171073838837,-0.3541439545424802,-0.5788827543808531,-0.6475828681486098,-1.192812789276327,Official (Quarter),-0.411407111909443,1.2205846018810202,True,False,False,False,False,True,False,1,0,19,4748.0,8498.0,9876.0,4572.333333333333,7411.333333333333,634.0223445059074,-29717.317100514967,-1.0048999396880007
2022,0.4345240946267408,15396.0,1.4904835480823118,0.3066729338365926,1.5812225074354402,1.7273473716327972,2.5294409910134994,Interpolated (Month),-1.4601519214633727,-0.0055734456706894,False,False,True,True,False,False,False,1,0,19,5100.0,3869.0,1388.0,8414.666666666666,8048.166666666667,6048.573165080592,6181.93202354419,0.11244366486876767
2022,0.4345240946267408,17669.0,1.9550600204956805,1.1343890462123098,1.5812225074354402,1.5204719152058452,3.026334248196872,Official (Quarter),-1.3560846107847118,1.2205846018810202,False,False,True,False,False,False,True,1,0,19,15396.0,4748.0,13977.0,12721.666666666666,9213.333333333334,6697.68499806712,5979.23557472657,0.4500700997176813
2022,0.4345240946267408,13179.0,0.8916282771745283,1.1413633931625675,-0.2428663803205408,-0.3745072656650333,0.4400144720766477,Official (Quarter),0.0359958414791492,1.2205846018810202,False,False,True,False,True,False,False,1,0,19,17669.0,5100.0,9804.0,15414.666666666666,9993.5,2245.0582026605807,6967.013635303179,1.8247428475345635
2022,0.4345240946267408,11018.0,0.1258635207256103,0.5780079336913593,0.6211757244059766,0.5274697243564767,0.5324669729145615,Official (Quarter),-1.0219737712374315,1.2205846018810202,False,True,False,False,True,False,False,1,0,19,13179.0,15396.0,11368.0,13955.333333333334,11185.0,3392.7820934055653,9786.266094578661,0.37840876612783547
2022,0.4345240946267408,9887.0,-0.1091243766396155,0.8299731163426992,-1.298917841652951,-1.243384182658231,-0.6371350323258763,Estimated (Region),-0.8582335151003697,-1.231731493222399,False,False,False,False,True,False,False,1,0,19,11018.0,17669.0,8566.0,11361.333333333334,12041.5,1672.6399293731029,11098.069967058047,-3.4101358078317596
2022,0.4345240946267408,5485.0,-1.1610532158939384,0.1702581469479984,-0.5788827543808531,-0.6889579594340001,-1.135444101160672,Official (Quarter),-1.2468283483270597,1.2205846018810202,True,False,False,False,True,False,False,1,0,19,9887.0,13179.0,15457.0,8796.666666666666,12105.666666666666,2923.207541953371,-34057.0659800556,0.5473798546273084
2022,0.7242068243779014,6952.0,-0.7492962009302958,0.9386644764787656,-0.2428663803205408,-0.333132174379643,-0.7486443579919422,Estimated (Region),-0.7780930376248357,-1.231731493222399,False,True,False,False,False,False,True,1,0,19,5485.0,11018.0,11575.0,7441.333333333333,10698.333333333334,2241.425067525786,27729.934790765205,1.4075719961531632
2022,0.7242068243779014,8801.0,-0.3603102409560907,1.7152444901313246,1.5812225074354402,1.4128966778638303,0.4013628139928032,Interpolated (Month),0.2807414003882438,-0.0055734456706894,False,True,False,False,False,False,False,1,0,19,6952.0,9887.0,10678.0,7079.333333333333,9220.333333333334,1661.663122697542,13758.231823429718,0.7108652872985235
2022,0.7242068243779014,9064.0,-0.3295575790631391,0.8680154154608412,0.6211757244059766,0.6019448886701793,0.099030393947962,Official (Quarter),0.998258121383222,1.2205846018810202,False,False,False,False,False,False,False,1,0,19,8801.0,5485.0,8498.0,8272.333333333334,8534.5,1150.978858768932,13519.430926423442,0.5418509847622822
2022,0.7242068243779014,1726.0,-2.06555708057747,-1.6515891930536748,-0.2428663803205408,-0.3083071196084087,-1.7675190548219006,Interpolated (Month),1.125963990166177,-0.0055734456706894,False,False,True,False,False,False,False,1,0,19,9064.0,6952.0,3869.0,6530.333333333333,6985.833333333333,4162.75225461868,-1619.809986213604,-2.387749303012419
2022,0.7242068243779014,13861.0,0.974496137084543,0.6937496866074576,1.5812225074354402,1.5121968969487674,1.9141292473051172,Interpolated (Month),-1.1571747925900413,-0.0055734456706894,False,False,True,False,False,True,False,1,0,19,1726.0,8801.0,4748.0,8217.0,7648.166666666667,6111.678411042231,7020.018798551088,0.27615259275658827
2022,0.7242068243779014,8462.0,-0.3880111119741693,0.1855880915736256,-1.298917841652951,-1.359234438257324,-0.8993150339363646,Official (Quarter),0.8619039996352813,1.2205846018810202,True,False,False,False,False,True,False,1,0,19,13861.0,9064.0,5100.0,8016.333333333333,8144.333333333333,6079.763180694871,13827.048440858029,-0.5166211025700341
2022,0.7242068243779014,1940.0,-2.0134418825604072,0.0006078532271765,-0.5788827543808531,-0.6641329046627659,-1.760864740060213,Official (Quarter),-0.7697330597586829,1.2205846018810202,False,False,False,True,False,False,False,1,0,19,8462.0,1726.0,15396.0,8087.666666666667,7309.0,5969.309368204417,-1914.2686259410286,0.0018098028524234347
2022,0.7242068243779014,10568.0,0.108022281764814,-1.1344596574537436,0.6211757244059766,0.4116194687573836,0.3618333526850765,Interpolated (Month),-0.1505181474657085,-0.0055734456706894,True,False,False,False,False,False,False,1,0,19,1940.0,13861.0,17669.0,6990.0,7603.5,4498.409052098264,9537.71433474037,-0.8036582680829576
2022,0.7242068243779014,4364.0,-1.436418654065177,0.658569792284536,-1.298917841652951,-1.2185591278869967,-1.4526425435454529,Estimated (Region),-0.6489457933477163,-1.231731493222399,False,True,False,False,False,True,False,1,0,19,10568.0,8462.0,13179.0,5624.0,6820.166666666667,4449.864717044721,-9999.57256489833,-3.013233986846074
2022,0.7242068243779014,14414.0,1.3731069759718093,-0.2088258411915167,-0.2428663803205408,-0.2752070465800964,0.752144308749335,Interpolated (Month),1.218212021792691,-0.0055734456706894,True,False,False,True,False,False,False,1,0,19,4364.0,1940.0,11018.0,9782.0,8934.833333333334,5070.894595631014,6073.893906151169,-0.28811792416880044
2022,0.7242068243779014,15489.0,1.56020523191595,-0.9869560963020187,-1.298917841652951,-1.235109164401153,0.2022430633366898,Official (Quarter),1.0573545166439575,1.2205846018810202,True,False,False,False,False,False,True,1,0,19,14414.0,10568.0,9887.0,11422.333333333334,9206.166666666666,6136.2821262824355,6049.905611828111,4.197863145045395
2022,0.7242068243779014,12131.0,0.6751858782027618,-0.1264622431674189,-1.298917841652951,-1.235109164401153,-0.298387936606439,Estimated (Region),0.8356709656414913,-1.231731493222399,False,False,False,False,False,True,False,1,0,19,15489.0,4364.0,5485.0,14011.333333333334,9817.666666666666,1714.831284218216,7241.584446148061,0.5378873405021499
2022,0.7242068243779014,14126.0,0.8190895556102378,-1.6202707369759466,-0.2428663803205408,-0.1262567179526911,0.8030285795014732,Estimated (Region),0.6560755790686222,-1.231731493222399,False,True,False,True,False,False,False,1,0,19,12131.0,14414.0,6952.0,13915.333333333334,11848.666666666666,1688.8831615400425,7765.423069157937,-1.8544013673895314
2022,0.7242068243779014,11967.0,0.4364419305299998,0.8556358502178201,-0.5788827543808531,-0.7137830142052343,-0.0026248826242003,Official (Quarter),-0.951634647122215,1.2205846018810202,False,False,True,True,False,False,False,1,0,19,14126.0,15489.0,8801.0,12741.333333333334,12081.833333333334,1201.9568766529833,8331.0015849959,2.9894656595655746
2022,0.7242068243779014,12817.0,0.686923535413812,0.2828313236235116,1.5812225074354402,1.7852724994323437,1.7909253173982989,Official (Quarter),-1.4722594756143526,1.2205846018810202,False,False,True,False,False,False,True,1,0,19,11967.0,12131.0,9064.0,12970.0,13490.666666666666,1087.601489517222,7597.854752115908,0.10154529715895104
2022,0.7242068243779014,6777.0,-0.8777061708191854,1.6265417514997882,1.5812225074354402,1.7273473716327972,-0.066109877074002,Interpolated (Month),-1.0029476147144634,-0.0055734456706894,False,False,False,False,False,False,True,1,0,19,12817.0,14126.0,1726.0,10520.333333333334,12217.833333333334,3269.561642381623,55415.71512966556,0.5963823194718378
2022,0.7242068243779014,12998.0,0.6357473499736329,1.255961476442652,-1.298917841652951,-1.350959420000246,-0.2464276489992197,Estimated (Region),-0.9268429886225894,-1.231731493222399,False,False,False,False,True,False,False,1,0,19,6777.0,11967.0,13861.0,10864.0,11802.666666666666,3540.602632321214,7946.214921399394,-3.5786515616015433
2022,0.7242068243779014,10357.0,0.1317323493311355,-0.1673291726816779,-0.2428663803205408,-0.3165821378654868,-0.0745764307495108,Interpolated (Month),-0.6792146787251662,-0.0055734456706894,True,False,False,False,True,False,False,1,0,19,12998.0,12817.0,8462.0,10044.0,11507.0,3122.2887438543935,9151.457061487272,-0.24484167293939335
2022,0.7242068243779014,14406.0,1.1644114307593358,-0.8477907367208132,0.6211757244059766,0.5191947060993986,1.3379788538750923,Interpolated (Month),-1.5743088606011837,-0.0055734456706894,False,False,True,False,True,False,False,1,0,19,10357.0,6777.0,1940.0,12587.0,11553.666666666666,2055.5512642597973,6655.8510065463715,-0.5580527191919687
2022,0.7242068243779014,9215.0,-0.0962129537074602,0.3685762273989351,-0.5788827543808531,-0.5151825760353606,-0.3925960438921174,Official (Quarter),-1.6466659104082304,1.2205846018810202,False,True,False,False,True,False,False,1,0,19,14406.0,12998.0,10568.0,11326.0,11095.0,2727.790497820525,10195.985921463704,0.7602371721397073
2022,1.013889554129062,8455.0,-0.3408257299857473,0.0177340699364853,-1.298917841652951,-1.2516592009153091,-0.8536126338284342,Estimated (Region),1.6552370716233007,-1.231731493222399,False,True,False,True,False,False,False,1,0,19,9215.0,10357.0,4364.0,10692.0,10368.0,3238.7878905541033,12826.653564340711,-0.07046859352642285
2022,1.013889554129062,20337.625,3.0703722086896743,0.5102948381405938,-1.298917841652951,-1.3095843287148556,0.9204559978704868,Official (Quarter),1.508216771218544,1.2205846018810202,True,False,False,True,False,False,False,1,0,19,8455.0,14406.0,14414.0,12669.208333333334,12628.104166666666,6651.906541000737,4996.502520477617,-1.6483225758194102
2022,1.013889554129062,11173.0,0.1657715552431812,1.1467417717507045,-0.2428663803205408,-0.3248571561225649,0.0807947398776355,Estimated (Region),0.978655414662588,-1.231731493222399,True,False,False,False,False,False,False,1,0,19,20337.625,9215.0,15489.0,13321.875,12323.9375,6225.949088040723,9584.210516844616,1.6985172577181058
2022,1.013889554129062,10455.0,0.0749220884296523,-1.1959285454263962,0.6211757244059766,0.7591702355546627,0.5219333342279752,Estimated (Region),0.0942274114433861,-1.231731493222399,False,True,False,False,False,False,True,1,0,19,11173.0,8455.0,12131.0,13988.541666666666,12340.270833333334,5510.174714127356,9726.286316502858,-0.6798253638308759
2022,1.013889554129062,8838.0,-0.1997390903089234,1.0866968792179388,1.5812225074354402,1.7438974081469534,0.5620574364292997,Official (Quarter),1.7200989688606931,1.2205846018810202,False,False,False,False,False,False,False,1,0,19,10455.0,20337.625,14126.0,10155.333333333334,11412.270833333334,1195.9959587445064,11043.898174923623,0.3960413665581695
2022,1.013889554129062,10502.0,0.1991065017225639,0.8788402659618143,-1.298917841652951,-1.243384182658231,-0.5457302321100155,Interpolated (Month),-1.0239916969292615,-0.0055734456706894,False,False,False,True,False,False,False,1,0,19,8838.0,11173.0,11967.0,9931.666666666666,11626.770833333334,947.4346063624513,8758.18785480144,-3.61091775300745
2022,1.013889554129062,15871.0,1.4900140417938696,0.1320259817712054,1.5812225074354402,1.7025223168615629,2.6522768098909486,Interpolated (Month),0.5773764770872526,-0.0055734456706894,False,False,False,False,False,True,False,1,0,19,10502.0,10455.0,12817.0,11737.0,12862.770833333334,3675.5531556488186,6373.859638384259,0.0488528738310391
2022,1.013889554129062,15676.0,1.5862628309244815,0.4402442031295184,-0.5788827543808531,-0.4241573752075017,0.882625510544467,Estimated (Region),0.1357390256753173,-1.231731493222399,True,False,False,False,False,False,True,1,0,19,15871.0,8838.0,6777.0,14016.333333333334,12085.833333333334,3045.0632724679963,6061.255574088918,0.7645217359311633
2022,1.013889554129062,16170.0,1.3451713518095096,-1.000339665310684,-1.298917841652951,-1.284759273943621,0.2625566396873042,Official (Quarter),-1.6409004084315733,1.2205846018810202,False,False,True,False,False,False,False,1,0,19,15676.0,10502.0,12998.0,15905.666666666666,12918.666666666666,248.8178718132097,6895.018561233659,3.5129309449943995
2022,1.013889554129062,12079.0,0.6679085307319106,-1.0391299969373873,-1.298917841652951,-1.384059493028558,-0.3984858203620364,Official (Quarter),0.6275363442841695,1.2205846018810202,True,False,False,False,False,True,False,1,0,19,16170.0,15871.0,10357.0,14641.666666666666,13189.333333333334,2233.037020143991,7242.003849395446,2.7056485148776668
2022,1.013889554129062,9311.0,-0.1396422853883461,1.727374545527636,0.6211757244059766,0.568844815641867,0.1433169824044698,Interpolated (Month),0.4185368976303489,-0.0055734456706894,False,False,True,False,False,True,False,1,0,19,12079.0,15676.0,14406.0,12520.0,13268.166666666666,3450.7000738980564,10822.242704248634,1.101048700486612
2022,1.013889554129062,14060.0,0.8266016562253099,0.2619341284142304,-1.298917841652951,-1.2020090913728405,0.0130623104735652,Interpolated (Month),-0.0450094612928832,-0.0055734456706894,False,True,False,False,False,True,False,1,0,19,9311.0,16170.0,9215.0,11816.666666666666,13861.166666666666,2385.3436509931494,7697.3542381731595,-1.2966452481625619
2022,1.013889554129062,6826.0,-0.6748794542122373,1.069304750620204,1.5812225074354402,1.6611472255761726,-0.0745481145164824,Estimated (Region),-1.6927899262214874,-1.231731493222399,False,True,False,False,False,False,False,1,0,19,14060.0,12079.0,8455.0,10065.666666666666,12353.666666666666,3675.5721096630914,20995.28955778754,0.40182096666548983
2022,1.013889554129062,11332.0,0.4643775546922994,-0.556240965998463,-0.2428663803205408,-0.3496822108937991,0.0975013173644254,Estimated (Region),-0.2525675324525395,-1.231731493222399,False,False,True,True,False,False,False,1,0,19,6826.0,9311.0,20337.625,10739.333333333334,11629.666666666666,3653.235460976098,7738.441472070447,-0.8553371525680737
2022,1.013889554129062,9878.0,-0.040341705382861,1.380333685490754,-0.5788827543808531,-0.6806829411769221,-0.3531798475165044,Interpolated (Month),1.7336478985058374,-0.0055734456706894,False,False,False,False,False,False,True,1,0,19,11332.0,14060.0,11173.0,9345.333333333334,10581.0,2299.7411448537264,10293.247143704293,4.322768381302006
2022,1.013889554129062,15752.0,1.3986950686918989,-0.3684167130247778,0.6211757244059766,0.6929700894980381,1.8003546229967755,Official (Quarter),1.5341615301135012,1.2205846018810202,False,False,True,False,False,False,True,1,0,19,9878.0,6826.0,10455.0,12320.666666666666,11193.166666666666,3059.2589516635176,6566.90389937316,-0.21761560662540266
2022,1.013889554129062,10216.0,0.111074072639687,-0.1332198843543991,1.5812225074354402,1.4956468604346111,0.8480230737836919,Official (Quarter),-0.4889531134954813,1.2205846018810202,False,False,False,False,True,False,False,1,0,19,15752.0,11332.0,8838.0,11948.666666666666,11344.0,3298.116027876117,9194.706502086627,-0.05338090355107339
2022,1.013889554129062,10973.0,0.1721098901371483,0.0651483962848193,-0.5788827543808531,-0.7220580324623124,-0.1820648513255357,Estimated (Region),-0.7951012684559743,-1.231731493222399,True,False,False,False,True,False,False,1,0,19,10216.0,9878.0,10502.0,12313.666666666666,10829.5,3001.643605315822,9361.750201353605,0.23439567929224467
2022,1.013889554129062,9010.0,-0.1854191485114421,0.9123044073149318,1.5812225074354402,1.810097554203578,0.6446275719402818,Official (Quarter),-1.0859708431783257,1.2205846018810202,False,False,True,False,True,False,False,1,0,19,10973.0,15752.0,15871.0,10066.333333333334,11193.5,990.0213802404395,11060.903265200997,0.32465221926200777
2022,1.013889554129062,11776.0,0.3847962388013787,0.7360883265920497,-1.298917841652951,-1.384059493028558,-0.441356597167121,Estimated (Region),-0.3030156747482893,-1.231731493222399,False,True,False,False,True,False,False,1,0,19,9010.0,10216.0,15676.0,10586.333333333334,11267.5,1422.9625200029784,8503.778151645478,-1.9165997454912946
2022,1.3035722838802226,20337.625,3.03422022447964,-1.3535844733687397,-1.298917841652951,-1.2268341461440748,1.0770164502848285,Estimated (Region),-1.2401980210539036,-1.231731493222399,False,True,False,False,False,False,True,1,0,19,11776.0,10973.0,16170.0,13707.875,13010.770833333334,5905.74955419506,5041.277835203774,5.96728709666579
2022,1.3035722838802226,8918.0,-0.3697003667249309,-0.9973132400983036,-1.298917841652951,-1.4088845477997924,-0.8569539493257922,Interpolated (Month),-0.2090379925287782,-0.0055734456706894,True,False,False,False,False,False,False,1,0,19,20337.625,9010.0,12079.0,13677.208333333334,11871.770833333334,5942.466123606299,14148.826255318627,2.4391071892172147
2022,1.3035722838802226,7778.0,-0.5755788742067521,1.5220547813902487,-0.2428663803205408,-0.3910573021791895,-0.6103761921139842,Official (Quarter),0.6191763664180167,1.2205846018810202,False,False,True,False,False,False,True,1,0,19,8918.0,11776.0,9311.0,12344.541666666666,11465.4375,6945.641502424983,18326.13771395764,2.4995041189214384
2022,1.3035722838802226,9357.0,-0.0675730701124976,0.1952901477644058,-0.2428663803205408,-0.2669320283230184,-0.2469656574267602,Official (Quarter),0.2470132138247997,1.2205846018810202,False,False,True,False,False,True,False,1,0,19,7778.0,20337.625,14060.0,8684.333333333334,11196.104166666666,815.0216766031959,10035.102698212422,0.2664011460187736
2022,1.3035722838802226,5997.0,-1.0239573796688717,-0.7963251060686339,-0.5788827543808531,-0.5731077038349071,-1.0090970693876946,Official (Quarter),-0.1877056352151469,1.2205846018810202,False,False,False,False,False,False,False,1,0,19,9357.0,8918.0,6826.0,7710.666666666667,10693.9375,1681.0116993444772,-250319.52921763086,-1.8654005078617524
2022,1.3035722838802226,8164.0,-0.3718131450229199,0.8977384002080155,-1.298917841652951,-1.243384182658231,-0.8932836763013031,Estimated (Region),-0.9006099546287994,-1.231731493222399,False,True,False,True,False,False,False,1,0,19,5997.0,7778.0,11332.0,7839.333333333333,10091.9375,1703.3661771131353,12996.133133505109,-3.688565092451602
2022,1.3035722838802226,12567.0,0.4913741662777149,0.3748283874821225,0.6211757244059766,0.5936698704131012,0.9462520861594113,Interpolated (Month),1.5361794558053312,-0.0055734456706894,True,False,False,False,False,False,True,1,0,19,8164.0,9357.0,9878.0,8909.333333333334,8796.833333333334,3347.815158179003,8426.456810208583,0.23519826435882973
2022,1.3035722838802226,8418.0,-0.3936451874354734,1.7424942458003578,-1.298917841652951,-1.2020090913728405,-0.8376422784003842,Estimated (Region),1.380510902435589,-1.231731493222399,False,False,False,True,False,False,False,1,0,19,12567.0,5997.0,15752.0,9716.333333333334,8713.5,2472.014225956875,13882.960645429328,-8.625820917061116
2022,1.3035722838802226,5929.0,-0.9868663828819528,0.2505506144317797,0.6211757244059766,0.6102199069272574,-0.661430360264293,Estimated (Region),0.1922409450465571,-1.231731493222399,False,True,False,False,False,True,False,1,0,19,8418.0,8164.0,10216.0,8971.333333333334,8405.333333333334,3353.4153237159735,451436.94587021583,0.15560024649670318
2022,1.3035722838802226,14662.0,1.017221209332766,0.2077378063321262,1.5812225074354402,1.7769974811752656,2.345781903590924,Estimated (Region),-0.3560582929335347,-1.231731493222399,True,False,False,False,False,True,False,1,0,19,5929.0,12567.0,10973.0,9669.666666666666,9289.5,4499.035933767718,7268.4145557094025,0.07480662396719516
2022,1.3035722838802226,8693.0,-0.1736814913003918,-1.5474809609983042,-0.5788827543808531,-0.7303330507193905,-0.5857127531461975,Official (Quarter),0.5776647521860854,1.2205846018810202,False,False,False,False,False,False,True,1,0,19,14662.0,8418.0,9010.0,9761.333333333334,9738.833333333334,4463.4431029568605,10520.156463250865,-5.73848951503519
2022,1.3035722838802226,13850.0,1.1550213049904958,-1.5902833314350475,1.5812225074354402,1.3301464952930495,1.7815243280328512,Interpolated (Month),-0.4197670897755959,-0.0055734456706894,True,False,False,True,False,False,False,1,0,19,8693.0,5929.0,11776.0,12401.666666666666,10686.5,3237.3588514919657,6426.850615317273,-0.6824821248996392
2022,1.3035722838802226,7397.0,-0.6420140140212965,0.6208709419792954,-1.298917841652951,-1.1937340731157626,-0.9884545355099488,Estimated (Region),0.8815067063559154,-1.231731493222399,False,False,False,False,False,True,False,1,0,19,13850.0,14662.0,20337.625,9980.0,9824.833333333334,3413.58740916354,20662.82002569801,-3.204758626059052
2022,1.3035722838802226,10470.0,0.0242154092779152,-0.7054120680579784,-0.5788827543808531,-0.5069075577782824,-0.1546830539870171,Official (Quarter),-1.4186403072314415,1.2205846018810202,False,False,True,False,False,False,False,1,0,19,7397.0,8693.0,8918.0,10572.333333333334,10166.833333333334,3227.7168917569634,10222.45897216239,-1.430587872893805
2022,1.3035722838802226,8720.0,-0.373691170176688,-1.0048392920880984,-0.5788827543808531,-0.5482826490636729,-0.499518139807573,Estimated (Region),-1.4024969016968016,-1.231731493222399,False,False,True,True,False,False,False,1,0,19,10470.0,13850.0,7778.0,8862.333333333334,10632.0,1541.4364512794857,13922.843786922182,-2.2244868168230667
2022,1.3035722838802226,8583.0,-0.4666534152882059,1.6609920034821322,0.6211757244059766,0.800545326840053,0.0694682466662525,Official (Quarter),-1.5010869854976383,1.2205846018810202,False,True,False,False,False,False,False,1,0,19,8720.0,7397.0,9357.0,9257.666666666666,9618.833333333334,1052.1436847375585,16092.725154765954,0.9224938571233661
2022,1.3035722838802226,10605.0,0.2911297342571978,0.766231303013467,-0.2428663803205408,-0.1676318092380815,0.0551685489868813,Estimated (Region),-1.363579763354366,-1.231731493222399,True,False,False,False,True,False,False,1,0,19,8583.0,10470.0,5997.0,9302.666666666666,9937.5,1129.9320038538294,8213.736945730849,0.9205437107250432
2022,1.3035722838802226,4638.0,-1.2641098462069595,-1.1275886930694534,-1.298917841652951,-1.3426844017431678,-1.4410895204698424,Interpolated (Month),0.0777957308099133,-0.0055734456706894,False,False,True,False,True,False,False,1,0,19,10605.0,8720.0,8164.0,7942.0,8402.166666666666,3034.7047632347517,-17560.87501700186,3.290458180569739
2022,1.3035722838802226,12632.0,0.732935151681129,0.401552283753111,1.5812225074354402,1.5783970430053915,1.6005269665149506,Interpolated (Month),-1.3924072732376516,-0.0055734456706894,False,False,False,False,True,False,False,1,0,19,4638.0,8583.0,12567.0,9291.666666666666,9274.666666666666,4155.675917745888,7289.366822379727,0.15573717974988824
2022,1.3035722838802226,6579.0,-0.8385023957342777,0.6055141576490424,1.5812225074354402,1.5121968969487674,-0.1983750015499272,Interpolated (Month),-0.8409370091703983,-0.0055734456706894,False,True,False,False,True,False,False,1,0,19,12632.0,10605.0,8418.0,7949.666666666667,8626.166666666666,4169.538863391613,40737.446415459824,0.24102973711355197
2022,1.5932550136313832,8171.0,-0.3715783918786989,-1.205648991785161,-0.2428663803205408,-0.1014316631814569,-0.4132952102359197,Official (Quarter),1.378204701644926,1.2205846018810202,True,False,False,False,False,False,False,1,0,19,6579.0,4638.0,5929.0,9127.333333333334,8534.666666666666,3137.775060983996,13002.417317296946,-1.3417443530826634
2022,1.5932550136313832,13132.0,0.8139249864373757,-1.6860185697101986,0.6211757244059766,0.4116194687573836,0.9608066299360386,Estimated (Region),-0.879565872414001,-1.231731493222399,True,False,False,False,False,True,False,1,0,19,8171.0,12632.0,14662.0,9294.0,9292.833333333334,3417.7915384060216,7239.549649620184,-1.1943860275562523
2022,1.5932550136313832,10666.0,0.1242202487160633,-0.7142373605643049,1.5812225074354402,1.3384215135501278,0.8921114486090007,Official (Quarter),1.1118385103233672,1.2205846018810202,False,False,True,False,False,True,False,1,0,19,13132.0,6579.0,8693.0,10656.333333333334,9303.0,2480.514126815899,9487.464766962972,-0.30543567805274296
2022,1.5932550136313832,4224.0,-1.488064345793798,0.539814039945237,1.5812225074354402,1.6528722073190945,-0.8510641728558731,Estimated (Region),0.8915963348150654,-1.231731493222399,False,True,False,True,False,False,False,1,0,19,10666.0,8171.0,13850.0,9340.666666666666,9234.0,4599.510553671243,-8654.596543269305,0.20348286602570853
2022,1.5932550136313832,11779.0,0.4723591615958136,1.3756084063818534,-1.298917841652951,-1.1771840366016064,-0.3158590523849975,Interpolated (Month),1.0827227253412488,-0.0055734456706894,False,True,False,False,False,True,False,1,0,19,4224.0,13132.0,7397.0,8889.666666666666,9091.833333333334,4078.7285191997157,8000.086057286018,-7.763726534094447
2022,1.5932550136313832,4639.0,-1.3516727690013943,-0.5767300982911131,-1.298917841652951,-1.367509456514402,-1.4468660320076476,Estimated (Region),0.3905742130435619,-1.231731493222399,False,False,True,False,False,False,False,1,0,19,11779.0,10666.0,10470.0,6880.666666666667,8768.5,4247.152967969596,-13191.24029185668,1.5692932197202176
2022,1.5932550136313832,10567.0,0.2634288632391192,0.4198549741818652,0.6211757244059766,0.5026446695852423,0.4109620169894503,Official (Quarter),-1.7069154060642973,1.2205846018810202,False,False,False,False,False,False,True,1,0,19,4639.0,4224.0,8720.0,8995.0,9167.833333333334,3820.770602901957,8363.747502893693,0.27941068349695264
2022,1.5932550136313832,8901.0,-0.3565541906485546,-1.6357776248394789,-0.5788827543808531,-0.448982429978736,-0.4207706957554324,Estimated (Region),-1.6818354724658389,-1.231731493222399,True,False,False,False,False,False,True,1,0,19,10567.0,11779.0,8583.0,8035.666666666667,8462.666666666666,3057.269587938401,13833.332769657278,-2.9686487579268177
2022,1.5932550136313832,6375.0,-0.7981248549282648,-1.2452335798561711,-0.2428663803205408,-0.333132174379643,-0.86139959791126,Estimated (Region),0.2204919047321769,-1.231731493222399,False,False,False,False,False,True,False,1,0,19,8901.0,4639.0,10605.0,8614.333333333334,7747.5,2110.6514002395297,31578.924675123722,-1.8672869375543595
2022,1.5932550136313832,14684.0,1.2864830657542583,-0.5354148463032847,-0.5788827543808531,-0.448982429978736,0.674727727649532,Interpolated (Month),-0.701700136434129,-0.0055734456706894,False,False,False,True,False,False,False,1,0,19,6375.0,10567.0,4638.0,9986.666666666666,9490.833333333334,4259.562692734219,6422.089986114148,-0.9716837999968364
2022,1.5932550136313832,4337.0,-1.333362023752156,-0.7812247900270308,-0.5788827543808531,-0.6641329046627659,-1.3332613050974762,Interpolated (Month),-0.1807870328431584,-0.0055734456706894,False,True,False,False,False,False,True,1,0,19,14684.0,8901.0,12632.0,8465.333333333334,8250.5,5481.078573906149,-13009.880223262688,-2.325993825750112
2022,1.5932550136313832,9301.0,-0.0222657132778437,-0.3090542448337099,-0.2428663803205408,-0.2338319552947061,-0.2422934789770648,Interpolated (Month),-0.0597114913333589,-0.0055734456706894,False,False,False,False,False,False,False,1,0,19,4337.0,6375.0,6579.0,9440.666666666666,9027.5,5174.913751294136,9512.80948853855,-0.40337657902789126
2022,1.5932550136313832,9044.0,-0.2657047238350257,0.3640979729789076,0.6211757244059766,0.5357447426135546,0.0634368890311911,Estimated (Region),1.4370128218068288,-1.231731493222399,False,False,True,True,False,False,False,1,0,19,9301.0,14684.0,8171.0,7560.666666666667,8773.666666666666,2794.7329627950153,12316.571130941174,0.2370823502604215
2022,1.5932550136313832,14239.0,1.066754122763398,-0.6037959522803008,-0.5788827543808531,-0.5813827220919852,0.4936737336655745,Interpolated (Month),1.1219281387825173,-0.0055734456706894,False,False,True,False,False,False,True,1,0,19,9044.0,4337.0,13132.0,10861.333333333334,9663.333333333334,2927.9662452516877,6889.547161498553,-1.4423579344304474
2022,1.5932550136313832,13091.0,0.979895459401626,0.8014643797140734,1.5812225074354402,1.7769974811752656,1.8686816932944437,Interpolated (Month),-0.559580512709531,-0.0055734456706894,True,False,False,True,False,False,False,1,0,19,14239.0,9301.0,10666.0,12124.666666666666,10782.666666666666,2728.984487558214,6611.965262022687,0.28860824870999957
2022,1.5932550136313832,13911.0,0.7918581908806012,1.6693933280616793,-1.298917841652951,-1.2682092374294651,-0.0566522552424971,Interpolated (Month),0.216456053348517,-0.0055734456706894,False,True,False,False,False,False,False,1,0,19,13091.0,9044.0,4224.0,13747.0,10653.833333333334,591.3104091762322,7763.449178510883,-6.224220105397018
2022,1.5932550136313832,15440.0,1.3662991347894002,0.9620547820288744,0.6211757244059766,0.6267699434414135,1.6704963783282691,Official (Quarter),-0.6146410565866065,1.2205846018810202,False,True,False,False,True,False,False,1,0,19,13911.0,14239.0,11779.0,14147.333333333334,12504.333333333334,1192.1997875077518,6524.956956202477,0.5913895728818658
2022,1.5932550136313832,4719.0,-1.3131732533491496,1.153365214414554,-0.2428663803205408,-0.0931566449243788,-1.1268076500869924,Official (Quarter),0.4839753450654072,1.2205846018810202,False,False,True,False,True,False,False,1,0,19,15440.0,13091.0,4639.0,11356.666666666666,11740.666666666666,5799.002011840771,-15068.336614107006,1.271846133027435
2022,1.5932550136313832,15242.0,1.0794307925513322,1.691580817219283,1.5812225074354402,1.7521724264040317,2.5025122534034363,Interpolated (Month),1.3862764044122462,-0.0055734456706894,False,False,False,False,True,False,False,1,0,19,4719.0,13911.0,10567.0,11800.333333333334,12773.666666666666,6133.413595489329,7329.8904943592825,0.6146347521653975
2022,1.5932550136313832,8057.0,-0.4748697753359411,1.2769600660916325,1.5812225074354402,1.3301464952930495,0.1550965353443081,Interpolated (Month),0.5171269814311856,-0.0055734456706894,True,False,False,False,True,False,False,1,0,19,15242.0,15440.0,8901.0,9339.333333333334,11743.333333333334,5377.421903973423,15342.860916364692,0.5480170747509316
2023,-1.5932550136313832,14836.0,1.2949341789462148,0.63724266476967,-0.5788827543808531,-0.4241573752075017,0.7224122640694546,Interpolated (Month),-0.9063754566054566,-0.0055734456706894,True,False,False,False,False,False,True,0,0,20,8057.0,4719.0,6375.0,12711.666666666666,12034.166666666666,4036.167778144687,6464.673425541284,1.106626424188895
2023,-1.5932550136313832,6197.0,-0.9349859380091108,-0.8915762355973801,-0.2428663803205408,-0.3496822108937991,-0.9014387514134988,Official (Quarter),-1.4858084052594969,1.2205846018810202,False,True,False,False,False,True,False,0,0,20,14836.0,15242.0,14684.0,9696.666666666666,10748.5,4546.917673911986,95317.84063682132,-1.3709854636188958
2023,-1.5932550136313832,18636.0,2.370103579478417,-0.9452173734189778,-0.2428663803205408,-0.333132174379643,1.534182032529275,Official (Quarter),-1.151697565712217,1.2205846018810202,False,False,True,True,False,False,False,0,0,20,6197.0,8057.0,4337.0,13223.0,11281.166666666666,6374.441701043326,5529.800363846458,-1.4173983765668778
2023,-1.5932550136313832,6048.0,-1.0263049111110816,0.0460156631389229,-1.298917841652951,-1.3344093834860895,-1.2361083095768384,Official (Quarter),-1.1303652083985856,1.2205846018810202,False,False,True,False,False,False,False,0,0,20,18636.0,14836.0,9301.0,10293.666666666666,11502.666666666666,7225.056701046244,-229919.04342349726,-0.13760278691712316
2023,-1.5932550136313832,6636.0,-0.7356805185654776,0.7649241099918608,-1.298917841652951,-1.3923345112856362,-1.1711791872425852,Estimated (Region),1.13028811664867,-1.231731493222399,True,False,False,False,False,True,False,0,0,20,6048.0,6197.0,9044.0,10440.0,10068.333333333334,7104.030405340331,25105.98145844153,-1.9496732711208355
2023,-1.5932550136313832,7068.0,-0.618069193310754,1.166375015684722,-0.2428663803205408,-0.225556937037628,-0.6869716024559616,Interpolated (Month),0.4211313735198446,-0.0055734456706894,False,False,False,False,False,False,False,0,0,20,6636.0,18636.0,14239.0,6584.0,9903.5,511.98437476117147,18505.969867339885,1.5060823338298697
2023,-1.5932550136313832,16007.0,1.4747550874195043,-0.4269575880353459,-0.2428663803205408,-0.1924568640093157,1.1361124286152189,Official (Quarter),0.0014028296192065,1.2205846018810202,False,True,False,False,False,False,False,0,0,20,7068.0,6048.0,13091.0,9903.666666666666,10098.666666666666,5290.053339365605,6468.114797044802,-0.5287118037497271
2023,-1.5932550136313832,9902.0,0.0404133762291646,-0.1334450396543183,-1.298917841652951,-1.4006095295427143,-0.7148347757559639,Estimated (Region),-1.6602148400533747,-1.231731493222399,True,False,False,False,False,False,False,0,0,20,16007.0,6636.0,13911.0,10992.333333333334,10716.166666666666,4568.156119632217,9517.370908752097,0.33310500578117164
2023,-1.5932550136313832,10406.0,0.255682009479826,-0.3733139650559129,-1.298917841652951,-1.1937340731157626,-0.5334693032086936,Estimated (Region),-0.8792775973151682,-1.231731493222399,False,False,False,False,False,True,False,0,0,20,9902.0,7068.0,15440.0,12105.0,9344.5,3388.6143185674055,8287.12995920898,1.926940155915915
2023,-1.5932550136313832,8340.0,-0.3598407346676487,0.7964528104224935,0.6211757244059766,0.68469507124096,-0.0417579166695285,Estimated (Region),-0.0824852241411545,-1.231731493222399,False,True,False,False,False,False,True,0,0,20,10406.0,16007.0,4719.0,9549.333333333334,9726.5,1077.2044064768545,13028.007953099177,0.4727578444423298
2023,-1.5932550136313832,14120.0,1.224742988824134,-0.4030752212337582,1.5812225074354402,1.6114971160337042,2.0612320778879547,Estimated (Region),0.7832048976539117,-1.231731493222399,False,False,True,False,False,True,False,0,0,20,8340.0,9902.0,15242.0,10955.333333333334,10973.833333333334,2928.8948996734716,6346.800538727842,-0.1543464163751181
2023,-1.5932550136313832,10952.0,0.1056747503226039,0.8893097388922752,1.5812225074354402,1.3301464952930495,0.967885688193153,Official (Quarter),-0.847567336443554,1.2205846018810202,True,False,False,True,False,False,False,0,0,20,14120.0,10406.0,8057.0,11137.333333333334,11621.166666666666,2894.4535465841027,9905.263728600588,0.38165400359535406
2023,-1.5932550136313832,2752.0,-1.8073286219343647,-0.1428026529690634,-1.298917841652951,-1.284759273943621,-1.703665949342729,Interpolated (Month),-1.2260725412110938,-0.0055734456706894,False,True,False,True,False,False,False,0,0,20,10952.0,8340.0,14836.0,9274.666666666666,9412.0,5866.680606044028,-3408.7729893759865,0.501485521406887
2023,-1.5932550136313832,15992.0,1.410432725902949,-1.550186800849872,-0.2428663803205408,-0.1428067544668473,1.173829651009124,Estimated (Region),-0.267557837591848,-1.231731493222399,False,False,False,False,False,False,True,0,0,20,2752.0,14120.0,6197.0,9898.666666666666,10427.0,6682.55440182369,6634.493395375468,-1.8084449555895588
2023,-1.5932550136313832,6659.0,-0.7215953299122172,-0.3516950800111296,1.5812225074354402,1.6280471525478604,-0.1355695966928082,Estimated (Region),0.9873036676275736,-1.231731493222399,False,False,False,True,False,False,False,0,0,20,15992.0,10952.0,18636.0,8467.666666666666,9802.5,6802.782984436079,23918.420613779123,-0.13382373283149254
2023,-1.5932550136313832,8479.0,-0.4391872974143483,-1.1500048167479469,-0.5788827543808531,-0.4324323934645798,-0.49351509840554,Interpolated (Month),0.4260320502000032,-0.0055734456706894,False,False,True,False,False,False,True,0,0,20,6659.0,2752.0,6048.0,10376.666666666666,9825.666666666666,4947.431286368029,15119.129721754154,-2.0261988237275808
2023,-1.5932550136313832,9835.0,-0.181663098203906,0.3953612585526821,-0.2428663803205408,-0.1676318092380815,-0.101816646922887,Interpolated (Month),-0.2687109379871794,-0.0055734456706894,False,False,True,False,True,False,False,0,0,20,8479.0,15992.0,6636.0,8324.333333333334,9111.5,1593.6390222798361,12018.277531434846,0.47498362256104876
2023,-1.5932550136313832,7039.0,-0.7316897151137204,-0.3723104583218357,-1.298917841652951,-1.1854590548586843,-1.0395936523593432,Interpolated (Month),-1.275655858210345,-0.0055734456706894,False,True,False,False,True,False,False,0,0,20,9835.0,6659.0,7068.0,8451.0,8459.333333333334,1398.2102846137664,26234.55154908953,2.007507579533003
2023,-1.5932550136313832,12892.0,0.6441984631655892,-1.6106283245732242,-0.2428663803205408,-0.1759068274951595,0.5159586090589706,Interpolated (Month),-0.0078219735434448,-0.0055734456706894,True,False,False,False,True,False,False,0,0,20,7039.0,8479.0,16007.0,9922.0,10149.333333333334,2927.4697265727355,7840.902597110402,-1.9544250314290328
2023,-1.5932550136313832,11307.0,0.3784579039074116,0.190498763457074,-0.5788827543808531,-0.7220580324623124,-0.1234785651896569,Estimated (Region),-0.0868093506236473,-1.231731493222399,False,False,False,False,True,False,False,0,0,20,12892.0,9835.0,9902.0,10412.666666666666,9368.5,3027.255577801984,8202.6443955589,0.6853904257234679
2023,-1.3035722838802226,14614.0,1.2733368896778825,1.5435846977845125,-1.298917841652951,-1.2102841096299186,0.0903939428742826,Estimated (Region),-1.5650840574385323,-1.231731493222399,False,False,False,False,False,False,False,0,0,20,11307.0,7039.0,10406.0,12937.666666666666,10694.333333333334,1653.9728937722846,6428.435691320134,-7.340472375687752
2023,-1.3035722838802226,6820.0,-0.708683906980062,0.2850992786644201,0.6211757244059766,0.7260701625263504,-0.4036676910062442,Estimated (Region),-0.5592922376106981,-1.231731493222399,True,False,False,False,False,False,False,0,0,20,14614.0,12892.0,8340.0,10913.666666666666,10417.833333333334,3911.859191399056,23410.996383001853,0.1651724737812144
2023,-1.3035722838802226,7526.0,-0.5990541886288526,-0.5847715720160436,-0.5788827543808531,-0.4655324664928921,-0.6876511920486447,Estimated (Region),-0.0712424952866731,-1.231731493222399,True,False,False,False,False,False,True,0,0,20,6820.0,11307.0,14120.0,9653.333333333334,10033.0,4310.541651965928,18770.61634404589,-1.0941199144106042
2023,-1.3035722838802226,10361.0,-0.0626432540838565,0.1632872792187109,-0.2428663803205408,-0.1759068274951595,0.0010279114364708,Estimated (Region),1.0239146051793462,-1.231731493222399,True,False,False,False,False,True,False,0,0,20,7526.0,14614.0,10952.0,8235.666666666666,10586.666666666666,1874.137223720028,11053.422344417524,0.19814176923999668
2023,-1.3035722838802226,5798.0,-1.1321785791547547,-0.3332631613749152,-0.2428663803205408,-0.0931566449243788,-0.9027129818997796,Official (Quarter),-1.669439643216026,1.2205846018810202,False,False,False,False,False,True,False,0,0,20,10361.0,6820.0,2752.0,7895.0,9404.333333333334,2303.7714730414664,-43864.89881398785,-0.36749804639316624
2023,-1.3035722838802226,13384.0,0.9174511230388388,0.009463961690666,1.5812225074354402,1.7521724264040317,1.9406049251867257,Official (Quarter),-1.41950513252794,1.2205846018810202,False,False,False,False,False,False,True,0,0,20,5798.0,7526.0,15992.0,9847.666666666666,9750.5,3818.9635155802634,6980.099695468953,0.0034387241147646923
2023,-1.3035722838802226,7173.0,-0.7774665782368164,-1.021128507638326,0.6211757244059766,0.7343451807834285,-0.3124611044215825,Estimated (Region),-1.1318065838927498,-1.231731493222399,False,False,True,False,False,False,True,0,0,20,13384.0,10361.0,6659.0,8785.0,8510.333333333334,4041.7517241908527,32233.360468583407,-0.5887689019189755
2023,-1.3035722838802226,5370.0,-1.0558838072829282,-1.426631214666599,-1.298917841652951,-1.1854590548586843,-1.2926841431676963,Official (Quarter),-0.0490453126765432,1.2205846018810202,False,True,False,True,False,False,False,0,0,20,7173.0,5798.0,8479.0,8642.333333333334,8268.666666666666,4204.194849591661,-96092.23603561579,7.692432250092401
2023,-1.3035722838802226,7483.0,-0.6075053018208089,-1.1362315749906358,-0.5788827543808531,-0.6393078498915317,-0.7624909959428579,Interpolated (Month),-0.5982093759531337,-0.0055734456706894,False,False,True,False,False,True,False,0,0,20,5370.0,13384.0,9835.0,6675.333333333333,8261.5,1141.0286294974628,19065.225682573884,-3.1501422325075414
2023,-1.3035722838802226,2076.0,-1.968604032014195,1.1533850956772398,0.6211757244059766,0.5605697973847888,-1.6060882103266645,Official (Quarter),-0.2211455466797582,1.2205846018810202,False,True,False,False,False,True,False,0,0,20,7483.0,7173.0,7039.0,4976.333333333333,6880.666666666667,2724.9114358695574,-2143.290685754213,0.7390794680315411
2023,-1.3035722838802226,9267.0,-0.2520890414702075,1.498167941304556,-1.298917841652951,-1.235109164401153,-0.7253684144425501,Interpolated (Month),0.9279189972680052,-0.0055734456706894,False,False,True,True,False,False,False,0,0,20,2076.0,5370.0,12892.0,6275.333333333333,7458.833333333333,3744.524580415092,12390.512392299512,-6.372222644406666
2023,-1.3035722838802226,13110.0,0.6991306989133043,1.6293494828226216,-0.5788827543808531,-0.6806829411769221,0.2206486148051872,Official (Quarter),1.0132484265225306,1.2205846018810202,False,False,False,True,False,False,False,0,0,20,9267.0,7483.0,11307.0,8151.0,7413.166666666667,5601.016068536107,7715.71016189904,5.1026070728197
2023,-1.3035722838802226,10316.0,0.2746970141617275,-0.5826388095614,0.6211757244059766,0.4529945600427739,0.3248806685829392,Interpolated (Month),0.2628683442606068,-0.0055734456706894,False,False,True,False,False,False,False,0,0,20,13110.0,2076.0,14614.0,10897.666666666666,7937.0,1986.4325645068525,8092.903556994725,-0.4009917349891854
2023,-1.3035722838802226,6474.0,-0.8269994916674485,0.7877642015971335,0.6211757244059766,0.8088203450971311,-0.4625654557054358,Interpolated (Month),-0.809515023397617,-0.0055734456706894,True,False,False,True,False,False,False,0,0,20,10316.0,9267.0,6820.0,9966.666666666666,8121.0,3331.7636971029588,37421.855359842666,0.4355126830215035
2023,-1.3035722838802226,2972.0,-1.7070890293519956,1.1490251347701943,-0.5788827543808531,-0.6972329776910782,-1.5818211986212765,Interpolated (Month),-1.3361936289652447,-0.0055734456706894,False,True,False,False,False,False,True,0,0,20,6474.0,13110.0,7526.0,6587.333333333333,7369.166666666667,3673.3114941878853,-4203.148226926472,3.795080210544896
2023,-1.3035722838802226,4924.0,-1.2713871936778107,-1.3917540125680723,-0.5788827543808531,-0.5400076308065948,-1.1971734891627093,Interpolated (Month),-1.2131001617636152,-0.0055734456706894,False,True,False,False,False,False,False,0,0,20,2972.0,10316.0,10361.0,4790.0,7843.833333333333,1754.8413033660104,-18143.818554112557,-3.025602392075563
2023,-1.3035722838802226,7884.0,-0.4992841023349256,-0.9904268677354316,-0.2428663803205408,-0.2503819918088622,-0.5330728759462949,Official (Quarter),-0.609452104807615,1.2205846018810202,False,False,False,False,True,False,False,0,0,20,4924.0,6474.0,5798.0,5260.0,7613.333333333333,2473.177712983716,15745.4557300147,-1.3212420951910915
2023,-1.3035722838802226,9190.0,-0.1401117916767881,-0.6869741850429584,-0.5788827543808531,-0.7220580324623124,-0.4948459613578773,Official (Quarter),1.3637909467032834,1.2205846018810202,False,False,True,False,True,False,False,0,0,20,7884.0,2972.0,13384.0,7332.666666666667,6960.0,2185.787119857034,10687.435774843994,-2.4716461178170506
2023,-1.3035722838802226,8847.0,-0.1424593231189982,0.9929189512542272,1.5812225074354402,1.6280471525478604,0.5121642338331576,Estimated (Region),-0.6204065585632635,-1.231731493222399,True,False,False,False,True,False,False,0,0,20,9190.0,4924.0,7173.0,8640.333333333334,6715.166666666667,677.0836974355851,10316.711776492988,0.3778162618930198
2023,-1.3035722838802226,14650.0,1.1806093977105854,-0.3504385842093722,-1.298917841652951,-1.3344093834860895,0.0024720393209221,Official (Quarter),-0.1487884968727113,1.2205846018810202,False,True,False,False,True,False,False,0,0,20,8847.0,7884.0,5370.0,10895.666666666666,8077.833333333333,3255.867984629179,6718.305449559644,1.0479328676611417
2023,-1.013889554129062,11869.0,0.3892565485415779,-0.2840003746283478,1.5812225074354402,1.4956468604346111,1.326170984702226,Official (Quarter),1.260588461321121,1.2205846018810202,True,False,False,False,False,False,True,0,0,20,14650.0,9190.0,7483.0,11788.666666666666,9560.666666666666,2902.33394586725,8543.418429418172,-0.1137983018073678
2023,-1.013889554129062,13516.0,1.1033756132618746,-0.914997357104652,-0.5788827543808531,-0.448982429978736,0.453464682765165,Interpolated (Month),-0.6397209901850649,-0.0055734456706894,False,False,True,False,False,True,False,0,0,20,11869.0,8847.0,2076.0,13345.0,10992.666666666666,1398.363686599514,6425.861322524152,-1.6605593122363445
2023,-1.013889554129062,7479.0,-0.6368494448484344,-0.9252849164815362,-0.2428663803205408,-0.2421069735517841,-0.610744303143354,Official (Quarter),1.3078655775297092,1.2205846018810202,True,False,False,True,False,False,False,0,0,20,13516.0,14650.0,9267.0,10954.666666666666,10925.166666666666,3120.6323611302364,20594.764055581694,-1.2208647977905067
2023,-1.013889554129062,10215.0,0.1892468696652817,0.9678635899541636,-0.2428663803205408,-0.1428067544668473,-0.0113179661639366,Estimated (Region),0.7390988075324847,-1.231731493222399,False,True,False,True,False,False,False,0,0,20,7479.0,11869.0,13110.0,10403.333333333334,11096.0,3022.903295398849,8589.469739680755,1.129107812033886
2023,-1.013889554129062,13511.0,0.9453867472011384,0.6629774682220282,-1.298917841652951,-1.384059493028558,-0.1959681217425082,Interpolated (Month),1.13028811664867,-0.0055734456706894,False,False,False,True,False,False,False,0,0,20,10215.0,13516.0,10316.0,10401.666666666666,11873.333333333334,3020.329341865423,6945.148577494172,-1.726236378103875
2023,-1.013889554129062,9545.0,0.0350140539120814,1.3536858350495402,-0.2428663803205408,-0.0848816266673007,-0.1203920957895553,Estimated (Region),1.2914338968962364,-1.231731493222399,False,False,False,False,False,False,True,0,0,20,13511.0,7479.0,6474.0,11090.333333333334,11022.5,2122.956743161124,9222.096998511668,1.4792467012979489
2023,-1.013889554129062,4694.0,-1.3577763507511404,1.2643762208745124,-0.2428663803205408,-0.109706681438535,-1.1359821095882126,Official (Quarter),-1.0386937269697374,1.2205846018810202,False,True,False,False,False,True,False,0,0,20,9545.0,10215.0,2972.0,9250.0,9826.666666666666,4415.896398241219,-13119.92810632981,1.420179388650799
2023,-1.013889554129062,13992.0,1.0320106574186891,0.5185182254191009,-0.5788827543808531,-0.5731077038349071,0.4544840671541895,Interpolated (Month),-0.0089750739387762,-0.0055734456706894,False,True,False,False,False,False,False,0,0,20,4694.0,13511.0,4924.0,9410.333333333334,9906.0,4650.462593477461,6885.7906571092335,1.214634768715932
2023,-1.013889554129062,6214.0,-0.8291122699654374,-0.7564393168679305,1.5812225074354402,1.7935475176894218,-0.2145152543761478,Interpolated (Month),-1.5250138187007654,-0.0055734456706894,False,False,True,False,False,False,True,0,0,20,13992.0,9545.0,7884.0,8300.0,9695.166666666666,4987.659571382119,36363.0554326118,-0.27078090208882183
2023,-1.013889554129062,10430.0,0.1843170536366405,0.1624328819547789,-0.2428663803205408,-0.3910573021791895,-0.1001176729411794,Interpolated (Month),0.8688226020072698,-0.0055734456706894,False,True,False,False,False,False,True,0,0,20,6214.0,4694.0,9190.0,10212.0,9731.0,3893.579843794122,8806.763330793023,0.26674575873242
2023,-1.013889554129062,6987.0,-0.6680716130298281,-0.423512662243425,-0.2428663803205408,-0.3745072656650333,-0.7566578519389956,Interpolated (Month),0.4822456944724101,-0.0055734456706894,False,False,False,False,False,True,False,0,0,20,10430.0,13992.0,8847.0,7877.0,8643.666666666666,2244.490810852123,21049.721187684598,-0.6770864615936906
2023,-1.013889554129062,7063.0,-0.666428341020281,0.2828109453292582,0.6211757244059766,0.4447195417856959,-0.4449527587617351,Official (Quarter),0.690380315829732,1.2205846018810202,True,False,False,False,False,True,False,0,0,20,6987.0,6214.0,14650.0,8160.0,8230.0,1966.2448982768271,21173.861177545146,0.19575491100487188
2023,-1.013889554129062,11124.0,0.2969985628627229,-0.957419001360958,-0.5788827543808531,-0.5151825760353606,-0.037453849249203,Estimated (Region),-1.0502247309230517,-1.231731493222399,False,False,True,False,False,False,False,0,0,20,7063.0,10430.0,11869.0,8391.333333333334,9301.666666666666,2366.863818079318,8576.725000717975,-1.9748032022685476
2023,-1.013889554129062,10042.0,0.1648325426662971,-0.485718648030162,-0.5788827543808531,-0.7137830142052343,-0.3411171322463814,Estimated (Region),1.2150409957055297,-1.231731493222399,False,False,True,True,False,False,False,0,0,20,11124.0,6987.0,13516.0,9409.666666666666,8643.333333333334,2103.0488185805652,8620.98167090516,-1.6970294291983448
2023,-1.013889554129062,8116.0,-0.424397849328425,0.3745058139950422,-0.5788827543808531,-0.6144827951202975,-0.6384375790451855,Estimated (Region),1.418563215481526,-1.231731493222399,False,False,False,False,False,False,False,0,0,20,10042.0,7063.0,7479.0,9760.666666666666,8960.333333333334,1523.606685904583,14100.016809406952,0.9714373554661552
2023,-1.013889554129062,7822.0,-0.6305111099544674,0.2329984416694224,-1.298917841652951,-1.37578447477148,-0.9972892002148276,Estimated (Region),0.7278560786780033,-1.231731493222399,True,False,False,False,False,False,False,0,0,20,8116.0,11124.0,10215.0,8660.0,8525.666666666666,1205.840785510136,21169.78401985533,-0.6200321123194675
2023,-1.013889554129062,17330.0,1.9041185881997225,-0.8539082012493032,-0.2428663803205408,-0.0848816266673007,1.4998344418657557,Estimated (Region),-1.6112080732517893,-1.231731493222399,True,False,False,False,True,False,False,0,0,20,7822.0,10042.0,13511.0,11089.333333333334,10249.5,5406.574639578491,5967.387168835607,-0.9331122903144438
2023,-1.013889554129062,14484.0,1.1552560581347169,-0.1179182705280998,0.6211757244059766,0.8170953633542092,1.5781005099564127,Interpolated (Month),-0.0029212968632863,-0.0055734456706894,False,True,False,False,True,False,False,0,0,20,17330.0,8116.0,9545.0,13212.0,11486.333333333334,4879.959426060853,6720.3151780189355,-0.06489382610631528
2023,-1.013889554129062,9070.0,-0.2713387992963298,0.6210911269635435,0.6211757244059766,0.6102199069272574,0.104353845757312,Estimated (Region),1.6739749530474362,-1.231731493222399,False,False,True,False,True,False,False,0,0,20,14484.0,7822.0,4694.0,13628.0,11144.0,4196.004289797641,12447.485870307182,0.38571820177577876
2023,-1.013889554129062,9433.0,-0.1250875904466438,1.4917040457737627,-1.298917841652951,-1.284759273943621,-0.7246605086168386,Official (Quarter),-0.023388828880419,1.2205846018810202,False,False,False,False,True,False,False,0,0,20,9070.0,17330.0,13992.0,10995.666666666666,11042.5,3026.4326084241943,10781.650708115521,-5.23847397528167
2023,-0.7242068243779014,8362.0,-0.4138339578384798,-0.480631529940375,1.5812225074354402,1.710797335118641,0.4041094885965634,Official (Quarter),0.1025873893095389,1.2205846018810202,False,False,False,False,False,True,False,0,0,20,9433.0,14484.0,6214.0,8955.0,11083.5,544.682476310495,14265.58244343984,-0.1773026421834444
2023,-0.7242068243779014,6051.0,-0.9258305653844916,1.5789226481457876,0.6211757244059766,0.7508952172975846,-0.5880063680215027,Estimated (Region),1.4130859886037015,-1.231731493222399,True,False,False,False,False,False,False,0,0,20,8362.0,9070.0,10430.0,7948.666666666667,10788.333333333334,1728.471675594646,81583.47210502763,0.9017802050900409
2023,-0.7242068243779014,14542.0,1.2773276931296391,-0.7834281309642096,-0.2428663803205408,-0.3745072656650333,0.7034120717073595,Interpolated (Month),0.2132850272613556,-0.0055734456706894,False,True,False,False,False,False,False,0,0,20,6051.0,9433.0,6987.0,9651.666666666666,10323.666666666666,4389.954479642486,6385.554456598874,-1.2524975718497549
2023,-0.7242068243779014,13656.0,0.8937410554725174,0.6207128859409419,-0.5788827543808531,-0.5813827220919852,0.3871763812455457,Interpolated (Month),1.7275941214303474,-0.0055734456706894,True,False,False,False,False,False,True,0,0,20,14542.0,8362.0,7063.0,11416.333333333334,10185.666666666666,4667.58506439179,7211.123168364019,1.4827693903196577
2023,-0.7242068243779014,15354.0,1.375924013702461,0.0924572987103436,0.6211757244059766,0.8088203450971311,1.7929074537102911,Estimated (Region),1.442778323783486,-1.231731493222399,False,False,False,True,False,False,False,0,0,20,13656.0,6051.0,11124.0,14517.333333333334,11233.0,849.268705024287,6462.327882310295,0.05111469414911892
2023,-0.7242068243779014,12566.0,0.7571147255358925,-1.4488972348118123,-1.298917841652951,-1.3095843287148556,-0.2815680941875354,Interpolated (Month),0.2245277561158369,-0.0055734456706894,False,False,True,False,False,False,True,0,0,20,15354.0,14542.0,10042.0,13858.666666666666,11755.166666666666,1405.0058125621981,7151.496608263622,4.6801375277181005
2023,-0.7242068243779014,5775.0,-1.0295914551301757,1.2328176985498502,-1.298917841652951,-1.2102841096299186,-1.2386284543163713,Official (Quarter),-1.2528821254025493,1.2205846018810202,False,False,False,False,False,False,True,0,0,20,12566.0,13656.0,8116.0,11231.666666666666,11324.0,4926.9305184194845,-195157.68908947575,-5.862628901059144
2023,-0.7242068243779014,14231.0,1.1458659323658766,-1.155556162321452,-0.5788827543808531,-0.564832685577829,0.5042923210512461,Interpolated (Month),0.3311895426839936,-0.0055734456706894,False,True,False,False,False,True,False,0,0,20,5775.0,15354.0,7822.0,10857.333333333334,12687.333333333334,4479.468755704549,6631.821580908332,-2.6554295877111915
2023,-0.7242068243779014,7925.0,-0.5589114009670608,-1.5609783502358463,0.6211757244059766,0.6102199069272574,-0.1748158956702504,Interpolated (Month),-0.4805931356293285,-0.0055734456706894,False,False,False,False,False,False,False,0,0,20,14231.0,12566.0,17330.0,9310.333333333334,11584.5,4394.922676604573,17966.911902450203,-0.9694193591325191
2023,-0.7242068243779014,18742.0,2.1989685373413046,-0.5366638866315339,0.6211757244059766,0.6929700894980381,2.542013398478135,Estimated (Region),0.9172528186111896,-1.231731493222399,True,False,False,False,False,True,False,0,0,20,7925.0,5775.0,14484.0,13632.666666666666,12432.166666666666,5433.265531274313,5858.763467419616,-0.3169954921003085
2023,-0.7242068243779014,9117.0,-0.1685169221275297,-0.5959890774550662,1.5812225074354402,1.7025223168615629,0.6269582425305242,Official (Quarter),1.1971679395778927,1.2205846018810202,False,False,True,False,False,False,False,0,0,20,18742.0,14231.0,9070.0,11928.0,11392.666666666666,5931.118191369991,10964.745095387654,-0.22053067748472394
2023,-0.7242068243779014,4093.0,-1.5052013253219314,-1.7036721369122547,0.6211757244059766,0.5026446695852423,-1.1316497259348586,Estimated (Region),-1.233855968879581,-1.231731493222399,False,True,False,True,False,False,False,0,0,20,9117.0,7925.0,9433.0,10650.666666666666,9980.5,7443.9505864381745,-8101.720630665016,-1.1337824379881503
2023,-0.7242068243779014,12491.0,0.5350382511028219,-0.7306712123005732,0.6211757244059766,0.792270308582975,1.0551280021538303,Official (Quarter),1.1461432470844772,1.2205846018810202,False,False,True,False,False,True,False,0,0,20,4093.0,18742.0,8362.0,8567.0,11099.833333333334,4225.929010288707,8137.256508771724,-0.4076791367917403
2023,-0.7242068243779014,8269.0,-0.2959878794395353,-0.4713897249807762,-1.298917841652951,-1.3426844017431678,-0.919815986648968,Interpolated (Month),0.0218703616363392,-0.0055734456706894,True,False,False,True,False,False,False,0,0,20,12491.0,9117.0,6051.0,8284.333333333334,10106.166666666666,4199.020997010256,11745.536416925665,1.375579753799443
2023,-0.7242068243779014,6542.0,-0.7823963942654575,-0.2329109968725019,-0.2428663803205408,-0.2586570100659403,-0.8037477474653204,Interpolated (Month),0.0639585260659362,-0.0055734456706894,False,True,False,False,False,False,True,0,0,20,8269.0,4093.0,14542.0,9100.666666666666,9875.666666666666,3060.457863348731,30063.840063296888,-0.31417441054270795
2023,-0.7242068243779014,6794.0,-0.8422584460418138,0.3197871117358622,-0.5788827543808531,-0.5400076308065948,-0.8516588137494706,Interpolated (Month),-1.177642324607174,-0.0055734456706894,False,False,True,True,False,False,False,0,0,20,6542.0,12491.0,13656.0,7201.666666666667,7884.333333333333,932.8860237632991,43070.45182147082,0.6952009058250415
2023,-0.7242068243779014,16873.0,1.6087991327696982,0.6819113887410644,-1.298917841652951,-1.2185591278869967,0.4229114673274591,Estimated (Region),-0.8634224668793611,-1.231731493222399,False,True,False,False,True,False,False,0,0,20,6794.0,8269.0,15354.0,10069.666666666666,9177.0,5893.206625711776,6467.726774382338,-3.120031614939634
2023,-0.7242068243779014,4669.0,-1.3523770284340573,1.182868511209048,-0.2428663803205408,-0.3745072656650333,-1.2046206584491936,Estimated (Region),1.1876548613164084,-1.231731493222399,True,False,False,False,True,False,False,0,0,20,16873.0,6542.0,12566.0,9445.333333333334,9273.0,6519.707074196901,-13250.012410708952,1.891098723099784
2023,-0.7242068243779014,9304.0,-0.2349520619420741,-0.4465794002433183,-1.298917841652951,-1.4088845477997924,-0.8028416280084099,Interpolated (Month),0.102299114210706,-0.0055734456706894,False,False,False,False,True,False,False,0,0,20,4669.0,6794.0,5775.0,10282.0,8741.833333333334,6160.500547845107,12161.329424164194,1.092189476580521
2023,-0.7242068243779014,7838.0,-0.6178344401665331,-1.0542387625156322,1.5812225074354402,1.8018225359465,0.2833690709632205,Official (Quarter),-1.1805250755955026,1.2205846018810202,False,False,True,False,True,False,False,0,0,20,9304.0,16873.0,14231.0,7270.333333333333,8670.0,2369.069507915061,20509.43576238398,-0.37626892816732005
2023,-0.4345240946267408,11531.0,0.3634337026772673,0.0439057641363687,-1.298917841652951,-1.1854590548586843,-0.3584466668597975,Estimated (Region),1.3142076297040322,-1.231731493222399,False,True,False,False,False,False,False,0,0,20,7838.0,4669.0,7925.0,9557.666666666666,9501.5,1859.5220712143011,8457.323577492241,-0.2367410109461839
2023,-0.4345240946267408,14130.0,1.259251701024622,-1.6279036507526787,-0.5788827543808531,-0.4986325395212044,0.5337695196338706,Official (Quarter),0.914658342721694,1.2205846018810202,False,False,True,False,False,False,True,0,0,20,11531.0,9304.0,18742.0,11166.333333333334,10724.166666666666,3161.811558795571,6254.28321846199,-3.24692721222487
2023,-0.4345240946267408,10595.0,0.1385401905135446,1.7122116035085715,-0.2428663803205408,-0.2503819918088622,0.0081352859266136,Estimated (Region),0.2057898746917013,-1.231731493222399,False,False,False,False,False,True,False,0,0,20,14130.0,7838.0,9117.0,12085.333333333334,9677.833333333334,1831.5349664511912,9305.776017639806,2.284112154189326
2023,-0.4345240946267408,6438.0,-0.8988339537990759,-1.012199335534465,0.6211757244059766,0.6764200529838819,-0.5154601790025946,Interpolated (Month),1.3035414510472163,-0.0055734456706894,False,True,False,False,False,True,False,0,0,20,10595.0,11531.0,4093.0,10387.666666666666,9972.666666666666,3850.1891295536648,63637.95207745496,-0.6037862251366166
2023,-0.4345240946267408,8494.0,-0.2753296027480869,0.4424540054770703,1.5812225074354402,1.5204719152058452,0.3607573358299951,Interpolated (Month),-0.8314239309089141,-0.0055734456706894,False,False,False,False,False,False,False,0,0,20,6438.0,14130.0,12491.0,8509.0,9837.666666666666,2078.5405937820155,11721.190809243555,0.1755441125163005
2023,-0.4345240946267408,9251.0,-0.1955135337129453,0.9239742114800618,-0.2428663803205408,-0.2172819187805499,-0.2444455126872275,Interpolated (Month),-1.4644760479458656,-0.0055734456706894,False,False,True,False,False,True,False,0,0,20,8494.0,10595.0,8269.0,8061.0,10073.166666666666,1455.6301041128725,11499.26119042888,1.1804687200282113
2023,-0.4345240946267408,16651.0,1.4763983594290515,1.598962463901734,-1.298917841652951,-1.3923345112856362,0.2410929350517336,Interpolated (Month),-0.9109878581867824,-0.0055734456706894,True,False,False,False,False,False,False,0,0,20,9251.0,6438.0,6542.0,11465.333333333334,10926.5,4506.841059249074,6723.877819010908,-4.0755080623983675
2023,-0.4345240946267408,13362.0,0.8399825854459072,-0.3367105723246719,1.5812225074354402,1.603222097776626,1.8317856416583636,Estimated (Region),0.3078392596785323,-1.231731493222399,True,False,False,False,False,True,False,0,0,20,16651.0,8494.0,6794.0,13088.0,10798.5,3707.601246088923,7262.02525268021,-0.12934377462923793
2023,-0.4345240946267408,10263.0,-0.0544268940361213,1.2511800327666631,-1.298917841652951,-1.3344093834860895,-0.6292064870779084,Estimated (Region),1.6497598447454764,-1.231731493222399,True,False,False,False,False,False,True,0,0,20,13362.0,9251.0,16873.0,13425.333333333334,10743.166666666666,3194.4709003735647,10853.735089618815,-3.741462095721093
2023,-0.4345240946267408,9772.0,-0.1410508042536721,-1.0099920183447488,-0.2428663803205408,-0.1841818457522376,-0.1229688729951448,Official (Quarter),1.44220177358582,1.2205846018810202,False,True,False,True,False,False,False,0,0,20,10263.0,16651.0,4669.0,11132.333333333334,11298.833333333334,1946.491801506822,11376.691483492523,-1.2380112076275471
2023,-0.4345240946267408,4303.0,-1.4413484700938182,-1.4207667392057886,-1.298917841652951,-1.2764842556865432,-1.474559307909479,Official (Quarter),-0.0530811640602032,1.2205846018810202,False,False,True,False,False,False,False,0,0,20,9772.0,13362.0,9304.0,8112.666666666667,10600.333333333334,3308.3893865947803,-9749.66560796122,5.138689491297998
2023,-0.4345240946267408,12274.0,0.6115677761188695,0.8809387332383244,-0.5788827543808531,-0.6889579594340001,0.0670047343927767,Estimated (Region),-0.5053847941289541,-1.231731493222399,False,True,False,False,False,False,True,0,0,20,4303.0,10263.0,7838.0,8783.0,11104.166666666666,4076.493713965436,7616.186040626483,2.8322175730177483
2023,-0.4345240946267408,9314.0,-0.1412855573978931,-0.6156108896630387,-0.2428663803205408,-0.3827822839221114,-0.3109037116050174,Interpolated (Month),1.388006055005243,-0.0055734456706894,False,False,False,False,False,False,True,0,0,20,12274.0,9772.0,11531.0,8630.333333333334,9881.333333333334,4029.238182750312,10846.446196684881,-0.9973966618698819
2023,-0.4345240946267408,9500.0,-0.0607652289300885,1.2063950034085558,0.6211757244059766,0.5274697243564767,0.1688299083631101,Estimated (Region),-0.4846289870129884,-1.231731493222399,False,False,False,True,False,False,False,0,0,20,9314.0,4303.0,14130.0,10362.666666666666,9237.666666666666,1657.8737386584055,10114.617018680276,0.7897996170868855
2023,-0.4345240946267408,2375.0,-1.8822148749408651,0.7211043159371596,0.6211757244059766,0.6267699434414135,-1.525896638390073,Estimated (Region),0.6382025229409851,-1.231731493222399,False,False,True,True,False,False,False,0,0,20,9500.0,12274.0,10595.0,7063.0,7923.0,4060.992120159747,-2692.08791130301,0.4432736902008846
2023,-0.4345240946267408,9249.0,-0.0199181818356336,1.2760152090824786,0.6211757244059766,0.5274697243564767,0.1087145456436947,Estimated (Region),-1.159192718281871,-1.231731493222399,True,False,False,True,False,False,False,0,0,20,2375.0,9314.0,6438.0,7041.333333333333,7835.833333333333,4043.111466844921,9436.9672292491,0.8353783965309454
2023,-0.4345240946267408,17646.0,1.7057521813329732,0.3959815539484866,1.5812225074354402,1.6859722803474069,3.1695577548548104,Interpolated (Month),0.9440624028026452,-0.0055734456706894,True,False,False,False,True,False,False,0,0,20,9249.0,9500.0,8494.0,9756.666666666666,10059.666666666666,7648.147117657528,6521.661562999018,0.14742577830969641
2023,-0.4345240946267408,10226.0,0.20521008347231,-0.2247755841813808,-0.5788827543808531,-0.4407074117216579,-0.1654432225378311,Official (Quarter),0.3317660928816593,1.2205846018810202,False,False,False,False,True,False,False,0,0,20,17646.0,2375.0,9251.0,12373.666666666666,9718.333333333334,4592.031830609779,8484.827782504148,-0.40189265670997437
2023,-0.4345240946267408,11264.0,0.4836273125184218,0.7011047597381524,-0.2428663803205408,-0.225556937037628,0.156030971034247,Estimated (Region),0.398357640712049,-1.231731493222399,False,True,False,False,True,False,False,0,0,20,10226.0,9249.0,16651.0,13045.333333333334,10043.333333333334,4017.95486949934,7592.203179974916,0.9053018785607189
2023,-0.4345240946267408,7465.0,-0.5791001713700673,-0.015832459919465,1.5812225074354402,1.6280471525478604,0.1030512990380032,Interpolated (Month),0.17234996322709,-0.0055734456706894,False,False,True,False,True,False,False,0,0,20,11264.0,17646.0,13362.0,9651.666666666666,9704.166666666666,1963.5412736515455,17735.8114501953,-0.006024420035278142
2023,-0.1448413648755802,14025.0,1.1388233380392463,-1.3898851738755855,1.5812225074354402,1.7687224629181877,2.1463789906045263,Interpolated (Month),-0.9663366771626906,-0.0055734456706894,True,False,False,False,False,False,False,0,0,20,7465.0,10226.0,10263.0,10918.0,11645.833333333334,3293.6586040450393,6557.343821045704,-0.5019951231986862
2023,-0.1448413648755802,13321.0,0.831766225398172,-0.6987284845745039,-0.2428663803205408,-0.2586570100659403,0.5466534056618186,Estimated (Region),-1.4638994977481998,-1.231731493222399,False,False,False,False,False,True,False,0,0,20,14025.0,11264.0,9772.0,11603.666666666666,12324.5,3601.433788553292,7272.216189652916,-0.9425171534118825
2023,-0.1448413648755802,6376.0,-0.8255909728021223,-0.8885040834808221,-0.2428663803205408,-0.1676318092380815,-0.8070324304966215,Official (Quarter),-1.473700851108517,1.2205846018810202,False,False,False,False,False,False,True,0,0,20,13321.0,7465.0,4303.0,11240.666666666666,10446.166666666666,4227.604562081615,36557.74074564409,-1.0674411796869832
2023,-0.1448413648755802,9414.0,-0.0964477068516812,-1.2507396955570658,-1.298917841652951,-1.4088845477997924,-0.787437597240929,Estimated (Region),-0.861692816286364,-1.231731493222399,True,False,False,False,False,False,True,0,0,20,6376.0,14025.0,12274.0,9703.666666666666,10310.833333333334,3481.5494156098284,10418.876772696858,3.0589067312210636
2023,-0.1448413648755802,9176.0,-0.036585655075325,0.5390242567850346,-0.2428663803205408,-0.1262567179526911,-0.2166956043193393,Official (Quarter),0.1066232406931989,1.2205846018810202,False,False,True,True,False,False,False,0,0,20,9414.0,13321.0,9314.0,8322.0,9962.833333333334,1689.4815772892202,9524.458555490399,0.6169137638712616
2023,-0.1448413648755802,6650.0,-0.806575968120221,1.3764722472455606,-0.5788827543808531,-0.5813827220919852,-0.8924058730774209,Estimated (Region),1.5592414637119596,-1.231731493222399,False,False,True,False,False,False,False,0,0,20,9176.0,6376.0,9500.0,8413.333333333334,9827.0,1531.7210363943598,34380.42282219228,3.2881400742088354
2023,-0.1448413648755802,10493.0,0.1667105678200652,0.8481689449845163,0.6211757244059766,0.4943696513281643,0.3888753552272532,Official (Quarter),-0.4361987704090687,1.2205846018810202,False,False,True,False,False,True,False,0,0,20,6650.0,9414.0,2375.0,8773.0,9238.333333333334,1952.9385551009316,8993.661572471738,0.5675763986712937
2023,-0.1448413648755802,10630.0,0.3561563552064161,-0.072317612368298,1.5812225074354402,1.6776972620903288,1.0671057687248682,Official (Quarter),-0.4278387925429158,1.2205846018810202,False,False,False,False,False,False,False,0,0,20,10493.0,9176.0,9249.0,9257.666666666666,8789.833333333334,2259.3442263924935,7838.329230394707,-0.027007389293830657
2023,-0.1448413648755802,4167.0,-1.4699883536887808,1.60309726950886,-0.2428663803205408,-0.2586570100659403,-1.2768553689047888,Interpolated (Month),0.9019742383730482,-0.0055734456706894,False,False,True,False,False,False,True,0,0,20,10630.0,6650.0,17646.0,8430.0,8421.666666666666,3692.501726472132,-8866.17714523055,2.162423185051565
2023,-0.1448413648755802,7500.0,-0.6065662892439249,1.3539104933178925,1.5812225074354402,1.6611472255761726,0.126129028956196,Official (Quarter),-0.3451038391778862,1.2205846018810202,False,True,False,False,False,False,False,0,0,20,4167.0,10493.0,10226.0,7432.333333333333,8102.666666666667,3232.031301416016,19062.931810258433,0.5087694811867289
2023,-0.1448413648755802,10935.0,0.2127221840873822,1.5165292814582352,-1.298917841652951,-1.3095843287148556,-0.5184900159366393,Interpolated (Month),0.1536120818029544,-0.0055734456706894,True,False,False,True,False,False,False,0,0,20,7500.0,10630.0,11264.0,7534.0,8395.833333333334,3384.1281004122147,9016.90440191707,-4.898598348804157
2023,-0.1448413648755802,6595.0,-0.8244172070810174,-0.7357290055278978,-1.298917841652951,-1.1771840366016064,-1.104126347431198,Interpolated (Month),0.9259010715761752,-0.0055734456706894,False,True,False,False,False,True,False,0,0,20,10935.0,4167.0,7465.0,8343.333333333334,8386.666666666666,2289.6087729856827,37560.628182074,4.152343628913731
2023,-0.1448413648755802,7959.0,-0.5805086902353933,-0.7424598070102515,-0.2428663803205408,-0.2503819918088622,-0.518093588674241,Interpolated (Month),1.5912399996824067,-0.0055734456706894,False,False,False,True,False,False,False,0,0,20,6595.0,7500.0,14025.0,8496.333333333334,7964.333333333333,2219.3344347648513,18972.9794509119,-0.9904508681719649
2023,-0.1448413648755802,10752.0,0.2596728129315832,0.137092721566739,-0.2428663803205408,-0.1841818457522376,0.076009296495826,Official (Quarter),-1.3082309443784577,1.2205846018810202,False,True,False,True,False,False,False,0,0,20,7959.0,10935.0,13321.0,8435.333333333334,7984.666666666667,2119.0404274890593,8535.549778975801,0.16804323469995275
2023,-0.1448413648755802,6457.0,-0.9833450857186375,-0.8919003001791624,-0.2428663803205408,-0.1841818457522376,-0.7959890996155231,Estimated (Region),-0.9106995830879494,-1.231731493222399,False,True,False,False,False,False,True,0,0,20,10752.0,6595.0,6376.0,8389.333333333334,8366.333333333334,2179.5977457625086,387693.37931841856,-1.0932587066557165
2023,-0.1448413648755802,14659.0,1.169810753076419,0.2301226170218888,0.6211757244059766,0.6019448886701793,1.460729724053456,Interpolated (Month),-1.5443282503225666,-0.0055734456706894,True,False,False,False,False,True,False,0,0,20,6457.0,7959.0,9414.0,10622.666666666666,9559.5,4102.529260509089,6755.888724035521,0.14365201864898125
2023,-0.1448413648755802,13583.0,0.7895106594383912,-1.4769889619555991,0.6211757244059766,0.7757202720688188,1.3200263621350503,Estimated (Region),1.222247873176351,-1.231731493222399,True,False,False,False,True,False,False,0,0,20,14659.0,10752.0,9176.0,11566.333333333334,10000.833333333334,4457.399391274396,7590.343163567857,-0.8317689363510054
2023,-0.1448413648755802,7800.0,-0.6666630941645021,0.950276624982106,-0.2428663803205408,-0.117981699695613,-0.4968280976698694,Interpolated (Month),0.4142127711478561,-0.0055734456706894,False,False,False,False,True,False,False,0,0,20,13583.0,6457.0,6650.0,12014.0,10201.666666666666,3688.873947426243,23399.74921303586,1.07738878507868
2023,-0.1448413648755802,9262.0,-0.2107724880873106,-0.7234428822195013,0.6211757244059766,0.6598700164697258,0.1747480010660574,Estimated (Region),1.4127977135048688,-1.231731493222399,False,False,True,False,True,False,False,0,0,20,7800.0,14659.0,10493.0,10215.0,10418.833333333334,3006.980046491808,11735.526017781089,-0.4358430931586721
2023,-0.1448413648755802,10779.0,0.0988669091401948,-0.1934456963776075,-0.5788827543808531,-0.6806829411769221,-0.1932214471387478,Interpolated (Month),1.686947332494915,-0.0055734456706894,False,True,False,False,True,False,False,0,0,20,9262.0,13583.0,10630.0,9280.333333333334,10423.333333333334,1489.584617714988,9809.195190374781,-0.6058107170678557
2023,0.1448413648755802,8712.0,-0.325566775611382,0.3740763787210241,-0.5788827543808531,-0.556557667320751,-0.5047000104517806,Interpolated (Month),0.5430717403261427,-0.0055734456706894,False,False,True,False,False,False,False,1,0,20,10779.0,7800.0,4167.0,9584.333333333334,10799.166666666666,1070.5355357638252,12917.513083519181,0.8435739016184575
2023,0.1448413648755802,20021.0,2.5313789895582475,0.6945812204193005,-0.2428663803205408,-0.2669320283230184,1.8728158633165983,Official (Quarter),-1.0104427672841176,1.2205846018810202,True,False,False,False,False,False,True,1,0,20,8712.0,9262.0,7500.0,13170.666666666666,11692.833333333334,6021.911850345663,5669.456622809124,0.9474990686475661
2023,0.1448413648755802,12374.0,0.7179109504509846,-1.4391196298228257,-0.5788827543808531,-0.6641329046627659,0.1004745218324133,Estimated (Region),-1.6798175467740089,-1.231731493222399,False,False,False,True,False,False,False,1,0,20,20021.0,10779.0,10935.0,13702.333333333334,11491.333333333334,5770.331215219243,7202.934469188631,-4.28478898290959
2023,0.1448413648755802,8716.0,-0.3039694863430495,-1.542890874475668,-0.2428663803205408,-0.0848816266673007,-0.2929229036319468,Official (Quarter),-1.265566229751195,1.2205846018810202,False,True,False,False,False,False,True,1,0,20,12374.0,8712.0,6595.0,13703.666666666666,11644.0,5768.60176588171,12522.4395037023,-1.686001417343127
2023,0.1448413648755802,4551.0,-1.3213896133968848,0.0262845039861775,0.6211757244059766,0.4198944870144616,-1.0418589510016198,Interpolated (Month),1.48861406449791,-0.0055734456706894,False,True,False,False,False,False,False,1,0,20,8716.0,20021.0,7959.0,8547.0,10858.833333333334,3914.2372181562637,-14160.38294423647,0.018511589576944244
2023,0.1448413648755802,15153.0,1.1482134638080863,-0.5490200913908987,-0.2428663803205408,-0.2752070465800964,0.8987374471376596,Estimated (Region),-0.5039434186347898,-1.231731493222399,False,False,False,False,False,False,True,1,0,20,4551.0,12374.0,10752.0,9473.333333333334,11587.833333333334,5341.419879894588,7053.768284804733,-0.7574854153870724
2023,0.1448413648755802,9697.0,-0.1485629048687443,-1.0559495451697647,-0.2428663803205408,-0.3579572291508772,-0.2246807820333641,Interpolated (Month),0.9780788644649222,-0.0055734456706894,False,False,True,False,False,True,False,1,0,20,15153.0,8716.0,6457.0,9800.333333333334,11752.0,5301.755306814259,11388.979943967712,-1.6446716529075416
2023,0.1448413648755802,15532.0,1.5303915825998826,0.2736943923245815,1.5812225074354402,1.7604474446611094,2.5968053093882,Estimated (Region),0.7122892233410291,-1.231731493222399,False,True,False,False,False,True,False,1,0,20,9697.0,4551.0,14659.0,13460.666666666666,11003.833333333334,3264.9349661721526,6138.180393424108,0.09914856117037286
2023,0.1448413648755802,16150.0,1.4198228516717892,0.0972998772690925,-1.298917841652951,-1.3013093104577775,0.2459066946665712,Official (Quarter),0.2948668802310538,1.2205846018810202,False,False,True,False,False,False,True,1,0,20,15532.0,15153.0,13583.0,13793.0,11633.166666666666,3560.6731105228205,6674.042270839128,-0.32292356688635127
2023,0.1448413648755802,6290.0,-0.8507095592337699,-0.5557707741359389,-0.2428663803205408,-0.1345317362097692,-0.8138849588895084,Interpolated (Month),-1.2580710771815409,-0.0055734456706894,False,False,False,False,False,True,False,1,0,20,16150.0,9697.0,7800.0,12657.333333333334,11228.833333333334,5522.923259772262,42132.63734581199,-0.6421619340517433
2023,0.1448413648755802,8704.0,-0.3506853620430295,1.177937958062914,-0.2428663803205408,-0.3910573021791895,-0.4322104538989292,Estimated (Region),1.5497283854504753,-1.231731493222399,False,False,False,False,False,False,False,1,0,20,6290.0,15532.0,9262.0,10381.333333333334,11921.0,5139.551082860567,13404.903403050657,1.934398691828205
2023,0.1448413648755802,15066.0,1.0606505410136515,-0.3159699420590437,-0.5788827543808531,-0.5151825760353606,0.6959082699548184,Estimated (Region),-0.9254016131284252,-1.231731493222399,True,False,False,True,False,False,False,1,0,20,8704.0,16150.0,10779.0,10020.0,11906.5,4533.589747650293,7311.283354522066,-0.6517297573077515
2023,0.1448413648755802,11920.0,0.5671994318610996,0.9005391730889096,-1.298917841652951,-1.384059493028558,-0.4209972256196602,Official (Quarter),1.1720880059794343,1.2205846018810202,False,True,False,True,False,False,False,1,0,20,15066.0,6290.0,8712.0,11896.666666666666,12277.0,3181.064182523419,7605.924145751264,-2.344790818702527
2023,0.1448413648755802,8193.0,-0.51665583500728,-1.7148126024583688,1.5812225074354402,1.4708218056633768,0.2524477444961451,Interpolated (Month),0.8806418810594169,-0.0055734456706894,True,False,False,False,False,False,False,1,0,20,11920.0,8704.0,20021.0,11726.333333333334,11053.833333333334,3440.590404760987,16950.654612999002,-0.694025201869209
2023,0.1448413648755802,1351.0,-2.1484249404874847,0.3891051222169574,-0.2428663803205408,-0.2917570830942526,-1.8401218763068656,Estimated (Region),-0.9839214581914948,-1.231731493222399,False,False,True,True,False,False,False,1,0,20,8193.0,15066.0,12374.0,7154.666666666667,8587.333333333334,5360.46101873084,-1176.3938176286263,0.5493950068952674
2023,0.1448413648755802,6115.0,-0.8948431503473189,0.4596170025223486,1.5812225074354402,1.6114971160337042,-0.3018142008028824,Official (Quarter),-0.4872234629024841,1.2205846018810202,True,False,False,False,False,True,False,1,0,20,1351.0,11920.0,8716.0,5219.666666666667,8558.166666666666,3507.770992144821,58151.22857138664,0.17599751487392287
2023,0.1448413648755802,7598.0,-0.4612540929711228,0.012965549081242,-1.298917841652951,-1.1854590548586843,-0.9548431669051698,Estimated (Region),0.7347746810499919,-1.231731493222399,False,False,False,False,True,False,False,1,0,20,6115.0,8193.0,4551.0,5021.333333333333,8373.833333333334,3263.944290782647,14103.123385014862,-0.06991057455308107
2023,0.1448413648755802,6998.0,-0.8152618344563982,0.4708235732668939,-1.298917841652951,-1.3261343652290116,-1.096339383348372,Official (Quarter),1.238391278710991,1.2205846018810202,False,False,True,False,True,False,False,1,0,20,7598.0,1351.0,15153.0,6903.666666666667,7029.166666666667,745.9868184712402,37880.640307367,-1.4436490706408123
2023,0.1448413648755802,9870.0,-0.1309564190521689,0.5144336200002574,-0.2428663803205408,-0.3496822108937991,-0.1869069271734017,Interpolated (Month),0.8861191079372411,-0.0055734456706894,True,False,False,False,True,False,False,1,0,20,6998.0,6115.0,9697.0,8155.333333333333,6687.5,1514.9459836353835,11357.313046642823,0.7910495893204718
2023,0.1448413648755802,10847.0,0.4214177292998555,-1.4268568669980854,-0.5788827543808531,-0.6393078498915317,-0.1581093181834605,Interpolated (Month),-0.4220732905662587,-0.0055734456706894,False,True,False,False,True,False,False,1,0,20,9870.0,7598.0,15532.0,9238.333333333334,7129.833333333333,2000.73794719176,7631.113483678638,-3.955885556613852
2023,0.4345240946267408,11623.0,0.2427705865476708,0.8866014138828718,-1.298917841652951,-1.284759273943621,-0.4037526397053295,Interpolated (Month),-0.4350456700137372,-0.0055734456706894,True,False,False,False,False,True,False,1,0,20,10847.0,6998.0,16150.0,10780.0,8841.833333333334,878.4184651974999,9352.49041602109,-3.1135119906872926
2023,0.4345240946267408,7527.0,-0.615486908724323,0.1568646373079904,0.6211757244059766,0.4529945600427739,-0.3325939461048158,Interpolated (Month),1.5142705482940342,-0.0055734456706894,True,False,False,False,False,False,False,1,0,20,11623.0,9870.0,6290.0,9999.0,9077.166666666666,2175.6911545529265,19575.406327592395,0.10795954893552566
2023,0.4345240946267408,9162.0,-0.3328441230822331,-0.7450254839598835,1.5812225074354402,1.7273473716327972,0.6521313736928229,Official (Quarter),-1.4339188874695827,1.2205846018810202,False,False,False,True,False,False,False,1,0,20,7527.0,10847.0,8704.0,9437.333333333334,9337.833333333334,2061.8342157732077,13732.922570251601,-0.2731685342721322
2023,0.4345240946267408,6839.0,-0.6950682246152436,-0.2727222313381327,-0.5788827543808531,-0.5482826490636729,-0.8462504132410351,Interpolated (Month),1.3095952281227063,-0.0055734456706894,False,True,False,False,False,False,True,1,0,20,9162.0,11623.0,15066.0,7842.666666666667,9311.333333333334,1193.237752224151,22427.96767037708,-0.6037453083722146
2023,0.4345240946267408,8254.0,-0.3861330868204012,-1.2030768534251566,-0.5788827543808531,-0.7137830142052343,-0.6555405837943737,Interpolated (Month),-0.9631656510755292,-0.0055734456706894,False,False,False,False,False,True,False,1,0,20,6839.0,7527.0,11920.0,8085.0,9042.0,1170.6848423036995,13445.911194736651,-4.203373360544831
2023,0.4345240946267408,12771.0,0.8848204359921191,-0.4424063232055221,1.5812225074354402,1.4211716961209084,1.5382595700853725,Estimated (Region),0.9711602620929336,-1.231731493222399,False,True,False,False,False,False,False,1,0,20,8254.0,9162.0,8193.0,9288.0,9362.666666666666,3098.2290102572742,6775.711763374258,-0.1827240603854429
2023,0.4345240946267408,14192.0,0.8939758086167383,-0.6480759975661831,1.5812225074354402,1.570122024748314,2.052340780717018,Interpolated (Month),0.3265771411026679,-0.0055734456706894,False,False,False,False,False,False,True,1,0,20,12771.0,6839.0,1351.0,11739.0,9790.833333333334,3100.601393278413,7493.231928007096,-0.2521576762992985
2023,0.4345240946267408,9332.0,-0.1107676486491625,-0.7785383344065815,0.6211757244059766,0.7012451077551162,0.2118139501003084,Official (Quarter),0.3476212233174664,1.2205846018810202,False,True,False,False,False,True,False,1,0,20,14192.0,8254.0,6115.0,12098.333333333334,10091.666666666666,2498.85180299541,10494.444996095463,-0.4576285514989104
2023,0.4345240946267408,9420.0,-0.2544365729124175,0.0272243906796595,1.5812225074354402,1.363246568321362,0.5537607801519615,Interpolated (Month),1.6437060676699864,-0.0055734456706894,True,False,False,True,False,False,False,1,0,20,9332.0,12771.0,7598.0,10981.333333333334,10134.666666666666,2780.867011083646,12634.739926551438,0.01151991122915171
2023,0.4345240946267408,18593.0,1.9475479198806085,1.2408228889703783,-0.5788827543808531,-0.5482826490636729,1.3204511056304775,Official (Quarter),1.3655205972962805,1.2205846018810202,False,False,True,False,False,False,True,1,0,20,9420.0,14192.0,6998.0,12448.333333333334,12093.666666666666,5321.619333749216,6307.955122491484,2.74690110175839
2023,0.4345240946267408,582.0,-2.3521906696713173,1.0260739389725768,-1.298917841652951,-1.3426844017431678,-2.023384536467043,Official (Quarter),0.2158795031508513,1.2205846018810202,False,False,True,False,False,False,False,1,0,20,18593.0,9332.0,9870.0,9531.666666666666,10815.0,9006.019227901588,-430.41267260146765,-2.994224230087922
2023,0.4345240946267408,10874.0,0.3801011759169586,-1.4680533284413653,-1.298917841652951,-1.384059493028558,-0.5689212269603223,Official (Quarter),0.0028442051133708,1.2205846018810202,False,True,False,True,False,False,False,1,0,20,582.0,9420.0,10847.0,10016.333333333334,10498.833333333334,9036.079035363357,7879.132479381566,3.8224633294826638
2023,0.4345240946267408,12453.0,0.68880156056758,-0.3023244374144899,-1.298917841652951,-1.2930342922006994,-0.2874295544244259,Interpolated (Month),-0.2762060905568336,-0.0055734456706894,False,False,False,False,False,False,False,1,0,20,10874.0,18593.0,11623.0,7969.666666666667,10209.0,6446.435009626092,7373.868126824053,1.0317032697573416
2023,0.4345240946267408,8590.0,-0.2265009487501179,-0.0950110796612615,-0.2428663803205408,-0.117981699695613,-0.3337549116589824,Estimated (Region),-0.701700136434129,-1.231731493222399,False,False,True,False,False,True,False,1,0,20,12453.0,582.0,7527.0,10639.0,10085.333333333334,1942.1923179746923,11105.378844511297,-0.10772007749552692
2023,0.4345240946267408,14715.0,1.215352863055294,1.6273464456070044,-1.298917841652951,-1.2682092374294651,0.0618511799815973,Interpolated (Month),1.368403348284609,-0.0055734456706894,False,False,True,True,False,False,False,1,0,20,8590.0,10874.0,9162.0,11919.333333333334,10967.833333333334,3097.1771556262925,6642.282701504208,-6.067451148228895
2023,0.4345240946267408,10695.0,0.2293896573270735,-0.7577499891105065,-0.5788827543808531,-0.448982429978736,-0.0809192669478853,Estimated (Region),-0.6581705965103677,-1.231731493222399,True,False,False,False,False,False,True,1,0,20,14715.0,12453.0,6839.0,11333.333333333334,9651.5,3111.9942694891506,8699.438730640504,-1.3751829893214922
2023,0.4345240946267408,14551.0,1.3458756112421728,-0.9347826926982176,0.6211757244059766,0.4116194687573836,1.2923047700001906,Interpolated (Month),0.5427834652273098,-0.0055734456706894,False,True,False,False,True,False,False,1,0,20,10695.0,8590.0,8254.0,13320.333333333334,11979.666666666666,2275.083588208028,6202.801175930657,-0.6622058659484807
2023,0.4345240946267408,10325.0,0.0054351577402348,-1.3118522118960716,-0.2428663803205408,-0.2917570830942526,-0.0676955861235958,Official (Quarter),-0.8265232542287555,1.2205846018810202,False,False,True,False,True,False,False,1,0,20,14551.0,14715.0,12771.0,11857.0,11888.166666666666,2340.3956930399677,10269.185357717099,-1.8522630873986592
2023,0.4345240946267408,7201.0,-0.71290946357604,0.3532323658894277,-1.298917841652951,-1.284759273943621,-1.0517413163285516,Interpolated (Month),0.692398241521562,-0.0055734456706894,False,False,False,False,True,False,False,1,0,20,10325.0,10695.0,14192.0,10692.333333333334,11012.833333333334,3688.743056019658,25082.679804415242,-1.2404595678220596
2023,0.4345240946267408,10073.0,0.1143606166587811,-1.2672893556484803,-1.298917841652951,-1.2102841096299186,-0.5923670679078851,Interpolated (Month),0.3865383616599019,-0.0055734456706894,True,False,False,False,True,False,False,1,0,20,7201.0,14551.0,9332.0,9199.666666666666,11260.0,1735.4761114268022,9039.264174825345,6.026557869155198
2023,0.7242068243779014,7649.0,-0.4570285363751447,0.9624896846501312,1.5812225074354402,1.603222097776626,0.1477626309899375,Interpolated (Month),0.6961458178063892,-0.0055734456706894,False,True,False,False,False,False,False,1,0,20,10073.0,10325.0,9420.0,8307.666666666666,10082.333333333334,1545.146379257643,14087.296501616474,0.36973014537337384
2023,0.7242068243779014,8845.0,-0.231430764778759,0.5671085284553135,-0.2428663803205408,-0.3083071196084087,-0.367507861428904,Estimated (Region),-0.6031100526332922,-1.231731493222399,False,False,True,True,False,False,False,1,0,20,7649.0,7201.0,18593.0,8855.666666666666,9774.0,1212.0352030089964,11508.397154947103,0.819884871641665
2023,0.7242068243779014,5499.0,-1.1629312410477064,0.5903696057979628,-1.298917841652951,-1.2268341461440748,-1.2847839141527568,Official (Quarter),-0.1600312257271927,1.2205846018810202,True,False,False,False,False,True,False,1,0,20,8845.0,10073.0,582.0,7331.0,8265.333333333334,1695.5152609161535,-33750.43340147325,-2.6026487450570457
2023,0.7242068243779014,9521.0,-0.1121761675144885,0.235857367243673,-0.2428663803205408,-0.3579572291508772,-0.2588584752987125,Official (Quarter),-0.087385900821313,1.2205846018810202,False,True,False,False,False,True,False,1,0,20,5499.0,7649.0,10874.0,7955.0,8131.333333333333,2153.647139157117,10723.97434223571,0.3673546030769007
2023,0.7242068243779014,10987.0,0.3319767813516526,-1.0578815068712792,-0.2428663803205408,-0.2752070465800964,0.0723848186681836,Interpolated (Month),1.564142140392118,-0.0055734456706894,True,False,False,True,False,False,False,1,0,20,9521.0,8845.0,12453.0,8669.0,8762.333333333334,2841.472153655515,8248.64228402743,-1.459563730413923
2023,0.7242068243779014,16368.0,1.801296711030922,1.553518867717152,-0.2428663803205408,-0.2090069005234718,1.195349988110752,Interpolated (Month),-0.8294060052170841,-0.0055734456706894,False,True,False,False,False,False,True,1,0,20,10987.0,5499.0,8590.0,12292.0,9811.5,3605.2213524276262,5843.008323804555,1.9640106452828177
2023,0.7242068243779014,10505.0,0.2894864622476508,-0.4933103081868202,-0.2428663803205408,-0.3083071196084087,-0.0410783270768454,Interpolated (Month),-0.9703725285463506,-0.0055734456706894,True,False,False,False,False,False,False,1,0,20,16368.0,9521.0,14715.0,12620.0,10287.5,3254.7978431847523,8146.653964624931,-0.7131926931321602
2023,0.7242068243779014,13194.0,1.0000842298046326,-0.4844164253242275,-0.2428663803205408,-0.1014316631814569,0.6278360457544062,Official (Quarter),0.706523721364372,1.2205846018810202,False,False,False,True,False,False,False,1,0,20,10505.0,10987.0,10695.0,13355.666666666666,11012.333333333334,2934.841449437009,6596.722179689796,-0.5390980357034888
2023,0.7242068243779014,12121.0,0.6437289568771472,-1.5888578449004596,1.5812225074354402,1.7687224629181877,1.5689543666882209,Estimated (Region),-0.0343432826360676,-1.231731493222399,False,True,False,True,False,False,False,1,0,20,13194.0,16368.0,14551.0,11940.0,12116.0,1353.606663695199,7374.086797757817,-0.5738595565934151
2023,0.7242068243779014,16468.0,1.6874414360837349,1.2326178918598556,-0.2428663803205408,-0.3083071196084087,1.1315818313306658,Interpolated (Month),0.1014342889142075,-0.0055734456706894,False,False,True,False,False,False,False,1,0,20,12121.0,10505.0,10325.0,13927.666666666666,13273.833333333334,2264.465131843187,6127.761438402891,1.7820306190834692
2023,0.7242068243779014,3581.0,-1.6542695719022695,1.5655793386940615,0.6211757244059766,0.6764200529838819,-1.221723663198382,Estimated (Region),1.3234324328666836,-1.231731493222399,False,False,False,False,False,False,True,1,0,20,16468.0,13194.0,7201.0,10723.333333333334,12039.5,6556.202889884758,-5473.279140260715,0.9338824931779278
2023,0.7242068243779014,11694.0,0.4629690358269734,-1.2552244113874662,-1.298917841652951,-1.2682092374294651,-0.3834215843908972,Official (Quarter),-0.6212713838597621,1.2205846018810202,False,False,False,False,False,True,False,1,0,20,3581.0,12121.0,10073.0,10581.0,11260.5,6515.1952388243835,7993.333907706205,4.680019314090816
2023,0.7242068243779014,5457.0,-1.187580321190912,0.9493755067508616,-0.5788827543808531,-0.6641329046627659,-1.13346196484868,Official (Quarter),-1.4304595862835885,1.2205846018810202,False,False,True,False,False,False,True,1,0,20,11694.0,16468.0,7649.0,6910.666666666667,10419.166666666666,4247.358277015593,-29091.537776215224,2.826640417983256
2023,0.7242068243779014,5515.0,-1.107294745867328,0.6160671318827848,-0.2428663803205408,-0.0848816266673007,-0.9591472343254952,Official (Quarter),-0.8325770313042455,1.2205846018810202,False,False,False,False,False,False,False,1,0,20,5457.0,3581.0,8845.0,7555.333333333333,9139.333333333334,3584.307789983016,-51400.46658779925,0.6732103188346851
2023,0.7242068243779014,15098.0,1.0735619639458072,1.497595857970766,-0.2428663803205408,-0.333132174379643,0.8429261518385697,Interpolated (Month),1.7480616534474802,-0.0055734456706894,False,False,True,False,False,True,False,1,0,20,5515.0,11694.0,5499.0,8690.0,9635.5,5549.566559651277,7281.190657678647,2.245716168084163
2023,0.7242068243779014,10273.0,0.0756263478623153,0.2458377611120578,-0.5788827543808531,-0.5151825760353606,-0.1957699081113089,Interpolated (Month),0.338396420154815,-0.0055734456706894,True,False,False,False,False,False,True,1,0,20,15098.0,5457.0,9521.0,10295.333333333334,8603.0,4791.539035981364,9550.714353935653,0.5070728669396753
2023,0.7242068243779014,4688.0,-1.2519026827074673,-1.045756918822207,-0.5788827543808531,-0.7220580324623124,-1.2845857005215575,Estimated (Region),-1.6400355831350748,-1.231731493222399,False,False,True,False,True,False,False,1,0,20,10273.0,5515.0,10987.0,10019.666666666666,8787.5,5209.621707315531,-18610.361547614557,-3.7625009568963605
2023,0.7242068243779014,15520.0,1.6198325305480854,1.4800660516289303,0.6211757244059766,0.68469507124096,1.7361900389542908,Interpolated (Month),1.5113877973057055,-0.0055734456706894,False,True,False,False,True,False,False,1,0,20,4688.0,15098.0,16368.0,10160.333333333334,9425.166666666666,5416.878836870288,5924.042784808508,0.8785364644883195
2023,0.7242068243779014,11539.0,0.4756457056149076,0.4034733107601478,-1.298917841652951,-1.2020090913728405,-0.3670548017004484,Official (Quarter),-0.0487570375777103,1.2205846018810202,False,False,False,False,True,False,False,1,0,20,15520.0,10273.0,10505.0,10582.333333333334,10438.833333333334,5479.002129341915,7819.627676273182,-1.9973027353282453
2023,0.7242068243779014,6918.0,-0.759390586131799,-0.5036883273089255,1.5812225074354402,1.7604474446611094,-0.0118842908245059,Estimated (Region),-1.1364189854740756,-1.231731493222399,True,False,False,False,True,False,False,1,0,20,11539.0,4688.0,13194.0,11325.666666666666,10672.666666666666,4304.966240672896,28751.992238298222,-0.1824661897777089
2023,1.013889554129062,12266.0,0.4500576128948181,0.7618425142755268,-0.2428663803205408,-0.1593567909810034,0.3990125666514412,Official (Quarter),-1.4024969016968016,1.2205846018810202,False,False,True,False,False,False,True,1,0,20,6918.0,15520.0,12121.0,10241.0,10200.666666666666,2900.6687160032393,8458.974244142484,0.9062614270857816
2023,1.013889554129062,9742.0,-0.0192139224029706,1.3148984856122392,-0.5788827543808531,-0.4407074117216579,-0.2573293987151756,Interpolated (Month),0.1190190699430117,-0.0055734456706894,False,False,False,False,False,False,False,1,0,20,12266.0,11539.0,16468.0,9642.0,10112.166666666666,2675.4020258644905,9932.84898972908,2.3510028796552835
2023,1.013889554129062,11110.0,0.1195251858316432,-1.418102152974294,-0.5788827543808531,-0.7137830142052343,-0.1533238748016513,Official (Quarter),-0.5523736352387096,1.2205846018810202,False,False,True,False,False,False,False,1,0,20,9742.0,6918.0,3581.0,11039.333333333334,11182.5,1263.4830166382515,9923.849986230454,-4.9546400925036505
2023,1.013889554129062,4490.0,-1.3767913554330418,1.2267936759559848,0.6211757244059766,0.7260701625263504,-0.9855662797410464,Official (Quarter),-0.7135194154862761,1.2205846018810202,False,True,False,False,False,True,False,1,0,20,11110.0,12266.0,11694.0,8447.333333333334,9344.166666666666,3494.741955185394,-11916.409268040921,0.7107438055475085
2023,1.013889554129062,14734.0,1.2493920689673397,-1.170572480028207,0.6211757244059766,0.5357447426135546,1.428930594362498,Interpolated (Month),1.4029963601445516,-0.0055734456706894,False,True,False,False,False,False,True,1,0,20,4490.0,9742.0,5457.0,10111.333333333334,9876.666666666666,5194.505302079612,6550.214257118879,-0.7622181261946619
2023,1.013889554129062,8910.0,-0.180489332482801,1.707104107124532,-1.298917841652951,-1.3426844017431678,-0.8277882293064809,Official (Quarter),1.316513830494695,1.2205846018810202,False,False,False,True,False,False,False,1,0,20,14734.0,11110.0,5515.0,9378.0,10208.666666666666,5138.010509915272,10872.341695067693,-4.98156349819493
2023,1.013889554129062,15735.0,1.2022066869789176,0.7785974484041741,0.6211757244059766,0.7508952172975846,1.8429139212385472,Estimated (Region),-0.329536983840912,-1.231731493222399,False,True,False,True,False,False,False,1,0,20,8910.0,4490.0,15098.0,13126.333333333334,10786.833333333334,3685.593620210116,7145.1059035634635,0.4446853476508426
2023,1.013889554129062,5341.0,-1.1183281436457155,1.695417403886119,-1.298917841652951,-1.2185591278869967,-1.3061343538562138,Estimated (Region),1.548287009956311,-1.231731493222399,False,True,False,False,False,False,False,1,0,20,15735.0,14734.0,10273.0,9995.333333333334,10053.333333333334,5281.313315202307,-45137.190827495826,-7.757248211398031
2023,1.013889554129062,7375.0,-0.5795696776585093,-1.3729016052260488,-1.298917841652951,-1.2185591278869967,-1.0011685241397263,Official (Quarter),0.1311266240939916,1.2205846018810202,False,False,False,False,False,True,False,1,0,20,5341.0,8910.0,4688.0,9483.666666666666,9430.833333333334,5508.508449057071,17541.551139619572,6.281602688019008
2023,1.013889554129062,8195.0,-0.4910677422871904,0.1128420543738925,-0.5788827543808531,-0.6062077768632194,-0.6206549847033143,Official (Quarter),-0.7628144573866944,1.2205846018810202,True,False,False,True,False,False,False,1,0,20,7375.0,15735.0,15520.0,6970.333333333333,10048.333333333334,1469.4030533971556,16102.339507480065,0.28655226727191535
2023,1.013889554129062,9476.0,-0.233308789932527,1.1150495479344793,-0.2428663803205408,-0.0766066084102227,-0.1307275208449422,Estimated (Region),-0.5702466913663466,-1.231731493222399,True,False,False,False,False,True,False,1,0,20,8195.0,5341.0,11539.0,8348.666666666666,9172.0,1058.8958085350139,12359.604330361452,1.2075563439053139
2023,1.013889554129062,14430.0,1.3878964240577325,-0.5299296059282104,-0.5788827543808531,-0.5482826490636729,0.55305287432625,Official (Quarter),1.5315670542240054,1.2205846018810202,False,False,True,False,False,True,False,1,0,20,9476.0,7375.0,6918.0,10700.333333333334,10092.0,3292.8787304322736,6042.975672905955,-1.173144234618758
2023,1.013889554129062,15912.0,1.6362652506435558,-0.3710475011097058,-0.2428663803205408,-0.1014316631814569,1.1912158180885972,Official (Quarter),0.2271222320053326,1.2205846018810202,True,False,False,False,False,False,True,1,0,20,14430.0,8195.0,12266.0,13272.666666666666,10121.5,3370.473161639701,6035.811455662749,-0.4129318671782168
2023,1.013889554129062,15077.0,1.1930513143542985,0.5465890772370671,-0.5788827543808531,-0.5317326125495168,0.6851481014040043,Official (Quarter),-0.985651108784492,1.2205846018810202,False,False,False,False,False,False,True,1,0,20,15912.0,9476.0,9742.0,15139.666666666666,11744.166666666666,742.9847463667811,6874.896132760637,1.1672584764294864
2023,1.013889554129062,4070.0,-1.481726010899831,0.5149122613994229,0.6211757244059766,0.800545326840053,-1.0749039949458297,Official (Quarter),1.0383283601209892,1.2205846018810202,True,False,False,False,False,False,False,1,0,20,15077.0,14430.0,11110.0,11686.333333333334,11193.333333333334,6609.138093074872,-8448.786048313068,0.28597572842172825
2023,1.013889554129062,11636.0,0.396533896012429,-1.1545377446403604,1.5812225074354402,1.3301464952930495,1.1599263805921518,Interpolated (Month),-1.2488462740188893,-0.0055734456706894,False,False,True,True,False,False,False,1,0,20,4070.0,15912.0,4490.0,10261.0,11766.833333333334,5630.850823809834,8332.056982809132,-0.4954786091657987
2023,1.013889554129062,9602.0,-0.088466099948167,-0.6407288769405628,-1.298917841652951,-1.235109164401153,-0.675418579380351,Official (Quarter),1.1481611727763072,1.2205846018810202,False,False,False,False,True,False,False,1,0,20,11636.0,15077.0,14734.0,8436.0,11787.833333333334,3915.4509318850737,10533.892375756948,2.7252399053544543
2023,1.013889554129062,10819.0,0.1784482250311154,0.7457774599620842,-0.5788827543808531,-0.7137830142052343,-0.2044913078840739,Interpolated (Month),-0.373643073962339,-0.0055734456706894,False,False,True,False,True,False,False,1,0,20,9602.0,4070.0,8910.0,10685.666666666666,11186.0,1023.5342365222838,9180.717294316717,2.6056366217791496
2023,1.013889554129062,8179.0,-0.3645357975520688,-0.206571803034489,-0.5788827543808531,-0.4986325395212044,-0.5784071650248557,Estimated (Region),-1.0017945143191318,-1.231731493222399,False,True,False,False,True,False,False,1,0,20,10819.0,11636.0,15735.0,9533.333333333334,9897.166666666666,1321.3388412262532,12870.905974707792,-0.41201677276227133
2023,1.013889554129062,11280.0,0.348644254591344,0.1171503239979538,1.5812225074354402,1.4542717691492208,1.1318366774279216,Interpolated (Month),1.4433548739811517,-0.0055734456706894,True,False,False,False,True,False,False,1,0,20,8179.0,9602.0,5341.0,10092.666666666666,9264.333333333334,1673.2364845810632,8363.955106469482,0.047733232101905415
2023,1.3035722838802226,5365.0,-1.0849931971663327,-0.65700417560691,-1.298917841652951,-1.1771840366016064,-1.2911550665841598,Interpolated (Month),-1.0888535941666544,-0.0055734456706894,False,False,True,False,False,True,False,1,0,20,11280.0,10819.0,7375.0,8274.666666666666,9480.166666666666,2958.660226070748,-63122.69897907984,3.7080325530914866
2023,1.3035722838802226,11323.0,0.4124971098194573,-1.6278917219950673,1.5812225074354402,1.6776972620903288,1.2740407996968357,Interpolated (Month),1.4220225166675202,-0.0055734456706894,True,False,False,False,False,True,False,1,0,20,5365.0,8179.0,8195.0,9322.666666666666,9428.0,3427.5073060947834,8016.299588356173,-0.6079446489496961
2023,1.3035722838802226,8624.0,-0.2229796515868028,-0.869572151088055,-1.298917841652951,-1.3095843287148556,-0.8542072747220317,Official (Quarter),0.600438484993881,1.2205846018810202,False,False,False,False,False,False,False,1,0,20,11323.0,11280.0,9476.0,8437.333333333334,9265.0,2983.3830349676905,11098.808438687121,2.808837755766957
2023,1.3035722838802226,11986.0,0.4509966254717021,0.1227478935072047,-1.298917841652951,-1.4006095295427143,-0.4218467126105139,Estimated (Region),-0.9882455846739876,-1.231731493222399,False,False,True,False,False,False,False,1,0,20,8624.0,5365.0,14430.0,10644.333333333334,9459.5,1780.786998305315,8260.529204265717,-0.306402829826136
2023,1.3035722838802226,10577.0,0.3315072750632106,0.1942667597676428,0.6211757244059766,0.6598700164697258,0.4987140231446402,Official (Quarter),1.6693625514661106,1.2205846018810202,True,False,False,True,False,False,False,1,0,20,11986.0,11323.0,15912.0,10395.666666666666,9859.166666666666,1688.3193813177731,7943.629147274376,0.11703733294780315
2023,1.3035722838802226,15370.0,1.259955960457285,0.4920110349113908,0.6211757244059766,0.6598700164697258,1.6794726241982905,Interpolated (Month),-1.179371975200171,-0.0055734456706894,True,False,False,False,False,False,False,1,0,20,10577.0,8624.0,15077.0,12644.333333333334,10540.833333333334,2463.38473108312,6801.017483938049,0.2964154000189837
2023,1.3035722838802226,2737.0,-1.7951214584348725,0.6033968031729812,-1.298917841652951,-1.350959420000246,-1.7151623399522826,Official (Quarter),-0.5866783719998194,1.2205846018810202,False,False,True,False,False,False,True,1,0,20,15370.0,11986.0,4070.0,9561.333333333334,10102.833333333334,6377.449045922134,-3442.2413971665997,-1.719277981404683
2023,1.3035722838802226,11523.0,0.4758804587591286,1.7100912668431063,-1.298917841652951,-1.3923345112856362,-0.4820187077959861,Interpolated (Month),0.5978440091043853,-0.0055734456706894,True,False,False,False,False,False,True,1,0,20,2737.0,10577.0,11636.0,9876.666666666666,10136.166666666666,6475.4136804788905,7807.542902009935,-4.358758196517887
2023,1.3035722838802226,10530.0,0.0692880129683482,-0.2036462752302404,-0.5788827543808531,-0.4820825030070482,-0.1300762474852876,Interpolated (Month),0.3989341909097147,-0.0055734456706894,False,True,False,False,False,True,False,1,0,20,11523.0,15370.0,9602.0,8263.333333333334,10453.833333333334,4811.629904027637,9847.674220875884,-0.39320215364921673
2023,1.3035722838802226,11111.0,0.1798567438964415,0.0401491995518441,-0.2428663803205408,-0.2338319552947061,0.1205790472826182,Estimated (Region),1.3208379569771878,-1.231731493222399,False,True,False,False,False,False,True,1,0,20,10530.0,2737.0,10819.0,11054.666666666666,10308.0,498.89110368224794,9417.244981205307,0.052402602574331415
2023,1.3035722838802226,5019.0,-1.237113234621544,1.5394300109147006,0.6211757244059766,0.5026446695852423,-0.9110096381771176,Estimated (Region),-0.3624003451078575,-1.231731493222399,False,False,False,True,False,False,False,1,0,20,11111.0,11523.0,8179.0,8886.666666666666,9381.666666666666,3362.071434894427,-21167.101903910232,1.0244803991748839
2023,1.3035722838802226,10831.0,0.1986369954341219,-0.2612562101155355,1.5812225074354402,1.6694222438332509,1.1225206367615592,Estimated (Region),1.5511697609446398,-1.231731493222399,False,True,False,True,False,False,False,1,0,20,5019.0,10530.0,11280.0,8987.0,8625.166666666666,3439.239450808819,9036.096867740373,-0.09786994572292747
2023,1.3035722838802226,7159.0,-0.6035144983690518,1.2371811386778662,1.5812225074354402,1.3301464952930495,-0.0970312035410778,Official (Quarter),0.398357640712049,1.2205846018810202,False,False,True,True,False,False,False,1,0,20,10831.0,11111.0,5365.0,7669.666666666667,9362.166666666666,2939.4593607214492,18056.14573685888,0.5309456470556685
2023,1.3035722838802226,15680.0,1.6771122977380106,1.4501278522131795,0.6211757244059766,0.7260701625263504,1.8091326552355973,Official (Quarter),-0.9205009364482666,1.2205846018810202,False,False,False,False,False,True,False,1,0,20,7159.0,5019.0,11323.0,11223.333333333334,10055.0,4274.026711817943,5857.057252790106,0.8401326224715628
2023,1.3035722838802226,12368.0,0.4127318629636783,-0.3997704583437741,-0.2428663803205408,-0.3662322474079552,0.2885226253744,Estimated (Region),0.7471705102998046,-1.231731493222399,False,False,False,False,False,False,True,1,0,20,15680.0,10831.0,8624.0,11735.666666666666,10361.333333333334,4295.549363391527,8754.669109008399,-0.6307838426754186
2023,1.3035722838802226,6610.0,-0.8422584460418138,-0.7627630494967877,-0.2428663803205408,-0.333132174379643,-0.815470667939102,Estimated (Region),1.3142076297040322,-1.231731493222399,False,True,False,False,False,False,False,1,0,20,12368.0,7159.0,11986.0,11552.666666666666,9611.166666666666,4589.640654052704,41903.986832487804,-1.1437994459954994
2023,1.3035722838802226,12540.0,0.6566403798093025,-1.4358834572891075,0.6211757244059766,0.7591702355546627,1.046208388749866,Interpolated (Month),0.7736918193924274,-0.0055734456706894,True,False,False,False,True,False,False,1,0,20,6610.0,15680.0,10577.0,10506.0,10864.666666666666,3375.1308122797104,7569.53660724091,-0.816227689775786
2023,1.3035722838802226,12717.0,0.492782685143041,0.5987172509682576,-1.298917841652951,-1.2930342922006994,-0.2488345288066383,Estimated (Region),-0.5105737459079455,-1.231731493222399,False,False,True,False,True,False,False,1,0,20,12540.0,12368.0,15370.0,10622.333333333334,11179.0,3475.909425363849,8518.98948625696,-2.0431644585753657
2023,1.3035722838802226,12065.0,0.3852657450898207,-0.812382207877002,-1.298917841652951,-1.2020090913728405,-0.287741032987739,Interpolated (Month),-0.5786066692324995,-0.0055734456706894,False,False,False,False,True,False,False,1,0,20,12717.0,6610.0,2737.0,12440.666666666666,11996.666666666666,337.15921066080637,8709.520207776237,4.021513102980197
2023,1.3035722838802226,10485.0,0.1183514201105382,-0.1996670405036326,-1.298917841652951,-1.4006095295427143,-0.6328592811385793,Interpolated (Month),-0.321465281073592,-0.0055734456706894,False,True,False,False,True,False,False,1,0,20,12065.0,12540.0,11523.0,11755.666666666666,11130.833333333334,1147.7026327988244,9375.407239133885,0.4984081150829025
2023,1.5932550136313832,8570.0,-0.2041994000491225,-1.2308703616286525,-0.5788827543808531,-0.672407922919844,-0.581776796755242,Estimated (Region),1.2741373909662652,-1.231731493222399,False,True,False,False,False,False,False,1,0,20,10485.0,12717.0,10530.0,10373.333333333334,10497.833333333334,1750.1738008932775,10769.029327860524,-3.757326406057983
2023,1.5932550136313832,11905.0,0.5458368957369881,0.2797164267921787,0.6211757244059766,0.5026446695852423,0.7298028008898818,Official (Quarter),-1.5486523768050595,1.2205846018810202,False,False,False,False,False,False,False,1,0,20,8570.0,12065.0,11111.0,10320.0,11380.333333333334,1673.6113646841318,7701.329961026847,0.18614941539664567
2023,1.5932550136313832,12121.0,0.6315217933776549,-1.023620126884452,-1.298917841652951,-1.1854590548586843,-0.2689956867229001,Interpolated (Month),-0.7953895435548071,-0.0055734456706894,False,False,True,False,False,False,False,1,0,20,11905.0,10485.0,5019.0,10865.333333333334,11310.5,1990.7486866335657,7429.260245985757,5.519386085863685
2023,1.5932550136313832,9504.0,-0.087057581082841,-1.331229484573006,-0.2428663803205408,-0.4076073386933456,-0.2863535375693445,Estimated (Region),-1.533373796566918,-1.231731493222399,False,False,False,True,False,False,False,1,0,20,12121.0,8570.0,10831.0,11176.666666666666,10775.0,1452.5922804879895,10410.295110695693,-2.2472079273174685
2023,1.5932550136313832,11355.0,0.1739879152909163,-0.4239107845287124,-0.5788827543808531,-0.448982429978736,0.0440969018727545,Estimated (Region),-0.7602199814971987,-1.231731493222399,False,False,True,False,False,True,False,1,0,20,9504.0,11905.0,7159.0,10993.333333333334,10656.666666666666,1345.464356024819,9672.160890332683,-0.7693235344788615
2023,1.5932550136313832,8534.0,-0.4657144027113219,0.0354880375151056,-0.5788827543808531,-0.5896577403490633,-0.5519314871432479,Official (Quarter),1.5814386463220895,1.2205846018810202,False,False,False,False,False,True,False,1,0,20,11355.0,12121.0,15680.0,9797.666666666666,10331.5,1433.2446871812108,15972.73077041046,0.08648399398417794
2023,1.5932550136313832,10739.0,0.1376011779366606,-1.1148925187181578,-0.2428663803205408,-0.117981699695613,0.1098471949648329,Interpolated (Month),-0.3142584036027706,-0.0055734456706894,False,True,False,False,False,True,False,1,0,20,8534.0,9504.0,12368.0,10209.333333333334,10693.0,1483.2128415481056,9440.03945168025,-1.264024247947469
2023,1.5932550136313832,6937.0,-0.808923499562431,-0.8815158196466847,0.6211757244059766,0.8088203450971311,-0.3449681399382517,Estimated (Region),-1.6818354724658389,-1.231731493222399,True,False,False,False,False,True,False,1,0,20,10739.0,11355.0,6610.0,8736.666666666666,9865.0,1909.0852085051274,36304.83070453003,-0.48734293708939264
2023,1.5932550136313832,5348.0,-1.1739646388260936,1.2975426403189063,0.6211757244059766,0.5605697973847888,-0.8167165821923541,Estimated (Region),1.5817269214209224,-1.231731493222399,False,True,False,False,False,False,True,1,0,20,6937.0,8534.0,12540.0,7674.666666666667,8736.166666666666,2770.1686470922605,-30741.87970663515,0.8314544101092659
2023,1.5932550136313832,11128.0,0.3408974008320508,-0.6288239768441708,0.6211757244059766,0.6350449616984916,0.6202756115358082,Official (Quarter),0.8175096344150214,1.2205846018810202,True,False,False,False,False,False,False,1,0,20,5348.0,10739.0,12717.0,7804.333333333333,9006.833333333334,2986.0174703663365,8298.919807805487,-0.3845912446291053
2023,1.5932550136313832,10707.0,0.3681287655616874,0.9774254832430076,0.6211757244059766,0.6598700164697258,0.5307396826998255,Official (Quarter),-0.1363926676228986,1.2205846018810202,False,False,False,False,False,False,True,1,0,20,11128.0,6937.0,12065.0,9061.0,8898.833333333334,3222.4349489166975,7826.0177473896065,0.5888566415109016
2023,1.5932550136313832,9107.0,-0.0598262163532044,-0.5440423202458855,-1.298917841652951,-1.3013093104577775,-0.7801603253526154,Official (Quarter),0.7359277814453232,1.2205846018810202,True,False,False,False,False,False,True,1,0,20,10707.0,5348.0,10485.0,10314.0,8994.333333333334,1066.277168469754,9686.507067528823,1.8055941232593347
2023,1.5932550136313832,9203.0,-0.0539573877476793,0.8040350269793765,-1.298917841652951,-1.37578447477148,-0.80136918389093,Interpolated (Month),0.2470132138247997,-0.0055734456706894,False,True,False,True,False,False,False,1,0,20,9107.0,11128.0,8570.0,9672.333333333334,8738.333333333334,897.3323427432832,9727.891620113885,-2.13961746947721
2023,1.5932550136313832,9486.0,-0.183541123357674,-0.6821152044424941,-0.5788827543808531,-0.5400076308065948,-0.3542841806046142,Estimated (Region),-0.1940476873894697,-1.231731493222399,False,False,True,False,False,False,True,1,0,20,9203.0,10707.0,11905.0,9265.333333333334,9163.166666666666,197.03891324586172,11618.466369073018,-1.482883739220675
2023,1.5932550136313832,5102.0,-1.238991259775312,1.2300363099000755,-0.5788827543808531,-0.556557667320751,-1.1686307262700242,Interpolated (Month),0.7731152691947617,-0.0055734456706894,False,False,True,True,False,False,False,1,0,20,9486.0,9107.0,12121.0,7930.333333333333,9122.166666666666,2453.492272931175,-21348.061032845515,2.7738360080966515
2023,1.5932550136313832,8304.0,-0.4699399593073,0.3672779809455379,0.6211757244059766,0.7426201990405065,-0.0259857748726778,Estimated (Region),0.9235948707855124,-1.231731493222399,True,False,False,True,False,False,False,1,0,20,5102.0,9203.0,9504.0,7630.666666666667,8651.5,2268.236613171773,15666.149799083245,0.21076192112760003
2023,1.5932550136313832,5649.0,-1.0434418906392149,-0.9902693087286448,1.5812225074354402,1.5287469334629231,-0.4633866264632612,Estimated (Region),-1.0262978977199246,-1.231731493222399,False,False,False,False,True,False,False,1,0,20,8304.0,9486.0,11355.0,6351.666666666667,7808.5,1712.748181529566,-130035.77691668562,-0.39160474922357996
2023,1.5932550136313832,9386.0,0.014121024076412,-0.6434506218022794,0.6211757244059766,0.5936698704131012,0.1734171381137202,Interpolated (Month),-1.313708171256282,-0.0055734456706894,False,True,False,False,True,False,False,1,0,20,5649.0,5102.0,8534.0,7779.666666666667,7855.0,1922.8848986179516,9255.305606693331,-0.4037540231814059
2023,1.5932550136313832,8896.0,-0.3546761654947866,0.9554904861215158,-0.5788827543808531,-0.5813827220919852,-0.482188605194157,Estimated (Region),-0.495583440768637,-1.231731493222399,False,False,True,False,True,False,False,1,0,20,9386.0,8304.0,10739.0,7977.0,7803.833333333333,2030.93894541408,13785.326876731267,2.2824917569013268
2023,1.5932550136313832,11217.0,0.1908901416748287,-1.421988939829412,-0.5788827543808531,-0.556557667320751,-0.0439948990787768,Official (Quarter),-1.3165909222446104,1.2205846018810202,True,False,False,False,True,False,False,1,0,20,8896.0,5649.0,6937.0,9833.0,8092.333333333333,1223.3629878330596,9419.004832993898,-3.2067054384227363
2024,-1.5932550136313832,15387.0,1.2709893582356722,0.1611997466366783,0.6211757244059766,0.5026446695852423,1.5594967448567156,Official (Quarter),-0.1744449806688355,1.2205846018810202,False,True,False,False,False,True,False,0,0,21,11217.0,9386.0,5348.0,11833.333333333334,9806.5,3289.0987114000327,6775.461075675904,0.10727735565133464
2024,-1.5932550136313832,3819.0,-1.5040275596008266,0.3169684457185514,-0.2428663803205408,-0.1510817727239253,-1.3251062299852805,Official (Quarter),-0.2266227735575824,1.2205846018810202,False,False,True,True,False,False,False,0,0,21,15387.0,8896.0,11128.0,10141.0,9059.0,5858.582422395359,-7576.966630603541,0.373379243764866
2024,-1.5932550136313832,7061.0,-0.6690106256067121,-0.8300039650587607,-0.2428663803205408,-0.0931566449243788,-0.6403913991241492,Estimated (Region),0.1236314715243374,-1.231731493222399,False,False,False,False,False,False,True,0,0,21,3819.0,11217.0,10707.0,8755.666666666666,9294.333333333334,5967.292294946936,21333.011106302114,-0.9152671852456229
2024,-1.5932550136313832,10132.0,0.0537943054497618,1.5021436968101942,-0.2428663803205408,-0.109706681438535,-0.011148068765766,Interpolated (Month),1.0080594747435392,-0.0055734456706894,False,True,False,True,False,False,False,0,0,21,7061.0,15387.0,9107.0,7004.0,9418.666666666666,3156.885965631253,9614.779608887371,1.6872458385258426
2024,-1.5932550136313832,3197.0,-1.6469922244314184,-0.4278413101617396,-0.2428663803205408,-0.1510817727239253,-1.452444329914254,Interpolated (Month),0.1239197466231702,-0.0055734456706894,False,False,False,False,False,True,False,0,0,21,10132.0,3819.0,9203.0,6796.666666666667,8468.833333333334,3475.0482490654545,-4941.326772218241,-0.5039841252255294
2024,-1.5932550136313832,15113.0,1.5231142351290314,-0.2924504083014761,1.5812225074354402,1.3301464952930495,2.136100198015197,Official (Quarter),1.270966364879104,1.2205846018810202,False,True,False,False,False,False,True,0,0,21,3197.0,7061.0,9486.0,9480.666666666666,9118.166666666666,5984.642038863572,5989.819957251014,-0.12550730561028364
2024,-1.5932550136313832,16404.0,1.512315590494865,-0.0599852651241568,0.6211757244059766,0.4281695052715397,1.739106610956222,Official (Quarter),1.1178922873988573,1.2205846018810202,True,False,False,True,False,False,False,0,0,21,15113.0,10132.0,5102.0,11571.333333333334,9287.666666666666,7281.05516620588,6529.43446359333,-0.0420015025546647
2024,-1.5932550136313832,8771.0,-0.1591267963586895,-0.1689231529175303,1.5812225074354402,1.6859722803474069,0.5157603954277716,Official (Quarter),-0.0948810533909673,1.2205846018810202,False,False,True,False,False,False,False,0,0,21,16404.0,3197.0,8304.0,13429.333333333334,10113.0,4085.5504321123617,10430.823532035667,-0.0628908772266561
2024,-1.5932550136313832,13920.0,1.0141694184578929,-0.3480438861188408,-0.2428663803205408,-0.3745072656650333,0.5832096625015573,Interpolated (Month),-0.2687109379871794,-0.0055734456706894,False,False,False,True,False,False,False,0,0,21,8771.0,15113.0,5649.0,13031.666666666666,11256.166666666666,3893.266537669039,6911.0373101869245,-0.5564315411095643
2024,-1.5932550136313832,14668.0,1.3486926489728248,-0.8516864701441393,-0.2428663803205408,-0.1510817727239253,0.8959907725338991,Official (Quarter),0.6696245087137664,1.2205846018810202,True,False,False,False,False,False,True,0,0,21,13920.0,16404.0,9386.0,12453.0,12012.166666666666,3210.563657677586,6245.17644163228,-1.0032609063854678
2024,-1.5932550136313832,7363.0,-0.709857672701167,0.8013938012315381,-0.2428663803205408,-0.2669320283230184,-0.6433362873591086,Official (Quarter),1.684641131704252,1.2205846018810202,False,False,True,False,False,True,False,0,0,21,14668.0,8771.0,8896.0,11983.666666666666,12706.5,4019.0541590445587,25377.200453818838,1.0932053127328054
2024,-1.5932550136313832,8253.0,-0.5349665802565183,0.6089869172087243,0.6211757244059766,0.4116194687573836,-0.1789783819254337,Interpolated (Month),-0.0660535435076817,-0.0055734456706894,False,False,False,False,False,False,False,0,0,21,7363.0,13920.0,11217.0,10094.666666666666,11563.166666666666,3985.5436684765086,17747.111604478792,0.43141011489789216
2024,-1.5932550136313832,13567.0,1.1561950707116009,-0.319383057830667,-0.5788827543808531,-0.7303330507193905,0.2672005019039715,Interpolated (Month),-1.1228700558289313,-0.0055734456706894,True,False,False,False,False,True,False,0,0,21,8253.0,14668.0,15387.0,9727.666666666666,11090.333333333334,3354.606583987629,6292.102316847675,-1.184361148752879
2024,-1.5932550136313832,15314.0,1.2817880028698383,1.4718883912546012,-0.5788827543808531,-0.4407074117216579,0.8005650672279971,Official (Quarter),-0.873512095338511,1.2205846018810202,False,False,True,False,False,False,True,0,0,21,13567.0,7363.0,3819.0,12378.0,12180.833333333334,3677.5971775059957,6711.403504944086,2.631696579040109
2024,-1.5932550136313832,9756.0,-0.1513799425993963,0.428659888393939,-1.298917841652951,-1.4088845477997924,-0.7394982147237503,Interpolated (Month),-0.3280956083467477,-0.0055734456706894,False,True,False,False,False,False,False,0,0,21,15314.0,8253.0,7061.0,12879.0,11486.833333333334,2842.1556959463205,11496.310881318865,-1.0483641181858245
2024,-1.5932550136313832,16353.0,1.5231142351290314,0.1628687786391701,-1.298917841652951,-1.37578447477148,0.2129749156544751,Interpolated (Month),-0.1447526454890514,-0.0055734456706894,True,False,False,False,False,False,False,0,0,21,9756.0,13567.0,10132.0,13807.666666666666,11767.666666666666,3547.094914621476,6481.27610407767,-0.43341007831207756
2024,-1.5932550136313832,14286.0,0.9491427975086744,0.4477732373087159,0.6211757244059766,0.8088203450971311,1.5216379412976682,Estimated (Region),-0.1038175814547858,-1.231731493222399,False,True,False,False,True,False,False,0,0,21,16353.0,15314.0,3197.0,13465.0,12921.5,3374.2603633982026,7329.375773935015,0.24754986780330088
2024,-1.5932550136313832,9189.0,-0.0727376392853597,0.3186170994267899,-0.5788827543808531,-0.672407922919844,-0.4715983340415138,Estimated (Region),0.3000558320100452,-1.231731493222399,False,False,False,False,True,False,False,0,0,21,14286.0,9756.0,15113.0,13276.0,13077.5,3687.248160891826,9909.816670352116,0.9726031907323262
2024,-1.5932550136313832,15476.0,1.2554956507170858,-1.0414218094935188,0.6211757244059766,0.5853948521560232,1.6464275802540802,Interpolated (Month),0.9031273387683796,-0.0055734456706894,True,False,False,False,True,False,False,0,0,21,9189.0,16353.0,16404.0,12983.666666666666,13395.666666666666,3339.707522124274,6861.46302036971,-0.6568848183638669
2024,-1.5932550136313832,12668.0,0.828714434523299,-1.270916692025546,0.6211757244059766,0.4529945600427739,0.8793125112801373,Estimated (Region),1.4796775364340915,-1.231731493222399,False,False,True,False,True,False,False,0,0,21,15476.0,14286.0,8771.0,12444.333333333334,12954.666666666666,3149.462229227937,6927.270743232383,-0.8746878529181363
2024,-1.3035722838802226,17392.0,2.176197482351867,-1.4438603169103084,-0.5788827543808531,-0.448982429978736,1.1877046051930684,Interpolated (Month),-1.273926207617348,-0.0055734456706894,False,False,False,False,False,False,False,0,0,21,12668.0,9189.0,13920.0,15178.666666666666,14227.333333333334,2375.994388321165,5475.730050362552,-2.6203525903077627
2024,-1.3035722838802226,16451.0,1.8426132644138191,-1.3122408905815832,-0.2428663803205408,-0.1345317362097692,1.2749752353867745,Interpolated (Month),-0.0452977363917161,-0.0055734456706894,False,True,False,True,False,False,False,0,0,21,17392.0,15476.0,14668.0,15503.666666666666,14243.666666666666,2500.424830570537,5787.280389473731,-1.5162206928706512
2024,-1.3035722838802226,7689.0,-0.5136040441324069,-0.548881419583664,-0.5788827543808531,-0.564832685577829,-0.696089429491125,Estimated (Region),1.1974562146767256,-1.231731493222399,True,False,False,False,False,False,False,0,0,21,16451.0,12668.0,7363.0,13844.0,13144.166666666666,5351.11100613697,15808.108408888791,-1.261311227642375
2024,-1.3035722838802226,3265.0,-1.687369765237431,1.0029917929941012,1.5812225074354402,1.5866720612624698,-1.147280286566567,Interpolated (Month),0.1821513165874071,-0.0055734456706894,True,False,False,False,False,True,False,0,0,21,7689.0,17392.0,8253.0,9135.0,12156.833333333334,6710.874458667795,-4749.990711145411,0.38775375047139676
2024,-1.3035722838802226,5737.0,-1.001186324679434,-0.0561471873626196,-0.5788827543808531,-0.4407074117216579,-1.0177052042283454,Estimated (Region),-0.6942049838644747,-1.231731493222399,True,False,False,True,False,False,False,0,0,21,3265.0,16451.0,13567.0,5563.666666666667,10533.666666666666,2217.087579084951,-4835944.239765422,-0.10038965031783495
2024,-1.3035722838802226,15966.0,1.4233441488351044,1.1489113145413172,0.6211757244059766,0.6598700164697258,1.8262922924508425,Estimated (Region),-0.3641299957008547,-1.231731493222399,False,False,True,False,False,False,False,0,0,21,5737.0,7689.0,15314.0,8322.666666666666,11083.333333333334,6733.728858020125,6588.416262574516,0.6921694488974897
2024,-1.3035722838802226,13035.0,0.8733175319252899,-1.6728020033080964,-1.298917841652951,-1.359234438257324,-0.2466824950964755,Interpolated (Month),-1.46995327482369,-0.0055734456706894,False,False,False,False,False,True,False,0,0,21,15966.0,3265.0,9756.0,11579.333333333334,10357.166666666666,5267.5738564668745,6958.243745577593,4.656574718790874
2024,-1.3035722838802226,11792.0,0.5033465766329862,0.8969481200162464,-0.2428663803205408,-0.3745072656650333,0.1719446939962401,Official (Quarter),1.1899610621070713,1.2205846018810202,False,False,False,False,False,False,True,0,0,21,13035.0,5737.0,16353.0,13597.666666666666,9580.666666666666,2143.1318982585913,7843.833340419941,1.4339864730321688
2024,-1.3035722838802226,9475.0,-0.1870624205209891,1.741902778235449,0.6211757244059766,0.5357447426135546,0.1668760882841463,Official (Quarter),1.3493771917616406,1.2205846018810202,True,False,False,False,False,False,True,0,0,21,11792.0,15966.0,14286.0,11434.0,9878.333333333334,1806.7991033869675,11655.26141142628,1.1342397795033643
2024,-1.3035722838802226,7238.0,-0.6427182734539596,-0.5647039224923369,-0.5788827543808531,-0.5234575942924387,-0.7634820640988539,Interpolated (Month),-1.5991005191008092,-0.0055734456706894,False,False,True,True,False,False,False,0,0,21,9475.0,13035.0,9189.0,9501.666666666666,10540.5,2277.1171101489517,20258.522790885836,-1.1850024588134502
2024,-1.3035722838802226,6847.0,-0.6535169180881258,-0.2282374090465846,1.5812225074354402,1.6694222438332509,-0.0653736550152621,Interpolated (Month),-1.0784756906086717,-0.0055734456706894,False,False,True,False,False,False,True,0,0,21,7238.0,11792.0,15476.0,7853.333333333333,10725.5,1417.946519912852,19761.426624984513,-0.08550067699999347
2024,-1.3035722838802226,12916.0,0.73551743626756,-0.2601642317625055,-1.298917841652951,-1.284759273943621,-0.2142887245119203,Interpolated (Month),1.5589531886131267,-0.0055734456706894,False,True,False,False,False,True,False,0,0,21,6847.0,9475.0,12668.0,9000.333333333334,10217.166666666666,3396.697562829677,7442.160896854726,0.9136286525790724
2024,-1.3035722838802226,10257.0,0.1253940144371683,0.23010323279077,1.5812225074354402,1.7438974081469534,0.990595307081976,Estimated (Region),1.1320177672416671,-1.231731493222399,False,True,False,False,False,False,False,0,0,21,12916.0,7238.0,17392.0,10006.666666666666,9754.166666666666,3042.234431028147,9114.141241571937,0.08385999859454166
2024,-1.3035722838802226,12422.0,0.493252191431483,0.7844241494658815,-1.298917841652951,-1.2102841096299186,-0.2391786933439344,Estimated (Region),0.6390673482374837,-1.231731493222399,False,True,False,False,False,False,True,0,0,21,10257.0,6847.0,16451.0,11865.0,9859.166666666666,1414.304422675678,8318.755580121962,-3.7303063500442253
2024,-1.3035722838802226,5081.0,-1.1763121702683037,0.4489034870924167,-1.298917841652951,-1.3178593469719335,-1.3710351599574384,Official (Quarter),-1.2223249649262666,1.2205846018810202,False,False,False,True,False,False,False,0,0,21,12422.0,12916.0,7689.0,9253.333333333334,9126.833333333334,3772.0127695082224,-28818.203486849314,-1.4122708404483513
2024,-1.3035722838802226,11602.0,0.3087362200737731,1.2487321522984465,-0.5788827543808531,-0.7137830142052343,-0.0668177828997134,Official (Quarter),-0.9648953016685264,1.2205846018810202,False,False,True,False,False,True,False,0,0,21,5081.0,10257.0,3265.0,9701.666666666666,9854.166666666666,4022.5639004661107,8865.04080963389,4.362886251600247
2024,-1.3035722838802226,3021.0,-1.6960556315736084,1.289621448233227,1.5812225074354402,1.4377217326350646,-1.2421113509788713,Interpolated (Month),-1.4293064858882571,-0.0055734456706894,False,False,True,False,True,False,False,0,0,21,11602.0,12422.0,5737.0,6568.0,9216.5,4479.594512899524,-4340.170329733949,0.5290273417873688
2024,-1.3035722838802226,12899.0,0.7796510273811089,0.2716734619725469,0.6211757244059766,0.4778196148140081,0.9502163587833956,Official (Quarter),-0.3171411545910992,1.2205846018810202,True,False,False,False,True,False,False,0,0,21,3021.0,5081.0,15966.0,9174.0,9213.666666666666,5367.970659383278,7248.050208462417,0.18383398031074213
2024,-1.3035722838802226,12160.0,0.5211878155937826,1.2273384225535822,-0.5788827543808531,-0.448982429978736,0.1965798167309983,Official (Quarter),0.0414730683569734,1.2205846018810202,False,True,False,False,True,False,False,0,0,21,12899.0,11602.0,13035.0,9360.0,9530.833333333334,5502.156031956906,7993.7532205735215,2.227403424733296
2024,-1.3035722838802226,4948.0,-1.332657764319493,0.3463961937148382,-0.5788827543808531,-0.4655324664928921,-1.1738125969142317,Estimated (Region),-0.3903630296946446,-1.231731493222399,False,False,False,False,True,False,False,0,0,21,12160.0,3021.0,11792.0,10002.333333333334,8285.166666666666,4392.749063323918,-14874.145535493391,0.6481145663644534
2024,-1.013889554129062,8283.0,-0.5316800362374243,-0.7376540087874727,-0.5788827543808531,-0.4903575212641263,-0.5554427000387766,Interpolated (Month),-1.185714027374494,-0.0055734456706894,False,False,True,False,False,True,False,0,0,21,4948.0,12899.0,9475.0,8463.666666666666,8818.833333333334,3609.3927928853936,17686.625898782386,-1.4473950652958967
2024,-1.013889554129062,8489.0,-0.4037395726369766,-1.1536266857777733,-0.2428663803205408,-0.3993323204362675,-0.4772049481811485,Official (Quarter),-0.3759492747530018,1.2205846018810202,True,False,False,False,False,False,False,0,0,21,8283.0,12160.0,7238.0,7240.0,8300.0,1987.600815053058,14237.067580591947,-1.9205739296904694
2024,-1.013889554129062,13546.0,1.0878819057432885,1.7393848163162635,0.6211757244059766,0.6681450347268039,1.2358705175744746,Estimated (Region),1.040346285812819,-1.231731493222399,False,True,False,False,False,False,False,0,0,21,8489.0,4948.0,6847.0,10106.0,10054.166666666666,2980.9074121817075,6487.914839789565,1.042705987852625
2024,-1.013889554129062,13755.0,0.8902197583092023,-0.7109947266202139,-0.5788827543808531,-0.457257448235814,0.4929091953738062,Official (Quarter),1.046688337987142,1.2205846018810202,True,False,False,True,False,False,False,0,0,21,13546.0,8283.0,12916.0,11930.0,10196.833333333334,2981.8251122425027,7276.931658096633,-1.3100036551568028
2024,-1.013889554129062,8095.0,-0.5964719040424217,1.0998364057271328,-1.298917841652951,-1.3261343652290116,-0.9379383757871808,Interpolated (Month),0.2977496312193823,-0.0055734456706894,False,True,False,False,False,True,False,0,0,21,13755.0,8489.0,10257.0,11798.666666666666,9519.333333333334,3209.1712845115226,20060.561039226875,-3.3723413506418662
2024,-1.013889554129062,3180.0,-1.682674702353011,1.4569222737361285,1.5812225074354402,1.6528722073190945,-1.1614667193138244,Official (Quarter),1.0954068296898944,1.2205846018810202,False,False,True,False,False,False,True,0,0,21,8095.0,13546.0,12422.0,8343.333333333334,9224.666666666666,5291.871912030091,-4658.148293820359,0.549186753028125
2024,-1.013889554129062,8819.0,-0.1534927208973854,0.7530052930115885,0.6211757244059766,0.6681450347268039,0.0693832979671672,Official (Quarter),0.5860247300522382,1.2205846018810202,False,False,True,False,False,False,False,0,0,21,3180.0,13755.0,5081.0,6698.0,9314.0,3068.108048944743,10418.102971718157,0.4514027721425973
2024,-1.013889554129062,16656.0,1.5665435668099172,-1.386493927492917,0.6211757244059766,0.5522947791277109,1.9043035144442428,Interpolated (Month),-0.3162763292946006,-0.0055734456706894,False,True,False,True,False,False,False,0,0,21,8819.0,8095.0,11602.0,9551.666666666666,10675.166666666666,6767.8094191055,6489.661899915674,-0.893189841347039
2024,-1.013889554129062,14419.0,1.365594875356737,1.0679836407147176,1.5812225074354402,1.5039218786916893,2.069868528961634,Official (Quarter),1.0181491032026893,1.2205846018810202,True,False,False,False,False,False,True,0,0,21,16656.0,3180.0,3021.0,13298.0,10820.666666666666,4036.969531715609,6095.295585143497,0.42652434558890634
2024,-1.013889554129062,3163.0,-1.7519268798982075,-1.5613138465436731,-0.2428663803205408,-0.3745072656650333,-1.4956832177487085,Interpolated (Month),-1.463322947550534,-0.0055734456706894,False,False,False,False,False,True,False,0,0,21,14419.0,8819.0,12899.0,11412.666666666666,9055.333333333334,7231.444691991586,-4206.526039377915,-2.4961342647787674
2024,-1.013889554129062,11335.0,0.2876084370938827,-1.604575971180031,-0.2428663803205408,-0.1014316631814569,0.2425087467031565,Official (Quarter),-1.227225641606425,1.2205846018810202,False,False,False,True,False,False,False,0,0,21,3163.0,16656.0,12160.0,9639.0,9595.333333333334,5816.5020416054,8803.14206823851,-1.785702773437541
2024,-1.013889554129062,11566.0,0.5233005938917716,-0.0456131003284291,-0.2428663803205408,-0.2917570830942526,0.1774097269707326,Official (Quarter),-0.2629454360105223,1.2205846018810202,False,False,False,False,False,False,True,0,0,21,11335.0,14419.0,4948.0,8688.0,10993.0,4786.184179489931,7592.723357673521,-0.0644031860250842
2024,-1.013889554129062,10989.0,0.44583205629884,1.7398669369363997,-0.2428663803205408,-0.2834820648371745,0.0681090674808865,Interpolated (Month),-0.6766202028356705,-0.0055734456706894,False,True,False,False,False,False,True,0,0,21,11566.0,3163.0,8283.0,11296.666666666666,11354.666666666666,290.4037419409016,7600.46780822563,2.4282252425977626
2024,-1.013889554129062,7874.0,-0.6521083992227997,-0.0111931672716812,-1.298917841652951,-1.384059493028558,-0.9932399788917582,Estimated (Region),0.8993797624835526,-1.231731493222399,False,False,True,True,False,False,False,0,0,21,10989.0,11335.0,8489.0,10143.0,9891.0,1986.077289533274,22633.486932162916,0.02914435777492655
2024,-1.013889554129062,9744.0,-0.037524667652209,-1.2801500474485028,-0.2428663803205408,-0.341407192636721,-0.2072946149538912,Interpolated (Month),0.5597916960584484,-0.0055734456706894,True,False,False,False,False,True,False,0,0,21,7874.0,11566.0,13546.0,9535.666666666666,9111.833333333334,1567.9152825752778,10123.895826224667,-1.9437656062076816
2024,-1.013889554129062,12472.0,0.5664951724284365,-0.4090415881658347,1.5812225074354402,1.6197721342907825,1.5800543300353758,Interpolated (Month),0.4470761324148017,-0.0055734456706894,False,False,False,False,False,False,False,0,0,21,9744.0,10989.0,13755.0,10030.0,10663.333333333334,2312.3036132826123,7961.722589074731,-0.15613632300756164
2024,-1.013889554129062,9135.0,-0.2908233102666733,1.6392155594305615,0.6211757244059766,0.4198944870144616,0.0309581697475502,Estimated (Region),1.0080594747435392,-1.231731493222399,False,False,False,False,True,False,False,0,0,21,12472.0,7874.0,8095.0,10450.333333333334,10296.666666666666,1777.09660213878,12881.134042117283,1.1544629368040262
2024,-1.013889554129062,11386.0,0.3643727152541513,-0.3410277885169423,-0.2428663803205408,-0.0766066084102227,0.2675969291663699,Official (Quarter),1.13028811664867,1.2205846018810202,False,True,False,False,True,False,False,0,0,21,9135.0,9744.0,3180.0,10997.666666666666,10266.666666666666,1702.0559136918064,8345.226984313484,-0.3693201528438551
2024,-1.013889554129062,8148.0,-0.4699399593073,-1.579982849237418,-0.2428663803205408,-0.1428067544668473,-0.4353818719981164,Official (Quarter),0.6376259727433194,1.2205846018810202,True,False,False,False,True,False,False,0,0,21,11386.0,12472.0,8819.0,9556.333333333334,9793.166666666666,1659.6090905189428,15371.843516730525,-1.8432049686237417
2024,-1.013889554129062,3907.0,-1.4648237845159189,-0.2318950643492459,-0.2428663803205408,-0.1345317362097692,-1.3037557902818235,Estimated (Region),-0.7991371198396342,-1.231731493222399,False,False,True,False,True,False,False,0,0,21,8148.0,9135.0,16656.0,7813.666666666667,9132.0,3750.6925138343386,-8405.33580713574,-0.26794173056523746
2024,-0.7242068243779014,11345.0,0.2643678758160032,-1.5534418605831417,0.6211757244059766,0.4116194687573836,0.5433404063974893,Interpolated (Month),-1.633693530960752,-0.0055734456706894,False,True,False,False,False,False,False,0,0,21,3907.0,11386.0,14419.0,7800.0,9398.833333333334,3731.1913646983608,8972.863212518836,-1.100467863304975
2024,-0.7242068243779014,15319.0,1.556449181608414,-1.3263282562893337,-1.298917841652951,-1.243384182658231,0.1703873011796751,Official (Quarter),-0.2958087972774679,1.2205846018810202,True,False,False,False,False,False,True,0,0,21,11345.0,8148.0,3163.0,10190.333333333334,9873.333333333334,5792.959289804579,5992.295919749872,5.449525280580014
2024,-0.7242068243779014,12693.0,0.7566452192474504,0.5069915663453105,-0.5788827543808531,-0.5069075577782824,0.2598099650835441,Interpolated (Month),-0.6979525601493018,-0.0055734456706894,False,False,False,False,False,False,True,0,0,21,15319.0,3907.0,11335.0,13119.0,10466.333333333334,2020.9591782121986,7225.704918058355,1.0281876640837728
2024,-0.7242068243779014,13127.0,0.9965629326413176,-1.4222985904957466,-1.298917841652951,-1.384059493028558,-0.2502786566910896,Official (Quarter),0.0039973055087022,1.2205846018810202,True,False,False,True,False,False,False,0,0,21,12693.0,11345.0,11566.0,13713.0,10756.5,1407.6633120175366,6574.799013539668,3.7033288235632473
2024,-0.7242068243779014,3880.0,-1.522103551705844,-0.791517816751153,-0.5788827543808531,-0.4324323934645798,-1.3686282801500196,Interpolated (Month),-0.105547232047783,-0.0055734456706894,False,False,True,False,False,False,True,0,0,21,13127.0,15319.0,10989.0,9900.0,10045.166666666666,5217.987063993147,-7431.475973153334,-1.3945789147178127
2024,-0.7242068243779014,5616.0,-1.0706732553688514,-0.306808656213323,-1.298917841652951,-1.367509456514402,-1.3078616440709498,Official (Quarter),0.8673812265131056,1.2205846018810202,False,False,False,True,False,False,False,0,0,21,3880.0,12693.0,7874.0,7541.0,10330.0,4914.872429677051,-79464.28915279885,0.8348320043876198
2024,-0.7242068243779014,9738.0,-0.1790808136174749,-0.5326528418846284,1.5812225074354402,1.3880716230925962,0.6560106976177216,Estimated (Region),0.4900291221408972,-1.231731493222399,True,False,False,False,False,True,False,0,0,21,5616.0,13127.0,9744.0,6411.333333333333,10062.166666666666,3008.896364671409,11862.312590002455,-0.22304726404932246
2024,-0.7242068243779014,3297.0,-1.7038024853329017,-0.3337363354268428,-0.5788827543808531,-0.7055079959481563,-1.525783373457959,Estimated (Region),0.6952809925098906,-1.231731493222399,True,False,False,False,False,False,False,0,0,21,9738.0,3880.0,12472.0,6217.0,8058.5,3262.287694241492,-4684.552937377743,-1.1332611100982228
2024,-0.7242068243779014,13755.0,0.9859990411513724,-0.9755974338979254,-0.5788827543808531,-0.6806829411769221,0.3351594611722696,Interpolated (Month),-0.8910968763673153,-0.0055734456706894,False,False,True,False,False,True,False,0,0,21,3297.0,5616.0,9135.0,8930.0,8235.5,5275.612665842681,6925.985217004743,-3.055262495194373
2024,-0.7242068243779014,14574.0,1.2977512166768668,-0.9848536527729718,-0.5788827543808531,-0.6062077768632194,0.5362613481403748,Official (Quarter),0.0466620201359649,1.2205846018810202,False,True,False,True,False,False,False,0,0,21,13755.0,9738.0,11386.0,10542.0,8476.666666666666,6287.702998711045,6342.723221828042,-2.500947441084662
2024,-0.7242068243779014,7310.0,-0.6401359888675285,-0.8697510824522295,1.5812225074354402,1.5287469334629231,0.0198865226334234,Official (Quarter),0.4831105197689087,1.2205846018810202,False,True,False,False,False,False,True,0,0,21,14574.0,3297.0,8148.0,11879.666666666666,9048.333333333334,3978.5776771772767,20313.22881383956,-0.34394548182849316
2024,-0.7242068243779014,14808.0,1.1500914889618548,-1.2323420720989853,-1.298917841652951,-1.359234438257324,0.0063513632458208,Official (Quarter),1.4220225166675202,1.2205846018810202,False,False,True,True,False,False,False,0,0,21,7310.0,13755.0,3907.0,12230.666666666666,10580.333333333334,4263.028188193619,6887.148791584614,3.430467518863666
2024,-0.7242068243779014,6267.0,-0.9626868090271892,-0.0815837718746875,-1.298917841652951,-1.3013093104577775,-1.1939171223644367,Interpolated (Month),0.7408284581254818,-0.0055734456706894,False,False,False,False,False,True,False,0,0,21,14808.0,14574.0,11345.0,9461.666666666666,10001.833333333334,4659.3371130809055,167956.68868327566,0.2707641916233446
2024,-0.7242068243779014,10275.0,0.0293799784507773,0.538627625594448,-1.298917841652951,-1.3426844017431678,-0.6318398967495548,Interpolated (Month),0.2640214446559382,-0.0055734456706894,False,False,True,False,False,False,False,0,0,21,6267.0,7310.0,15319.0,10450.0,11164.833333333334,4273.188388077439,9981.7367882596,-1.571789153094088
2024,-0.7242068243779014,7394.0,-0.6856780988464035,1.6918114398664408,1.5812225074354402,1.719072353375719,0.1165581421925774,Interpolated (Month),-1.1407431119565683,-0.0055734456706894,False,False,False,False,False,False,False,0,0,21,10275.0,14808.0,12693.0,7978.666666666667,10104.666666666666,2066.9766165423757,23523.655121909083,0.622201699695877
2024,-0.7242068243779014,10425.0,0.2430053396918918,1.1844843608338544,1.5812225074354402,1.7687224629181877,1.054618309959318,Interpolated (Month),0.0512744217172905,-0.0055734456706894,False,True,False,False,False,True,False,0,0,21,7394.0,6267.0,13127.0,9364.666666666666,9413.166666666666,1708.2945686658077,8386.93098662318,0.4278089901381547
2024,-0.7242068243779014,6656.0,-0.9108063641543472,1.2733352148724024,-0.5788827543808531,-0.5731077038349071,-0.8884699166864654,Estimated (Region),0.2689221213360968,-1.231731493222399,False,False,False,False,True,False,False,0,0,21,10425.0,10275.0,3880.0,8158.333333333333,9304.166666666666,1997.3718565487459,74624.15829216821,2.982802047053018
2024,-0.7242068243779014,7530.0,-0.5816824559564984,1.1633843767451766,1.5812225074354402,1.6611472255761726,0.1350769585931885,Interpolated (Month),-1.637152832146746,-0.0055734456706894,False,False,True,False,True,False,False,0,0,21,6656.0,7394.0,5616.0,8203.666666666666,8091.166666666667,1972.741831394313,18000.67940544454,0.437173999831328
2024,-0.7242068243779014,9469.0,-0.0213267007009596,1.493742372230647,0.6211757244059766,0.5191947060993986,0.157390150219613,Official (Quarter),-0.5517970850410439,1.2205846018810202,True,False,False,False,True,False,False,0,0,21,7530.0,10425.0,9738.0,7885.0,8624.833333333334,1439.7086510817476,9675.343147485504,0.9832461673500025
2024,-0.7242068243779014,2533.0,-1.9063944487956288,-1.5861525020804583,1.5812225074354402,1.4377217326350646,-1.3817953285082525,Interpolated (Month),-1.3148612716516133,-0.0055734456706894,False,True,False,False,True,False,False,0,0,21,9469.0,6656.0,3297.0,6510.666666666667,7334.5,3578.589712908261,-2794.589048251258,-0.6506700419682032
2024,-0.4345240946267408,14312.0,0.971679099353891,-0.0761288504252094,-1.298917841652951,-1.384059493028558,-0.0826748733956497,Estimated (Region),-0.3436624636837219,-1.231731493222399,False,False,True,False,False,False,False,0,0,21,2533.0,7530.0,13755.0,8771.333333333334,8487.5,5920.410824709131,7258.787702669248,0.19822150423853369
2024,-0.4345240946267408,13749.0,0.93411859627853,0.497159784915504,0.6211757244059766,0.7426201990405065,1.3385451785356617,Official (Quarter),-1.6907720005296574,1.2205846018810202,False,False,True,False,False,False,True,0,0,21,14312.0,9469.0,14574.0,10198.0,9041.5,6644.050797518021,7108.66439444545,0.2852944004604343
2024,-0.4345240946267408,15342.0,1.1916427954889726,-1.734456284055296,-0.5788827543808531,-0.5069075577782824,0.7537583340319569,Interpolated (Month),-1.3258157254072618,-0.0055734456706894,False,True,False,False,False,False,False,0,0,21,13749.0,2533.0,7310.0,14467.666666666666,10489.166666666666,807.828158294557,7000.228336286471,-3.5175073384625164
2024,-0.4345240946267408,8707.0,-0.2628876861043737,1.2442494245943148,-0.5788827543808531,-0.5813827220919852,-0.5167060932558466,Interpolated (Month),-0.9605711751860336,-0.0055734456706894,False,True,False,False,False,False,True,0,0,21,15342.0,14312.0,14808.0,12599.333333333334,10685.333333333334,3463.6839251486845,11812.311144259209,2.9722839697689705
2024,-0.4345240946267408,8375.0,-0.3124205995350057,-0.6580012209306141,-0.2428663803205408,-0.1014316631814569,-0.3710190743244328,Estimated (Region),0.5615213466514455,-1.231731493222399,True,False,False,False,False,True,False,0,0,21,8707.0,13749.0,6267.0,10808.0,10503.0,3930.066538876905,12180.411446788807,-0.7322773282445305
2024,-0.4345240946267408,11236.0,0.5265871379108658,-0.3501249572905002,-0.2428663803205408,-0.3000321013513307,0.1074686313904424,Official (Quarter),0.4499588834031302,1.2205846018810202,False,True,False,False,False,True,False,0,0,21,8375.0,15342.0,10275.0,9439.333333333334,11953.5,1564.7889101514947,7360.208743391133,-0.5002014491899383
2024,-0.4345240946267408,8419.0,-0.5011621274886936,-1.662479651721512,1.5812225074354402,1.6280471525478604,0.3854774072638385,Interpolated (Month),0.4681202146296002,-0.0055734456706894,False,True,False,True,False,False,False,0,0,21,11236.0,8707.0,7394.0,9343.333333333334,10971.333333333334,1639.245049811984,16877.22697880999,-0.6325912570136947
2024,-0.4345240946267408,8204.0,-0.5060919435173348,0.058696926543204,0.6211757244059766,0.6433199799555697,-0.092840401052866,Official (Quarter),-0.943562944354895,1.2205846018810202,True,False,False,True,False,False,False,0,0,21,8419.0,8375.0,10425.0,9286.333333333334,10047.166666666666,1691.8795268378562,16610.37898110888,0.035718501119174
2024,-0.4345240946267408,7159.0,-0.6046882640901567,0.624117055144356,-1.298917841652951,-1.3426844017431678,-1.079179746133127,Estimated (Region),0.2325994588831569,-1.231731493222399,False,False,True,True,False,False,False,0,0,21,8204.0,11236.0,6656.0,7927.333333333333,8683.333333333334,674.0239857252552,18109.75832408051,-1.8212590125771582
2024,-0.4345240946267408,11299.0,0.3749366067440965,-1.3174890468991265,-0.5788827543808531,-0.564832685577829,-0.0336877902564183,Estimated (Region),-0.4759807340480028,-1.231731493222399,False,False,False,False,False,False,False,0,0,21,7159.0,8419.0,7530.0,8887.333333333334,9115.333333333334,2152.9301738173144,8217.833421976067,-3.02754596504687
2024,-0.4345240946267408,11323.0,0.5479496740349772,-1.5156967863421558,-1.298917841652951,-1.1854590548586843,-0.3899909504534991,Interpolated (Month),1.1057847332478774,-0.0055734456706894,False,False,False,False,False,True,False,0,0,21,11299.0,8204.0,9469.0,9927.0,9606.666666666666,2397.1883530502596,7314.8372908563615,8.172676106308657
2024,-0.4345240946267408,15642.0,1.6210062962691905,-0.7243554321767899,-0.5788827543808531,-0.6227578133773755,0.7166923849977059,Official (Quarter),1.5275312028403454,1.2205846018810202,True,False,False,False,False,False,True,0,0,21,11323.0,7159.0,2533.0,12754.666666666666,10341.0,2500.5328098894074,5967.936827265633,-1.920133690936855
2024,-0.4345240946267408,10084.0,-0.1011427697361013,-1.1342916607840468,-0.2428663803205408,-0.4076073386933456,-0.1752689553987059,Interpolated (Month),0.3432970968349735,-0.0055734456706894,False,False,False,True,False,False,False,0,0,21,15642.0,11299.0,14312.0,12349.666666666666,10618.5,2917.768725127709,11218.689309579679,-1.9147631881227447
2024,-0.4345240946267408,13980.0,1.1083054292905157,1.2947368971223412,0.6211757244059766,0.7674452538117407,1.4142344694207285,Interpolated (Month),0.2925606794403909,-0.0055734456706894,False,False,True,False,False,True,False,0,0,21,10084.0,11323.0,13749.0,13235.333333333334,11581.166666666666,2852.8472327367026,6630.917800512676,0.7325471011506929
2024,-0.4345240946267408,8761.0,-0.3941146937239154,-1.5883543519229362,-0.5788827543808531,-0.5896577403490633,-0.5105614706886714,Interpolated (Month),1.0613903680276175,-0.0055734456706894,True,False,False,False,False,False,False,0,0,21,13980.0,15642.0,15342.0,10941.666666666666,11848.166666666666,2713.150259999111,14459.832429089909,-3.8708037365541914
2024,-0.4345240946267408,12999.0,0.6937313765962212,1.652109055314016,0.6211757244059766,0.5274697243564767,1.0070470384715096,Estimated (Region),1.3660971474939465,-1.231731493222399,False,False,False,False,False,False,True,0,0,21,8761.0,10084.0,8707.0,11913.333333333334,12131.5,2773.7148976297717,7674.770733788508,1.081598560658903
2024,-0.4345240946267408,9655.0,-0.1748552570214968,-0.4698638380696239,-0.2428663803205408,-0.2834820648371745,-0.1959398055094798,Official (Quarter),1.7255761957385174,1.2205846018810202,True,False,False,False,True,False,False,0,0,21,12999.0,13980.0,8375.0,10471.666666666666,11853.5,2233.9134569927273,11700.97741294285,-0.6557600515091775
2024,-0.4345240946267408,10131.0,0.0669404815261381,-1.386857754600071,0.6211757244059766,0.6515949982126477,0.3845429715738993,Interpolated (Month),0.982402990947415,-0.0055734456706894,False,False,False,False,True,False,False,0,0,21,9655.0,8761.0,11236.0,10928.333333333334,10935.0,1808.9746635409908,9495.37502364588,-0.8397081343192038
2024,-0.4345240946267408,6960.0,-0.6258160470700472,-0.6703420177113975,1.5812225074354402,1.379796604835518,-0.1351448531973814,Estimated (Region),0.1769623648084157,-1.231731493222399,False,False,True,False,True,False,False,0,0,21,10131.0,12999.0,8419.0,8915.333333333334,10414.333333333334,1710.011793331569,18600.47697262665,-0.2816803824113905
2024,-0.4345240946267408,11919.0,0.6289395087912238,0.9026938049325072,-1.298917841652951,-1.1854590548586843,-0.2996338508596913,Interpolated (Month),-1.6590617396580432,-0.0055734456706894,False,True,False,False,True,False,False,0,0,21,6960.0,9655.0,8204.0,9670.0,10070.833333333334,2511.4360433823085,7317.030457960132,-4.867348243634369
2024,-0.1448413648755802,3651.0,-1.5559080044736686,0.2327181158655495,1.5812225074354402,1.3549715500642838,-1.0772542422871918,Official (Quarter),-1.147661714328557,1.2205846018810202,True,False,False,False,False,False,True,0,0,21,11919.0,10131.0,7159.0,7510.0,9219.166666666666,4161.349660867203,-6567.633440458825,0.09881992666076878
2024,-0.1448413648755802,5897.0,-1.091566285204521,0.0018623609026642,0.6211757244059766,0.5440197608706328,-0.6892652173312667,Estimated (Region),-0.6869981063936533,-1.231731493222399,False,False,True,True,False,False,False,0,0,21,3651.0,6960.0,11299.0,7155.666666666667,8035.5,4275.293830058103,-64401.43320031559,0.0012061768572275676
2024,-0.1448413648755802,8995.0,-0.2659394769792467,0.3152014984973308,-0.2428663803205408,-0.3165821378654868,-0.3418533543051213,Estimated (Region),-1.1041321744047958,-1.231731493222399,False,True,False,False,False,False,False,0,0,21,5897.0,11919.0,11323.0,6181.0,7925.5,2683.2957347261327,12253.757991213613,0.46121343318839314
2024,-0.1448413648755802,11466.0,0.4732981741726976,0.8964406507861853,-1.298917841652951,-1.2185591278869967,-0.3878106005103079,Estimated (Region),-0.0571170154438632,-1.231731493222399,False,False,True,False,False,False,True,0,0,21,8995.0,3651.0,15642.0,8786.0,8148.0,2790.3764978940926,7782.5386612173825,-4.101593282572388
2024,-0.1448413648755802,6370.0,-0.7988291143609278,1.1397281593066415,-0.5788827543808531,-0.6227578133773755,-0.9570518330813896,Interpolated (Month),-0.7677151340668529,-0.0055734456706894,False,False,False,True,False,False,False,0,0,21,11466.0,5897.0,10084.0,8943.666666666666,8049.666666666667,2548.38779100298,31664.621745656794,3.021210775789433
2024,-0.1448413648755802,11536.0,0.5446631300158831,1.2096291878160053,-0.5788827543808531,-0.5234575942924387,0.0342711690118796,Official (Quarter),1.5900868992870751,1.2205846018810202,False,False,False,False,False,False,True,0,0,21,6370.0,8995.0,13980.0,9790.666666666666,7985.833333333333,2962.590983131679,7468.295044940563,2.5383453252601313
2024,-0.1448413648755802,16936.0,2.066567764000658,-1.2772414187175376,-1.298917841652951,-1.4006095295427143,0.2740813465298866,Estimated (Region),0.6918216913238964,-1.231731493222399,False,False,False,False,False,True,False,0,0,21,11536.0,11466.0,8761.0,11614.0,10200.0,5283.431839249936,5522.786810328045,3.188245222662268
2024,-0.1448413648755802,13475.0,1.12098209907845,1.212442883517645,0.6211757244059766,0.5357447426135546,1.1267963879488565,Interpolated (Month),-1.031486849498916,-0.0055734456706894,False,False,False,False,False,False,False,0,0,21,16936.0,6370.0,12999.0,13982.333333333334,11463.0,2735.514637747991,6353.188933492075,0.7894820342697645
2024,-0.1448413648755802,7107.0,-0.8169051064659452,1.6567920867397097,0.6211757244059766,0.6929700894980381,-0.344062020481341,Interpolated (Month),-0.2661164620976837,-0.0055734456706894,False,False,True,False,False,True,False,0,0,21,13475.0,11536.0,9655.0,12506.0,11148.333333333334,4985.632457371888,38815.93780592319,0.9786304536726604
2024,-0.1448413648755802,12547.0,0.8073518983991875,-0.931512224986366,-1.298917841652951,-1.3923345112856362,-0.3376342355838811,Official (Quarter),1.6780108044310962,1.2205846018810202,True,False,False,True,False,False,False,0,0,21,7107.0,16936.0,10131.0,11043.0,11328.5,3440.111626095862,6942.200913454188,2.374280615625439
2024,-0.1448413648755802,9170.0,-0.2236839110194659,-1.089247677979454,1.5812225074354402,1.710797335118641,0.6467512894174161,Interpolated (Month),-0.2710171387778423,-0.0055734456706894,True,False,False,False,False,False,False,0,0,21,12547.0,13475.0,6960.0,9608.0,11795.166666666666,2746.321721867229,11812.198832620015,-0.40181818975109107
2024,-0.1448413648755802,13451.0,0.7010087240670724,-0.6189946805722002,-0.2428663803205408,-0.2834820648371745,0.5554031216676121,Interpolated (Month),0.4436168312288074,-0.0055734456706894,False,True,False,True,False,False,False,0,0,21,9170.0,7107.0,11919.0,11722.666666666666,12114.333333333334,2256.4096111595773,7907.660795436117,-0.8638927934602731
2024,-0.1448413648755802,6679.0,-0.8964864223568658,1.2592279679019662,-0.5788827543808531,-0.5896577403490633,-0.8899423608039452,Estimated (Region),1.4620927554052872,-1.231731493222399,False,True,False,False,False,True,False,0,0,21,13451.0,12547.0,3651.0,9766.666666666666,10404.833333333334,3425.201356611481,64522.936527476915,3.0687260166017163
2024,-0.1448413648755802,8099.0,-0.5159515755746169,1.295020205115617,0.6211757244059766,0.4116194687573836,-0.2149399978715749,Estimated (Region),-1.637441107245579,-1.231731493222399,True,False,False,False,False,True,False,0,0,21,6679.0,9170.0,5897.0,9409.666666666666,9508.833333333334,3571.187664255842,16731.79705029383,0.9174003573750608
2024,-0.1448413648755802,2967.0,-1.7901916424062314,-1.7219748273410094,-0.5788827543808531,-0.564832685577829,-1.5625378439288966,Interpolated (Month),-1.339652930151239,-0.0055734456706894,False,True,False,False,False,False,True,0,0,21,8099.0,13451.0,8995.0,5915.0,8818.833333333334,2649.9298103911037,-3754.7853467104733,-3.957040821476912
2024,-0.1448413648755802,9127.0,-0.0612347352185305,0.3640363410645814,0.6211757244059766,0.4943696513281643,0.0639748974587316,Estimated (Region),1.4710292834691057,-1.231731493222399,False,False,True,False,False,False,False,0,0,21,2967.0,6679.0,11466.0,6731.0,8248.833333333334,3299.9951515115154,9722.345236244579,0.2436052824955549
2024,-0.1448413648755802,9860.0,-0.1553707460511534,-1.286403698626392,-0.2428663803205408,-0.333132174379643,-0.1804791422759419,Estimated (Region),1.2631829372106167,-1.231731493222399,False,False,False,False,True,False,False,0,0,21,9127.0,8099.0,6370.0,7318.0,8363.833333333334,3785.858291061561,11673.760947660892,-1.9290234874200276
2024,-0.1448413648755802,10092.0,0.062245418641718,-0.1588667132193716,-0.5788827543808531,-0.457257448235814,-0.1994510184050086,Official (Quarter),-1.3641563135520318,1.2205846018810202,False,True,False,False,True,False,False,0,0,21,9860.0,2967.0,11536.0,9693.0,7804.0,503.70924152708335,9500.629348822735,-0.2927109965912475
2024,-0.1448413648755802,6762.0,-0.7807531222559104,-0.3504236732623582,-0.5788827543808531,-0.5234575942924387,-0.8518287111476414,Interpolated (Month),-1.517806941229944,-0.0055734456706894,False,False,True,False,True,False,False,0,0,21,10092.0,9127.0,16936.0,8904.666666666666,7817.833333333333,1859.2260038341353,30841.94433953479,-0.7353462547410773
2024,-0.1448413648755802,9874.0,0.1345493870617875,1.7065852061684263,0.6211757244059766,0.7674452538117407,0.3800406905223745,Official (Quarter),1.7414313261743246,1.2205846018810202,True,False,False,False,True,False,False,0,0,21,6762.0,9860.0,13475.0,8909.333333333334,8113.666666666667,1862.8369046518937,8703.014705751422,0.9655660917858354
2024,0.1448413648755802,1492.0,-2.111568696844787,0.157321409318202,-0.5788827543808531,-0.457257448235814,-1.8249443754036123,Interpolated (Month),0.1700437624364272,-0.0055734456706894,True,False,False,True,False,False,False,1,0,21,9874.0,10092.0,7107.0,6042.666666666667,7867.833333333333,4237.046298228611,-1342.2472261364287,0.2898637831266931
2024,0.1448413648755802,4031.0,-1.435479641488293,-0.1578751352429062,-1.298917841652951,-1.235109164401153,-1.505990326571067,Interpolated (Month),-1.379723168889006,-0.0055734456706894,True,False,False,False,False,False,True,1,0,21,1492.0,6762.0,12547.0,5132.333333333333,7018.5,4298.160342906333,-9256.460270389849,0.6714971559914744
2024,0.1448413648755802,15734.0,1.665609393671181,1.6546001775285748,1.5812225074354402,1.5370219517200014,2.477537335872337,Interpolated (Month),-1.5010869854976383,-0.0055734456706894,False,False,True,False,False,False,False,1,0,21,4031.0,9874.0,9170.0,7085.666666666667,7997.5,7596.504612868532,5902.590243475442,0.6521820500633905
2024,0.1448413648755802,11767.0,0.4293993362033697,-0.8235341051491611,-0.2428663803205408,-0.0766066084102227,0.3470522790442216,Estimated (Region),1.0475531632836406,-1.231731493222399,False,True,False,False,False,False,False,1,0,21,15734.0,1492.0,13451.0,10510.666666666666,8276.666666666666,5951.7923630897285,8232.129190191421,-0.89185618247853
2024,0.1448413648755802,14181.0,1.0514951683890326,1.6720161636415334,-0.2428663803205408,-0.0848816266673007,0.8444552284221063,Estimated (Region),-0.571688066860511,-1.231731493222399,False,False,True,False,False,True,False,1,0,21,11767.0,4031.0,6679.0,13894.0,9513.166666666666,1999.0120059669966,6912.519326641088,1.8271036975821457
2024,0.1448413648755802,5162.0,-1.142507717500479,-0.2143135667244269,-0.5788827543808531,-0.6889579594340001,-1.1926712081111843,Official (Quarter),0.242400812243474,1.2205846018810202,False,False,False,True,False,False,False,1,0,21,14181.0,15734.0,8099.0,10370.0,8727.833333333334,4668.971728335894,-36222.59966364734,-0.6890180064869776
2024,0.1448413648755802,17392.0,2.1510788959202194,-0.2447055559609864,-1.298917841652951,-1.3344093834860895,0.3972852764367052,Interpolated (Month),1.6702273767626092,-0.0055734456706894,False,False,False,False,False,True,False,1,0,21,5162.0,11767.0,2967.0,12245.0,11377.833333333334,6340.685846184153,5519.37941716339,0.7317544544056296
2024,0.1448413648755802,13962.0,1.2005634149693707,-0.6110650389498787,-0.5788827543808531,-0.5896577403490633,0.4371262163077451,Estimated (Region),-0.2744764399638365,-1.231731493222399,False,False,False,False,False,False,True,1,0,21,17392.0,14181.0,9127.0,12172.0,13033.0,6308.430866705288,6344.738763274557,-1.4891594140698294
2024,0.1448413648755802,5244.0,-1.237817494054207,1.3024786608122798,0.6211757244059766,0.7177951442692723,-0.7995003125110518,Official (Quarter),0.5707461498140969,1.2205846018810202,False,True,False,False,False,False,True,1,0,21,13962.0,5162.0,9860.0,12199.333333333334,11284.666666666666,6262.884425992018,-22050.522485131838,0.7582270011400791
2024,0.1448413648755802,10126.0,-0.039637445950198,1.22613162990854,-1.298917841652951,-1.2764842556865432,-0.6188144295564645,Official (Quarter),-0.9945876368483104,1.2205846018810202,True,False,False,False,False,True,False,1,0,21,5244.0,17392.0,10092.0,9777.333333333334,11011.166666666666,4369.445884014715,10543.934639370467,-4.434724960609094
2024,0.1448413648755802,9197.0,-0.1394075322441251,0.2348811972457892,-0.5788827543808531,-0.5400076308065948,-0.4076885960962851,Interpolated (Month),0.1899347442558942,-0.0055734456706894,False,True,False,True,False,False,False,1,0,21,10126.0,13962.0,6762.0,8189.0,10180.5,2592.3983104453005,10686.823722711133,0.5106197688836718
2024,0.1448413648755802,8381.0,-0.4535072392118296,-0.884309634085638,-1.298917841652951,-1.37578447477148,-0.917975431502118,Official (Quarter),1.226860274757677,1.2205846018810202,False,True,False,False,False,True,False,1,0,21,9197.0,5244.0,9874.0,9234.666666666666,10717.0,873.1095769335489,15335.976249552943,2.353236212388496
2024,0.1448413648755802,9194.0,-0.0565396723341104,1.2140224498380496,1.5812225074354402,1.4211716961209084,0.5172894720113081,Official (Quarter),0.4493823332054645,1.2205846018810202,False,False,True,False,False,False,True,1,0,21,8381.0,10126.0,1492.0,8924.0,9350.666666666666,470.25418658393437,9744.977854814366,0.50141939614737
2024,0.1448413648755802,15180.0,1.2735716428221031,1.6859091900065273,0.6211757244059766,0.7426201990405065,1.697141953608048,Interpolated (Month),-1.1568865174912084,-0.0055734456706894,True,False,False,False,False,False,False,1,0,21,9194.0,9197.0,4031.0,10918.333333333334,9553.666666666666,3713.0303437129683,6676.719446217938,0.967456472118707
2024,0.1448413648755802,12960.0,0.6514758106364403,0.9567961880484208,-1.298917841652951,-1.284759273943621,-0.2078326233814321,Estimated (Region),1.4998567933523914,-1.231731493222399,False,False,True,True,False,False,False,1,0,21,15180.0,8381.0,15734.0,12444.666666666666,10839.666666666666,3026.0907675305093,7847.526386114925,-3.360017655607083
2024,0.1448413648755802,13917.0,0.8582933306951456,0.1711587681476759,-0.5788827543808531,-0.7220580324623124,0.3343666066474725,Interpolated (Month),0.9333962241458296,-0.0055734456706894,False,False,False,False,False,False,False,1,0,21,12960.0,9194.0,11767.0,14019.0,11471.5,1113.5093174285537,7489.129821498075,0.6158075718610848
2024,0.1448413648755802,2561.0,-1.8329167146544545,0.2313577404662584,-1.298917841652951,-1.3013093104577775,-1.7338510537510647,Estimated (Region),-0.6402975403827307,-1.231731493222399,True,False,False,False,True,False,False,1,0,21,13917.0,15180.0,14181.0,9812.666666666666,10365.5,6298.330281378799,-3074.737191535965,-0.7678413259608802
2024,0.1448413648755802,6295.0,-0.8795841959729535,0.8987468772577646,-0.5788827543808531,-0.4986325395212044,-0.9304912065006964,Estimated (Region),0.0535806225079534,-1.231731493222399,False,False,False,False,True,False,False,1,0,21,2561.0,12960.0,5162.0,7591.0,10017.833333333334,5787.866273506982,52277.19111177535,1.7925911593853334
2024,0.1448413648755802,8473.0,-0.232604530499864,-0.632282322488405,-0.2428663803205408,-0.1924568640093157,-0.3903024290168122,Estimated (Region),-1.4333423372719172,-1.231731493222399,False,False,True,False,True,False,False,1,0,21,6295.0,13917.0,17392.0,5776.333333333333,9897.666666666666,2989.932663678692,11041.243187843054,-0.7829703384361364
2024,0.1448413648755802,9001.0,-0.2044341531933435,0.4415593486561993,0.6211757244059766,0.4281695052715397,0.003406475010861,Estimated (Region),-0.9801738819066677,-1.231731493222399,False,True,False,False,True,False,False,1,0,21,8473.0,2561.0,13962.0,7923.0,8867.833333333334,1434.3932515177369,11313.959788657796,0.309178530297946
2024,0.4345240946267408,11880.0,0.5676689381495416,-1.1255329705077184,-0.5788827543808531,-0.5813827220919852,0.0628139319045649,Estimated (Region),0.5329821118669927,-1.231731493222399,True,False,False,True,False,False,False,1,0,21,9001.0,6295.0,5244.0,9784.666666666666,8687.833333333334,1833.7154450276998,7578.130631345555,-2.6886921059073874
2024,0.4345240946267408,4293.0,-1.3514380158571733,0.3135414130630473,0.6211757244059766,0.5357447426135546,-1.076716233859651,Official (Quarter),-0.1545539988493685,1.2205846018810202,False,True,False,True,False,False,False,1,0,21,11880.0,8473.0,10126.0,8391.333333333334,7083.833333333333,3830.0668836631303,-12215.5253737396,0.20416245249810042
2024,0.4345240946267408,4363.0,-1.345099680963206,0.8855909487068545,-0.2428663803205408,-0.225556937037628,-1.2304167467381184,Interpolated (Month),-0.4569545775250343,-0.0055734456706894,False,False,False,True,False,False,False,1,0,21,4293.0,9001.0,9197.0,6845.333333333333,7384.166666666667,4360.2897075002775,-12642.723945216208,1.1435197641506705
2024,0.4345240946267408,12279.0,0.6186103704454996,-0.2966374022231525,-0.5788827543808531,-0.7055079959481563,0.0574621638621865,Interpolated (Month),0.7601428897472832,-0.0055734456706894,False,False,False,False,False,False,False,1,0,21,4363.0,11880.0,8381.0,6978.333333333333,8381.5,4590.6454157703,7586.136987754737,-1.0072850812306982
2024,0.4345240946267408,7408.0,-0.5281587390741092,0.2876028266681577,0.6211757244059766,0.5522947791277109,-0.322881478176055,Estimated (Region),-0.905510631308958,-1.231731493222399,False,True,False,False,False,False,False,1,0,21,12279.0,4293.0,9194.0,8016.666666666667,8204.0,3992.946322370609,15700.195412040339,0.18527590927656912
2024,0.4345240946267408,13506.0,0.6876277948464751,1.7024051706886894,-0.2428663803205408,-0.1841818457522376,0.6351416338757484,Estimated (Region),0.6459859506094723,-1.231731493222399,False,False,False,False,False,True,False,1,0,21,7408.0,4363.0,15180.0,11064.333333333334,8954.833333333334,3225.3623569039896,8002.949489954716,2.086745878140476
2024,0.4345240946267408,8278.0,-0.3795599987822131,-0.7868089396839684,0.6211757244059766,0.5191947060993986,-0.1274145215806125,Estimated (Region),-1.317455747541109,-1.231731493222399,False,False,True,False,False,False,False,1,0,21,13506.0,12279.0,12960.0,9730.666666666666,8354.5,3298.345241683037,13342.144258513494,-0.5179118493008286
2024,0.4345240946267408,10413.0,-0.0466800402768282,-1.6831288281787848,-1.298917841652951,-1.384059493028558,-0.63413351162486,Official (Quarter),-0.8397839087750669,1.2205846018810202,True,False,False,False,False,True,False,1,0,21,8278.0,7408.0,13917.0,10732.333333333334,9374.5,2628.5882776374897,10922.880501761194,4.382469015167998
2024,0.4345240946267408,9497.0,-0.0732071455738017,1.6535494527956185,-0.5788827543808531,-0.6310328316344536,-0.3966169489821582,Estimated (Region),1.4831368376200855,-1.231731493222399,False,False,True,False,False,False,True,1,0,21,10413.0,13506.0,2561.0,9396.0,10230.166666666666,1071.077494861956,10247.165755156628,4.48156257403748
2024,0.4345240946267408,14108.0,0.8751955570790579,0.9185486148930454,-0.2428663803205408,-0.3910573021791895,0.6075616229060308,Interpolated (Month),-1.6665568922276974,-0.0055734456706894,False,True,False,False,False,False,True,1,0,21,9497.0,8278.0,6295.0,11339.333333333334,10535.0,2441.0858922482184,7523.481989246847,1.5084319397871169
2024,0.4345240946267408,981.0,-2.270731328626628,-1.4648509540542136,0.6211757244059766,0.568844815641867,-1.8698539209867464,Estimated (Region),-1.177642324607174,-1.231731493222399,True,False,False,False,False,False,False,1,0,21,14108.0,10413.0,8473.0,8195.333333333334,9463.833333333334,6659.600913968718,-771.9963912908624,-0.9337130986119199
2024,0.4345240946267408,15634.0,1.6029303041641731,0.9091929897045692,-1.298917841652951,-1.3261343652290116,0.1507924679239826,Interpolated (Month),-0.1401402439077257,-0.0055734456706894,False,False,True,False,False,True,False,1,0,21,981.0,9497.0,9001.0,10241.0,9818.5,8055.611025862647,6006.307573809677,-2.787786528003983
2024,0.4345240946267408,8042.0,-0.5746398616298681,0.6078730694667396,-0.2428663803205408,-0.2090069005234718,-0.4844539038364335,Official (Quarter),-0.691610507974979,1.2205846018810202,True,False,False,False,False,False,True,1,0,21,15634.0,14108.0,11880.0,8219.0,9779.166666666666,7328.103369904088,18906.3320103638,0.7684935176666197
2024,0.4345240946267408,8752.0,-0.4354312471068123,0.3717651819337736,-0.5788827543808531,-0.5813827220919852,-0.508494385677594,Interpolated (Month),-1.3442653317325646,-0.0055734456706894,False,False,False,False,False,False,True,1,0,21,8042.0,981.0,4293.0,10809.333333333334,9502.333333333334,4193.3377318471785,15502.097760723598,0.8880789244811431
2024,0.4345240946267408,8129.0,-0.5614936855534919,0.7796436998530263,0.6211757244059766,0.5191947060993986,-0.1630646589634406,Estimated (Region),1.1265405403638429,-1.231731493222399,False,False,True,True,False,False,False,1,0,21,8752.0,15634.0,4363.0,8307.666666666666,9274.333333333334,387.25486870148035,18537.931455469676,0.5131953769473018
2024,0.4345240946267408,11996.0,0.6547623546555343,-1.1727072306091186,-0.5788827543808531,-0.6393078498915317,0.0483443368270231,Interpolated (Month),0.640508723731648,-0.0055734456706894,False,True,False,False,False,True,False,1,0,21,8129.0,8042.0,12279.0,9625.666666666666,8922.333333333334,2076.268849001286,7249.379324016083,-3.2512690676979217
2024,0.4345240946267408,15865.0,1.5285135574461146,-0.930693116963702,-1.298917841652951,-1.3261343652290116,0.1841489904315055,Estimated (Region),0.4139244960490232,-1.231731493222399,False,False,False,False,True,False,False,1,0,21,11996.0,8752.0,7408.0,11996.666666666666,11403.0,3868.000043088592,6274.437387642167,2.853710667105471
2024,0.4345240946267408,8703.0,-0.2431684219898092,0.4013882633359511,1.5812225074354402,1.570122024748314,0.4436672661373186,Interpolated (Month),-0.2096145427264439,-0.0055734456706894,False,True,False,False,True,False,False,1,0,21,15865.0,8129.0,13506.0,12188.0,10247.833333333334,3584.858295665261,11499.255914877818,0.15617478838393212
2024,0.4345240946267408,18033.0,1.8041137487615744,-0.5253782878678118,-1.298917841652951,-1.2268341461440748,0.5891560714375333,Official (Quarter),0.3928804138342248,1.2205846018810202,True,False,False,False,True,False,False,1,0,21,8703.0,11996.0,8278.0,14200.333333333334,11913.0,4882.679728728228,6430.908877346435,2.316134042421088
2024,0.4345240946267408,13280.0,0.970740086777007,-0.7013960529954012,-1.298917841652951,-1.3095843287148556,-0.1778740488373239,Interpolated (Month),-1.0669446866553574,-0.0055734456706894,False,False,True,False,True,False,False,1,0,21,18033.0,15865.0,10413.0,13338.666666666666,12667.666666666666,4665.276662035541,6738.585209233965,2.265605807332147
2024,0.7242068243779014,8409.0,-0.4410653225681163,0.9269872168401286,0.6211757244059766,0.7260701625263504,-0.0068156851124121,Official (Quarter),-0.6985291103469675,1.2205846018810202,False,False,False,False,False,True,False,1,0,21,13280.0,8703.0,9497.0,13240.666666666666,12714.333333333334,4812.120565128587,15044.69187461497,0.5370507161095643
2024,0.7242068243779014,14493.0,1.2968122040999828,0.1266346803623225,0.6211757244059766,0.7343451807834285,1.518834634227851,Official (Quarter),0.3507922494046278,1.2205846018810202,True,False,False,True,False,False,False,1,0,21,8409.0,18033.0,14108.0,12060.666666666666,13130.5,3220.068995120036,6310.050065969217,0.07301584584512745
2024,0.7242068243779014,5699.0,-1.1619922284708224,1.6400391407373305,0.6211757244059766,0.5853948521560232,-0.7247737735489524,Official (Quarter),1.6431295174723206,1.2205846018810202,False,True,False,False,False,False,False,1,0,21,14493.0,13280.0,981.0,9533.666666666666,11436.166666666666,4503.583610119071,-35180.70004837601,1.0344673054204732
2024,0.7242068243779014,9792.0,0.06036739348795,-1.3879074852698932,-0.5788827543808531,-0.4903575212641263,-0.2727900619487135,Interpolated (Month),-0.4252443166534201,-0.0055734456706894,True,False,False,False,False,False,True,1,0,21,5699.0,8409.0,15634.0,9994.666666666666,11617.666666666666,4400.501600196637,9234.535181047393,-2.7232963168856794
2024,0.7242068243779014,4042.0,-1.52820713345559,0.7688645762562308,0.6211757244059766,0.6598700164697258,-1.1112054056883125,Estimated (Region),0.6410852739293137,-1.231731493222399,False,True,False,False,False,True,False,1,0,21,9792.0,14493.0,8042.0,6511.0,9285.833333333334,2959.752185572215,-7652.301046289899,0.46320770218591034
2024,0.7242068243779014,19606.0,2.440060016456276,0.639490241516325,0.6211757244059766,0.4529945600427739,2.514829814770816,Interpolated (Month),-0.5742825427500067,-0.0055734456706894,False,False,True,True,False,False,False,1,0,21,4042.0,5699.0,8752.0,11146.666666666666,10340.166666666666,7869.934264867355,5699.319170657032,0.4401188133130378
2024,0.7242068243779014,4373.0,-1.39040703779786,-0.7912017046744452,1.5812225074354402,1.6197721342907825,-0.8141964374528212,Interpolated (Month),1.6702273767626092,-0.0055734456706894,False,False,True,False,False,False,True,1,0,21,19606.0,9792.0,8129.0,9340.333333333334,9667.5,8891.868438822805,-11201.130042804703,-0.3020116499134522
2024,0.7242068243779014,4620.0,-1.3056611527340771,-0.9850822872938608,-0.2428663803205408,-0.2669320283230184,-1.1885936705550866,Official (Quarter),-1.0591612589868702,1.2205846018810202,False,True,False,False,False,False,True,1,0,21,4373.0,4042.0,11996.0,9533.0,8022.0,8724.34805587213,-15114.776472819773,-1.3437802841670548
2024,0.7242068243779014,9727.0,0.0507425145748888,-0.0458576398594671,-1.298917841652951,-1.3261343652290116,-0.7022340520583004,Interpolated (Month),-1.4252706345045971,-0.0055734456706894,False,False,True,False,False,True,False,1,0,21,4620.0,19606.0,15865.0,6240.0,8693.333333333334,3022.354876582079,9257.263187770952,0.14060965279530066
2024,0.7242068243779014,4461.0,-1.4415832232380392,-1.6952280676179328,-1.298917841652951,-1.3095843287148556,-1.4589287472777706,Interpolated (Month),-0.2906198454984764,-0.0055734456706894,False,False,False,False,False,False,True,1,0,21,9727.0,4373.0,8703.0,6269.333333333333,7804.833333333333,2995.4823206510187,-10102.285968403423,5.475820028278408
2024,0.7242068243779014,11125.0,0.1253940144371683,-0.4711914093854835,1.5812225074354402,1.6197721342907825,1.181843144956178,Interpolated (Month),-1.297564765721642,-0.0055734456706894,True,False,False,False,False,False,False,1,0,21,4461.0,4620.0,18033.0,8437.666666666666,8985.333333333334,3514.1157256603,9885.426665934268,-0.1798596920770146
2024,0.7242068243779014,9927.0,-0.0816582587657579,1.3657791101098822,-0.2428663803205408,-0.2421069735517841,-0.1210150529161811,Interpolated (Month),0.3626115284567749,-0.0055734456706894,False,False,False,False,False,False,False,1,0,21,11125.0,9727.0,13280.0,8504.333333333334,7372.166666666667,3552.493396662832,10809.70139357731,1.8020737260381705
2024,0.7242068243779014,11553.0,0.4836273125184218,-0.3810154691889117,1.5812225074354402,1.5618470064912358,1.274012483463807,Official (Quarter),1.714045191785203,1.2205846018810202,False,False,False,True,False,False,False,1,0,21,9927.0,4461.0,8409.0,10868.333333333334,8568.833333333334,842.8388537159702,7786.996035000905,-0.14872686316688333
2024,0.7242068243779014,12707.0,0.6221316676088147,0.2172211686333603,0.6211757244059766,0.6267699434414135,1.0018368515942735,Estimated (Region),1.13835981941599,-1.231731493222399,True,False,False,False,False,True,False,1,0,21,11553.0,11125.0,14493.0,11395.666666666666,9916.666666666666,1396.662211607839,7833.519469311265,0.13352912592780722
2024,0.7242068243779014,14814.0,1.4510450198531828,-0.7817312651939574,0.6211757244059766,0.6184949251843354,1.511047670145025,Official (Quarter),1.606230304821715,1.2205846018810202,False,True,False,True,False,False,False,1,0,21,12707.0,9927.0,5699.0,13024.666666666666,10764.5,1653.545987668155,6043.952632451997,-0.4829988979452151
2024,0.7242068243779014,9132.0,-0.2056079189144485,1.6350166367512733,-1.298917841652951,-1.2185591278869967,-0.7377426082759859,Estimated (Region),1.3969425830690618,-1.231731493222399,False,False,True,False,False,False,False,1,0,21,14814.0,11553.0,9792.0,12217.666666666666,11543.0,2872.4321285860487,11495.58287076698,-7.48088927952091
2024,0.7242068243779014,10748.0,0.1462870442728378,-0.3754984187935398,-0.5788827543808531,-0.4986325395212044,-0.0982771177943298,Official (Quarter),0.370394956125262,1.2205846018810202,False,False,False,False,True,False,False,1,0,21,9132.0,12707.0,4042.0,11564.666666666666,11480.166666666666,2927.710595897982,9376.360008341657,-0.748948522576528
2024,0.7242068243779014,10739.0,0.3944211177144399,1.6858207183875744,-0.5788827543808531,-0.5317326125495168,-0.1182117458463638,Estimated (Region),-0.1781925569536626,-1.231731493222399,False,False,True,False,True,False,False,1,0,21,10748.0,14814.0,19606.0,10206.333333333334,11615.5,930.4108411520092,7701.403732039013,3.6001241247359785
2024,0.7242068243779014,11173.0,0.158963714060772,-0.4027541388413793,-1.298917841652951,-1.1771840366016064,-0.4080000746595981,Interpolated (Month),0.3291716169921636,-0.0055734456706894,False,True,False,False,True,False,False,1,0,21,10739.0,9132.0,4373.0,10886.666666666666,11552.166666666666,248.01276848834638,9640.508899844752,2.2730836624236144
2024,0.7242068243779014,8828.0,-0.325566775611382,1.7165158968800962,0.6211757244059766,0.4529945600427739,-0.0259008261735925,Interpolated (Month),-1.5270317443925954,-0.0055734456706894,True,False,False,False,True,False,False,1,0,21,11173.0,10748.0,4620.0,10246.666666666666,10905.666666666666,1247.6178635035624,13089.509355062824,1.1813642969382931
2024,1.013889554129062,11346.0,0.1819695221944305,-0.355115154224693,-1.298917841652951,-1.3178593469719335,-0.4636131563274887,Official (Quarter),-0.7250504194395903,1.2205846018810202,True,False,False,False,False,False,False,1,0,21,8828.0,10739.0,9727.0,10449.0,10327.666666666666,1406.4896018100806,9599.23228725488,1.1172084684866892
2024,1.013889554129062,5697.0,-0.997665027516119,-0.4983179012258628,0.6211757244059766,0.5274697243564767,-0.7421882568614537,Official (Quarter),1.198609315072057,1.2205846018810202,True,False,False,False,False,False,True,1,0,21,11346.0,11173.0,4461.0,8623.666666666666,9755.166666666666,2830.03786782669,2439857.44557076,-0.3262374980530657
2024,1.013889554129062,13290.0,0.7183804567394266,1.6469444002997538,-0.5788827543808531,-0.6889579594340001,0.2469543952886241,Official (Quarter),-1.360408737267205,1.2205846018810202,False,True,False,True,False,False,False,1,0,21,5697.0,8828.0,11125.0,10111.0,10178.833333333334,3944.2782609749843,7734.026506107595,5.294925397553419
2024,1.013889554129062,11341.0,0.205444836616531,0.2590334521883394,0.6211757244059766,0.7343451807834285,0.7302841768513657,Official (Quarter),-0.4416759972868929,1.2205846018810202,False,True,False,False,False,True,False,1,0,21,13290.0,11346.0,9927.0,10109.333333333334,10279.166666666666,3943.4964604184925,9408.145155635795,0.14935518895455996
2024,1.013889554129062,15430.0,1.2052584778537907,1.0133996340102358,1.5812225074354402,1.3466965318072055,2.238208534315814,Estimated (Region),-1.0389820020685705,-1.231731493222399,False,False,True,False,False,False,False,1,0,21,11341.0,5697.0,11553.0,13353.666666666666,10988.666666666666,2045.243343305018,6996.912223648647,0.43184093907098015
2024,1.013889554129062,8169.0,-0.4112516732520487,-1.1913374648406256,-0.2428663803205408,-0.2338319552947061,-0.4692197704671233,Interpolated (Month),-0.9130057838786124,-0.0055734456706894,False,False,False,False,False,False,False,1,0,21,15430.0,13290.0,12707.0,11646.666666666666,10878.833333333334,3640.1379552612184,13875.198669561953,-1.554929722106686
2024,1.013889554129062,4300.0,-1.3777303680099258,-0.1647073311649583,-0.5788827543808531,-0.4324323934645798,-1.2887198705437126,Estimated (Region),-0.8080736479034527,-1.231731493222399,False,False,False,False,False,True,False,1,0,21,8169.0,11341.0,14814.0,9299.666666666666,9704.5,5650.489388834661,-11383.781565285763,-0.29019861117581136
2024,1.013889554129062,9793.0,-0.1506756831667333,-0.113803843215227,1.5812225074354402,1.6528722073190945,0.804699237250152,Interpolated (Month),1.1686287047934398,-0.0055734456706894,False,True,False,False,False,False,True,1,0,21,4300.0,15430.0,9132.0,7420.666666666667,10387.166666666666,2821.9256427717805,11530.342186025615,-0.04289835104052502
2024,1.013889554129062,5736.0,-0.9709031690749244,-1.0578452235668772,1.5812225074354402,1.6197721342907825,-0.4112564414578707,Interpolated (Month),1.6993431617447277,-0.0055734456706894,False,False,True,True,False,False,False,1,0,21,9793.0,8169.0,10748.0,6609.666666666667,9128.166666666666,2848.8124426386607,197134.87062457774,-0.40379283744586214
2024,1.013889554129062,4158.0,-1.4068397578933305,0.95664807264141,-0.5788827543808531,-0.6889579594340001,-1.3704971515298978,Official (Quarter),-0.1058355071466158,1.2205846018810202,True,False,False,True,False,False,False,1,0,21,5736.0,4300.0,10739.0,6562.333333333333,7931.0,2906.9617013873517,-10220.240080592586,3.075623060151636
2024,1.013889554129062,6997.0,-0.8126795498699672,0.0063271954703784,-0.5788827543808531,-0.4820825030070482,-0.7933556899438766,Interpolated (Month),-1.1909029791534853,-0.0055734456706894,False,False,True,False,False,True,False,1,0,21,4158.0,9793.0,11173.0,5630.333333333333,6525.5,1422.4466012236662,37353.10263851528,0.01221660883657017
2024,1.013889554129062,11301.0,0.2758707798828325,0.2626314637029427,1.5812225074354402,1.570122024748314,1.2050624560395131,Official (Quarter),-0.0167585016072633,1.2205846018810202,False,False,False,True,False,False,False,1,0,21,6997.0,5736.0,8828.0,7485.333333333333,7047.5,3596.4516308902216,8857.480066310329,0.10218637915787737
2024,1.013889554129062,10751.0,0.3155440612561823,-0.5613608881716814,0.6211757244059766,0.6681450347268039,0.5461437134673066,Estimated (Region),-1.5365448226540794,-1.231731493222399,True,False,False,False,False,True,False,1,0,21,11301.0,4158.0,11346.0,9683.0,8122.666666666667,2342.343271170946,8172.28424088975,-0.33651803439478317
2024,1.013889554129062,11501.0,0.3840919793687157,0.3302844184340833,-1.298917841652951,-1.3426844017431678,-0.4558261922446628,Estimated (Region),0.5240455838031742,-1.231731493222399,False,True,False,False,False,False,False,1,0,21,10751.0,6997.0,5697.0,11184.333333333334,8407.333333333334,388.3726732576346,8309.418861921016,-0.963815151066088
2024,1.013889554129062,9150.0,-0.1335387036386,1.5379578034128,-0.2428663803205408,-0.1841818457522376,-0.2492592723020654,Official (Quarter),1.3038297261460494,1.2205846018810202,False,False,False,False,False,False,True,1,0,21,11501.0,11301.0,13290.0,10467.333333333334,8976.333333333334,1200.8956379857548,10560.19471201348,1.8851723210681646
2024,1.013889554129062,8801.0,-0.231196011634538,-0.6092071349518702,-0.5788827543808531,-0.6227578133773755,-0.5182351698393834,Official (Quarter),0.5796826778779154,1.2205846018810202,False,False,True,False,False,False,True,1,0,21,9150.0,10751.0,11341.0,9817.333333333334,9750.166666666666,1468.502752238875,11447.651330102515,-1.6148966275643306
2024,1.013889554129062,9425.0,-0.0713291204200337,1.2394704660761615,-0.2428663803205408,-0.3248571561225649,-0.2614635687373305,Interpolated (Month),-0.5783183941336666,-0.0055734456706894,True,False,False,False,True,False,False,1,0,21,8801.0,11501.0,15430.0,9125.333333333334,10154.833333333334,312.73044836261874,10148.913040390462,1.8358640357612586
2024,1.013889554129062,10792.0,0.0561418368919719,0.7515504816145384,-0.2428663803205408,-0.2338319552947061,0.0566126768713329,Interpolated (Month),1.4061673862317132,-0.0055734456706894,False,False,False,False,True,False,False,1,0,21,9425.0,9150.0,8169.0,9672.666666666666,10070.0,1018.3439170207363,10218.3244930045,0.9809212049604886
2024,1.013889554129062,11035.0,0.1669453209642862,1.0138375188208957,-0.5788827543808531,-0.4903575212641263,-0.0399456777557072,Interpolated (Month),-1.3206267736282704,-0.0055734456706894,False,False,True,False,True,False,False,1,0,21,10792.0,8801.0,4300.0,10417.333333333334,10117.333333333334,867.9322170153652,9456.31282096526,1.989311254696893
2024,1.013889554129062,14285.0,1.2259167545452392,0.1022269511942562,0.6211757244059766,0.5771198338989451,1.3515140132626948,Official (Quarter),-0.7803992384154986,1.2205846018810202,False,True,False,False,True,False,False,1,0,21,11035.0,9425.0,9793.0,12037.333333333334,10581.333333333334,1950.3246738257099,6417.580518602306,0.06481875948610158
2024,1.3035722838802226,6741.0,-0.7516437323725058,0.6316078178928834,-0.5788827543808531,-0.6393078498915317,-0.8958038210408358,Interpolated (Month),-0.567652215476851,-0.0055734456706894,True,False,False,False,False,True,False,1,0,21,14285.0,10792.0,5736.0,10687.0,10179.833333333334,3784.020613051666,27142.45975910189,1.7510994284265533
2024,1.3035722838802226,12742.0,0.8505464769358524,-1.0145110293532824,1.5812225074354402,1.487371842177533,1.5732584341085465,Estimated (Region),-1.2459635230305608,-1.231731493222399,False,False,False,True,False,False,False,1,0,21,6741.0,11035.0,4158.0,11256.0,10836.666666666666,3985.490057696789,6885.533629556979,-0.4078646433760156
2024,1.3035722838802226,12222.0,0.6970179206153152,1.187809004986525,-0.2428663803205408,-0.1345317362097692,0.4056102489470718,Estimated (Region),-1.6530079625825531,-1.231731493222399,False,False,False,False,False,True,False,1,0,21,12742.0,14285.0,6997.0,10568.333333333334,11302.833333333334,3324.7496647617286,7202.045335837392,1.3724466334382217
2024,1.3035722838802226,5203.0,-1.245094841525058,0.5378711435492446,-0.2428663803205408,-0.3910573021791895,-1.1058536376459338,Official (Quarter),-0.6261720605399207,1.2205846018810202,False,True,False,False,False,False,True,1,0,21,12222.0,6741.0,11301.0,10055.666666666666,10371.333333333334,4210.5676972747015,-21228.516959497312,0.8832869586483165
2024,1.3035722838802226,13906.0,0.8517202426569574,-0.8845019853021258,0.6211757244059766,0.7508952172975846,1.3837945189151368,Official (Quarter),0.4150775964443547,1.2205846018810202,False,False,True,True,False,False,False,1,0,21,5203.0,12742.0,10751.0,10443.666666666666,10849.833333333334,4615.994403520569,7509.7737118469095,-0.505171284131616
2024,1.3035722838802226,9466.0,-0.2389428653938312,-1.7138250007344409,-0.2428663803205408,-0.2421069735517841,-0.2132410238898674,Estimated (Region),1.7431609767673215,-1.231731493222399,False,False,True,False,False,True,False,1,0,21,13906.0,12222.0,11501.0,9525.0,10046.666666666666,4351.7999724251795,12437.962367829925,-2.2613019792068774
2024,1.3035722838802226,11286.0,0.2279811384617475,1.2708923047198577,-1.298917841652951,-1.3344093834860895,-0.4819054428638724,Estimated (Region),1.7128920913898718,-1.231731493222399,False,False,False,False,False,False,False,1,0,21,9466.0,5203.0,9150.0,11552.666666666666,10804.166666666666,2231.979689274371,9190.69491094758,-3.800408623320593
2024,1.3035722838802226,6773.0,-0.8577521535604,-0.1047121417889078,-0.5788827543808531,-0.5979327586061413,-0.8756709793576026,Interpolated (Month),-0.7109249395967803,-0.0055734456706894,False,False,True,False,False,False,False,1,0,21,11286.0,13906.0,8801.0,9175.0,9809.333333333334,2270.529233460728,47614.07760837976,-0.26043440252903727
2024,1.3035722838802226,15338.0,1.5472938089837949,1.2331581651733488,1.5812225074354402,1.4294467143779863,2.277454833293256,Interpolated (Month),-1.4860966803583298,-0.0055734456706894,True,False,False,False,False,False,False,1,0,21,6773.0,9466.0,9425.0,11132.333333333334,10328.666666666666,4284.567228242927,6021.292065291388,0.5075880684582438
2024,1.3035722838802226,18216.0,1.8944937092866607,0.5435551965511792,-0.2428663803205408,-0.2834820648371745,1.498560211379475,Estimated (Region),1.6883887079890791,-1.231731493222399,False,False,False,False,False,False,True,1,0,21,15338.0,11286.0,10792.0,13442.333333333334,12497.5,5952.3714881829665,6293.328585084152,0.7586065468516971
2024,1.3035722838802226,11790.0,0.3282207310441166,0.2835569897115518,-1.298917841652951,-1.2516592009153091,-0.3592395213845942,Interpolated (Month),0.7843579980492431,-0.0055734456706894,False,True,False,False,False,False,False,1,0,21,18216.0,6773.0,11035.0,15114.666666666666,12144.833333333334,3218.816138479125,8876.536651202441,-1.126749940714376
2024,1.3035722838802226,5924.0,-1.0655086861959893,-1.259412399372277,-1.298917841652951,-1.2764842556865432,-1.236334839441066,Estimated (Region),0.3839438857704063,-1.231731493222399,True,False,False,True,False,False,False,1,0,21,11790.0,15338.0,14285.0,11976.666666666666,11554.5,6148.125676442648,-90430.75573636973,4.555096261250054
2024,1.3035722838802226,9916.0,0.0526205397286568,-0.3293296535524851,-1.298917841652951,-1.4088845477997924,-0.7170717581652121,Interpolated (Month),0.3366667695618179,-0.0055734456706894,False,True,False,False,False,True,False,1,0,21,5924.0,18216.0,6741.0,9210.0,11326.166666666666,2996.050066337306,9420.29879310177,0.8054343342750608
2024,1.3035722838802226,11275.0,0.3141355423908563,0.3666954599488373,0.6211757244059766,0.4281695052715397,0.5365728267036879,Official (Quarter),1.2032217166533827,1.2205846018810202,False,True,False,True,False,False,False,1,0,21,9916.0,11790.0,12742.0,9038.333333333334,12076.5,2781.3709449358053,8579.784684528788,0.25675906017830635
2024,1.3035722838802226,5572.0,-1.1518978432693192,-0.4326068488275801,0.6211757244059766,0.5191947060993986,-0.7744970787469239,Official (Quarter),-1.4048031024874643,1.2205846018810202,True,False,False,False,False,False,True,1,0,21,11275.0,5924.0,12222.0,8921.0,10448.833333333334,2978.8539742659,-36682.548481749574,-0.2847606347565006
2024,1.3035722838802226,10821.0,0.3035716509009111,-0.662032146940206,-1.298917841652951,-1.1937340731157626,-0.4707205308176315,Interpolated (Month),0.9939339949007292,-0.0055734456706894,False,False,True,False,False,False,True,1,0,21,5572.0,9916.0,5203.0,9222.666666666666,9216.333333333334,3169.708872015395,8301.039680113863,3.417221019993832
2024,1.3035722838802226,10466.0,0.013416764643749,0.06145545174089,-0.2428663803205408,-0.1428067544668473,0.0401609454817989,Estimated (Region),-0.2136503941101039,-1.231731493222399,False,True,False,False,True,False,False,1,0,21,10821.0,11275.0,13906.0,8953.0,8995.666666666666,2933.407063467283,10327.43917916057,0.07169381240593684
2024,1.3035722838802226,8163.0,-0.5359055928334023,0.9169645752885366,-0.2428663803205408,-0.0766066084102227,-0.4045738104631547,Interpolated (Month),0.980385065255585,-0.0055734456706894,True,False,False,False,True,False,False,1,0,21,10466.0,5572.0,9466.0,9816.666666666666,9368.833333333334,1443.075304110344,17589.09367134368,0.9930378359215107
2024,1.3035722838802226,10629.0,0.0878335113618075,1.5872673111266795,-1.298917841652951,-1.2930342922006994,-0.5539136234552396,Estimated (Region),-0.5627515387966924,-1.231731493222399,False,False,True,False,True,False,False,1,0,21,8163.0,10821.0,11286.0,9752.666666666666,9487.666666666666,1379.1020025121986,9770.796623735241,-5.416660620865352
2024,1.3035722838802226,6687.0,-0.8392066551669407,-1.5118641759278573,1.5812225074354402,1.4294467143779863,-0.1954584295479961,Estimated (Region),1.032562858144332,-1.231731493222399,False,False,False,False,True,False,False,1,0,21,10629.0,10466.0,6773.0,8493.0,8723.0,1991.6114078804892,41587.542114648175,-0.6223080205794681
2024,1.5932550136313832,10873.0,0.348879007735565,-0.8696979000745441,1.5812225074354402,1.6528722073190945,1.1258053197928606,Estimated (Region),1.4107797878130388,-1.231731493222399,False,False,True,False,False,False,False,1,0,21,6687.0,8163.0,15338.0,9396.333333333334,9606.5,2349.5210859520125,8060.767450338695,-0.3278325648989448
2024,1.5932550136313832,6440.0,-0.7835701599865625,0.5238538592924632,-0.2428663803205408,-0.3827822839221114,-0.865109024437988,Official (Quarter),-1.2419276716469008,1.2205846018810202,False,False,False,False,False,False,False,1,0,21,10873.0,10629.0,18216.0,8000.0,8876.333333333334,2491.154150188153,29755.60116664209,0.8487343212072617
2024,1.5932550136313832,11479.0,0.4409022402701989,0.1124722628879323,0.6211757244059766,0.6929700894980381,0.7404213882755534,Interpolated (Month),0.4946415237222229,-0.0055734456706894,False,False,True,False,False,False,True,1,0,21,6440.0,6687.0,11790.0,9597.333333333334,9045.166666666666,2751.067853276822,7966.536298706462,0.06643487890638403
2024,1.5932550136313832,9134.0,-0.2748600964596449,-1.3839903794891792,-0.2428663803205408,-0.2090069005234718,-0.2641252946420057,Estimated (Region),0.6416618241269794,-1.231731493222399,False,False,True,True,False,False,False,1,0,21,11479.0,10873.0,5924.0,9017.666666666666,9207.0,2521.513500525644,12596.189997826645,-1.7496870458226388
2024,1.5932550136313832,10907.0,0.2871389308054407,-0.5350594687327717,-1.298917841652951,-1.4006095295427143,-0.5735367729439609,Interpolated (Month),0.1634134351632715,-0.0055734456706894,True,False,False,False,False,True,False,1,0,21,9134.0,6440.0,9916.0,10506.666666666666,9253.333333333334,1222.6840693054066,8473.83273006499,1.335613432220468
2024,1.5932550136313832,5717.0,-1.0873407286085428,1.4473171387009427,0.6211757244059766,0.6433199799555697,-0.7034233338454954,Official (Quarter),0.8434543933099785,1.2205846018810202,False,True,False,True,False,False,False,1,0,21,10907.0,11479.0,11275.0,8586.0,9091.666666666666,2638.039613045967,-65456.28930602738,0.8807275249827327
2024,1.5932550136313832,5881.0,-0.9206659962116294,1.088061230869767,1.5812225074354402,1.37152158657844,-0.4433387334791132,Estimated (Region),-1.2889165127566564,-1.231731493222399,True,False,False,True,False,False,False,1,0,21,5717.0,9134.0,5572.0,7501.666666666667,8259.666666666666,2950.244961580808,74129.62562292969,0.4588030052214659
2024,1.5932550136313832,18088.0,1.921255567727856,-0.0792695928980343,0.6211757244059766,0.6019448886701793,2.295265743868156,Estimated (Region),-0.3664361964915175,-1.231731493222399,False,False,False,False,False,True,False,1,0,21,5881.0,10907.0,10821.0,9895.333333333334,10201.0,7095.531293238947,6191.858117387789,-0.04948334581212609
2024,1.5932550136313832,9061.0,-0.3053780052083756,-0.8179762981652825,-0.2428663803205408,-0.341407192636721,-0.3404375426536984,Interpolated (Month),0.936278975134158,-0.0055734456706894,True,False,False,False,False,False,False,1,0,21,18088.0,5717.0,10466.0,11010.0,9798.0,6332.587385895274,13044.504878827163,-1.242006121263465
2024,1.5932550136313832,12805.0,0.6866887822695911,0.6251265262572389,-0.5788827543808531,-0.4903575212641263,0.2915807785414732,Official (Quarter),1.7212520692560247,1.2205846018810202,False,True,False,False,False,False,False,1,0,21,9061.0,5881.0,8163.0,13318.0,10409.833333333334,4535.3124478915615,7591.797689417086,1.226598159179772
2024,1.5932550136313832,6862.0,-0.7723020090639543,-1.6346021451831676,-1.298917841652951,-1.4006095295427143,-1.142211680854473,Official (Quarter),0.1507293308146258,1.2205846018810202,False,True,False,False,False,True,False,1,0,21,12805.0,18088.0,10629.0,9576.0,9735.666666666666,3004.784684465727,30136.40995158079,4.080287723182782
2024,1.5932550136313832,6349.0,-0.8497705466568859,1.0854801459415542,1.5812225074354402,1.5204719152058452,-0.2623980044272697,Interpolated (Month),0.8719936280944313,-0.0055734456706894,False,True,False,False,False,False,True,1,0,21,6862.0,9061.0,6687.0,8672.0,9841.0,3588.4619267869784,42262.01892314223,0.43066543983010575
2024,1.5932550136313832,6662.0,-0.7495309540745168,1.4487490866459034,-0.2428663803205408,-0.1510817727239253,-0.7430660600853359,Official (Quarter),1.1349005182299958,1.2205846018810202,True,False,False,False,False,False,True,1,0,21,6349.0,12805.0,10873.0,6624.333333333333,9971.166666666666,258.56591680431586,26598.09708374904,1.7065826131387318
2024,1.5932550136313832,13738.0,0.9587676764217355,-1.2671993929348262,1.5812225074354402,1.4625467874062987,1.843423613433059,Interpolated (Month),0.5814123284709125,-0.0055734456706894,False,False,True,False,False,True,False,1,0,21,6662.0,6862.0,6440.0,8916.333333333334,9246.166666666666,4178.617514601339,7013.59337575781,-0.5145889610769654
2024,1.5932550136313832,17324.0,2.0658635045679947,-0.1653057571718081,-0.2428663803205408,-0.2090069005234718,1.388211851267576,Interpolated (Month),1.3877177799064104,-0.0055734456706894,False,False,False,False,False,False,True,1,0,21,13738.0,6349.0,11479.0,12574.666666666666,10623.333333333334,5425.363520846638,5650.610333495943,-0.2089850812620311
2024,1.5932550136313832,10495.0,-0.0100585497783514,-1.625558655818862,-0.5788827543808531,-0.5151825760353606,-0.154484840355818,Official (Quarter),-0.193471137191804,1.2205846018810202,False,False,False,True,False,False,False,1,0,21,17324.0,6662.0,9134.0,13852.333333333334,10238.333333333334,3415.935352627966,10601.637094446507,-3.352929526595198
2024,1.5932550136313832,10239.0,0.2197647784140123,0.4871704444789109,1.5812225074354402,1.5121968969487674,0.8633987883181445,Estimated (Region),-0.2372889522143981,-1.231731493222399,False,False,False,False,True,False,False,1,0,21,10495.0,13738.0,10907.0,12686.0,10801.166666666666,4018.6648280243658,8394.241398995931,0.19392207874733558
2024,1.5932550136313832,8547.0,-0.471583231316847,-0.2523295231695099,1.5812225074354402,1.7852724994323437,0.4923428707132373,Interpolated (Month),-0.9571118740000392,-0.0055734456706894,False,False,True,False,True,False,False,1,0,21,10239.0,17324.0,5717.0,9760.333333333334,11167.5,1058.5449132338042,16174.732723375997,-0.09059419615888079
2024,1.5932550136313832,6156.0,-1.0227836139477664,0.4583714414150692,-1.298917841652951,-1.2268341461440748,-1.1865549017770376,Interpolated (Month),1.2634712123094496,-0.0055734456706894,False,True,False,False,True,False,False,1,0,21,8547.0,10495.0,5881.0,8314.0,11083.166666666666,2051.448025176288,-270194.18491347396,-2.0207338674836564
2024,1.5932550136313832,13871.0,0.9430392157589284,0.9756704647793982,-1.298917841652951,-1.235109164401153,-0.0389829258327399,Interpolated (Month),-1.5042580115847997,-0.0055734456706894,True,False,False,False,True,False,False,1,0,21,6156.0,10239.0,18088.0,9524.666666666666,11105.333333333334,3949.3265670659775,7138.8162871340455,-4.149861479302734
2025,-1.5932550136313832,6076.0,-0.9178489584809773,-1.7077110154269208,1.5812225074354402,1.5866720612624698,-0.3210692392622334,Official (Quarter),1.0357338842314934,1.2205846018810202,False,False,True,False,False,True,False,0,0,22,13871.0,8547.0,9061.0,8701.0,9230.666666666666,4477.530011066339,73961.32645004935,-0.6601961806451194
2025,-1.5932550136313832,13291.0,0.9179206293272808,-1.1333696672269822,0.6211757244059766,0.6929700894980381,1.1898849551362596,Official (Quarter),-0.2323882755342395,1.2205846018810202,True,False,False,False,False,False,True,0,0,22,6076.0,6156.0,12805.0,11079.333333333334,9696.666666666666,4342.707488806182,6929.900954588448,-0.6694564034282636
2025,-1.5932550136313832,2960.0,-1.765542562263026,-1.1092864996722658,-0.2428663803205408,-0.3165821378654868,-1.5260948520212718,Interpolated (Month),-0.1361043925240657,-0.0055734456706894,False,False,True,True,False,False,False,0,0,22,13291.0,13871.0,6862.0,7442.333333333333,8483.5,5299.296211133413,-3866.5387738206505,-1.6231453128948672
2025,-1.5932550136313832,11734.0,0.5127367024018264,-1.1342946429734495,-1.298917841652951,-1.350959420000246,-0.4273683780510632,Interpolated (Month),-0.0911334771061402,-0.0055734456706894,False,True,False,False,False,True,False,0,0,22,2960.0,6076.0,6349.0,9328.333333333334,9014.666666666666,5569.8127736337,7756.802609052525,3.2319823271096544
2025,-1.5932550136313832,6915.0,-0.7009370532207688,0.8666749213242358,1.5812225074354402,1.5121968969487674,-0.1009105274659762,Estimated (Region),-0.9821918075984976,-1.231731493222399,True,False,False,False,False,True,False,0,0,22,11734.0,13291.0,6662.0,7203.0,9141.166666666666,4394.084318717563,23122.22251024854,0.34498686085349084
2025,-1.5932550136313832,15910.0,1.506916268177782,-0.8342739632521513,-0.2428663803205408,-0.1593567909810034,1.1435029654356466,Official (Quarter),0.7860876486422402,1.2205846018810202,False,False,False,True,False,False,False,0,0,22,6915.0,2960.0,13738.0,11519.666666666666,9481.0,4501.328729756729,6346.4425206210035,-0.9924233661813815
2025,-1.5932550136313832,14788.0,1.123094877376439,0.9207126903364196,-1.298917841652951,-1.2268341461440748,0.1040140509609705,Official (Quarter),-0.8599631656933668,1.2205846018810202,True,False,False,True,False,False,False,0,0,22,15910.0,11734.0,17324.0,12537.666666666666,10933.0,4901.58202352398,6965.303415113458,-4.058968660527963
2025,-1.5932550136313832,2006.0,-1.971655822889068,0.9037962209484476,1.5812225074354402,1.479096823920455,-1.5284167831296052,Official (Quarter),-1.3537784099940489,1.2205846018810202,False,False,True,False,False,False,False,0,0,22,14788.0,6915.0,10495.0,10901.333333333334,9052.166666666666,7723.984550303896,-2064.5170365319996,0.36456672939428814
2025,-1.5932550136313832,10494.0,0.2249293475868744,-1.531710646404182,-1.298917841652951,-1.2764842556865432,-0.5647304244721106,Official (Quarter),-1.4171989317372773,1.2205846018810202,False,False,False,False,False,False,False,0,0,22,2006.0,15910.0,10239.0,9096.0,10307.833333333334,6504.666325031576,8567.024719158951,5.5399561273417275
2025,-1.5932550136313832,4241.0,-1.433132110046083,-1.085908122879769,0.6211757244059766,0.7757202720688188,-1.0369602426876967,Official (Quarter),-0.8504500874318826,1.2205846018810202,False,True,False,False,False,False,False,0,0,22,10494.0,14788.0,8547.0,5580.333333333333,9059.0,4399.64729646966,-9791.46985788881,-0.6115310727486497
2025,-1.5932550136313832,7834.0,-0.4800343445088032,0.1800640827363136,-0.5788827543808531,-0.6889579594340001,-0.7193936892735456,Interpolated (Month),-1.3203384985294375,-0.0055734456706894,False,False,False,False,False,False,True,0,0,22,4241.0,2006.0,6156.0,7523.0,9212.166666666666,3138.0795082342393,15066.379706558586,0.578905933129338
2025,-1.5932550136313832,6916.0,-0.8131490561584092,0.3639796794659262,-0.5788827543808531,-0.5234575942924387,-0.8232576320219278,Official (Quarter),0.5557558446747883,1.2205846018810202,False,False,True,False,False,False,True,0,0,22,7834.0,10494.0,13871.0,6330.333333333333,7713.166666666667,1866.7261002441858,37013.46034335942,0.7637928442600945
2025,-1.5932550136313832,11912.0,0.681993719385171,0.8677634204562954,1.5812225074354402,1.6445971890620164,1.429666816421238,Estimated (Region),0.3055330588878694,-1.231731493222399,False,True,False,False,False,False,True,0,0,22,6916.0,4241.0,6076.0,8887.333333333334,7233.833333333333,2659.3490431556947,7082.071628872826,0.3281268784695612
2025,-1.5932550136313832,11830.0,0.5127367024018264,-0.6701576189999842,0.6211757244059766,0.4943696513281643,0.7068949683698599,Official (Quarter),-0.5783183941336666,1.2205846018810202,False,True,False,True,False,False,False,0,0,22,11912.0,7834.0,13291.0,10219.333333333334,8871.166666666666,2861.064370707733,7820.263751925292,-0.44845505153585136
2025,-1.5932550136313832,10166.0,0.0967541308422057,0.818965855256581,0.6211757244059766,0.6184949251843354,0.3758782042671915,Interpolated (Month),1.1054964581490443,-0.0055734456706894,True,False,False,False,False,False,False,0,0,22,11830.0,6916.0,2960.0,11302.666666666666,8816.5,985.2356740056362,9269.169555981935,0.5060045864297699
2025,-1.5932550136313832,12017.0,0.5127367024018264,-0.5928731865605988,-0.2428663803205408,-0.3579572291508772,0.2256605880512241,Official (Quarter),-1.1303652083985856,1.2205846018810202,False,False,False,False,False,True,False,0,0,22,10166.0,11912.0,11734.0,11337.666666666666,10112.5,1018.9918220149481,7943.8807698128685,-0.9234169645372761
2025,-1.5932550136313832,13061.0,0.6338693248198649,1.173446780822141,-0.5788827543808531,-0.4407074117216579,0.3728200511001179,Interpolated (Month),-1.2364504447690765,-0.0055734456706894,False,False,False,False,True,False,False,0,0,22,12017.0,11830.0,6915.0,11748.0,10983.666666666666,1466.1265293282324,7993.9073471741585,2.0980910625587508
2025,-1.5932550136313832,5949.0,-1.0704385022246306,-1.0249899458835192,1.5812225074354402,1.6611472255761726,-0.3356520992718893,Estimated (Region),1.4620927554052872,-1.231731493222399,False,False,True,False,True,False,False,0,0,22,13061.0,10166.0,15910.0,10342.333333333334,10822.5,3840.3798423246167,-84456.65100925139,-0.3851684476651215
2025,-1.5932550136313832,9133.0,-0.0668688106798346,1.4210569728821063,-1.298917841652951,-1.243384182658231,-0.7492389988855397,Official (Quarter),1.4938030162769014,1.2205846018810202,False,True,False,False,True,False,False,0,0,22,5949.0,12017.0,14788.0,9381.0,10359.333333333334,3562.4800350317505,9787.476942715703,-5.838740042024861
2025,-1.5932550136313832,7178.0,-0.7983596080724858,-1.406997970732582,-1.298917841652951,-1.2682092374294651,-1.0490229579578194,Official (Quarter),-1.531644145973921,1.2205846018810202,True,False,False,False,True,False,False,0,0,22,9133.0,13061.0,2006.0,7420.0,9584.0,1605.7356569496858,35598.026424092415,5.245896764098592
2025,-1.3035722838802226,8905.0,-0.3168809092752048,0.5495280248936283,0.6211757244059766,0.7839952903258969,0.1435435122686973,Official (Quarter),-0.3243480320619206,1.2205846018810202,False,True,False,False,False,True,False,0,0,22,7178.0,5949.0,10494.0,8405.333333333334,9373.833333333334,1068.9978172723568,13035.794374523655,0.308032217278579
2025,-1.3035722838802226,1589.0,-2.11227295627745,-1.1283794702927898,0.6211757244059766,0.7343451807834285,-1.709414144647506,Official (Quarter),1.594699300868401,1.2205846018810202,True,False,False,False,False,False,True,0,0,22,8905.0,9133.0,4241.0,5890.666666666667,7635.833333333333,3824.118765589379,-1428.6061627516845,-0.650608358010419
2025,-1.3035722838802226,12396.0,0.539029054554579,-0.4853940864168127,-0.2428663803205408,-0.1676318092380815,0.4203063738888412,Official (Quarter),0.404411417787539,1.2205846018810202,False,False,True,False,False,False,False,0,0,22,1589.0,7178.0,7834.0,7630.0,7525.0,5515.163732836919,8054.428838309107,-0.5831482891873863
2025,-1.3035722838802226,11891.0,0.3512265391777751,0.182154597507749,1.5812225074354402,1.3880716230925962,1.2668767927406357,Official (Quarter),0.4041231426887062,1.2205846018810202,False,False,False,False,False,False,False,0,0,22,12396.0,8905.0,6916.0,8625.333333333334,8515.333333333334,6098.872546080388,8800.152790986258,0.07627685691933121
2025,-1.3035722838802226,13671.0,0.8104036892740606,-0.6028998043647282,-0.5788827543808531,-0.6806829411769221,0.3202368063662722,Official (Quarter),0.436409953757986,1.2205846018810202,False,False,True,False,False,True,False,0,0,22,11891.0,1589.0,11912.0,12652.666666666666,9271.666666666666,917.3376332264054,7551.354474692784,-1.8880914367270722
2025,-1.3035722838802226,8589.0,-0.4328489625203812,-1.5457000968932035,-0.5788827543808531,-0.5234575942924387,-0.5127135043988341,Interpolated (Month),1.1853486605257455,-0.0055734456706894,False,False,True,True,False,False,False,0,0,22,13671.0,12396.0,11830.0,11383.666666666666,9506.833333333334,2578.7053599303104,15144.114058521236,-3.2435730343833233
2025,-1.3035722838802226,17456.0,2.0984941916147144,1.1351678946780348,1.5812225074354402,1.4377217326350646,2.8903030647281622,Interpolated (Month),-0.5907142233834795,-0.0055734456706894,False,False,False,True,False,False,False,0,0,22,8589.0,11891.0,10166.0,13238.666666666666,10932.0,4449.2815524906355,5633.704283596922,0.46566754501998503
2025,-1.3035722838802226,6699.0,-0.8230086882156913,-0.7660698005130409,-0.5788827543808531,-0.4407074117216579,-0.8350655011947945,Official (Quarter),1.3479358162674764,1.2205846018810202,False,True,False,False,False,False,False,0,0,22,17456.0,13671.0,12017.0,10914.666666666666,11783.666666666666,5743.240055346222,37849.3154972701,-1.3697120551359645
2025,-1.3035722838802226,8758.0,-0.3161766498425418,0.3987430613355754,-0.5788827543808531,-0.4903575212641263,-0.4664730958633629,Estimated (Region),0.1775389150060814,-1.231731493222399,False,False,True,False,False,False,True,0,0,22,6699.0,8589.0,13061.0,10971.0,11177.333333333334,5709.75384758397,12807.401206734707,0.7823976178842563
2025,-1.3035722838802226,6578.0,-0.8758281456654174,-1.1312319344566673,-1.298917841652951,-1.3178593469719335,-1.1542177636585391,Official (Quarter),-0.2658281869988508,1.2205846018810202,False,True,False,True,False,False,False,0,0,22,8758.0,17456.0,5949.0,7345.0,10291.833333333334,1225.1885569167023,52974.96792047173,3.5589072501195105
2025,-1.3035722838802226,7305.0,-0.6802787765293203,1.578677114551615,-0.2428663803205408,-0.1345317362097692,-0.6052226377028047,Official (Quarter),-0.0461625616882146,1.2205846018810202,True,False,False,False,False,False,False,0,0,22,6578.0,6699.0,9133.0,7547.0,9230.833333333334,1109.965314773236,22848.02967004132,1.8240727945793853
2025,-1.3035722838802226,9545.0,-0.0323600984793469,1.3868398287047554,-0.5788827543808531,-0.6889579594340001,-0.4163533634029933,Interpolated (Month),-0.8441080352575597,-0.0055734456706894,True,False,False,True,False,False,False,0,0,22,7305.0,8758.0,7178.0,7809.333333333333,9390.166666666666,1546.459289258209,9864.206700240413,4.458689334024229
2025,-1.3035722838802226,16396.0,1.6606795776425405,1.0449288314724354,0.6211757244059766,0.4198944870144616,1.7302719462513434,Official (Quarter),1.6938659348669034,1.2205846018810202,True,False,False,False,False,True,False,0,0,22,9545.0,6578.0,8905.0,11082.0,9213.5,4736.385436173871,6162.33541903135,0.7359200567568601
2025,-1.3035722838802226,7540.0,-0.5049181777962297,0.2538558743533314,-0.2428663803205408,-0.2586570100659403,-0.6049394753725201,Estimated (Region),-1.1926326297464824,-1.231731493222399,False,True,False,False,False,False,True,0,0,22,16396.0,7305.0,1589.0,11160.333333333334,9353.666666666666,4643.722680493884,15229.80578530839,0.3424270247377818
2025,-1.3035722838802226,20012.0,2.39874346307338,0.3263861998529213,-0.5788827543808531,-0.6393078498915317,1.4885362648874012,Estimated (Region),-1.5183834914276095,-1.231731493222399,False,False,False,False,False,True,False,0,0,22,7540.0,9545.0,12396.0,14649.333333333334,11229.333333333334,6416.839512823552,5888.058400825509,0.9048885587190337
2025,-1.3035722838802226,8064.0,-0.6077400549650298,-1.383078326563458,1.5812225074354402,1.710797335118641,0.3146301922266379,Estimated (Region),1.615743383083199,-1.231731493222399,False,False,False,False,False,False,True,0,0,22,20012.0,16396.0,11891.0,11872.0,11477.0,7054.313857491742,20557.79618100209,-0.5102108920669004
2025,-1.3035722838802226,10702.0,0.0779738793045253,-0.4263054826192445,0.6211757244059766,0.6019448886701793,0.4976946387556157,Interpolated (Month),-0.259486134824528,-0.0055734456706894,True,False,False,False,True,False,False,0,0,22,8064.0,7540.0,13671.0,12926.0,12043.166666666666,6276.8071501361355,9927.88434438188,-0.2661174461333267
2025,-1.3035722838802226,7214.0,-0.6661935878760601,-1.5330491524145184,-0.5788827543808531,-0.5151825760353606,-0.7648695595172483,Estimated (Region),-1.527608294590261,-1.231731493222399,False,False,False,False,True,False,False,0,0,22,10702.0,20012.0,8589.0,8660.0,11654.666666666666,1818.7765118341879,21611.328416667722,-3.1621164517518094
2025,-1.3035722838802226,10862.0,0.1155343823798861,-0.4410966450260798,-1.298917841652951,-1.4088845477997924,-0.5844668388929456,Official (Quarter),-1.2361621696702436,1.2205846018810202,False,False,True,False,True,False,False,0,0,22,7214.0,8064.0,17456.0,9592.666666666666,10732.333333333334,2061.538584003014,9737.037398010953,1.0787804220032786
2025,-1.3035722838802226,889.0,-2.2636887342999983,-1.0541264333814562,-1.298917841652951,-1.2268341461440748,-1.9740293422984416,Estimated (Region),-1.6287928542805934,-1.231731493222399,False,True,False,False,True,False,False,0,0,22,10862.0,10702.0,6699.0,6321.666666666667,9623.833333333334,5046.025795944058,-703.4960238784184,4.647124127034748
2025,-1.013889554129062,17079.0,1.936279768958,1.3336246469362067,1.5812225074354402,1.5039218786916893,2.84040986213202,Official (Quarter),-1.449485742806557,1.2205846018810202,False,False,True,False,False,False,False,0,0,22,889.0,7214.0,8758.0,9610.0,9135.0,8167.291656357071,5816.543839097742,0.532614319274622
2025,-1.013889554129062,5209.0,-1.1819462457296075,-0.9837522308201658,0.6211757244059766,0.7757202720688188,-0.7927327328172505,Estimated (Region),-1.4148927309466144,-1.231731493222399,False,True,False,False,False,False,False,0,0,22,17079.0,10862.0,6578.0,7725.666666666667,8659.166666666666,8383.271040192663,-28629.334884662352,-0.5540018021385973
2025,-1.013889554129062,11956.0,0.7244840384891729,-1.329520690045142,1.5812225074354402,1.7356223898898753,1.4985885276125035,Estimated (Region),0.0186993355491778,-1.231731493222399,False,False,False,False,False,True,False,0,0,22,5209.0,889.0,7305.0,11414.666666666666,8868.166666666666,5953.48690544737,6933.088235756996,-0.486003000618321
2025,-1.013889554129062,15264.0,1.36864666623161,-0.5573563048351491,1.5812225074354402,1.6445971890620164,2.424869142439406,Interpolated (Month),0.7725387189970959,-0.0055734456706894,False,True,False,True,False,False,False,0,0,22,11956.0,17079.0,9545.0,10809.666666666666,10209.833333333334,5124.579625035916,6444.186132786199,-0.2107528160206628
2025,-1.013889554129062,6581.0,-0.8793494428287325,-1.0117157238196273,-1.298917841652951,-1.2102841096299186,-1.117434976954573,Interpolated (Month),0.4502471585019631,-0.0055734456706894,False,False,True,True,False,False,False,0,0,22,15264.0,5209.0,16396.0,11267.0,9496.333333333334,4382.312517381658,54545.95614223357,4.811184856526522
2025,-1.013889554129062,9324.0,-0.1415203105421141,0.9752683662415736,0.6211757244059766,0.5522947791277109,0.1385598552556888,Estimated (Region),-1.0920246202538155,-1.231731493222399,False,False,True,False,False,False,True,0,0,22,6581.0,11956.0,7540.0,10389.666666666666,10902.166666666666,4438.508345529297,10861.060680291614,0.6282752344175321
2025,-1.013889554129062,4027.0,-1.5089573756294676,1.6045023777491942,-0.2428663803205408,-0.2338319552947061,-1.2996216202596689,Official (Quarter),-0.3240597569630877,1.2205846018810202,False,False,True,False,False,True,False,0,0,22,9324.0,15264.0,20012.0,6644.0,8726.833333333334,2649.061909431252,-7912.253938789063,2.094191201052199
2025,-1.013889554129062,4322.0,-1.3720962925486218,1.0614258062177322,-1.298917841652951,-1.2764842556865432,-1.47178431707269,Estimated (Region),-0.0202178027932576,-1.231731493222399,True,False,False,True,False,False,False,0,0,22,4027.0,6581.0,8064.0,5891.0,8579.0,2976.7218546581544,-11615.27294560519,-3.8390099413873893
2025,-1.013889554129062,13821.0,0.7519501563630304,0.894178660124083,-0.2428663803205408,-0.3248571561225649,0.5992932828617212,Official (Quarter),-0.6377030644932349,1.2205846018810202,False,True,False,False,False,False,True,0,0,22,4322.0,9324.0,10702.0,7390.0,8889.833333333334,5571.362221216605,7888.923066562449,1.3244288497359995
2025,-1.013889554129062,10895.0,0.0998059217170788,-1.4429184420905576,0.6211757244059766,0.5440197608706328,0.5122774987652713,Official (Quarter),-0.6348203135049064,1.2205846018810202,True,False,False,False,False,True,False,0,0,22,13821.0,4027.0,7214.0,9679.333333333334,8161.666666666667,4864.785127149314,9906.293269443499,-0.9345207092925633
2025,-1.013889554129062,9205.0,-0.1598310557913525,-1.5380289116858004,-0.2428663803205408,-0.3579572291508772,-0.3201914360383514,Estimated (Region),-0.7233207688465931,-1.231731493222399,False,True,False,False,False,True,False,0,0,22,10895.0,4322.0,10862.0,11307.0,8599.0,2335.416879274446,10956.129792050528,-2.395524070229319
2025,-1.013889554129062,10220.0,0.0371268322100705,0.3980089457108937,0.6211757244059766,0.4281695052715397,0.2892305312001114,Official (Quarter),0.0417613434558063,1.2205846018810202,False,False,False,False,False,False,True,0,0,22,9205.0,13821.0,889.0,10106.666666666666,8748.333333333334,850.6810996685022,9854.146747145325,0.2786846689008527
2025,-1.013889554129062,10934.0,0.1296195710331464,1.6692621117279516,-0.2428663803205408,-0.2834820648371745,0.0572356339979587,Interpolated (Month),-1.3402294803489048,-0.0055734456706894,True,False,False,False,False,False,True,0,0,22,10220.0,10895.0,17079.0,10119.666666666666,9899.5,868.8557609483943,9679.364876796351,2.329686431852706
2025,-1.013889554129062,12262.0,0.6249487053394668,1.094020142328336,0.6211757244059766,0.7343451807834285,0.9606933650039244,Official (Quarter),1.3689798984822747,1.2205846018810202,False,False,False,True,False,False,False,0,0,22,10934.0,9205.0,5209.0,11138.666666666666,11222.833333333334,1036.2708783582166,7546.084353129384,0.6307972337053178
2025,-1.013889554129062,8756.0,-0.3145333778329948,1.5336564922306786,-1.298917841652951,-1.3095843287148556,-0.835037184961766,Estimated (Region),-0.4705035071701785,-1.231731493222399,False,False,False,False,False,False,False,0,0,22,12262.0,10220.0,11956.0,10650.666666666666,10378.666666666666,1770.089639914675,12773.780249604499,-4.953921597379244
2025,-1.013889554129062,18467.0,2.1546001930835343,1.3058271624801734,-0.2428663803205408,-0.109706681438535,1.712942411637927,Estimated (Region),-1.6723223942043546,-1.231731493222399,True,False,False,False,False,False,False,0,0,22,8756.0,10934.0,15264.0,13161.666666666666,11640.666666666666,4917.614292859242,5853.990638968743,1.4667381359102274
2025,-1.013889554129062,10136.0,-0.0417502242481871,-0.305820557457828,-1.298917841652951,-1.1937340731157626,-0.5743013112357293,Official (Quarter),0.1146949434605188,1.2205846018810202,False,False,True,False,True,False,False,0,0,22,18467.0,12262.0,6581.0,12453.0,11795.833333333334,5253.7840648431775,10577.61792017912,1.5785584463249782
2025,-1.013889554129062,11610.0,0.4040459966275012,0.0722857695891026,1.5812225074354402,1.6280471525478604,1.330163573559238,Official (Quarter),1.0596607174346204,1.2205846018810202,False,True,False,False,True,False,False,0,0,22,10136.0,8756.0,9324.0,13404.333333333334,12027.5,4445.909843140493,8268.959868755765,0.027505507090701327
2025,-1.013889554129062,8661.0,-0.4565590300867027,1.2146447333601225,-0.2428663803205408,-0.117981699695613,-0.3190871029502416,Interpolated (Month),0.3522336248987921,-0.0055734456706894,False,False,False,False,True,False,False,0,0,22,11610.0,18467.0,4027.0,10135.666666666666,11648.666666666666,1474.500028258125,15937.333545871244,1.3771196503983478
2025,-1.013889554129062,13639.0,1.1604206273075788,-0.2215026313116936,-0.5788827543808531,-0.5400076308065948,0.4130291020005278,Official (Quarter),0.5946729830172239,1.2205846018810202,True,False,False,False,True,False,False,0,0,22,8661.0,10136.0,4322.0,11303.333333333334,11878.166666666666,2503.128908652793,6313.122466802952,-0.4815354474251335
2025,-0.7242068243779014,10058.0,0.1880731039441766,-0.3177970300998891,-0.5788827543808531,-0.4241573752075017,-0.1887757985532801,Estimated (Region),0.2934255047368895,-1.231731493222399,False,True,False,False,False,False,True,0,0,22,13639.0,11610.0,13821.0,10786.0,12095.166666666666,2567.6076413657793,8465.80902017675,-0.5518817406307938
2025,-0.7242068243779014,12743.0,0.9139298258755236,-1.713681855643101,-0.2428663803205408,-0.2503819918088622,0.4369280026765457,Interpolated (Month),-1.6250452779957665,-0.0055734456706894,True,False,False,True,False,False,False,0,0,22,10058.0,8661.0,10895.0,12146.666666666666,11141.166666666666,1863.4914363456037,6658.028851277627,-2.2860734893206383
2025,-0.7242068243779014,8085.0,-0.5863775188409184,-0.909914215267403,0.6211757244059766,0.5853948521560232,-0.1461032353793945,Official (Quarter),0.8169330842173558,1.2205846018810202,False,False,True,False,False,True,False,0,0,22,12743.0,13639.0,9205.0,10295.333333333334,10799.333333333334,2338.0518243471906,19546.809876831772,-0.5739353915713711
2025,-0.7242068243779014,9260.0,-0.0105280560667934,1.3724219370048507,0.6211757244059766,0.5522947791277109,0.1231275082551793,Estimated (Region),1.7428727016684888,-1.231731493222399,False,False,True,True,False,False,False,0,0,22,8085.0,10058.0,10220.0,10029.333333333334,10407.666666666666,2422.42571265523,9358.527097990247,0.8841245589810351
2025,-0.7242068243779014,7767.0,-0.4096084012425017,0.7304420479892183,-1.298917841652951,-1.4006095295427143,-1.0149868458576137,Official (Quarter),-1.5887226155428265,1.2205846018810202,False,False,True,False,False,False,False,0,0,22,9260.0,12743.0,10934.0,8370.666666666666,10258.666666666666,786.4263050871601,13155.675006802176,-1.823326691262186
2025,-0.7242068243779014,12364.0,0.7026519960766193,1.2836327148806297,-0.2428663803205408,-0.2834820648371745,0.3402563831173918,Official (Quarter),-1.5607599309560394,1.2205846018810202,True,False,False,False,False,False,True,0,0,22,7767.0,8085.0,12262.0,9797.0,10046.166666666666,2345.0754785293893,7261.6130768296,1.791487207628557
2025,-0.7242068243779014,9374.0,0.0204593589703791,-1.6752563451866862,-0.2428663803205408,-0.0931566449243788,-0.1599781895633386,Official (Quarter),-0.4347573949149044,1.2205846018810202,True,False,False,False,False,False,False,0,0,22,12364.0,9260.0,8756.0,9835.0,9932.166666666666,2332.9151291891967,9186.05911896203,-1.847349198525017
2025,-0.7242068243779014,7653.0,-0.6227642561951742,-0.4822578172280919,1.5812225074354402,1.5287469334629231,0.1197012440587362,Official (Quarter),-1.3681921649356916,1.2205846018810202,False,False,False,False,False,False,False,0,0,22,9374.0,7767.0,18467.0,9797.0,9083.833333333334,2383.8156388445486,20287.048949315653,-0.1907101935928706
2025,-0.7242068243779014,12062.0,0.5951350560233991,-0.9082680467169996,1.5812225074354402,1.570122024748314,1.428109423604673,Official (Quarter),1.4938030162769014,1.2205846018810202,False,False,True,False,False,False,True,0,0,22,7653.0,12364.0,10136.0,9696.333333333334,9746.666666666666,2222.1035829441366,7561.742157476013,-0.35339491198124884
2025,-0.7242068243779014,8951.0,-0.1138194395240356,0.0686494866438285,0.6211757244059766,0.4364445235286178,-0.0044937540040784,Estimated (Region),-1.3286984763955905,-1.231731493222399,True,False,False,False,False,True,False,0,0,22,12062.0,9374.0,11610.0,9555.333333333334,9695.166666666666,2265.774554833988,10100.650363163519,0.047791255088077765
2025,-0.7242068243779014,11783.0,0.4411369934144199,0.5081074022135634,-0.2428663803205408,-0.3496822108937991,0.1852250072865869,Official (Quarter),0.2288518825983298,1.2205846018810202,False,True,False,False,False,True,False,0,0,22,8951.0,7653.0,8661.0,10932.0,10364.5,1721.2585511770023,8176.18314833698,0.7813217025969843
2025,-0.7242068243779014,8438.0,-0.2358910745189581,0.48731011034928,0.6211757244059766,0.7591702355546627,0.0147612844552724,Interpolated (Month),0.1579362082854472,-0.0055734456706894,False,False,False,True,False,False,False,0,0,22,11783.0,12062.0,13639.0,9724.0,9710.166666666666,1801.5002081598102,11042.928198604523,0.27701134347332346
2025,-0.7242068243779014,9751.0,-0.0241437384316117,-1.7227899591111364,0.6211757244059766,0.4281695052715397,0.1792502821175823,Interpolated (Month),-1.015343443964276,-0.0055734456706894,False,False,False,False,False,False,True,0,0,22,8438.0,8951.0,10058.0,9990.666666666666,9773.0,1685.3297402387457,9992.250277031857,-1.2062923572812039
2025,-0.7242068243779014,11382.0,0.4035764903390591,1.281039701194804,-0.2428663803205408,-0.0848816266673007,0.2619336825606784,Official (Quarter),0.6260949687900051,1.2205846018810202,False,False,False,False,False,True,False,0,0,22,9751.0,11783.0,12743.0,9857.0,10394.5,1474.859654339982,8109.283732196507,1.3998622894320043
2025,-0.7242068243779014,11544.0,0.2256336070195374,0.3064447963472706,-0.5788827543808531,-0.6475828681486098,-0.037765327812516,Official (Quarter),-1.597947418705478,1.2205846018810202,False,True,False,False,False,False,False,0,0,22,11382.0,8438.0,8085.0,10892.333333333334,10308.166666666666,991.7370283161166,9418.801780470418,0.8695513601662659
2025,-0.7242068243779014,14345.0,1.0820130771377632,0.4955911532895767,-0.2428663803205408,-0.0848816266673007,0.8786046054544259,Interpolated (Month),1.194285188589564,-0.0055734456706894,False,True,False,True,False,False,False,0,0,22,11544.0,9751.0,9260.0,12423.666666666666,11207.166666666666,1665.893854161611,6889.966329952507,0.5415596142876263
2025,-0.7242068243779014,13977.0,0.8625188872911237,0.7973663544429166,-0.2428663803205408,-0.3496822108937991,0.6120355877245272,Estimated (Region),0.0590578493857777,-1.231731493222399,True,False,False,False,True,False,False,0,0,22,14345.0,11382.0,7767.0,13288.666666666666,11572.833333333334,1522.0881490023858,7504.353429848094,1.2261180115322077
2025,-0.7242068243779014,8531.0,-0.3290880727746971,0.4823194163835204,1.5812225074354402,1.6859722803474069,0.4439787447006317,Interpolated (Month),-1.083952917486496,-0.0055734456706894,False,False,False,False,True,False,False,0,0,22,13977.0,11544.0,12364.0,12284.333333333334,11588.333333333334,3255.685693265462,12715.528900017833,0.1795697669378541
2025,-0.7242068243779014,6995.0,-0.8490662872242228,0.6097965816316123,-0.5788827543808531,-0.564832685577829,-0.8234275294200986,Interpolated (Month),-0.1738684304711698,-0.0055734456706894,False,True,False,False,True,False,False,0,0,22,8531.0,14345.0,9374.0,9834.333333333334,11129.0,3668.935722158836,46344.848154577456,1.4012922419077352
2025,-0.7242068243779014,14646.0,1.25408713185176,-0.7179258318241293,-0.2428663803205408,-0.2669320283230184,0.8043877586868393,Interpolated (Month),0.734486405951159,-0.0055734456706894,False,False,True,False,True,False,False,0,0,22,6995.0,13977.0,7653.0,10057.333333333334,11673.0,4047.433796040795,6497.53054930407,-0.9793441530146066
2025,-0.4345240946267408,5937.0,-0.9795890354111016,-0.3017061301449552,-0.2428663803205408,-0.1924568640093157,-0.904100477318174,Interpolated (Month),1.7319182479128403,-0.0055734456706894,False,False,False,False,False,False,False,0,0,22,14646.0,8531.0,12062.0,9192.666666666666,10738.5,4752.259918536982,290873.07334946684,-0.37360992459532916
2025,-0.4345240946267408,11008.0,0.2390145362401347,1.265407064344783,-0.5788827543808531,-0.672407922919844,-0.1478871580601873,Estimated (Region),0.17234996322709,-1.231731493222399,False,False,True,False,False,True,False,0,0,22,5937.0,6995.0,8951.0,10530.333333333334,10182.333333333334,4374.104975115852,8884.480107396035,3.862752346220999
2025,-0.4345240946267408,6127.0,-0.9798237885553226,1.4277495029337894,-1.298917841652951,-1.1689090183445283,-1.1726799475930936,Estimated (Region),-1.10960940128262,-1.231731493222399,True,False,False,False,False,False,False,0,0,22,11008.0,14646.0,11783.0,7690.666666666667,8874.0,2874.4652256259733,303674.45428494137,-8.452772486200647
2025,-0.4345240946267408,5490.0,-1.1810072331527235,-1.5453089330498555,-0.5788827543808531,-0.6310328316344536,-1.118256147712398,Estimated (Region),-0.1133306597162701,-1.231731493222399,True,False,False,False,False,True,False,0,0,22,6127.0,5937.0,8438.0,7541.666666666667,8367.166666666666,3018.7815974881264,-30330.279648923497,-4.188201730509728
2025,-0.4345240946267408,3900.0,-1.5406490500993033,0.1522839943851308,1.5812225074354402,1.7935475176894218,-0.9192496619883987,Official (Quarter),-0.997470387836639,1.2205846018810202,False,False,False,True,False,False,False,0,0,22,5490.0,11008.0,9751.0,5172.333333333333,7851.333333333333,1146.9814006045342,-7213.551932226035,0.054512763223403767
2025,-0.4345240946267408,12396.0,0.8233151122062159,0.4408913382299487,-0.5788827543808531,-0.4738074847499702,0.2254906906530535,Interpolated (Month),0.550566892895797,-0.0055734456706894,False,False,True,False,False,False,True,0,0,22,3900.0,6127.0,11382.0,7262.0,7476.333333333333,4516.690381241513,6798.605417689326,0.837889794043253
2025,-0.4345240946267408,9105.0,-0.134712469359705,0.9160560015837852,0.6211757244059766,0.5191947060993986,0.0703460498901346,Interpolated (Month),-1.5538413285840509,-0.0055734456706894,False,True,False,False,False,True,False,0,0,22,12396.0,5490.0,11544.0,8467.0,8004.333333333333,4283.781857191109,10522.513820651602,0.6029878842428306
2025,-0.4345240946267408,7394.0,-0.7136137230087031,0.9588186094951568,-0.5788827543808531,-0.5069075577782824,-0.7282566702114528,Interpolated (Month),0.4862815458560701,-0.0055734456706894,True,False,False,False,False,False,True,0,0,22,9105.0,3900.0,14345.0,9631.666666666666,7402.0,2542.2498565902515,25818.276202615318,1.9445007211528642
2025,-0.4345240946267408,13243.0,0.7758949770735729,0.3573154802135705,1.5812225074354402,1.6197721342907825,1.8079716896814304,Official (Quarter),0.2285636074994969,1.2205846018810202,False,False,True,True,False,False,False,0,0,22,7394.0,12396.0,13977.0,9914.0,8588.0,3007.251402859403,7457.085115372429,0.1363918165005988
2025,-0.4345240946267408,8555.0,-0.473226503326394,0.1849275366208821,-0.2428663803205408,-0.3745072656650333,-0.4536175260684432,Estimated (Region),-1.6328287056642534,-1.231731493222399,False,False,False,False,False,True,False,0,0,22,13243.0,9105.0,8531.0,9730.666666666666,9098.833333333334,3096.6666487262014,16240.376659080026,0.29565097477511043
2025,-0.4345240946267408,7889.0,-0.6025754857921678,-1.3651434394943944,-1.298917841652951,-1.1854590548586843,-0.9106981596138046,Interpolated (Month),1.7408547759766588,-0.0055734456706894,True,False,False,True,False,False,False,0,0,22,8555.0,7394.0,6995.0,9895.666666666666,9763.666666666666,2917.9392271487045,19850.310481538305,7.360888582844356
2025,-0.4345240946267408,6900.0,-0.7643204021604401,0.7069294726735907,-0.5788827543808531,-0.6558578864056878,-0.8731225183850414,Estimated (Region),-1.6959609523086487,-1.231731493222399,False,False,True,False,False,False,False,0,0,22,7889.0,13243.0,14646.0,7781.333333333333,8847.666666666666,832.7366530500377,29277.035701228622,2.0541789125725716
2025,-0.4345240946267408,10489.0,0.0239806561336942,0.2302299758403936,0.6211757244059766,0.7012451077551162,0.4993086640382376,Official (Quarter),-1.009866217086452,1.2205846018810202,False,False,False,False,False,False,True,0,0,22,6900.0,8555.0,5937.0,8426.0,9078.333333333334,1853.7818102462074,10243.357564589114,0.13533027944703063
2025,-0.4345240946267408,9312.0,-0.0156926252396555,-1.2469846220672431,-1.298917841652951,-1.2764842556865432,-0.7384505141016974,Interpolated (Month),0.3415674462419764,-0.0055734456706894,False,True,False,False,False,False,True,0,0,22,10489.0,7889.0,11008.0,8900.333333333334,9398.0,1829.571625636199,9460.45944466001,4.510146948406998
2025,-0.4345240946267408,6902.0,-0.853996103252864,0.7934860289981713,1.5812225074354402,1.7852724994323437,-0.0079483344335503,Official (Quarter),0.402393492095709,1.2205846018810202,False,True,False,True,False,False,False,0,0,22,9312.0,6900.0,6127.0,8901.0,8341.166666666666,1828.4783291031242,47272.710891775496,0.2848863187210188
2025,-0.4345240946267408,9413.0,-0.1117066612260465,-1.390365803401021,-0.2428663803205408,-0.3000321013513307,-0.251836049507655,Official (Quarter),-1.5327972463692523,1.2205846018810202,False,True,False,False,False,False,False,0,0,22,6902.0,10489.0,5490.0,8542.333333333334,8484.166666666666,1421.4676687610774,10596.72474071693,-1.9863279531607192
2025,-0.4345240946267408,12152.0,0.7524196626514724,-1.7201079767747915,-0.2428663803205408,-0.109706681438535,0.4066862658021533,Official (Quarter),-1.4803311783816726,1.2205846018810202,False,True,False,False,True,False,False,0,0,22,9413.0,9312.0,3900.0,9489.0,9194.666666666666,2625.825013210097,6934.4120355358245,-1.932068837216638
2025,-0.4345240946267408,7869.0,-0.5593809072555028,1.6358705369836375,-0.2428663803205408,-0.1759068274951595,-0.5059742409380612,Interpolated (Month),-0.3220418312712577,-0.0055734456706894,True,False,False,False,True,False,False,0,0,22,12152.0,6902.0,12396.0,9811.333333333334,9356.166666666666,2169.1068054231832,17858.962831106855,1.9850553208824562
2025,-0.4345240946267408,7732.0,-0.469705206163079,-0.7322323884529935,1.5812225074354402,1.4128966778638303,0.0967084628396287,Interpolated (Month),1.6589846479081278,-0.0055734456706894,False,False,True,False,True,False,False,0,0,22,7869.0,9413.0,9105.0,9251.0,8896.666666666666,2513.2733635638965,14580.569317031206,-0.3034661182016499
2025,-0.4345240946267408,10564.0,0.012242998922644,-0.216504481872427,0.6211757244059766,0.6515949982126477,0.4910120077608997,Official (Quarter),0.0956687869375503,1.2205846018810202,False,False,False,False,True,False,False,0,0,22,7732.0,12152.0,7394.0,8721.666666666666,9105.333333333334,1596.977248846416,10436.229256456734,-0.13108811912528656
2025,-0.1448413648755802,9808.0,-0.0570091786225524,0.7564367989511961,1.5812225074354402,1.37152158657844,0.667535404460304,Estimated (Region),-0.7746337364388415,-1.231731493222399,False,False,False,True,False,False,False,0,0,22,10564.0,7869.0,13243.0,9368.0,9589.666666666666,1466.375122538498,10400.949593203079,0.3189668621328302
2025,-0.1448413648755802,8118.0,-0.5107870064017549,-0.0978874013403626,-0.2428663803205408,-0.3827822839221114,-0.5415111133887753,Estimated (Region),-1.551246852694555,-1.231731493222399,False,False,True,False,False,True,False,0,0,22,9808.0,7732.0,8555.0,9496.666666666666,9373.833333333334,1252.3678905709535,16593.999150126256,-0.15859460736543388
2025,-0.1448413648755802,14633.0,0.9446824877684754,0.8349310062250267,0.6211757244059766,0.800545326840053,1.6035851196820243,Official (Quarter),1.272696015472101,1.2205846018810202,False,True,False,False,False,False,False,0,0,22,8118.0,10564.0,7889.0,10853.0,9787.333333333334,3380.876365677978,7524.621675794169,0.4637100737087947
2025,-0.1448413648755802,9651.0,0.0451084391135847,-1.649194494963143,-0.5788827543808531,-0.5234575942924387,-0.3156042062877413,Official (Quarter),1.5154236486893655,1.2205846018810202,False,False,False,False,False,True,False,0,0,22,14633.0,9808.0,6900.0,10800.666666666666,10084.333333333334,3406.259874603413,9234.448444589689,-3.460750764697319
2025,-0.1448413648755802,8313.0,-0.5288629985067722,0.2440409919968078,-0.5788827543808531,-0.556557667320751,-0.5780673702285142,Interpolated (Month),1.2300313008448382,-0.0055734456706894,False,False,True,False,False,False,False,0,0,22,9651.0,8118.0,10489.0,10865.666666666666,10181.166666666666,3330.4896536895694,17644.54919408297,0.5503330963517361
2025,-0.1448413648755802,15994.0,1.315827208781884,-1.0838861984646,-1.298917841652951,-1.284759273943621,0.2367605513983797,Estimated (Region),1.2271485498565096,-1.231731493222399,False,False,True,False,False,False,True,0,0,22,8313.0,14633.0,9312.0,11319.333333333334,11086.166666666666,4103.284334936261,6906.387462479458,3.806324491047819
2025,-0.1448413648755802,6182.0,-1.0091679315829485,1.4884952099762376,-0.5788827543808531,-0.7220580324623124,-1.0225189638431833,Official (Quarter),-0.1101596336291086,1.2205846018810202,True,False,False,False,False,False,True,0,0,22,15994.0,9651.0,6902.0,10163.0,10481.833333333334,5160.979655065487,-674306.9517990246,5.355417259088103
2025,-0.1448413648755802,10014.0,0.0451084391135847,1.135138072784006,0.6211757244059766,0.6184949251843354,0.3387556227668836,Estimated (Region),1.4600748297134571,-1.231731493222399,True,False,False,True,False,False,False,0,0,22,6182.0,8313.0,9413.0,10730.0,10797.833333333334,4945.0306369121645,9581.780823139688,0.7013541130842418
2025,-0.1448413648755802,8280.0,-0.4591413146731338,-0.7139282069295371,-0.5788827543808531,-0.6641329046627659,-0.6298577604375629,Interpolated (Month),-0.7910654170723143,-0.0055734456706894,False,True,False,True,False,False,False,0,0,22,10014.0,15994.0,12152.0,8158.666666666667,9739.0,1918.8791867475709,15308.98962082121,-2.1256271210869975
2025,-0.1448413648755802,16710.0,1.4768678657174934,-0.5282128588952717,-0.2428663803205408,-0.3993323204362675,1.1011135645920456,Estimated (Region),-1.0655033111611931,-1.231731493222399,False,True,False,False,False,True,False,0,0,22,8280.0,6182.0,7869.0,11668.0,10915.5,4451.742580158921,6746.42367131663,-0.8793761956343564
2025,-0.1448413648755802,8352.0,-0.4269801339148561,1.1934264557584615,-0.2428663803205408,-0.341407192636721,-0.4786490760655998,Official (Quarter),0.8296171885660014,1.2205846018810202,False,False,True,True,False,False,False,0,0,22,16710.0,10014.0,7732.0,11114.0,10922.0,4846.4118685889625,14575.410896415575,1.8120854683130012
2025,-0.1448413648755802,7667.0,-0.6377884574253185,0.678303933626685,-1.298917841652951,-1.1689090183445283,-0.9378534270880952,Interpolated (Month),1.618626134071528,-0.0055734456706894,False,False,False,False,False,False,True,0,0,22,8352.0,8280.0,10564.0,10909.666666666666,9534.166666666666,5034.898840427012,21167.188503991983,-4.015794658418593
2025,-0.1448413648755802,9221.0,-0.1330691973501579,1.1887106202493365,1.5812225074354402,1.3880716230925962,0.5093042942972833,Official (Quarter),1.248769182268974,1.2205846018810202,True,False,False,False,False,True,False,0,0,22,7667.0,16710.0,9808.0,8413.333333333334,10040.666666666666,778.8134136832987,10636.373712659983,0.4977700872765008
2025,-0.1448413648755802,8638.0,-0.4286234059244031,0.7075323719645448,-0.2428663803205408,-0.1676318092380815,-0.3458459431621338,Estimated (Region),0.6220591174063452,-1.231731493222399,False,False,False,False,False,False,False,0,0,22,9221.0,8352.0,8118.0,8508.666666666666,9811.333333333334,785.0314218762469,15117.875127480522,0.8500233187874422
2025,-0.1448413648755802,12027.0,0.4545179226350172,0.5789463292901399,1.5812225074354402,1.7356223898898753,1.5200239160150462,Interpolated (Month),-0.46358490479819,-0.0055734456706894,True,False,False,False,False,False,False,0,0,22,8638.0,7667.0,14633.0,9962.0,10435.833333333334,1811.9439836815723,8268.719011871495,0.21163239905835318
2025,-0.1448413648755802,6722.0,-0.7654941678815451,0.7591933360226139,-0.2428663803205408,-0.2172819187805499,-0.7536280150049507,Official (Quarter),1.606230304821715,1.2205846018810202,False,True,False,False,False,False,True,0,0,22,12027.0,9221.0,9651.0,9129.0,8771.166666666666,2686.3668774014777,28664.532302994267,0.9699448041877538
2025,-0.1448413648755802,5082.0,-1.2080038447381394,0.6754286060107183,-0.2428663803205408,-0.2338319552947061,-1.088099359537091,Official (Quarter),-0.2081731672322797,1.2205846018810202,False,False,True,False,True,False,False,0,0,22,6722.0,8638.0,8313.0,7943.666666666667,8226.166666666666,3630.0975652636375,-24432.240694386404,0.8815671844817302
2025,-0.1448413648755802,11262.0,0.4531094037696911,1.3865664613428226,0.6211757244059766,0.5853948521560232,0.6244097815579631,Estimated (Region),-0.9006099546287994,-1.231731493222399,False,False,False,False,True,False,False,0,0,22,5082.0,12027.0,15994.0,7688.666666666667,8825.333333333334,3201.395529036199,7750.276731252204,0.8745874628375334
2025,-0.1448413648755802,14180.0,1.3245130751180614,0.0329864776376364,-0.5788827543808531,-0.6227578133773755,0.4527567769394536,Interpolated (Month),-1.0672329617541902,-0.0055734456706894,True,False,False,False,True,False,False,0,0,22,11262.0,6722.0,6182.0,10174.666666666666,9651.833333333334,4645.440919152154,6100.202296896007,0.08744111556811257
2025,-0.1448413648755802,9097.0,-0.2584273763641746,-1.1443133082725048,-1.298917841652951,-1.2682092374294651,-0.7661721062365574,Official (Quarter),-0.0369377585255633,1.2205846018810202,False,True,False,False,True,False,False,0,0,22,14180.0,5082.0,10014.0,11513.0,9728.333333333334,2550.778900649759,12267.173450118345,4.266494768187996
2025,0.1448413648755802,5648.0,-0.9826408262859746,0.7952316038620048,-1.298917841652951,-1.3261343652290116,-1.291296647749302,Interpolated (Month),-1.388947972051657,-0.0055734456706894,False,False,True,False,False,False,False,1,0,22,9097.0,11262.0,8280.0,9641.666666666666,8665.166666666666,4291.998640882025,325361.1083709981,-2.438355747342335
2025,0.1448413648755802,9589.0,0.0373615853542915,-0.8751329402613365,-1.298917841652951,-1.4088845477997924,-0.7628874232052563,Official (Quarter),0.4317975521766603,1.2205846018810202,False,True,False,False,False,False,True,1,0,22,5648.0,14180.0,16710.0,8111.333333333333,9143.0,2147.4460024254404,9243.642848722855,2.140293500868219
2025,0.1448413648755802,12448.0,0.5484191803234192,-0.9194557302619936,-1.298917841652951,-1.284759273943621,-0.2828706409068445,Estimated (Region),-1.3151495467504462,-1.231731493222399,False,False,True,False,False,False,True,1,0,22,9589.0,9097.0,8352.0,9228.333333333334,10370.666666666666,3414.316964391723,8039.166756769299,3.228887746230294
2025,0.1448413648755802,2723.0,-1.8106151659534588,-1.0475646226319335,-0.5788827543808531,-0.5979327586061413,-1.6119213543305264,Official (Quarter),0.0253296628223335,1.2205846018810202,False,False,False,False,False,False,False,1,0,22,12448.0,5648.0,7667.0,8253.333333333334,8947.5,4998.190705978816,-3359.1772204226686,-2.605446340269626
2025,0.1448413648755802,10000.0,0.0859554862080395,-0.5554496917435593,-0.5788827543808531,-0.556557667320751,-0.267806404935705,Estimated (Region),-0.1626257016166884,-1.231731493222399,True,False,False,False,False,False,False,1,0,22,2723.0,9589.0,9221.0,8390.333333333334,8250.833333333334,5058.376847698581,9208.480574943449,-1.2525860767229173
2025,0.1448413648755802,15335.0,1.2634772576206,-0.1360002789410399,-1.298917841652951,-1.367509456514402,0.0750465445728587,Estimated (Region),0.4911822225362286,-1.231731493222399,True,False,False,False,False,True,False,1,0,22,10000.0,12448.0,8638.0,9352.666666666666,9290.5,6330.870108708053,6774.974189986064,0.3700592638647118
2025,0.1448413648755802,10582.0,0.0505077614306678,-0.652113882017715,1.5812225074354402,1.570122024748314,0.9943613660747606,Official (Quarter),1.2752904913615966,1.2205846018810202,False,False,False,True,False,False,False,1,0,22,15335.0,2723.0,12027.0,11972.333333333334,10112.833333333334,2926.6578777392756,10073.224005112123,-0.253728762968589
2025,0.1448413648755802,8450.0,-0.4413000757123374,-0.4078869838353433,0.6211757244059766,0.5522947791277109,-0.0719430210778644,Official (Quarter),-0.4220732905662587,1.2205846018810202,False,True,False,True,False,False,False,1,0,22,10582.0,10000.0,6722.0,11455.666666666666,9923.0,3524.6668400479093,15124.397968683592,-0.2627638701874327
2025,0.1448413648755802,4649.0,-1.3190420819546749,1.594221279782684,-0.5788827543808531,-0.457257448235814,-1.2282363967949272,Estimated (Region),-0.3107991024167764,-1.231731493222399,False,False,True,False,False,True,False,1,0,22,8450.0,15335.0,5082.0,7893.666666666667,8623.166666666666,3005.370581697535,-14571.745430938061,2.937343450593037
2025,0.1448413648755802,15454.0,1.3754545074140194,0.238285863480771,-0.2428663803205408,-0.109706681438535,1.0897021226815773,Official (Quarter),1.6451474431641506,1.2205846018810202,False,True,False,False,False,False,False,1,0,22,4649.0,10582.0,11262.0,9517.666666666666,10745.0,5481.052848981949,6505.702362123373,0.26764871589263756
2025,0.1448413648755802,6151.0,-1.0148020070442525,-0.066259294596299,0.6211757244059766,0.7757202720688188,-0.5550745890094066,Interpolated (Month),0.2490311395166297,-0.0055734456706894,True,False,False,False,False,False,True,1,0,22,15454.0,8450.0,14180.0,8751.333333333334,10103.5,5853.059570287412,-415551.7546783215,-0.03731403849948901
2025,0.1448413648755802,6187.0,-0.9316993939900166,0.668860333850823,0.6211757244059766,0.5853948521560232,-0.6064119194900002,Official (Quarter),1.244156780687648,1.2205846018810202,False,False,True,True,False,False,False,1,0,22,6151.0,4649.0,9097.0,9264.0,8578.833333333334,5360.727469289945,90584.84779909055,0.4218888013552088
2025,0.1448413648755802,16163.0,1.7801689280510318,-0.6563898445899118,-0.2428663803205408,-0.2752070465800964,1.0990747958139966,Estimated (Region),-0.4768455593445013,-1.231731493222399,False,False,False,False,False,True,False,1,0,22,6187.0,15454.0,5648.0,9500.333333333334,9509.0,5770.066666281519,5813.67550616094,-0.9056239323144151
2025,0.1448413648755802,7894.0,-0.4168857487133529,-1.580712491577995,1.5812225074354402,1.4708218056633768,0.1663380798566058,Interpolated (Month),0.6399321735339822,-0.0055734456706894,False,False,False,False,False,False,True,1,0,22,16163.0,6151.0,9589.0,10081.333333333334,9416.333333333334,5335.584722720949,13537.655755423253,-0.6397517165968182
2025,0.1448413648755802,16165.0,1.601052279010405,1.4911568140183296,-1.298917841652951,-1.1854590548586843,0.3442206557413758,Interpolated (Month),0.0633819758682705,-0.0055734456706894,True,False,False,True,False,False,False,1,0,22,7894.0,6187.0,12448.0,13407.333333333334,11335.666666666666,4774.686830917132,6214.792424760538,-8.040355943550765
2025,0.1448413648755802,12850.0,0.6589879112515125,0.4260554429820693,-0.2428663803205408,-0.3579572291508772,0.3873462786437167,Official (Quarter),1.216194096100861,1.2205846018810202,False,True,False,False,False,True,False,1,0,22,16165.0,16163.0,2723.0,12303.0,10901.666666666666,4162.543333107783,7745.6863385497345,0.6635935522155275
2025,0.1448413648755802,8354.0,-0.3952884594450204,-0.7051814454108206,0.6211757244059766,0.5440197608706328,-0.0986169125906713,Interpolated (Month),1.6140137324902022,-0.0055734456706894,False,False,False,False,True,False,False,1,0,22,12850.0,7894.0,10000.0,12456.333333333334,11268.833333333334,3920.352067523196,13814.851279889645,-0.45671788877442027
2025,0.1448413648755802,17474.0,2.1550696993719765,-0.827501908149724,1.5812225074354402,1.7521724264040317,3.1774863001027787,Interpolated (Month),0.5182800818265171,-0.0055734456706894,False,True,False,False,True,False,False,1,0,22,8354.0,16165.0,15335.0,12892.666666666666,13150.0,4560.149705144935,5538.387948601655,-0.30067226174158423
2025,0.1448413648755802,7263.0,-0.6643155627222921,-0.9923727463208264,1.5812225074354402,1.5866720612624698,0.0278150678813914,Official (Quarter),1.1795831585490884,1.2205846018810202,True,False,False,False,True,False,False,1,0,22,17474.0,12850.0,10582.0,11030.333333333334,11666.666666666666,5606.97782529352,21636.391781819195,-0.38364845748420145
2025,0.1448413648755802,8011.0,-0.5722923301876581,0.3570798872507409,-0.2428663803205408,-0.1676318092380815,-0.4736937352856197,Interpolated (Month),-0.613487956191275,-0.0055734456706894,False,False,True,False,True,False,False,1,0,22,7263.0,8354.0,8450.0,10916.0,11686.166666666666,5691.695617300693,18730.08263685066,0.4289927116555036
2025,0.4345240946267408,8051.0,-0.5361403459776234,-0.535113148142024,0.6211757244059766,0.6764200529838819,-0.116739301728884,Interpolated (Month),1.3436116897849837,-0.0055734456706894,False,False,True,False,False,False,False,1,0,22,8011.0,17474.0,4649.0,7775.0,10333.833333333334,443.85583244971036,17356.542933159733,-0.3191999208012152
2025,0.4345240946267408,5547.0,-1.1868760617582488,-0.5856175197433341,1.5812225074354402,1.4294467143779863,-0.5213216392394852,Estimated (Region),1.3649440470986147,-1.231731493222399,False,False,True,False,False,True,False,1,0,22,8051.0,7263.0,15454.0,7203.0,9116.666666666666,1434.2775184738734,-29682.774496692076,-0.24104974860223277
2025,0.4345240946267408,11152.0,0.252395465460732,0.9592987419890237,-0.5788827543808531,-0.6475828681486098,-0.1080462181891478,Estimated (Region),-0.5734177174535081,-1.231731493222399,True,False,False,False,False,False,True,1,0,22,5547.0,8011.0,6151.0,8250.0,9583.0,2807.793973923242,8904.535594032508,2.7220547904394943
2025,0.4345240946267408,9563.0,-0.1293131470426219,0.8665680595372988,-0.2428663803205408,-0.1014316631814569,-0.1247811119089661,Estimated (Region),0.9013976881753826,-1.231731493222399,False,False,False,True,False,False,False,1,0,22,11152.0,8051.0,6187.0,8754.0,8264.5,2888.7483448718267,10983.282873191756,0.9643874862155237
2025,0.4345240946267408,11435.0,0.2263378664522004,1.5183330090154246,-1.298917841652951,-1.3426844017431678,-0.4653121303091962,Interpolated (Month),0.0907681102573918,-0.0055734456706894,True,False,False,False,False,False,False,1,0,22,9563.0,5547.0,16163.0,10716.666666666666,8959.833333333334,1009.0749889543566,9324.510245354728,-4.430703589926955
2025,0.4345240946267408,12625.0,0.6603964301168385,-0.6612905758420173,1.5812225074354402,1.6197721342907825,1.6252753541818223,Estimated (Region),-1.0698274376436858,-1.231731493222399,False,False,True,True,False,False,False,1,0,22,11435.0,11152.0,7894.0,11207.666666666666,9728.833333333334,1543.6065992775755,7603.6058443654965,-0.25242293678379024
2025,0.4345240946267408,14792.0,0.98083447197851,-1.3446314437496554,1.5812225074354402,1.810097554203578,2.410399547361864,Estimated (Region),-0.7403289996777316,-1.231731493222399,False,False,False,False,False,False,False,1,0,22,12625.0,9563.0,16165.0,12950.666666666666,10852.333333333334,1702.0300624059043,7467.55986391198,-0.47849991603965625
2025,0.4345240946267408,13341.0,1.068866901061387,-0.9691260828936245,1.5812225074354402,1.7356223898898753,1.9162812810152805,Official (Quarter),0.6765431110857549,1.2205846018810202,True,False,False,False,False,True,False,1,0,22,14792.0,11435.0,12850.0,13586.0,12151.333333333334,1104.0792544016817,6448.457362412097,-0.35426164315486447
2025,0.4345240946267408,9888.0,0.061541159209055,-1.7068198378270196,1.5812225074354402,1.6280471525478604,0.820358114114889,Interpolated (Month),-1.3860652210633289,-0.0055734456706894,False,True,False,False,False,False,False,1,0,22,13341.0,12625.0,8354.0,12673.666666666666,11940.666666666666,2519.187236656581,9314.758937248804,-0.6494631712266952
2025,0.4345240946267408,8949.0,-0.1534927208973854,0.3391773072335423,-0.2428663803205408,-0.109706681438535,-0.2558569545976958,Official (Quarter),-1.115374903259277,1.2205846018810202,False,False,False,False,False,False,True,1,0,22,9888.0,14792.0,17474.0,10726.0,11838.333333333334,2312.8119249087035,10571.675189239799,0.38097254035510975
2025,0.4345240946267408,9675.0,-0.2039646469049014,1.6040967999904,-1.298917841652951,-1.1937340731157626,-0.6440158769517916,Official (Quarter),0.900532862878884,1.2205846018810202,True,False,False,True,False,False,False,1,0,22,8949.0,13341.0,7263.0,9504.0,11545.0,492.3017367426081,12153.98281292687,-8.279889924328891
2025,0.4345240946267408,17242.0,1.640490807239534,0.3384074053360264,-0.2428663803205408,-0.3248571561225649,1.2691420913829123,Estimated (Region),-0.5552563862270381,-1.231731493222399,False,True,False,False,False,True,False,1,0,22,9675.0,9888.0,8011.0,11955.333333333334,12314.5,4592.755418409884,6529.846630303333,0.5012382318866148
2025,0.4345240946267408,11494.0,0.3535740706199851,0.2698245045427467,0.6211757244059766,0.7508952172975846,0.7783085080676299,Official (Quarter),-1.0585847087892044,1.2205846018810202,False,False,False,False,False,True,False,1,0,22,17242.0,8949.0,8051.0,12803.666666666666,11764.833333333334,3949.847127843486,8491.592923862187,0.15410659751484543
2025,0.4345240946267408,11732.0,0.2751665204501695,-1.1205268685633771,-0.2428663803205408,-0.225556937037628,0.2500691809217545,Official (Quarter),-0.0461625616882146,1.2205846018810202,False,False,True,False,False,False,True,1,0,22,11494.0,9675.0,5547.0,13489.333333333334,11496.666666666666,3252.0826147767984,9200.367020189862,-1.4468808904778327
2025,0.4345240946267408,13723.0,0.9759046559498692,1.199510619171953,-0.2428663803205408,-0.333132174379643,0.5742900490975932,Official (Quarter),-0.1796339324478269,1.2205846018810202,False,True,False,True,False,False,False,1,0,22,11732.0,17242.0,11152.0,12316.333333333334,12135.833333333334,1224.0074890838648,6945.1731684912675,1.7987231848471656
2025,0.4345240946267408,8158.0,-0.5600851666881659,0.6514945479261472,-0.5788827543808531,-0.5979327586061413,-0.6239113515015867,Official (Quarter),1.2813442684370866,1.2205846018810202,False,True,False,False,False,False,True,1,0,22,13723.0,11494.0,9563.0,11204.333333333334,12004.0,2819.774872810466,18544.498576198708,1.620362170435948
2025,0.4345240946267408,11848.0,0.4195397041460875,0.973728065414974,1.5812225074354402,1.7438974081469534,1.471065149108843,Estimated (Region),-0.2032724905521211,-1.231731493222399,False,False,False,False,True,False,False,1,0,22,8158.0,11732.0,11435.0,11243.0,12366.166666666666,2831.3998304725437,8346.367463618826,0.3548704344863118
2025,0.4345240946267408,1129.0,-2.2291800220995106,1.188798594836722,-1.298917841652951,-1.384059493028558,-1.947270502086549,Estimated (Region),-0.9666249522615236,-1.231731493222399,True,False,False,False,True,False,False,1,0,22,11848.0,13723.0,12625.0,7045.0,9680.666666666666,5445.485928730287,-918.4984946888436,-3.0953501121981777
2025,0.4345240946267408,8857.0,-0.1180449961200136,-1.0999373358941624,1.5812225074354402,1.4956468604346111,0.4549371268826447,Interpolated (Month),0.8941908107045612,-0.0055734456706894,False,True,False,False,True,False,False,1,0,22,1129.0,8158.0,14792.0,7278.0,9241.166666666666,5531.199779432993,10042.462439733754,-0.44074237959396656
2025,0.4345240946267408,15156.0,1.1010280818196647,-1.175840020576869,-0.2428663803205408,-0.1593567909810034,0.9894626577608372,Interpolated (Month),-0.2179745205925967,-0.0055734456706894,False,False,True,False,True,False,False,1,0,22,8857.0,11848.0,13341.0,8380.666666666666,9811.833333333334,7025.621135055108,7213.611341583614,-1.398738499236836
2025,0.7242068243779014,11340.0,0.2664806541139923,-0.1852426873933539,-1.298917841652951,-1.235109164401153,-0.4163250471699648,Estimated (Region),-0.4099657364152788,-1.231731493222399,False,False,True,True,False,False,False,1,0,22,15156.0,1129.0,9888.0,11784.333333333334,9414.666666666666,3172.9204738431986,8953.946484033162,0.7879007518281389
2025,0.7242068243779014,9269.0,-0.1295479001868429,0.1998439509826396,1.5812225074354402,1.5204719152058452,0.5859280208722892,Official (Quarter),-0.2260462233599167,1.2205846018810202,False,False,False,False,False,False,False,1,0,22,11340.0,8857.0,8949.0,11921.666666666666,9599.833333333334,2986.2927407294424,10648.4894481725,0.07928830699401723
2025,0.7242068243779014,7166.0,-0.8169051064659452,-0.909971870929192,-0.5788827543808531,-0.6558578864056878,-0.8255512468972329,Official (Quarter),-0.2502613316618766,1.2205846018810202,False,True,False,False,False,False,False,1,0,22,9269.0,15156.0,9675.0,9258.333333333334,8819.5,2087.0204439183412,39138.17508333271,-2.6441747027854348
2025,0.7242068243779014,12555.0,0.5763548044857187,-1.660588446608504,-1.298917841652951,-1.1771840366016064,-0.1978653093554148,Official (Quarter),-1.1231583309277642,1.2205846018810202,False,True,False,False,False,False,True,1,0,22,7166.0,11340.0,17242.0,9663.333333333334,10723.833333333334,2716.054920897799,7964.577495036742,9.372110933121434
2025,0.7242068243779014,13798.0,0.978017434247858,1.555426474871876,-0.2428663803205408,-0.1593567909810034,0.7120202065480105,Estimated (Region),0.8169330842173558,-1.231731493222399,False,False,True,False,False,False,False,1,0,22,12555.0,9269.0,11494.0,11173.0,11547.333333333334,3525.3792703764457,6975.671579581752,1.8502813776215576
2025,0.7242068243779014,6508.0,-0.8795841959729535,-0.8882679934864256,-0.5788827543808531,-0.6889579594340001,-0.9542485260115724,Estimated (Region),1.2556877846409624,-1.231731493222399,True,False,False,True,False,False,False,1,0,22,13798.0,7166.0,11732.0,10953.666666666666,10106.0,3899.9008107044556,54046.061915080856,-2.8557811409353335
2025,0.7242068243779014,1662.0,-2.100300545922179,0.9056764913669786,-0.5788827543808531,-0.7055079959481563,-1.8139859932215996,Official (Quarter),0.0705888533390919,1.2205846018810202,False,False,False,False,False,False,True,1,0,22,6508.0,12555.0,13723.0,7322.666666666667,8493.0,6108.877583757341,-1510.4963877001917,3.0753856773902055
2025,0.7242068243779014,6670.0,-0.7208910704795543,-0.3284856939514635,-0.5788827543808531,-0.6062077768632194,-0.8972479489252873,Official (Quarter),-0.6627829980916934,1.2205846018810202,True,False,False,False,False,False,True,1,0,22,1662.0,13798.0,8158.0,4946.666666666667,8059.833333333333,2845.75777840151,23897.479781317415,-0.8341599316890689
2025,0.7242068243779014,12995.0,0.9923373760453392,0.603548894832529,-0.5788827543808531,-0.6806829411769221,0.2002326107916692,Interpolated (Month),-1.249422824216555,-0.0055734456706894,False,True,False,False,False,True,False,1,0,22,6670.0,6508.0,11848.0,7109.0,9031.333333333334,5679.23964981225,6522.489692882354,1.890124182707488
2025,0.7242068243779014,10184.0,0.0819646827562824,0.9812854303934988,-0.5788827543808531,-0.6310328316344536,-0.2729033268808272,Interpolated (Month),-0.0432798106998861,-0.0055734456706894,False,True,False,True,False,False,False,1,0,22,12995.0,1662.0,1129.0,9949.666666666666,8636.166666666666,3169.0046281653117,9412.506861181895,2.659546741625832
2025,0.7242068243779014,6453.0,-0.959165511863874,1.5006173128674742,1.5812225074354402,1.594947079519548,-0.207521144818119,Estimated (Region),1.044670412295312,-1.231731493222399,False,False,True,False,False,False,True,1,0,22,10184.0,6670.0,8857.0,9877.333333333334,7412.0,3281.763905788038,158028.1838843738,0.5782843606757916
2025,0.7242068243779014,15736.0,1.317705233935652,0.5488013647424543,0.6211757244059766,0.4778196148140081,1.622585312044119,Interpolated (Month),-1.5166538408346124,-0.0055734456706894,False,False,True,False,False,True,False,1,0,22,6453.0,12995.0,15156.0,10791.0,8950.0,4671.173193106835,6789.4742478874205,0.3713588311057328
2025,0.7242068243779014,13486.0,0.7683828764585007,0.6257831049574452,-0.5788827543808531,-0.5482826490636729,0.3790496223663787,Estimated (Region),0.2026188486045399,-1.231731493222399,False,False,False,True,False,False,False,1,0,22,15736.0,10184.0,11340.0,11891.666666666666,10920.666666666666,4842.514463926086,7626.17653650215,1.385342191661028
2025,0.7242068243779014,12084.0,0.6803504473756239,-0.9819514854523792,-0.5788827543808531,-0.4820825030070482,0.1616659014069101,Interpolated (Month),-0.3278073332479149,-0.0055734456706894,False,False,False,False,False,True,False,1,0,22,13486.0,6453.0,9269.0,13768.666666666666,11823.0,1842.3358361964101,7191.357028453693,-1.89596121226571
2025,0.7242068243779014,6319.0,-0.8939041377704348,1.2618662114604018,-1.298917841652951,-1.2102841096299186,-1.1568228570971573,Estimated (Region),-0.7345634977010745,-1.231731493222399,True,False,False,False,False,True,False,1,0,22,12084.0,15736.0,7166.0,10629.666666666666,10710.333333333334,3798.392598630798,59559.344419363355,-6.000768263855859
2025,0.7242068243779014,10381.0,0.1037967251688359,-0.8590783236108035,-0.5788827543808531,-0.6144827951202975,-0.2285884221912912,Estimated (Region),1.0570662415451246,-1.231731493222399,True,False,False,False,False,False,False,1,0,22,6319.0,13486.0,12555.0,9594.666666666666,10743.166666666666,2961.8484656263445,9404.811378120487,-2.2283786890363864
2025,0.7242068243779014,17854.0,1.838857214106283,-0.2125058629147003,-1.298917841652951,-1.2020090913728405,0.585163482580521,Interpolated (Month),-1.1309417585962511,-0.0055734456706894,False,False,True,False,True,False,False,1,0,22,10381.0,12084.0,13798.0,11518.0,12643.333333333334,5850.951461087331,6289.150405763088,1.0519618769161547
2025,0.7242068243779014,7957.0,-0.5023358932097987,1.3052068670843695,-1.298917841652951,-1.4006095295427143,-0.9882563218787496,Official (Quarter),1.3655205972962805,1.2205846018810202,False,False,False,False,True,False,False,1,0,22,17854.0,6319.0,6508.0,12064.0,11346.833333333334,5158.683843772559,15988.695771773646,-3.25805246963104
2025,0.7242068243779014,3139.0,-1.7596737336575008,0.1774173896412365,1.5812225074354402,1.5535719882341577,-1.189669687410168,Interpolated (Month),1.4995685182535583,-0.0055734456706894,True,False,False,False,True,False,False,1,0,22,7957.0,10381.0,1662.0,9650.0,9622.333333333334,7502.165887262145,-4132.037032381088,0.06947812337333945
2025,0.7242068243779014,7781.0,-0.6129046241378919,-0.1488888045088227,-0.5788827543808531,-0.4324323934645798,-0.6263465475420341,Interpolated (Month),1.2317609514378354,-0.0055734456706894,False,True,False,False,True,False,False,1,0,22,3139.0,17854.0,6670.0,6292.333333333333,8905.166666666666,2732.2842702275366,20100.989278600333,-0.26232787564758764
2025,1.013889554129062,5013.0,-1.289228432638607,-1.489600640940479,-0.5788827543808531,-0.4903575212641263,-1.1679511366773412,Official (Quarter),-0.8464142360482225,1.2205846018810202,False,False,False,False,False,True,False,1,0,22,7781.0,7957.0,12995.0,5311.0,8687.5,2335.303834621824,-17332.3208726985,-2.9228345420407473
2025,1.013889554129062,7677.0,-0.4579675489520287,1.7383122221943526,-0.5788827543808531,-0.672407922919844,-0.7406874965109456,Official (Quarter),-1.293817189436815,1.2205846018810202,True,False,False,True,False,False,False,1,0,22,5013.0,3139.0,10184.0,6823.666666666667,8236.833333333334,1568.9452932887343,14163.358642378713,5.30633169668819
2025,1.013889554129062,16403.0,1.7217153951400015,0.2045722122809438,0.6211757244059766,0.6764200529838819,1.947882197075039,Estimated (Region),0.4098886446653633,-1.231731493222399,True,False,False,False,False,False,False,1,0,22,7677.0,7781.0,6453.0,9697.666666666666,7995.0,5957.797020152092,6026.713898627983,0.12202920856072023
2025,1.013889554129062,9986.0,-0.1067768451974054,0.5648539932667181,-1.298917841652951,-1.2516592009153091,-0.6266580261053473,Estimated (Region),1.2231126984728498,-1.231731493222399,True,False,False,False,False,True,False,1,0,22,16403.0,5013.0,15736.0,11355.333333333334,8333.166666666666,4521.291224123182,11179.73705261474,-2.2445195375821307
2025,1.013889554129062,5998.0,-1.0246616391015344,-1.2703262185237707,-1.298917841652951,-1.2930342922006994,-1.2305583279032608,Interpolated (Month),0.8728584533909298,-0.0055734456706894,False,False,True,False,False,False,True,1,0,22,9986.0,7677.0,13486.0,10795.666666666666,8809.666666666666,5249.54058307327,-243211.73362831405,4.335076993834303
2025,1.013889554129062,13412.0,0.8608756152815766,-0.6382203586211536,0.6211757244059766,0.800545326840053,1.293947111515841,Official (Quarter),1.228589925350674,1.2205846018810202,False,True,False,True,False,False,False,1,0,22,5998.0,16403.0,12084.0,9798.666666666666,9748.166666666666,3710.5483871434894,7207.359744982512,-0.3544594790852762
2025,1.013889554129062,9273.0,-0.3189936875731938,-1.6182453333398077,-0.2428663803205408,-0.2503819918088622,-0.2557720058986105,Official (Quarter),-0.6786381285275005,1.2205846018810202,False,False,True,False,False,False,False,1,0,22,13412.0,9986.0,6319.0,9561.0,10458.166666666666,3715.381137918396,13616.613870956815,-2.158759949276975
2025,1.013889554129062,3031.0,-1.6944123595640614,1.262567523001651,0.6211757244059766,0.4778196148140081,-1.3885912244350822,Official (Quarter),-1.620432876414441,1.2205846018810202,False,False,False,False,False,False,False,1,0,22,9273.0,5998.0,10381.0,8572.0,9683.833333333334,5225.8818394601785,-4364.841665408724,0.8543448133624565
2025,1.013889554129062,10175.0,0.1603722329260981,-1.1485157101727634,-0.5788827543808531,-0.5317326125495168,-0.2226703294883435,Estimated (Region),-1.4140279056501155,-1.231731493222399,False,True,False,False,False,False,False,1,0,22,3031.0,13412.0,17854.0,7493.0,8645.833333333334,3890.434937124589,8768.73791984992,-2.4526920749829344
2025,1.013889554129062,11160.0,0.2326762013461676,1.0287221231623551,-1.298917841652951,-1.2930342922006994,-0.4763271449572661,Estimated (Region),-1.5725792100081866,-1.231731493222399,False,True,False,False,False,False,True,1,0,22,10175.0,9273.0,7957.0,8122.0,8841.5,4436.357402193793,9053.47242675125,-3.5105861346008695
2025,1.013889554129062,8887.0,-0.1513799425993963,0.0473467136757523,-1.298917841652951,-1.2185591278869967,-0.7744687625138954,Official (Quarter),-1.0897184194631528,1.2205846018810202,False,True,False,False,False,True,False,1,0,22,11160.0,3031.0,3139.0,10074.0,9323.0,1139.8609564327764,10472.295490188679,-0.21663114294742397
2025,1.013889554129062,15394.0,1.113000492174936,0.2132339814016779,1.5812225074354402,1.6114971160337042,2.4372999687388988,Official (Quarter),1.652354320634972,1.2205846018810202,False,False,False,True,False,False,False,1,0,22,8887.0,10175.0,7781.0,11813.666666666666,9653.333333333334,3302.381312527877,7285.374545348438,0.08165200723083084
2025,1.013889554129062,8720.0,-0.2664089832676887,0.6596896044053263,0.6211757244059766,0.6184949251843354,0.0227181459362692,Official (Quarter),-0.0649004431123503,1.2205846018810202,True,False,False,False,False,False,True,1,0,22,15394.0,11160.0,5013.0,11000.333333333334,9561.166666666666,3805.943028124996,11886.732254222714,0.4075944843201731
2025,1.013889554129062,16033.0,1.3911829680768266,-0.263244336384138,-0.2428663803205408,-0.225556937037628,1.1141390317851358,Official (Quarter),1.3637909467032834,1.2205846018810202,False,False,True,False,False,True,False,1,0,22,8720.0,8887.0,7677.0,13382.333333333334,11728.166666666666,4050.3202754021186,6705.049431200563,-0.3399143836051487
2025,1.013889554129062,5566.0,-1.1584709313075072,-1.0447250812888018,0.6211757244059766,0.6019448886701793,-0.7522971520526133,Estimated (Region),-0.0095516241364419,-1.231731493222399,False,False,True,True,False,False,False,1,0,22,16033.0,15394.0,16403.0,10106.333333333334,10960.0,5369.447116168775,-35123.16078460708,-0.6521604386503322
2025,1.013889554129062,3475.0,-1.6113097465098256,0.6579092373317932,-0.5788827543808531,-0.5813827220919852,-1.4722656930341742,Estimated (Region),1.3214145071748535,-1.231731493222399,False,False,False,False,False,False,True,1,0,22,5566.0,8720.0,9986.0,8358.0,9679.166666666666,6728.468547894066,-5684.515942760527,1.5716246606437476
2025,1.013889554129062,13514.0,0.918155382471502,0.6371169157831809,-1.298917841652951,-1.3013093104577775,-0.1381180576653697,Estimated (Region),-0.8740886455361767,-1.231731493222399,False,False,False,False,True,False,False,1,0,22,3475.0,16033.0,5998.0,7518.333333333333,10450.333333333334,5296.610645812371,7045.310366143279,-2.114494619549634
2025,1.013889554129062,834.0,-2.2895115801643087,-0.8879747448618069,-0.5788827543808531,-0.7137830142052343,-1.96029596927964,Estimated (Region),1.5387739316948268,-1.231731493222399,False,False,True,False,True,False,False,1,0,22,13514.0,5566.0,13412.0,5941.0,8023.666666666667,6690.027428942236,-646.7565028719883,-3.1024529952199855
2025,1.013889554129062,8179.0,-0.5556248569479668,-0.738043184504551,-0.5788827543808531,-0.4324323934645798,-0.5506006241909103,Official (Quarter),0.2219332802263412,1.2205846018810202,False,True,False,False,True,False,False,1,0,22,834.0,3475.0,9273.0,7509.0,7933.5,6366.496289168761,18405.619953954752,-1.30036171199015
2025,1.013889554129062,6234.0,-0.8525875843875379,0.3600228111598401,-1.298917841652951,-1.3013093104577775,-1.1987308819792744,Official (Quarter),-0.2989798233646293,1.2205846018810202,True,False,False,False,True,False,False,1,0,22,8179.0,13514.0,3031.0,5082.333333333333,6300.333333333333,3805.5233980797843,42289.517976483,-1.1948612228837519
2025,1.3035722838802226,9171.0,-0.0281345418833688,0.6253914440825302,0.6211757244059766,0.7095201260121942,0.1757107529890251,Interpolated (Month),-0.973543554633512,-0.0055734456706894,True,False,False,False,False,False,False,1,0,22,6234.0,834.0,10175.0,7861.333333333333,6901.166666666667,1494.0469649020315,9436.491361440496,0.3658286524776891
2025,1.3035722838802226,15743.0,1.368411913087389,-1.4404198644024917,1.5812225074354402,1.5452969699770795,2.4868533765386998,Interpolated (Month),0.8777591300710884,-0.0055734456706894,False,False,True,False,False,False,False,1,0,22,9171.0,8179.0,11160.0,10382.666666666666,8945.833333333334,4868.9190107592885,6647.070094947255,-0.5659142651694049
2025,1.3035722838802226,8454.0,-0.4192332801555629,1.1191565197738444,-1.298917841652951,-1.367509456514402,-0.9040438448521172,Estimated (Region),-0.1029527561582872,-1.231731493222399,False,False,False,True,False,False,False,1,0,22,15743.0,6234.0,8887.0,11122.666666666666,8102.5,4017.3538969492442,14556.61922615757,-3.045245503036429
2025,1.3035722838802226,8686.0,-0.4361355065394753,0.3262435517931485,1.5812225074354402,1.6942472986044848,0.494013528461916,Estimated (Region),-1.0505130060218846,-1.231731493222399,False,False,False,False,False,False,True,1,0,22,8454.0,9171.0,15394.0,10961.0,9411.166666666666,4142.9577598619,15404.410280726594,0.12108894085636829
2025,1.3035722838802226,11488.0,0.5129714555460474,-1.310353164689545,-1.298917841652951,-1.367509456514402,-0.4723345561002537,Estimated (Region),-0.9784442313136704,-1.231731493222399,False,False,True,False,False,False,True,1,0,22,8686.0,15743.0,8720.0,9542.666666666666,9962.666666666666,1688.6969335357765,7593.005114464542,3.5654950953301388
2025,1.3035722838802226,7803.0,-0.5762831336394152,-0.628151493133816,-1.298917841652951,-1.1771840366016064,-0.920438943775594,Interpolated (Month),1.0193022035980206,-0.0055734456706894,True,False,False,True,False,False,False,1,0,22,11488.0,8454.0,16033.0,9325.666666666666,10224.166666666666,1923.9766977105294,18415.599234984464,3.545192361466501
2025,1.3035722838802226,6457.0,-0.8171398596101662,0.6775767764439434,0.6211757244059766,0.5109196878423204,-0.5656082276959926,Official (Quarter),-0.835459782292574,1.2205846018810202,False,True,False,False,False,True,False,1,0,22,7803.0,8686.0,5566.0,8582.666666666666,9771.833333333334,2604.5441699715984,35311.13990306758,0.44845320495595753
2025,1.3035722838802226,15194.0,1.4761636062848305,1.058781598280491,-0.2428663803205408,-0.109706681438535,1.0359295961605364,Estimated (Region),1.5335849799158354,-1.231731493222399,False,False,False,False,False,False,False,1,0,22,6457.0,11488.0,3475.0,9818.0,9680.333333333334,4704.142961262957,6136.105046304541,1.1892503023512173
2025,1.3035722838802226,9950.0,-0.1462153734265342,1.6667113457253342,0.6211757244059766,0.7343451807834285,0.3822776729316229,Interpolated (Month),-0.0147405759154334,-0.0055734456706894,False,False,False,False,False,True,False,1,0,22,15194.0,7803.0,13514.0,10533.666666666666,9929.666666666666,4397.646226486759,11653.992927856767,0.9610032444478307
2025,1.3035722838802226,10859.0,0.3312725219189896,0.0025338505498851,1.5812225074354402,1.5535719882341577,1.0663129142000711,Interpolated (Month),-1.329563301692089,-0.0055734456706894,False,False,True,True,False,False,False,1,0,22,9950.0,6457.0,834.0,12001.0,10291.833333333334,2802.3217160062172,8156.857308484874,0.0009922769209405782
2025,1.3035722838802226,3705.0,-1.5042623127450474,1.036476312641472,1.5812225074354402,1.5204719152058452,-1.0305607740232652,Interpolated (Month),-1.1865788526709924,-0.0055734456706894,False,False,True,False,False,True,False,1,0,22,10859.0,15194.0,8179.0,8171.333333333333,8994.666666666666,3894.5693386217945,-7347.36645265265,0.4112231151589022
2025,1.3035722838802226,8475.0,-0.3161766498425418,0.5397260653578512,-0.5788827543808531,-0.6972329776910782,-0.6094700726570733,Interpolated (Month),-0.6071459040169522,-0.0055734456706894,True,False,False,False,False,False,True,1,0,22,3705.0,9950.0,6234.0,7679.666666666667,9106.666666666666,3642.711261317997,12393.551635884522,1.782644824531627
2025,1.3035722838802226,12586.0,0.8557110461087145,1.077991371319295,-0.2428663803205408,-0.109706681438535,0.4964770407353918,Estimated (Region),-1.6700161934136917,-1.231731493222399,False,True,False,False,False,False,False,1,0,22,8475.0,10859.0,9171.0,8255.333333333334,10128.166666666666,4444.573132859106,6782.3059125459695,1.2108272058708835
2025,1.3035722838802226,4645.0,-1.3683402422410855,-0.9607749585023594,-0.2428663803205408,-0.1676318092380815,-1.1599376427302877,Interpolated (Month),-1.4169106566384444,-0.0055734456706894,False,True,False,True,False,False,False,1,0,22,12586.0,3705.0,15743.0,8568.666666666666,8370.0,3971.3285350538604,-12610.623188328582,-1.1542667886225952
2025,1.3035722838802226,7622.0,-0.518064353872606,-1.08799764358807,0.6211757244059766,0.7839952903258969,-0.1807056721401697,Official (Quarter),1.1536383996541315,1.2205846018810202,True,False,False,False,False,True,False,1,0,22,4645.0,8475.0,8454.0,8284.333333333334,7982.0,4011.7183766227927,15815.38958831282,-0.6098657600095552
2025,1.3035722838802226,15263.0,1.552458378156657,1.229776859422023,-1.298917841652951,-1.1771840366016064,0.2139093513444143,Interpolated (Month),0.3009206573065437,-0.0055734456706894,False,True,False,False,False,False,True,1,0,22,7622.0,12586.0,8686.0,9176.666666666666,8716.0,5477.063294625424,5979.725323091336,-6.9406752606451985
2025,1.3035722838802226,9181.0,-0.2659394769792467,-0.9189741066734246,1.5812225074354402,1.4128966778638303,0.5096724053266533,Estimated (Region),0.2781469244987481,-1.231731493222399,False,False,False,False,True,False,False,1,0,22,15263.0,4645.0,11488.0,10688.666666666666,9628.666666666666,4037.4514651365457,12507.14309253276,-0.3808592863110097
2025,1.3035722838802226,11138.0,0.2000455142994479,-0.9698388261609182,-0.2428663803205408,-0.0931566449243788,0.2064055495918731,Estimated (Region),1.590375174385908,-1.231731493222399,True,False,False,False,True,False,False,1,0,22,9181.0,7622.0,7803.0,11860.666666666666,10072.5,3104.7328924294516,9281.314639555187,-1.0694667615224946
2025,1.3035722838802226,11127.0,0.2692976918446443,0.2438685220430065,0.6211757244059766,0.7343451807834285,0.6767381801945527,Estimated (Region),0.7013347695853805,-1.231731493222399,False,True,False,False,True,False,False,1,0,22,11138.0,15263.0,6457.0,10482.0,9829.333333333334,1126.7124744138964,8766.265054677093,0.14061129511303372
2025,1.3035722838802226,9599.0,-0.1715687130024028,-1.285710836621784,-1.298917841652951,-1.1771840366016064,-0.6473288762161211,Official (Quarter),0.752359462078796,1.2205846018810202,False,False,True,False,True,False,False,1,0,22,11127.0,9181.0,15194.0,10621.333333333334,10655.0,885.3837209556264,11586.959776457406,7.256358198411918
2025,1.5932550136313832,16501.0,1.93158470607358,1.1580890024287531,0.6211757244059766,0.6019448886701793,1.9090323253599957,Interpolated (Month),0.8408599174204828,-0.0055734456706894,True,False,False,True,False,False,False,1,0,22,9599.0,11138.0,9950.0,12409.0,12134.833333333334,3625.1957188543715,5628.69630402071,0.722926868845105
2025,1.5932550136313832,9701.0,-0.0196834286914126,-0.894624033167148,-0.2428663803205408,-0.2421069735517841,-0.1662077608295994,Official (Quarter),-1.45380986928905,1.2205846018810202,False,False,True,False,False,False,False,1,0,22,16501.0,11127.0,10859.0,11933.666666666666,11207.833333333334,3955.755469355171,9895.782937801921,-1.1804093743410033
2025,1.5932550136313832,11972.0,0.4162531601269934,1.095786095486422,-0.2428663803205408,-0.2007318822663938,0.3135258591385277,Interpolated (Month),1.1890962368105726,-0.0055734456706894,False,True,False,False,False,False,False,1,0,22,9701.0,9599.0,3705.0,12724.666666666666,11673.0,3461.918591378692,8453.290934882354,1.3709868705805734
2025,1.5932550136313832,17322.0,1.928767668342928,-1.3079654250409534,0.6211757244059766,0.8088203450971311,2.292773915361652,Estimated (Region),-1.2851689364718293,-1.231731493222399,False,True,False,False,False,False,True,1,0,22,11972.0,16501.0,8475.0,12998.333333333334,12703.666666666666,3912.7906068857624,5914.43294981491,-0.7231041095851437
2025,1.5932550136313832,8406.0,-0.4366050128279173,-0.7012688129142107,-0.2428663803205408,-0.3083071196084087,-0.453844055932671,Official (Quarter),1.350530292156972,1.2205846018810202,False,False,False,True,False,False,False,1,0,22,17322.0,9701.0,12586.0,12566.666666666666,12250.166666666666,4487.648084836133,14920.260547920852,-1.013844197033224
2025,1.5932550136313832,12098.0,0.4627342826827523,-1.306171638115107,1.5812225074354402,1.719072353375719,1.5311521955952296,Official (Quarter),-1.6783761712798446,1.2205846018810202,False,False,True,True,False,False,False,1,0,22,8406.0,11972.0,4645.0,12608.666666666666,12666.666666666666,4479.882736560569,8270.81182360166,-0.4803739909655215
2025,1.5932550136313832,14840.0,1.3909482149326056,-0.6590345495587207,1.5812225074354402,1.6363221708049382,2.2926889666625665,Official (Quarter),1.3415937640931537,1.2205846018810202,False,False,False,False,False,False,True,1,0,22,12098.0,17322.0,7622.0,11781.333333333334,12389.833333333334,3228.668043223605,6206.742541439066,-0.24998255405085798
2025,1.5932550136313832,9319.0,-0.0631127603722985,1.1870520259097548,0.6211757244059766,0.5274697243564767,0.1254777555965414,Interpolated (Month),1.510522972009207,-0.0055734456706894,False,True,False,False,False,True,False,1,0,22,14840.0,8406.0,15263.0,12085.666666666666,12326.166666666666,2760.5206634498086,9946.767984270089,0.7771362057011376
2025,1.5932550136313832,7865.0,-0.4744002690474991,-1.3129591011961157,0.6211757244059766,0.4778196148140081,-0.2428881198706625,Interpolated (Month),-0.8550624890132082,-0.0055734456706894,False,False,True,False,False,False,True,1,0,22,9319.0,12098.0,9181.0,10674.666666666666,11641.666666666666,3679.813899279859,14963.858496934372,-0.8884434121963924
2025,1.5932550136313832,5817.0,-0.9929699646316988,-0.1476452315278116,0.6211757244059766,0.6267699434414135,-0.6838001843567745,Estimated (Region),-1.2038753586009638,-1.231731493222399,True,False,False,False,False,False,True,1,0,22,7865.0,14840.0,11138.0,7667.0,9724.166666666666,1759.376025754478,827449.6066163756,-0.0907597488649623
2025,1.5932550136313832,4553.0,-1.4122390802104137,0.0467174717117401,-0.2428663803205408,-0.3165821378654868,-1.2135119556201293,Interpolated (Month),-1.1528506661075484,-0.0055734456706894,True,False,False,False,False,True,False,1,0,22,5817.0,9319.0,11127.0,6078.333333333333,9082.0,1671.3938295126031,-11044.561805435995,0.06835857577065342
2025,1.5932550136313832,7317.0,-0.6509346335016948,-0.5312904783590684,0.6211757244059766,0.68469507124096,-0.2950749373421096,Interpolated (Month),1.5797089957290924,-0.0055734456706894,False,False,False,False,False,False,False,1,0,22,4553.0,7865.0,9599.0,5895.666666666667,8285.166666666666,1383.6781899461982,20961.689993485863,-0.31536299205037477
2025,1.5932550136313832,9164.0,-0.3051432520641545,0.2948261864335578,1.5812225074354402,1.810097554203578,0.6916608350005498,Official (Quarter),-1.37712869299951,1.2205846018810202,True,False,False,False,False,False,False,1,0,22,7317.0,5817.0,16501.0,7011.333333333333,7339.166666666667,2320.647395304356,13188.32986399391,0.10491670867174423
2025,1.5932550136313832,11157.0,0.3808054353496217,-1.688230360184019,-0.2428663803205408,-0.341407192636721,0.0681940161799718,Interpolated (Month),0.6520397276849622,-0.0055734456706894,False,True,False,True,False,False,False,1,0,22,9164.0,4553.0,9701.0,9212.666666666666,7645.5,1920.462531093252,8080.066687436693,-2.563390218218392
2025,1.5932550136313832,13671.0,1.0921074623392664,-0.8404461012530281,-1.298917841652951,-1.259934219172387,-0.0862144025242069,Estimated (Region),-0.1188078865940943,-1.231731493222399,False,False,False,False,False,True,False,1,0,22,11157.0,7317.0,11972.0,11330.666666666666,8613.166666666666,2258.5133015621805,6534.559168731192,3.23330304078067
2025,1.5932550136313832,6293.0,-0.8936693846262138,-0.8504046257324581,-0.2428663803205408,-0.3248571561225649,-0.8747365436676634,Estimated (Region),-0.0207943529909233,-1.231731493222399,False,False,True,False,False,True,False,1,0,22,13671.0,9164.0,17322.0,10373.666666666666,8692.5,3750.857146484415,59183.33095203191,-1.2595921491938968
2025,1.5932550136313832,9394.0,-0.135651481936589,-0.1130259888126358,1.5812225074354402,1.6445971890620164,0.6820899482369311,Interpolated (Month),-1.3523370344998846,-0.0055734456706894,False,True,False,False,True,False,False,1,0,22,6293.0,11157.0,8406.0,9786.0,9499.333333333334,3704.587561389232,10868.301158249722,-0.04273845154192415
2025,1.5932550136313832,12747.0,0.5233005938917716,1.3123949376085018,-0.5788827543808531,-0.564832685577829,0.2320034242495986,Official (Quarter),-0.2978267229692978,1.2205846018810202,False,False,False,False,True,False,False,1,0,22,9394.0,13671.0,12098.0,9478.0,10404.333333333334,3227.8198524700524,8368.013543166555,3.015839871501244
2025,1.5932550136313832,9880.0,0.0953456119768797,-1.2924336855990637,1.5812225074354402,1.5121968969487674,0.7592516832394779,Interpolated (Month),-0.7711744352528472,-0.0055734456706894,False,False,True,False,True,False,False,1,0,22,12747.0,6293.0,14840.0,10673.666666666666,10523.666666666666,1811.9277947349988,9019.984096315115,-0.5144635307721348
2025,1.5932550136313832,11374.0,0.1824390284828725,-0.1041773358226533,-1.298917841652951,-1.3178593469719335,-0.4595639350044194,Official (Quarter),-1.2367387198679094,1.2205846018810202,True,False,False,False,True,False,False,1,0,22,9880.0,9394.0,9319.0,11333.666666666666,10559.833333333334,1433.9254978321917,9619.100626772613,0.32774664899771533
